AddRefInternal func '$beh0' type=0 -> 2 ext=0 this=000001B4F3898E80
AddRefInternal func '$beh8' type=0 -> 2 ext=0 this=000001B4F7590280
AddRefInternal func '$beh0' type=0 -> 2 ext=0 this=000001B4F7590500
AddRefInternal func '$beh2' type=0 -> 2 ext=0 this=000001B4F7590780
ReleaseInternal func '$beh2' type=0 before=2 ext=0 this=000001B4F7590780
AddRefInternal func '$beh8' type=0 -> 3 ext=0 this=000001B4F7590280
AddRefInternal func '$beh0' type=0 -> 3 ext=0 this=000001B4F7590500
AddRefInternal func '$beh2' type=0 -> 2 ext=0 this=000001B4F7590780
ReleaseInternal func '$beh2' type=0 before=2 ext=0 this=000001B4F7590780
AddRefInternal func '$beh8' type=0 -> 4 ext=0 this=000001B4F7590280
AddRefInternal func '$beh0' type=0 -> 4 ext=0 this=000001B4F7590500
AddRefInternal func '$beh2' type=0 -> 2 ext=0 this=000001B4F7590780
ReleaseInternal func '$beh2' type=0 before=2 ext=0 this=000001B4F7590780
AddRefInternal func '$beh8' type=0 -> 2 ext=0 this=000001B4F821AC80
AddRefInternal func '$beh0' type=0 -> 2 ext=0 this=000001B4F821A500
AddRefInternal func '$beh0' type=0 -> 2 ext=0 this=000001B4F821A780
AddRefInternal func '$beh0' type=0 -> 2 ext=0 this=000001B4F821AF00
AddRefInternal func '$beh8' type=0 -> 2 ext=0 this=000001B4F821D480
AddRefInternal func '$beh0' type=0 -> 2 ext=0 this=000001B4F821CD00
AddRefInternal func '$beh0' type=0 -> 2 ext=0 this=000001B4F821CF80
AddRefInternal func '$beh0' type=0 -> 2 ext=0 this=000001B4F821D700
AddRefInternal func '$beh8' type=0 -> 2 ext=0 this=000001B4F8211680
AddRefInternal func '$beh0' type=0 -> 2 ext=0 this=000001B4F8210F00
AddRefInternal func '$beh0' type=0 -> 2 ext=0 this=000001B4F8211180
AddRefInternal func '$beh0' type=0 -> 2 ext=0 this=000001B4F8211900
AddRefInternal func '$beh8' type=0 -> 5 ext=0 this=000001B4F7590280
AddRefInternal func '$beh0' type=0 -> 5 ext=0 this=000001B4F7590500
AddRefInternal func '$beh2' type=0 -> 2 ext=0 this=000001B4F7590780
ReleaseInternal func '$beh2' type=0 before=2 ext=0 this=000001B4F7590780
AddRefInternal func '$beh8' type=0 -> 2 ext=0 this=000001B4F7599880
AddRefInternal func '$beh0' type=0 -> 2 ext=0 this=000001B4F7599380
AddRefInternal func '$beh2' type=0 -> 2 ext=0 this=000001B4F7599600
ReleaseInternal func '$beh2' type=0 before=2 ext=0 this=000001B4F7599600
AddRefInternal func '$beh8' type=0 -> 6 ext=0 this=000001B4F7590280
AddRefInternal func '$beh0' type=0 -> 6 ext=0 this=000001B4F7590500
AddRefInternal func '$beh2' type=0 -> 2 ext=0 this=000001B4F7590780
ReleaseInternal func '$beh2' type=0 before=2 ext=0 this=000001B4F7590780
AddRefInternal func '$beh8' type=0 -> 3 ext=0 this=000001B4F7599880
AddRefInternal func '$beh0' type=0 -> 3 ext=0 this=000001B4F7599380
AddRefInternal func '$beh2' type=0 -> 2 ext=0 this=000001B4F7599600
ReleaseInternal func '$beh2' type=0 before=2 ext=0 this=000001B4F7599600
AddRefInternal func '$beh8' type=0 -> 3 ext=0 this=000001B4F821AC80
AddRefInternal func '$beh0' type=0 -> 3 ext=0 this=000001B4F821A500
AddRefInternal func '$beh0' type=0 -> 3 ext=0 this=000001B4F821A780
AddRefInternal func '$beh0' type=0 -> 3 ext=0 this=000001B4F821AF00
AddRefInternal func '$beh8' type=0 -> 4 ext=0 this=000001B4F821AC80
AddRefInternal func '$beh0' type=0 -> 4 ext=0 this=000001B4F821A500
AddRefInternal func '$beh0' type=0 -> 4 ext=0 this=000001B4F821A780
AddRefInternal func '$beh0' type=0 -> 4 ext=0 this=000001B4F821AF00
AddRefInternal func '$beh8' type=0 -> 7 ext=0 this=000001B4F7590280
AddRefInternal func '$beh0' type=0 -> 7 ext=0 this=000001B4F7590500
AddRefInternal func '$beh2' type=0 -> 2 ext=0 this=000001B4F7590780
ReleaseInternal func '$beh2' type=0 before=2 ext=0 this=000001B4F7590780
AddRefInternal func '$beh8' type=0 -> 8 ext=0 this=000001B4F7590280
AddRefInternal func '$beh0' type=0 -> 8 ext=0 this=000001B4F7590500
AddRefInternal func '$beh2' type=0 -> 2 ext=0 this=000001B4F7590780
ReleaseInternal func '$beh2' type=0 before=2 ext=0 this=000001B4F7590780
AddRefInternal func '$beh8' type=0 -> 9 ext=0 this=000001B4F7590280
AddRefInternal func '$beh0' type=0 -> 9 ext=0 this=000001B4F7590500
AddRefInternal func '$beh2' type=0 -> 2 ext=0 this=000001B4F7590780
ReleaseInternal func '$beh2' type=0 before=2 ext=0 this=000001B4F7590780
AddRefInternal func '$beh8' type=0 -> 2 ext=0 this=000001B4F8215500
AddRefInternal func '$beh0' type=0 -> 2 ext=0 this=000001B4F8215000
AddRefInternal func '$beh2' type=0 -> 2 ext=0 this=000001B4F8215280
ReleaseInternal func '$beh2' type=0 before=2 ext=0 this=000001B4F8215280
AddRefInternal func '$beh8' type=0 -> 5 ext=0 this=000001B4F821AC80
AddRefInternal func '$beh0' type=0 -> 5 ext=0 this=000001B4F821A500
AddRefInternal func '$beh0' type=0 -> 5 ext=0 this=000001B4F821A780
AddRefInternal func '$beh0' type=0 -> 5 ext=0 this=000001B4F821AF00
AddRefInternal func '$beh8' type=0 -> 10 ext=0 this=000001B4F7590280
AddRefInternal func '$beh0' type=0 -> 10 ext=0 this=000001B4F7590500
AddRefInternal func '$beh2' type=0 -> 2 ext=0 this=000001B4F7590780
ReleaseInternal func '$beh2' type=0 before=2 ext=0 this=000001B4F7590780
AddRefInternal func '$beh8' type=0 -> 3 ext=0 this=000001B4F821D480
AddRefInternal func '$beh0' type=0 -> 3 ext=0 this=000001B4F821CD00
AddRefInternal func '$beh0' type=0 -> 3 ext=0 this=000001B4F821CF80
AddRefInternal func '$beh0' type=0 -> 3 ext=0 this=000001B4F821D700
AddRefInternal func '$beh8' type=0 -> 11 ext=0 this=000001B4F7590280
AddRefInternal func '$beh0' type=0 -> 11 ext=0 this=000001B4F7590500
AddRefInternal func '$beh2' type=0 -> 2 ext=0 this=000001B4F7590780
ReleaseInternal func '$beh2' type=0 before=2 ext=0 this=000001B4F7590780
AddRefInternal func '$beh8' type=0 -> 3 ext=0 this=000001B4F8215500
AddRefInternal func '$beh0' type=0 -> 3 ext=0 this=000001B4F8215000
AddRefInternal func '$beh2' type=0 -> 2 ext=0 this=000001B4F8215280
ReleaseInternal func '$beh2' type=0 before=2 ext=0 this=000001B4F8215280
AddRefInternal func '$beh8' type=0 -> 2 ext=0 this=000001B4F8213480
AddRefInternal func '$beh0' type=0 -> 2 ext=0 this=000001B4F8212A80
AddRefInternal func '$beh0' type=0 -> 2 ext=0 this=000001B4F8212D00
AddRefInternal func '$beh0' type=0 -> 2 ext=0 this=000001B4F8212F80
AddRefInternal func '$beh2' type=0 -> 2 ext=0 this=000001B4F8213200
ReleaseInternal func '$beh2' type=0 before=2 ext=0 this=000001B4F8213200
AddRefInternal func '$beh8' type=0 -> 12 ext=0 this=000001B4F7590280
AddRefInternal func '$beh0' type=0 -> 12 ext=0 this=000001B4F7590500
AddRefInternal func '$beh2' type=0 -> 2 ext=0 this=000001B4F7590780
ReleaseInternal func '$beh2' type=0 before=2 ext=0 this=000001B4F7590780
AddRefInternal func '$beh8' type=0 -> 13 ext=0 this=000001B4F7590280
AddRefInternal func '$beh0' type=0 -> 13 ext=0 this=000001B4F7590500
AddRefInternal func '$beh2' type=0 -> 2 ext=0 this=000001B4F7590780
ReleaseInternal func '$beh2' type=0 before=2 ext=0 this=000001B4F7590780
AddRefInternal func '$beh8' type=0 -> 14 ext=0 this=000001B4F7590280
AddRefInternal func '$beh0' type=0 -> 14 ext=0 this=000001B4F7590500
AddRefInternal func '$beh2' type=0 -> 2 ext=0 this=000001B4F7590780
ReleaseInternal func '$beh2' type=0 before=2 ext=0 this=000001B4F7590780
AddRefInternal func '$beh8' type=0 -> 15 ext=0 this=000001B4F7590280
AddRefInternal func '$beh0' type=0 -> 15 ext=0 this=000001B4F7590500
AddRefInternal func '$beh2' type=0 -> 2 ext=0 this=000001B4F7590780
ReleaseInternal func '$beh2' type=0 before=2 ext=0 this=000001B4F7590780
AddRefInternal func '$beh8' type=0 -> 16 ext=0 this=000001B4F7590280
AddRefInternal func '$beh0' type=0 -> 16 ext=0 this=000001B4F7590500
AddRefInternal func '$beh2' type=0 -> 2 ext=0 this=000001B4F7590780
ReleaseInternal func '$beh2' type=0 before=2 ext=0 this=000001B4F7590780
AddRefInternal func '$beh8' type=0 -> 17 ext=0 this=000001B4F7590280
AddRefInternal func '$beh0' type=0 -> 17 ext=0 this=000001B4F7590500
AddRefInternal func '$beh2' type=0 -> 2 ext=0 this=000001B4F7590780
ReleaseInternal func '$beh2' type=0 before=2 ext=0 this=000001B4F7590780
AddRefInternal func '$beh8' type=0 -> 18 ext=0 this=000001B4F7590280
AddRefInternal func '$beh0' type=0 -> 18 ext=0 this=000001B4F7590500
AddRefInternal func '$beh2' type=0 -> 2 ext=0 this=000001B4F7590780
ReleaseInternal func '$beh2' type=0 before=2 ext=0 this=000001B4F7590780
AddRefInternal func '$beh8' type=0 -> 19 ext=0 this=000001B4F7590280
AddRefInternal func '$beh0' type=0 -> 19 ext=0 this=000001B4F7590500
AddRefInternal func '$beh2' type=0 -> 2 ext=0 this=000001B4F7590780
ReleaseInternal func '$beh2' type=0 before=2 ext=0 this=000001B4F7590780
AddRefInternal func '$beh8' type=0 -> 20 ext=0 this=000001B4F7590280
AddRefInternal func '$beh0' type=0 -> 20 ext=0 this=000001B4F7590500
AddRefInternal func '$beh2' type=0 -> 2 ext=0 this=000001B4F7590780
ReleaseInternal func '$beh2' type=0 before=2 ext=0 this=000001B4F7590780
AddRefInternal func '$beh8' type=0 -> 21 ext=0 this=000001B4F7590280
AddRefInternal func '$beh0' type=0 -> 21 ext=0 this=000001B4F7590500
AddRefInternal func '$beh2' type=0 -> 2 ext=0 this=000001B4F7590780
ReleaseInternal func '$beh2' type=0 before=2 ext=0 this=000001B4F7590780
AddRefInternal func '$beh8' type=0 -> 22 ext=0 this=000001B4F7590280
AddRefInternal func '$beh0' type=0 -> 22 ext=0 this=000001B4F7590500
AddRefInternal func '$beh2' type=0 -> 2 ext=0 this=000001B4F7590780
ReleaseInternal func '$beh2' type=0 before=2 ext=0 this=000001B4F7590780
AddRefInternal func '$beh8' type=0 -> 23 ext=0 this=000001B4F7590280
AddRefInternal func '$beh0' type=0 -> 23 ext=0 this=000001B4F7590500
AddRefInternal func '$beh2' type=0 -> 2 ext=0 this=000001B4F7590780
ReleaseInternal func '$beh2' type=0 before=2 ext=0 this=000001B4F7590780
AddRefInternal func '$beh8' type=0 -> 24 ext=0 this=000001B4F7590280
AddRefInternal func '$beh0' type=0 -> 24 ext=0 this=000001B4F7590500
AddRefInternal func '$beh2' type=0 -> 2 ext=0 this=000001B4F7590780
ReleaseInternal func '$beh2' type=0 before=2 ext=0 this=000001B4F7590780
AddRefInternal func '$beh8' type=0 -> 25 ext=0 this=000001B4F7590280
AddRefInternal func '$beh0' type=0 -> 25 ext=0 this=000001B4F7590500
AddRefInternal func '$beh2' type=0 -> 2 ext=0 this=000001B4F7590780
ReleaseInternal func '$beh2' type=0 before=2 ext=0 this=000001B4F7590780
AddRefInternal func '$beh8' type=0 -> 26 ext=0 this=000001B4F7590280
AddRefInternal func '$beh0' type=0 -> 26 ext=0 this=000001B4F7590500
AddRefInternal func '$beh2' type=0 -> 2 ext=0 this=000001B4F7590780
ReleaseInternal func '$beh2' type=0 before=2 ext=0 this=000001B4F7590780
AddRefInternal func '$beh8' type=0 -> 27 ext=0 this=000001B4F7590280
AddRefInternal func '$beh0' type=0 -> 27 ext=0 this=000001B4F7590500
AddRefInternal func '$beh2' type=0 -> 2 ext=0 this=000001B4F7590780
ReleaseInternal func '$beh2' type=0 before=2 ext=0 this=000001B4F7590780
AddRefInternal func '$beh8' type=0 -> 28 ext=0 this=000001B4F7590280
AddRefInternal func '$beh0' type=0 -> 28 ext=0 this=000001B4F7590500
AddRefInternal func '$beh2' type=0 -> 2 ext=0 this=000001B4F7590780
ReleaseInternal func '$beh2' type=0 before=2 ext=0 this=000001B4F7590780
AddRefInternal func '$beh8' type=0 -> 29 ext=0 this=000001B4F7590280
AddRefInternal func '$beh0' type=0 -> 29 ext=0 this=000001B4F7590500
AddRefInternal func '$beh2' type=0 -> 2 ext=0 this=000001B4F7590780
ReleaseInternal func '$beh2' type=0 before=2 ext=0 this=000001B4F7590780
AddRefInternal func '$beh8' type=0 -> 30 ext=0 this=000001B4F7590280
AddRefInternal func '$beh0' type=0 -> 30 ext=0 this=000001B4F7590500
AddRefInternal func '$beh2' type=0 -> 2 ext=0 this=000001B4F7590780
ReleaseInternal func '$beh2' type=0 before=2 ext=0 this=000001B4F7590780
AddRefInternal func '$beh8' type=0 -> 31 ext=0 this=000001B4F7590280
AddRefInternal func '$beh0' type=0 -> 31 ext=0 this=000001B4F7590500
AddRefInternal func '$beh2' type=0 -> 2 ext=0 this=000001B4F7590780
ReleaseInternal func '$beh2' type=0 before=2 ext=0 this=000001B4F7590780
AddRefInternal func '$beh8' type=0 -> 32 ext=0 this=000001B4F7590280
AddRefInternal func '$beh0' type=0 -> 32 ext=0 this=000001B4F7590500
AddRefInternal func '$beh2' type=0 -> 2 ext=0 this=000001B4F7590780
ReleaseInternal func '$beh2' type=0 before=2 ext=0 this=000001B4F7590780
AddRefInternal func '$beh8' type=0 -> 33 ext=0 this=000001B4F7590280
AddRefInternal func '$beh0' type=0 -> 33 ext=0 this=000001B4F7590500
AddRefInternal func '$beh2' type=0 -> 2 ext=0 this=000001B4F7590780
ReleaseInternal func '$beh2' type=0 before=2 ext=0 this=000001B4F7590780
AddRefInternal func '$beh8' type=0 -> 34 ext=0 this=000001B4F7590280
AddRefInternal func '$beh0' type=0 -> 34 ext=0 this=000001B4F7590500
AddRefInternal func '$beh2' type=0 -> 2 ext=0 this=000001B4F7590780
ReleaseInternal func '$beh2' type=0 before=2 ext=0 this=000001B4F7590780
AddRefInternal func '$beh8' type=0 -> 6 ext=0 this=000001B4F821AC80
AddRefInternal func '$beh0' type=0 -> 6 ext=0 this=000001B4F821A500
AddRefInternal func '$beh0' type=0 -> 6 ext=0 this=000001B4F821A780
AddRefInternal func '$beh0' type=0 -> 6 ext=0 this=000001B4F821AF00
AddRefInternal func '$beh8' type=0 -> 35 ext=0 this=000001B4F7590280
AddRefInternal func '$beh0' type=0 -> 35 ext=0 this=000001B4F7590500
AddRefInternal func '$beh2' type=0 -> 2 ext=0 this=000001B4F7590780
ReleaseInternal func '$beh2' type=0 before=2 ext=0 this=000001B4F7590780
AddRefInternal func '$beh8' type=0 -> 36 ext=0 this=000001B4F7590280
AddRefInternal func '$beh0' type=0 -> 36 ext=0 this=000001B4F7590500
AddRefInternal func '$beh2' type=0 -> 2 ext=0 this=000001B4F7590780
ReleaseInternal func '$beh2' type=0 before=2 ext=0 this=000001B4F7590780
AddRefInternal func '$beh8' type=0 -> 37 ext=0 this=000001B4F7590280
AddRefInternal func '$beh0' type=0 -> 37 ext=0 this=000001B4F7590500
AddRefInternal func '$beh2' type=0 -> 2 ext=0 this=000001B4F7590780
ReleaseInternal func '$beh2' type=0 before=2 ext=0 this=000001B4F7590780
AddRefInternal func '$beh8' type=0 -> 38 ext=0 this=000001B4F7590280
AddRefInternal func '$beh0' type=0 -> 38 ext=0 this=000001B4F7590500
AddRefInternal func '$beh2' type=0 -> 2 ext=0 this=000001B4F7590780
ReleaseInternal func '$beh2' type=0 before=2 ext=0 this=000001B4F7590780
AddRefInternal func '$beh8' type=0 -> 39 ext=0 this=000001B4F7590280
AddRefInternal func '$beh0' type=0 -> 39 ext=0 this=000001B4F7590500
AddRefInternal func '$beh2' type=0 -> 2 ext=0 this=000001B4F7590780
ReleaseInternal func '$beh2' type=0 before=2 ext=0 this=000001B4F7590780
AddRefInternal func '$beh8' type=0 -> 40 ext=0 this=000001B4F7590280
AddRefInternal func '$beh0' type=0 -> 40 ext=0 this=000001B4F7590500
AddRefInternal func '$beh2' type=0 -> 2 ext=0 this=000001B4F7590780
ReleaseInternal func '$beh2' type=0 before=2 ext=0 this=000001B4F7590780
AddRefInternal func '$beh8' type=0 -> 41 ext=0 this=000001B4F7590280
AddRefInternal func '$beh0' type=0 -> 41 ext=0 this=000001B4F7590500
AddRefInternal func '$beh2' type=0 -> 2 ext=0 this=000001B4F7590780
ReleaseInternal func '$beh2' type=0 before=2 ext=0 this=000001B4F7590780
AddRefInternal func '$beh8' type=0 -> 42 ext=0 this=000001B4F7590280
AddRefInternal func '$beh0' type=0 -> 42 ext=0 this=000001B4F7590500
AddRefInternal func '$beh2' type=0 -> 2 ext=0 this=000001B4F7590780
ReleaseInternal func '$beh2' type=0 before=2 ext=0 this=000001B4F7590780
AddRefInternal func '$beh8' type=0 -> 43 ext=0 this=000001B4F7590280
AddRefInternal func '$beh0' type=0 -> 43 ext=0 this=000001B4F7590500
AddRefInternal func '$beh2' type=0 -> 2 ext=0 this=000001B4F7590780
ReleaseInternal func '$beh2' type=0 before=2 ext=0 this=000001B4F7590780
AddRefInternal func '$beh8' type=0 -> 44 ext=0 this=000001B4F7590280
AddRefInternal func '$beh0' type=0 -> 44 ext=0 this=000001B4F7590500
AddRefInternal func '$beh2' type=0 -> 2 ext=0 this=000001B4F7590780
ReleaseInternal func '$beh2' type=0 before=2 ext=0 this=000001B4F7590780
AddRefInternal func '$beh8' type=0 -> 45 ext=0 this=000001B4F7590280
AddRefInternal func '$beh0' type=0 -> 45 ext=0 this=000001B4F7590500
AddRefInternal func '$beh2' type=0 -> 2 ext=0 this=000001B4F7590780
ReleaseInternal func '$beh2' type=0 before=2 ext=0 this=000001B4F7590780
AddRefInternal func '$beh8' type=0 -> 46 ext=0 this=000001B4F7590280
AddRefInternal func '$beh0' type=0 -> 46 ext=0 this=000001B4F7590500
AddRefInternal func '$beh2' type=0 -> 2 ext=0 this=000001B4F7590780
ReleaseInternal func '$beh2' type=0 before=2 ext=0 this=000001B4F7590780
AddRefInternal func '$beh8' type=0 -> 47 ext=0 this=000001B4F7590280
AddRefInternal func '$beh0' type=0 -> 47 ext=0 this=000001B4F7590500
AddRefInternal func '$beh2' type=0 -> 2 ext=0 this=000001B4F7590780
ReleaseInternal func '$beh2' type=0 before=2 ext=0 this=000001B4F7590780
AddRefInternal func '$beh8' type=0 -> 48 ext=0 this=000001B4F7590280
AddRefInternal func '$beh0' type=0 -> 48 ext=0 this=000001B4F7590500
AddRefInternal func '$beh2' type=0 -> 2 ext=0 this=000001B4F7590780
ReleaseInternal func '$beh2' type=0 before=2 ext=0 this=000001B4F7590780
AddRefInternal func '$beh8' type=0 -> 49 ext=0 this=000001B4F7590280
AddRefInternal func '$beh0' type=0 -> 49 ext=0 this=000001B4F7590500
AddRefInternal func '$beh2' type=0 -> 2 ext=0 this=000001B4F7590780
ReleaseInternal func '$beh2' type=0 before=2 ext=0 this=000001B4F7590780
AddRefInternal func '$beh8' type=0 -> 50 ext=0 this=000001B4F7590280
AddRefInternal func '$beh0' type=0 -> 50 ext=0 this=000001B4F7590500
AddRefInternal func '$beh2' type=0 -> 2 ext=0 this=000001B4F7590780
ReleaseInternal func '$beh2' type=0 before=2 ext=0 this=000001B4F7590780
AddRefInternal func '$beh8' type=0 -> 4 ext=0 this=000001B4F7599880
AddRefInternal func '$beh0' type=0 -> 4 ext=0 this=000001B4F7599380
AddRefInternal func '$beh2' type=0 -> 2 ext=0 this=000001B4F7599600
ReleaseInternal func '$beh2' type=0 before=2 ext=0 this=000001B4F7599600
AddRefInternal func '$beh8' type=0 -> 51 ext=0 this=000001B4F7590280
AddRefInternal func '$beh0' type=0 -> 51 ext=0 this=000001B4F7590500
AddRefInternal func '$beh2' type=0 -> 2 ext=0 this=000001B4F7590780
ReleaseInternal func '$beh2' type=0 before=2 ext=0 this=000001B4F7590780
AddRefInternal func '$beh8' type=0 -> 52 ext=0 this=000001B4F7590280
AddRefInternal func '$beh0' type=0 -> 52 ext=0 this=000001B4F7590500
AddRefInternal func '$beh2' type=0 -> 2 ext=0 this=000001B4F7590780
ReleaseInternal func '$beh2' type=0 before=2 ext=0 this=000001B4F7590780
AddRefInternal func '$beh8' type=0 -> 53 ext=0 this=000001B4F7590280
AddRefInternal func '$beh0' type=0 -> 53 ext=0 this=000001B4F7590500
AddRefInternal func '$beh2' type=0 -> 2 ext=0 this=000001B4F7590780
ReleaseInternal func '$beh2' type=0 before=2 ext=0 this=000001B4F7590780
AddRefInternal func '$beh8' type=0 -> 54 ext=0 this=000001B4F7590280
AddRefInternal func '$beh0' type=0 -> 54 ext=0 this=000001B4F7590500
AddRefInternal func '$beh2' type=0 -> 2 ext=0 this=000001B4F7590780
ReleaseInternal func '$beh2' type=0 before=2 ext=0 this=000001B4F7590780
AddRefInternal func '$beh8' type=0 -> 55 ext=0 this=000001B4F7590280
AddRefInternal func '$beh0' type=0 -> 55 ext=0 this=000001B4F7590500
AddRefInternal func '$beh2' type=0 -> 2 ext=0 this=000001B4F7590780
ReleaseInternal func '$beh2' type=0 before=2 ext=0 this=000001B4F7590780
AddRefInternal func '$beh8' type=0 -> 56 ext=0 this=000001B4F7590280
AddRefInternal func '$beh0' type=0 -> 56 ext=0 this=000001B4F7590500
AddRefInternal func '$beh2' type=0 -> 2 ext=0 this=000001B4F7590780
ReleaseInternal func '$beh2' type=0 before=2 ext=0 this=000001B4F7590780
AddRefInternal func '$beh8' type=0 -> 57 ext=0 this=000001B4F7590280
AddRefInternal func '$beh0' type=0 -> 57 ext=0 this=000001B4F7590500
AddRefInternal func '$beh2' type=0 -> 2 ext=0 this=000001B4F7590780
ReleaseInternal func '$beh2' type=0 before=2 ext=0 this=000001B4F7590780
AddRefInternal func '$beh8' type=0 -> 7 ext=0 this=000001B4F821AC80
AddRefInternal func '$beh0' type=0 -> 7 ext=0 this=000001B4F821A500
AddRefInternal func '$beh0' type=0 -> 7 ext=0 this=000001B4F821A780
AddRefInternal func '$beh0' type=0 -> 7 ext=0 this=000001B4F821AF00
AddRefInternal func '$beh8' type=0 -> 58 ext=0 this=000001B4F7590280
AddRefInternal func '$beh0' type=0 -> 58 ext=0 this=000001B4F7590500
AddRefInternal func '$beh2' type=0 -> 2 ext=0 this=000001B4F7590780
ReleaseInternal func '$beh2' type=0 before=2 ext=0 this=000001B4F7590780
AddRefInternal func '$beh8' type=0 -> 8 ext=0 this=000001B4F821AC80
AddRefInternal func '$beh0' type=0 -> 8 ext=0 this=000001B4F821A500
AddRefInternal func '$beh0' type=0 -> 8 ext=0 this=000001B4F821A780
AddRefInternal func '$beh0' type=0 -> 8 ext=0 this=000001B4F821AF00
AddRefInternal func '$beh8' type=0 -> 59 ext=0 this=000001B4F7590280
AddRefInternal func '$beh0' type=0 -> 59 ext=0 this=000001B4F7590500
AddRefInternal func '$beh2' type=0 -> 2 ext=0 this=000001B4F7590780
ReleaseInternal func '$beh2' type=0 before=2 ext=0 this=000001B4F7590780
AddRefInternal func '$beh8' type=0 -> 60 ext=0 this=000001B4F7590280
AddRefInternal func '$beh0' type=0 -> 60 ext=0 this=000001B4F7590500
AddRefInternal func '$beh2' type=0 -> 2 ext=0 this=000001B4F7590780
ReleaseInternal func '$beh2' type=0 before=2 ext=0 this=000001B4F7590780
AddRefInternal func '$beh8' type=0 -> 9 ext=0 this=000001B4F821AC80
AddRefInternal func '$beh0' type=0 -> 9 ext=0 this=000001B4F821A500
AddRefInternal func '$beh0' type=0 -> 9 ext=0 this=000001B4F821A780
AddRefInternal func '$beh0' type=0 -> 9 ext=0 this=000001B4F821AF00
AddRefInternal func '$beh8' type=0 -> 10 ext=0 this=000001B4F821AC80
AddRefInternal func '$beh0' type=0 -> 10 ext=0 this=000001B4F821A500
AddRefInternal func '$beh0' type=0 -> 10 ext=0 this=000001B4F821A780
AddRefInternal func '$beh0' type=0 -> 10 ext=0 this=000001B4F821AF00
AddRefInternal func '$beh8' type=0 -> 11 ext=0 this=000001B4F821AC80
AddRefInternal func '$beh0' type=0 -> 11 ext=0 this=000001B4F821A500
AddRefInternal func '$beh0' type=0 -> 11 ext=0 this=000001B4F821A780
AddRefInternal func '$beh0' type=0 -> 11 ext=0 this=000001B4F821AF00
AddRefInternal func '$beh8' type=0 -> 12 ext=0 this=000001B4F821AC80
AddRefInternal func '$beh0' type=0 -> 12 ext=0 this=000001B4F821A500
AddRefInternal func '$beh0' type=0 -> 12 ext=0 this=000001B4F821A780
AddRefInternal func '$beh0' type=0 -> 12 ext=0 this=000001B4F821AF00
AddRefInternal func '$beh8' type=0 -> 13 ext=0 this=000001B4F821AC80
AddRefInternal func '$beh0' type=0 -> 13 ext=0 this=000001B4F821A500
AddRefInternal func '$beh0' type=0 -> 13 ext=0 this=000001B4F821A780
AddRefInternal func '$beh0' type=0 -> 13 ext=0 this=000001B4F821AF00
AddRefInternal func '$beh8' type=0 -> 14 ext=0 this=000001B4F821AC80
AddRefInternal func '$beh0' type=0 -> 14 ext=0 this=000001B4F821A500
AddRefInternal func '$beh0' type=0 -> 14 ext=0 this=000001B4F821A780
AddRefInternal func '$beh0' type=0 -> 14 ext=0 this=000001B4F821AF00
AddRefInternal func '$beh8' type=0 -> 15 ext=0 this=000001B4F821AC80
AddRefInternal func '$beh0' type=0 -> 15 ext=0 this=000001B4F821A500
AddRefInternal func '$beh0' type=0 -> 15 ext=0 this=000001B4F821A780
AddRefInternal func '$beh0' type=0 -> 15 ext=0 this=000001B4F821AF00
AddRefInternal func '$beh8' type=0 -> 61 ext=0 this=000001B4F7590280
AddRefInternal func '$beh0' type=0 -> 61 ext=0 this=000001B4F7590500
AddRefInternal func '$beh2' type=0 -> 2 ext=0 this=000001B4F7590780
ReleaseInternal func '$beh2' type=0 before=2 ext=0 this=000001B4F7590780
AddRefInternal func '$beh8' type=0 -> 62 ext=0 this=000001B4F7590280
AddRefInternal func '$beh0' type=0 -> 62 ext=0 this=000001B4F7590500
AddRefInternal func '$beh2' type=0 -> 2 ext=0 this=000001B4F7590780
ReleaseInternal func '$beh2' type=0 before=2 ext=0 this=000001B4F7590780
AddRefInternal func '$beh8' type=0 -> 16 ext=0 this=000001B4F821AC80
AddRefInternal func '$beh0' type=0 -> 16 ext=0 this=000001B4F821A500
AddRefInternal func '$beh0' type=0 -> 16 ext=0 this=000001B4F821A780
AddRefInternal func '$beh0' type=0 -> 16 ext=0 this=000001B4F821AF00
AddRefInternal func '$beh8' type=0 -> 63 ext=0 this=000001B4F7590280
AddRefInternal func '$beh0' type=0 -> 63 ext=0 this=000001B4F7590500
AddRefInternal func '$beh2' type=0 -> 2 ext=0 this=000001B4F7590780
ReleaseInternal func '$beh2' type=0 before=2 ext=0 this=000001B4F7590780
AddRefInternal func '$beh8' type=0 -> 64 ext=0 this=000001B4F7590280
AddRefInternal func '$beh0' type=0 -> 64 ext=0 this=000001B4F7590500
AddRefInternal func '$beh2' type=0 -> 2 ext=0 this=000001B4F7590780
ReleaseInternal func '$beh2' type=0 before=2 ext=0 this=000001B4F7590780
AddRefInternal func '$beh8' type=0 -> 17 ext=0 this=000001B4F821AC80
AddRefInternal func '$beh0' type=0 -> 17 ext=0 this=000001B4F821A500
AddRefInternal func '$beh0' type=0 -> 17 ext=0 this=000001B4F821A780
AddRefInternal func '$beh0' type=0 -> 17 ext=0 this=000001B4F821AF00
AddRefInternal func '$beh8' type=0 -> 18 ext=0 this=000001B4F821AC80
AddRefInternal func '$beh0' type=0 -> 18 ext=0 this=000001B4F821A500
AddRefInternal func '$beh0' type=0 -> 18 ext=0 this=000001B4F821A780
AddRefInternal func '$beh0' type=0 -> 18 ext=0 this=000001B4F821AF00
AddRefInternal func '$beh8' type=0 -> 19 ext=0 this=000001B4F821AC80
AddRefInternal func '$beh0' type=0 -> 19 ext=0 this=000001B4F821A500
AddRefInternal func '$beh0' type=0 -> 19 ext=0 this=000001B4F821A780
AddRefInternal func '$beh0' type=0 -> 19 ext=0 this=000001B4F821AF00
AddRefInternal func '$beh8' type=0 -> 20 ext=0 this=000001B4F821AC80
AddRefInternal func '$beh0' type=0 -> 20 ext=0 this=000001B4F821A500
AddRefInternal func '$beh0' type=0 -> 20 ext=0 this=000001B4F821A780
AddRefInternal func '$beh0' type=0 -> 20 ext=0 this=000001B4F821AF00
AddRefInternal func '$beh8' type=0 -> 21 ext=0 this=000001B4F821AC80
AddRefInternal func '$beh0' type=0 -> 21 ext=0 this=000001B4F821A500
AddRefInternal func '$beh0' type=0 -> 21 ext=0 this=000001B4F821A780
AddRefInternal func '$beh0' type=0 -> 21 ext=0 this=000001B4F821AF00
AddRefInternal func '$beh8' type=0 -> 65 ext=0 this=000001B4F7590280
AddRefInternal func '$beh0' type=0 -> 65 ext=0 this=000001B4F7590500
AddRefInternal func '$beh2' type=0 -> 2 ext=0 this=000001B4F7590780
ReleaseInternal func '$beh2' type=0 before=2 ext=0 this=000001B4F7590780
AddRefInternal func '$beh8' type=0 -> 66 ext=0 this=000001B4F7590280
AddRefInternal func '$beh0' type=0 -> 66 ext=0 this=000001B4F7590500
AddRefInternal func '$beh2' type=0 -> 2 ext=0 this=000001B4F7590780
ReleaseInternal func '$beh2' type=0 before=2 ext=0 this=000001B4F7590780
AddRefInternal func '$beh8' type=0 -> 22 ext=0 this=000001B4F821AC80
AddRefInternal func '$beh0' type=0 -> 22 ext=0 this=000001B4F821A500
AddRefInternal func '$beh0' type=0 -> 22 ext=0 this=000001B4F821A780
AddRefInternal func '$beh0' type=0 -> 22 ext=0 this=000001B4F821AF00
AddRefInternal func '$beh8' type=0 -> 67 ext=0 this=000001B4F7590280
AddRefInternal func '$beh0' type=0 -> 67 ext=0 this=000001B4F7590500
AddRefInternal func '$beh2' type=0 -> 2 ext=0 this=000001B4F7590780
ReleaseInternal func '$beh2' type=0 before=2 ext=0 this=000001B4F7590780
AddRefInternal func '$beh8' type=0 -> 68 ext=0 this=000001B4F7590280
AddRefInternal func '$beh0' type=0 -> 68 ext=0 this=000001B4F7590500
AddRefInternal func '$beh2' type=0 -> 2 ext=0 this=000001B4F7590780
ReleaseInternal func '$beh2' type=0 before=2 ext=0 this=000001B4F7590780
AddRefInternal func '$beh8' type=0 -> 69 ext=0 this=000001B4F7590280
AddRefInternal func '$beh0' type=0 -> 69 ext=0 this=000001B4F7590500
AddRefInternal func '$beh2' type=0 -> 2 ext=0 this=000001B4F7590780
ReleaseInternal func '$beh2' type=0 before=2 ext=0 this=000001B4F7590780
AddRefInternal func '$beh8' type=0 -> 70 ext=0 this=000001B4F7590280
AddRefInternal func '$beh0' type=0 -> 70 ext=0 this=000001B4F7590500
AddRefInternal func '$beh2' type=0 -> 2 ext=0 this=000001B4F7590780
ReleaseInternal func '$beh2' type=0 before=2 ext=0 this=000001B4F7590780
AddRefInternal func '$beh8' type=0 -> 71 ext=0 this=000001B4F7590280
AddRefInternal func '$beh0' type=0 -> 71 ext=0 this=000001B4F7590500
AddRefInternal func '$beh2' type=0 -> 2 ext=0 this=000001B4F7590780
ReleaseInternal func '$beh2' type=0 before=2 ext=0 this=000001B4F7590780
AddRefInternal func '$beh8' type=0 -> 72 ext=0 this=000001B4F7590280
AddRefInternal func '$beh0' type=0 -> 72 ext=0 this=000001B4F7590500
AddRefInternal func '$beh2' type=0 -> 2 ext=0 this=000001B4F7590780
ReleaseInternal func '$beh2' type=0 before=2 ext=0 this=000001B4F7590780
AddRefInternal func '$beh8' type=0 -> 73 ext=0 this=000001B4F7590280
AddRefInternal func '$beh0' type=0 -> 73 ext=0 this=000001B4F7590500
AddRefInternal func '$beh2' type=0 -> 2 ext=0 this=000001B4F7590780
ReleaseInternal func '$beh2' type=0 before=2 ext=0 this=000001B4F7590780
AddRefInternal func '$beh8' type=0 -> 2 ext=0 this=000001B4F7590A00
AddRefInternal func '$beh0' type=0 -> 2 ext=0 this=000001B4FC6B7A80
AddRefInternal func '$beh0' type=0 -> 2 ext=0 this=000001B4FC6B7D00
AddRefInternal func '$beh0' type=0 -> 2 ext=0 this=000001B4FC6B9B00
AddRefInternal func '$beh0' type=0 -> 2 ext=0 this=000001B4FC6B9D80
AddRefInternal func '$beh2' type=0 -> 2 ext=0 this=000001B4FC6B7F80
ReleaseInternal func '$beh2' type=0 before=2 ext=0 this=000001B4FC6B7F80
AddRefInternal func '$beh8' type=0 -> 74 ext=0 this=000001B4F7590280
AddRefInternal func '$beh0' type=0 -> 74 ext=0 this=000001B4F7590500
AddRefInternal func '$beh2' type=0 -> 2 ext=0 this=000001B4F7590780
ReleaseInternal func '$beh2' type=0 before=2 ext=0 this=000001B4F7590780
AddRefInternal func '$beh8' type=0 -> 75 ext=0 this=000001B4F7590280
AddRefInternal func '$beh0' type=0 -> 75 ext=0 this=000001B4F7590500
AddRefInternal func '$beh2' type=0 -> 2 ext=0 this=000001B4F7590780
ReleaseInternal func '$beh2' type=0 before=2 ext=0 this=000001B4F7590780
AddRefInternal func '$beh8' type=0 -> 5 ext=0 this=000001B4F7599880
AddRefInternal func '$beh0' type=0 -> 5 ext=0 this=000001B4F7599380
AddRefInternal func '$beh2' type=0 -> 2 ext=0 this=000001B4F7599600
ReleaseInternal func '$beh2' type=0 before=2 ext=0 this=000001B4F7599600
AddRefInternal func '$beh8' type=0 -> 76 ext=0 this=000001B4F7590280
AddRefInternal func '$beh0' type=0 -> 76 ext=0 this=000001B4F7590500
AddRefInternal func '$beh2' type=0 -> 2 ext=0 this=000001B4F7590780
ReleaseInternal func '$beh2' type=0 before=2 ext=0 this=000001B4F7590780
AddRefInternal func '$beh8' type=0 -> 77 ext=0 this=000001B4F7590280
AddRefInternal func '$beh0' type=0 -> 77 ext=0 this=000001B4F7590500
AddRefInternal func '$beh2' type=0 -> 2 ext=0 this=000001B4F7590780
ReleaseInternal func '$beh2' type=0 before=2 ext=0 this=000001B4F7590780
AddRefInternal func '$beh8' type=0 -> 78 ext=0 this=000001B4F7590280
AddRefInternal func '$beh0' type=0 -> 78 ext=0 this=000001B4F7590500
AddRefInternal func '$beh2' type=0 -> 2 ext=0 this=000001B4F7590780
ReleaseInternal func '$beh2' type=0 before=2 ext=0 this=000001B4F7590780
AddRefInternal func '$beh8' type=0 -> 79 ext=0 this=000001B4F7590280
AddRefInternal func '$beh0' type=0 -> 79 ext=0 this=000001B4F7590500
AddRefInternal func '$beh2' type=0 -> 2 ext=0 this=000001B4F7590780
ReleaseInternal func '$beh2' type=0 before=2 ext=0 this=000001B4F7590780
AddRefInternal func '$beh8' type=0 -> 23 ext=0 this=000001B4F821AC80
AddRefInternal func '$beh0' type=0 -> 23 ext=0 this=000001B4F821A500
AddRefInternal func '$beh0' type=0 -> 23 ext=0 this=000001B4F821A780
AddRefInternal func '$beh0' type=0 -> 23 ext=0 this=000001B4F821AF00
AddRefInternal func '$beh8' type=0 -> 80 ext=0 this=000001B4F7590280
AddRefInternal func '$beh0' type=0 -> 80 ext=0 this=000001B4F7590500
AddRefInternal func '$beh2' type=0 -> 2 ext=0 this=000001B4F7590780
ReleaseInternal func '$beh2' type=0 before=2 ext=0 this=000001B4F7590780
AddRefInternal func '$beh8' type=0 -> 3 ext=0 this=000001B4F7590A00
AddRefInternal func '$beh0' type=0 -> 3 ext=0 this=000001B4FC6B7A80
AddRefInternal func '$beh0' type=0 -> 3 ext=0 this=000001B4FC6B7D00
AddRefInternal func '$beh0' type=0 -> 3 ext=0 this=000001B4FC6B9B00
AddRefInternal func '$beh0' type=0 -> 3 ext=0 this=000001B4FC6B9D80
AddRefInternal func '$beh2' type=0 -> 2 ext=0 this=000001B4FC6B7F80
ReleaseInternal func '$beh2' type=0 before=2 ext=0 this=000001B4FC6B7F80
AddRefInternal func '$beh8' type=0 -> 81 ext=0 this=000001B4F7590280
AddRefInternal func '$beh0' type=0 -> 81 ext=0 this=000001B4F7590500
AddRefInternal func '$beh2' type=0 -> 2 ext=0 this=000001B4F7590780
ReleaseInternal func '$beh2' type=0 before=2 ext=0 this=000001B4F7590780
AddRefInternal func '$beh8' type=0 -> 82 ext=0 this=000001B4F7590280
AddRefInternal func '$beh0' type=0 -> 82 ext=0 this=000001B4F7590500
AddRefInternal func '$beh2' type=0 -> 2 ext=0 this=000001B4F7590780
ReleaseInternal func '$beh2' type=0 before=2 ext=0 this=000001B4F7590780
AddRefInternal func '$beh8' type=0 -> 83 ext=0 this=000001B4F7590280
AddRefInternal func '$beh0' type=0 -> 83 ext=0 this=000001B4F7590500
AddRefInternal func '$beh2' type=0 -> 2 ext=0 this=000001B4F7590780
ReleaseInternal func '$beh2' type=0 before=2 ext=0 this=000001B4F7590780
AddRefInternal func '$beh8' type=0 -> 4 ext=0 this=000001B4F8215500
AddRefInternal func '$beh0' type=0 -> 4 ext=0 this=000001B4F8215000
AddRefInternal func '$beh2' type=0 -> 2 ext=0 this=000001B4F8215280
ReleaseInternal func '$beh2' type=0 before=2 ext=0 this=000001B4F8215280
AddRefInternal func '$beh8' type=0 -> 84 ext=0 this=000001B4F7590280
AddRefInternal func '$beh0' type=0 -> 84 ext=0 this=000001B4F7590500
AddRefInternal func '$beh2' type=0 -> 2 ext=0 this=000001B4F7590780
ReleaseInternal func '$beh2' type=0 before=2 ext=0 this=000001B4F7590780
AddRefInternal func '$beh8' type=0 -> 85 ext=0 this=000001B4F7590280
AddRefInternal func '$beh0' type=0 -> 85 ext=0 this=000001B4F7590500
AddRefInternal func '$beh2' type=0 -> 2 ext=0 this=000001B4F7590780
ReleaseInternal func '$beh2' type=0 before=2 ext=0 this=000001B4F7590780
AddRefInternal func '$beh8' type=0 -> 86 ext=0 this=000001B4F7590280
AddRefInternal func '$beh0' type=0 -> 86 ext=0 this=000001B4F7590500
AddRefInternal func '$beh2' type=0 -> 2 ext=0 this=000001B4F7590780
ReleaseInternal func '$beh2' type=0 before=2 ext=0 this=000001B4F7590780
AddRefInternal func '$beh8' type=0 -> 87 ext=0 this=000001B4F7590280
AddRefInternal func '$beh0' type=0 -> 87 ext=0 this=000001B4F7590500
AddRefInternal func '$beh2' type=0 -> 2 ext=0 this=000001B4F7590780
ReleaseInternal func '$beh2' type=0 before=2 ext=0 this=000001B4F7590780
AddRefInternal func '$beh8' type=0 -> 88 ext=0 this=000001B4F7590280
AddRefInternal func '$beh0' type=0 -> 88 ext=0 this=000001B4F7590500
AddRefInternal func '$beh2' type=0 -> 2 ext=0 this=000001B4F7590780
ReleaseInternal func '$beh2' type=0 before=2 ext=0 this=000001B4F7590780
AddRefInternal func '$beh8' type=0 -> 24 ext=0 this=000001B4F821AC80
AddRefInternal func '$beh0' type=0 -> 24 ext=0 this=000001B4F821A500
AddRefInternal func '$beh0' type=0 -> 24 ext=0 this=000001B4F821A780
AddRefInternal func '$beh0' type=0 -> 24 ext=0 this=000001B4F821AF00
AddRefInternal func '$beh8' type=0 -> 89 ext=0 this=000001B4F7590280
AddRefInternal func '$beh0' type=0 -> 89 ext=0 this=000001B4F7590500
AddRefInternal func '$beh2' type=0 -> 2 ext=0 this=000001B4F7590780
ReleaseInternal func '$beh2' type=0 before=2 ext=0 this=000001B4F7590780
AddRefInternal func '$beh8' type=0 -> 25 ext=0 this=000001B4F821AC80
AddRefInternal func '$beh0' type=0 -> 25 ext=0 this=000001B4F821A500
AddRefInternal func '$beh0' type=0 -> 25 ext=0 this=000001B4F821A780
AddRefInternal func '$beh0' type=0 -> 25 ext=0 this=000001B4F821AF00
AddRefInternal func '$beh8' type=0 -> 90 ext=0 this=000001B4F7590280
AddRefInternal func '$beh0' type=0 -> 90 ext=0 this=000001B4F7590500
AddRefInternal func '$beh2' type=0 -> 2 ext=0 this=000001B4F7590780
ReleaseInternal func '$beh2' type=0 before=2 ext=0 this=000001B4F7590780
AddRefInternal func '$beh8' type=0 -> 91 ext=0 this=000001B4F7590280
AddRefInternal func '$beh0' type=0 -> 91 ext=0 this=000001B4F7590500
AddRefInternal func '$beh2' type=0 -> 2 ext=0 this=000001B4F7590780
ReleaseInternal func '$beh2' type=0 before=2 ext=0 this=000001B4F7590780
AddRefInternal func '$beh8' type=0 -> 5 ext=0 this=000001B4F8215500
AddRefInternal func '$beh0' type=0 -> 5 ext=0 this=000001B4F8215000
AddRefInternal func '$beh2' type=0 -> 2 ext=0 this=000001B4F8215280
ReleaseInternal func '$beh2' type=0 before=2 ext=0 this=000001B4F8215280
AddRefInternal func '$beh8' type=0 -> 92 ext=0 this=000001B4F7590280
AddRefInternal func '$beh0' type=0 -> 92 ext=0 this=000001B4F7590500
AddRefInternal func '$beh2' type=0 -> 2 ext=0 this=000001B4F7590780
ReleaseInternal func '$beh2' type=0 before=2 ext=0 this=000001B4F7590780
AddRefInternal func '$beh8' type=0 -> 93 ext=0 this=000001B4F7590280
AddRefInternal func '$beh0' type=0 -> 93 ext=0 this=000001B4F7590500
AddRefInternal func '$beh2' type=0 -> 2 ext=0 this=000001B4F7590780
ReleaseInternal func '$beh2' type=0 before=2 ext=0 this=000001B4F7590780
AddRefInternal func '$beh8' type=0 -> 26 ext=0 this=000001B4F821AC80
AddRefInternal func '$beh0' type=0 -> 26 ext=0 this=000001B4F821A500
AddRefInternal func '$beh0' type=0 -> 26 ext=0 this=000001B4F821A780
AddRefInternal func '$beh0' type=0 -> 26 ext=0 this=000001B4F821AF00
AddRefInternal func '$beh8' type=0 -> 94 ext=0 this=000001B4F7590280
AddRefInternal func '$beh0' type=0 -> 94 ext=0 this=000001B4F7590500
AddRefInternal func '$beh2' type=0 -> 2 ext=0 this=000001B4F7590780
ReleaseInternal func '$beh2' type=0 before=2 ext=0 this=000001B4F7590780
AddRefInternal func '$beh8' type=0 -> 27 ext=0 this=000001B4F821AC80
AddRefInternal func '$beh0' type=0 -> 27 ext=0 this=000001B4F821A500
AddRefInternal func '$beh0' type=0 -> 27 ext=0 this=000001B4F821A780
AddRefInternal func '$beh0' type=0 -> 27 ext=0 this=000001B4F821AF00
AddRefInternal func '$beh8' type=0 -> 28 ext=0 this=000001B4F821AC80
AddRefInternal func '$beh0' type=0 -> 28 ext=0 this=000001B4F821A500
AddRefInternal func '$beh0' type=0 -> 28 ext=0 this=000001B4F821A780
AddRefInternal func '$beh0' type=0 -> 28 ext=0 this=000001B4F821AF00
AddRefInternal func '$beh8' type=0 -> 95 ext=0 this=000001B4F7590280
AddRefInternal func '$beh0' type=0 -> 95 ext=0 this=000001B4F7590500
AddRefInternal func '$beh2' type=0 -> 2 ext=0 this=000001B4F7590780
ReleaseInternal func '$beh2' type=0 before=2 ext=0 this=000001B4F7590780
AddRefInternal func '$beh8' type=0 -> 96 ext=0 this=000001B4F7590280
AddRefInternal func '$beh0' type=0 -> 96 ext=0 this=000001B4F7590500
AddRefInternal func '$beh2' type=0 -> 2 ext=0 this=000001B4F7590780
ReleaseInternal func '$beh2' type=0 before=2 ext=0 this=000001B4F7590780
AddRefInternal func '$beh8' type=0 -> 4 ext=0 this=000001B4F7590A00
AddRefInternal func '$beh0' type=0 -> 4 ext=0 this=000001B4FC6B7A80
AddRefInternal func '$beh0' type=0 -> 4 ext=0 this=000001B4FC6B7D00
AddRefInternal func '$beh0' type=0 -> 4 ext=0 this=000001B4FC6B9B00
AddRefInternal func '$beh0' type=0 -> 4 ext=0 this=000001B4FC6B9D80
AddRefInternal func '$beh2' type=0 -> 2 ext=0 this=000001B4FC6B7F80
ReleaseInternal func '$beh2' type=0 before=2 ext=0 this=000001B4FC6B7F80
AddRefInternal func '$beh8' type=0 -> 29 ext=0 this=000001B4F821AC80
AddRefInternal func '$beh0' type=0 -> 29 ext=0 this=000001B4F821A500
AddRefInternal func '$beh0' type=0 -> 29 ext=0 this=000001B4F821A780
AddRefInternal func '$beh0' type=0 -> 29 ext=0 this=000001B4F821AF00
AddRefInternal func '$beh8' type=0 -> 30 ext=0 this=000001B4F821AC80
AddRefInternal func '$beh0' type=0 -> 30 ext=0 this=000001B4F821A500
AddRefInternal func '$beh0' type=0 -> 30 ext=0 this=000001B4F821A780
AddRefInternal func '$beh0' type=0 -> 30 ext=0 this=000001B4F821AF00
AddRefInternal func '$beh8' type=0 -> 97 ext=0 this=000001B4F7590280
AddRefInternal func '$beh0' type=0 -> 97 ext=0 this=000001B4F7590500
AddRefInternal func '$beh2' type=0 -> 2 ext=0 this=000001B4F7590780
ReleaseInternal func '$beh2' type=0 before=2 ext=0 this=000001B4F7590780
AddRefInternal func '$beh8' type=0 -> 98 ext=0 this=000001B4F7590280
AddRefInternal func '$beh0' type=0 -> 98 ext=0 this=000001B4F7590500
AddRefInternal func '$beh2' type=0 -> 2 ext=0 this=000001B4F7590780
ReleaseInternal func '$beh2' type=0 before=2 ext=0 this=000001B4F7590780
AddRefInternal func '$beh8' type=0 -> 6 ext=0 this=000001B4F8215500
AddRefInternal func '$beh0' type=0 -> 6 ext=0 this=000001B4F8215000
AddRefInternal func '$beh2' type=0 -> 2 ext=0 this=000001B4F8215280
ReleaseInternal func '$beh2' type=0 before=2 ext=0 this=000001B4F8215280
AddRefInternal func '$beh8' type=0 -> 31 ext=0 this=000001B4F821AC80
AddRefInternal func '$beh0' type=0 -> 31 ext=0 this=000001B4F821A500
AddRefInternal func '$beh0' type=0 -> 31 ext=0 this=000001B4F821A780
AddRefInternal func '$beh0' type=0 -> 31 ext=0 this=000001B4F821AF00
AddRefInternal func '$beh8' type=0 -> 99 ext=0 this=000001B4F7590280
AddRefInternal func '$beh0' type=0 -> 99 ext=0 this=000001B4F7590500
AddRefInternal func '$beh2' type=0 -> 2 ext=0 this=000001B4F7590780
ReleaseInternal func '$beh2' type=0 before=2 ext=0 this=000001B4F7590780
AddRefInternal func '$beh8' type=0 -> 100 ext=0 this=000001B4F7590280
AddRefInternal func '$beh0' type=0 -> 100 ext=0 this=000001B4F7590500
AddRefInternal func '$beh2' type=0 -> 2 ext=0 this=000001B4F7590780
ReleaseInternal func '$beh2' type=0 before=2 ext=0 this=000001B4F7590780
AddRefInternal func '$beh8' type=0 -> 101 ext=0 this=000001B4F7590280
AddRefInternal func '$beh0' type=0 -> 101 ext=0 this=000001B4F7590500
AddRefInternal func '$beh2' type=0 -> 2 ext=0 this=000001B4F7590780
ReleaseInternal func '$beh2' type=0 before=2 ext=0 this=000001B4F7590780
AddRefInternal func '$beh8' type=0 -> 6 ext=0 this=000001B4F7599880
AddRefInternal func '$beh0' type=0 -> 6 ext=0 this=000001B4F7599380
AddRefInternal func '$beh2' type=0 -> 2 ext=0 this=000001B4F7599600
ReleaseInternal func '$beh2' type=0 before=2 ext=0 this=000001B4F7599600
AddRefInternal func '$beh8' type=0 -> 2 ext=0 this=000001B4F7590C80
AddRefInternal func '$beh0' type=0 -> 2 ext=0 this=000001B4FC6BB180
AddRefInternal func '$beh0' type=0 -> 2 ext=0 this=000001B4FC6BB400
AddRefInternal func '$beh0' type=0 -> 2 ext=0 this=000001B4FC6BD200
AddRefInternal func '$beh0' type=0 -> 2 ext=0 this=000001B4FC6BD480
AddRefInternal func '$beh0' type=0 -> 2 ext=0 this=000001B4FC6BD700
AddRefInternal func '$beh2' type=0 -> 2 ext=0 this=000001B4FC6BB680
ReleaseInternal func '$beh2' type=0 before=2 ext=0 this=000001B4FC6BB680
AddRefInternal func '$beh8' type=0 -> 102 ext=0 this=000001B4F7590280
AddRefInternal func '$beh0' type=0 -> 102 ext=0 this=000001B4F7590500
AddRefInternal func '$beh2' type=0 -> 2 ext=0 this=000001B4F7590780
ReleaseInternal func '$beh2' type=0 before=2 ext=0 this=000001B4F7590780
AddRefInternal func '$beh8' type=0 -> 103 ext=0 this=000001B4F7590280
AddRefInternal func '$beh0' type=0 -> 103 ext=0 this=000001B4F7590500
AddRefInternal func '$beh2' type=0 -> 2 ext=0 this=000001B4F7590780
ReleaseInternal func '$beh2' type=0 before=2 ext=0 this=000001B4F7590780
AddRefInternal func '$beh8' type=0 -> 104 ext=0 this=000001B4F7590280
AddRefInternal func '$beh0' type=0 -> 104 ext=0 this=000001B4F7590500
AddRefInternal func '$beh2' type=0 -> 2 ext=0 this=000001B4F7590780
ReleaseInternal func '$beh2' type=0 before=2 ext=0 this=000001B4F7590780
AddRefInternal func '$beh8' type=0 -> 32 ext=0 this=000001B4F821AC80
AddRefInternal func '$beh0' type=0 -> 32 ext=0 this=000001B4F821A500
AddRefInternal func '$beh0' type=0 -> 32 ext=0 this=000001B4F821A780
AddRefInternal func '$beh0' type=0 -> 32 ext=0 this=000001B4F821AF00
AddRefInternal func '$beh8' type=0 -> 33 ext=0 this=000001B4F821AC80
AddRefInternal func '$beh0' type=0 -> 33 ext=0 this=000001B4F821A500
AddRefInternal func '$beh0' type=0 -> 33 ext=0 this=000001B4F821A780
AddRefInternal func '$beh0' type=0 -> 33 ext=0 this=000001B4F821AF00
AddRefInternal func '$beh8' type=0 -> 105 ext=0 this=000001B4F7590280
AddRefInternal func '$beh0' type=0 -> 105 ext=0 this=000001B4F7590500
AddRefInternal func '$beh2' type=0 -> 2 ext=0 this=000001B4F7590780
ReleaseInternal func '$beh2' type=0 before=2 ext=0 this=000001B4F7590780
AddRefInternal func '$beh8' type=0 -> 106 ext=0 this=000001B4F7590280
AddRefInternal func '$beh0' type=0 -> 106 ext=0 this=000001B4F7590500
AddRefInternal func '$beh2' type=0 -> 2 ext=0 this=000001B4F7590780
ReleaseInternal func '$beh2' type=0 before=2 ext=0 this=000001B4F7590780
AddRefInternal func '$beh8' type=0 -> 34 ext=0 this=000001B4F821AC80
AddRefInternal func '$beh0' type=0 -> 34 ext=0 this=000001B4F821A500
AddRefInternal func '$beh0' type=0 -> 34 ext=0 this=000001B4F821A780
AddRefInternal func '$beh0' type=0 -> 34 ext=0 this=000001B4F821AF00
AddRefInternal func '$beh8' type=0 -> 107 ext=0 this=000001B4F7590280
AddRefInternal func '$beh0' type=0 -> 107 ext=0 this=000001B4F7590500
AddRefInternal func '$beh2' type=0 -> 2 ext=0 this=000001B4F7590780
ReleaseInternal func '$beh2' type=0 before=2 ext=0 this=000001B4F7590780
AddRefInternal func '$beh8' type=0 -> 5 ext=0 this=000001B4F7590A00
AddRefInternal func '$beh0' type=0 -> 5 ext=0 this=000001B4FC6B7A80
AddRefInternal func '$beh0' type=0 -> 5 ext=0 this=000001B4FC6B7D00
AddRefInternal func '$beh0' type=0 -> 5 ext=0 this=000001B4FC6B9B00
AddRefInternal func '$beh0' type=0 -> 5 ext=0 this=000001B4FC6B9D80
AddRefInternal func '$beh2' type=0 -> 2 ext=0 this=000001B4FC6B7F80
ReleaseInternal func '$beh2' type=0 before=2 ext=0 this=000001B4FC6B7F80
AddRefInternal func '$beh8' type=0 -> 35 ext=0 this=000001B4F821AC80
AddRefInternal func '$beh0' type=0 -> 35 ext=0 this=000001B4F821A500
AddRefInternal func '$beh0' type=0 -> 35 ext=0 this=000001B4F821A780
AddRefInternal func '$beh0' type=0 -> 35 ext=0 this=000001B4F821AF00
AddRefInternal func '$beh8' type=0 -> 108 ext=0 this=000001B4F7590280
AddRefInternal func '$beh0' type=0 -> 108 ext=0 this=000001B4F7590500
AddRefInternal func '$beh2' type=0 -> 2 ext=0 this=000001B4F7590780
ReleaseInternal func '$beh2' type=0 before=2 ext=0 this=000001B4F7590780
AddRefInternal func '$beh8' type=0 -> 109 ext=0 this=000001B4F7590280
AddRefInternal func '$beh0' type=0 -> 109 ext=0 this=000001B4F7590500
AddRefInternal func '$beh2' type=0 -> 2 ext=0 this=000001B4F7590780
ReleaseInternal func '$beh2' type=0 before=2 ext=0 this=000001B4F7590780
AddRefInternal func '$beh8' type=0 -> 110 ext=0 this=000001B4F7590280
AddRefInternal func '$beh0' type=0 -> 110 ext=0 this=000001B4F7590500
AddRefInternal func '$beh2' type=0 -> 2 ext=0 this=000001B4F7590780
ReleaseInternal func '$beh2' type=0 before=2 ext=0 this=000001B4F7590780
AddRefInternal func '$beh8' type=0 -> 7 ext=0 this=000001B4F7599880
AddRefInternal func '$beh0' type=0 -> 7 ext=0 this=000001B4F7599380
AddRefInternal func '$beh2' type=0 -> 2 ext=0 this=000001B4F7599600
ReleaseInternal func '$beh2' type=0 before=2 ext=0 this=000001B4F7599600
AddRefInternal func '$beh8' type=0 -> 111 ext=0 this=000001B4F7590280
AddRefInternal func '$beh0' type=0 -> 111 ext=0 this=000001B4F7590500
AddRefInternal func '$beh2' type=0 -> 2 ext=0 this=000001B4F7590780
ReleaseInternal func '$beh2' type=0 before=2 ext=0 this=000001B4F7590780
AddRefInternal func '$beh8' type=0 -> 112 ext=0 this=000001B4F7590280
AddRefInternal func '$beh0' type=0 -> 112 ext=0 this=000001B4F7590500
AddRefInternal func '$beh2' type=0 -> 2 ext=0 this=000001B4F7590780
ReleaseInternal func '$beh2' type=0 before=2 ext=0 this=000001B4F7590780
AddRefInternal func '$beh8' type=0 -> 113 ext=0 this=000001B4F7590280
AddRefInternal func '$beh0' type=0 -> 113 ext=0 this=000001B4F7590500
AddRefInternal func '$beh2' type=0 -> 2 ext=0 this=000001B4F7590780
ReleaseInternal func '$beh2' type=0 before=2 ext=0 this=000001B4F7590780
AddRefInternal func '$beh8' type=0 -> 114 ext=0 this=000001B4F7590280
AddRefInternal func '$beh0' type=0 -> 114 ext=0 this=000001B4F7590500
AddRefInternal func '$beh2' type=0 -> 2 ext=0 this=000001B4F7590780
ReleaseInternal func '$beh2' type=0 before=2 ext=0 this=000001B4F7590780
AddRefInternal func '$beh8' type=0 -> 115 ext=0 this=000001B4F7590280
AddRefInternal func '$beh0' type=0 -> 115 ext=0 this=000001B4F7590500
AddRefInternal func '$beh2' type=0 -> 2 ext=0 this=000001B4F7590780
ReleaseInternal func '$beh2' type=0 before=2 ext=0 this=000001B4F7590780
AddRefInternal func '$beh8' type=0 -> 116 ext=0 this=000001B4F7590280
AddRefInternal func '$beh0' type=0 -> 116 ext=0 this=000001B4F7590500
AddRefInternal func '$beh2' type=0 -> 2 ext=0 this=000001B4F7590780
ReleaseInternal func '$beh2' type=0 before=2 ext=0 this=000001B4F7590780
AddRefInternal func '$beh8' type=0 -> 7 ext=0 this=000001B4F8215500
AddRefInternal func '$beh0' type=0 -> 7 ext=0 this=000001B4F8215000
AddRefInternal func '$beh2' type=0 -> 2 ext=0 this=000001B4F8215280
ReleaseInternal func '$beh2' type=0 before=2 ext=0 this=000001B4F8215280
AddRefInternal func '$beh8' type=0 -> 8 ext=0 this=000001B4F8215500
AddRefInternal func '$beh0' type=0 -> 8 ext=0 this=000001B4F8215000
AddRefInternal func '$beh2' type=0 -> 2 ext=0 this=000001B4F8215280
ReleaseInternal func '$beh2' type=0 before=2 ext=0 this=000001B4F8215280
AddRefInternal func '$beh8' type=0 -> 8 ext=0 this=000001B4F7599880
AddRefInternal func '$beh0' type=0 -> 8 ext=0 this=000001B4F7599380
AddRefInternal func '$beh2' type=0 -> 2 ext=0 this=000001B4F7599600
ReleaseInternal func '$beh2' type=0 before=2 ext=0 this=000001B4F7599600
AddRefInternal func '$beh8' type=0 -> 117 ext=0 this=000001B4F7590280
AddRefInternal func '$beh0' type=0 -> 117 ext=0 this=000001B4F7590500
AddRefInternal func '$beh2' type=0 -> 2 ext=0 this=000001B4F7590780
ReleaseInternal func '$beh2' type=0 before=2 ext=0 this=000001B4F7590780
AddRefInternal func '$beh8' type=0 -> 3 ext=0 this=000001B4F8211680
AddRefInternal func '$beh0' type=0 -> 3 ext=0 this=000001B4F8210F00
AddRefInternal func '$beh0' type=0 -> 3 ext=0 this=000001B4F8211180
AddRefInternal func '$beh0' type=0 -> 3 ext=0 this=000001B4F8211900
AddRefInternal func '$beh8' type=0 -> 9 ext=0 this=000001B4F7599880
AddRefInternal func '$beh0' type=0 -> 9 ext=0 this=000001B4F7599380
AddRefInternal func '$beh2' type=0 -> 2 ext=0 this=000001B4F7599600
ReleaseInternal func '$beh2' type=0 before=2 ext=0 this=000001B4F7599600
AddRefInternal func '$beh8' type=0 -> 118 ext=0 this=000001B4F7590280
AddRefInternal func '$beh0' type=0 -> 118 ext=0 this=000001B4F7590500
AddRefInternal func '$beh2' type=0 -> 2 ext=0 this=000001B4F7590780
ReleaseInternal func '$beh2' type=0 before=2 ext=0 this=000001B4F7590780
AddRefInternal func '$beh8' type=0 -> 10 ext=0 this=000001B4F7599880
AddRefInternal func '$beh0' type=0 -> 10 ext=0 this=000001B4F7599380
AddRefInternal func '$beh2' type=0 -> 2 ext=0 this=000001B4F7599600
ReleaseInternal func '$beh2' type=0 before=2 ext=0 this=000001B4F7599600
AddRefInternal func '$beh8' type=0 -> 119 ext=0 this=000001B4F7590280
AddRefInternal func '$beh0' type=0 -> 119 ext=0 this=000001B4F7590500
AddRefInternal func '$beh2' type=0 -> 2 ext=0 this=000001B4F7590780
ReleaseInternal func '$beh2' type=0 before=2 ext=0 this=000001B4F7590780
AddRefInternal func '$beh8' type=0 -> 120 ext=0 this=000001B4F7590280
AddRefInternal func '$beh0' type=0 -> 120 ext=0 this=000001B4F7590500
AddRefInternal func '$beh2' type=0 -> 2 ext=0 this=000001B4F7590780
ReleaseInternal func '$beh2' type=0 before=2 ext=0 this=000001B4F7590780
AddRefInternal func '$beh8' type=0 -> 121 ext=0 this=000001B4F7590280
AddRefInternal func '$beh0' type=0 -> 121 ext=0 this=000001B4F7590500
AddRefInternal func '$beh2' type=0 -> 2 ext=0 this=000001B4F7590780
ReleaseInternal func '$beh2' type=0 before=2 ext=0 this=000001B4F7590780
AddRefInternal func '$beh8' type=0 -> 122 ext=0 this=000001B4F7590280
AddRefInternal func '$beh0' type=0 -> 122 ext=0 this=000001B4F7590500
AddRefInternal func '$beh2' type=0 -> 2 ext=0 this=000001B4F7590780
ReleaseInternal func '$beh2' type=0 before=2 ext=0 this=000001B4F7590780
AddRefInternal func '$beh8' type=0 -> 123 ext=0 this=000001B4F7590280
AddRefInternal func '$beh0' type=0 -> 123 ext=0 this=000001B4F7590500
AddRefInternal func '$beh2' type=0 -> 2 ext=0 this=000001B4F7590780
ReleaseInternal func '$beh2' type=0 before=2 ext=0 this=000001B4F7590780
AddRefInternal func '$beh8' type=0 -> 36 ext=0 this=000001B4F821AC80
AddRefInternal func '$beh0' type=0 -> 36 ext=0 this=000001B4F821A500
AddRefInternal func '$beh0' type=0 -> 36 ext=0 this=000001B4F821A780
AddRefInternal func '$beh0' type=0 -> 36 ext=0 this=000001B4F821AF00
AddRefInternal func '$beh8' type=0 -> 37 ext=0 this=000001B4F821AC80
AddRefInternal func '$beh0' type=0 -> 37 ext=0 this=000001B4F821A500
AddRefInternal func '$beh0' type=0 -> 37 ext=0 this=000001B4F821A780
AddRefInternal func '$beh0' type=0 -> 37 ext=0 this=000001B4F821AF00
AddRefInternal func '$beh8' type=0 -> 38 ext=0 this=000001B4F821AC80
AddRefInternal func '$beh0' type=0 -> 38 ext=0 this=000001B4F821A500
AddRefInternal func '$beh0' type=0 -> 38 ext=0 this=000001B4F821A780
AddRefInternal func '$beh0' type=0 -> 38 ext=0 this=000001B4F821AF00
AddRefInternal func '$beh8' type=0 -> 124 ext=0 this=000001B4F7590280
AddRefInternal func '$beh0' type=0 -> 124 ext=0 this=000001B4F7590500
AddRefInternal func '$beh2' type=0 -> 2 ext=0 this=000001B4F7590780
ReleaseInternal func '$beh2' type=0 before=2 ext=0 this=000001B4F7590780
AddRefInternal func '$beh8' type=0 -> 9 ext=0 this=000001B4F8215500
AddRefInternal func '$beh0' type=0 -> 9 ext=0 this=000001B4F8215000
AddRefInternal func '$beh2' type=0 -> 2 ext=0 this=000001B4F8215280
ReleaseInternal func '$beh2' type=0 before=2 ext=0 this=000001B4F8215280
AddRefInternal func '$beh8' type=0 -> 10 ext=0 this=000001B4F8215500
AddRefInternal func '$beh0' type=0 -> 10 ext=0 this=000001B4F8215000
AddRefInternal func '$beh2' type=0 -> 2 ext=0 this=000001B4F8215280
ReleaseInternal func '$beh2' type=0 before=2 ext=0 this=000001B4F8215280
AddRefInternal func '$beh8' type=0 -> 39 ext=0 this=000001B4F821AC80
AddRefInternal func '$beh0' type=0 -> 39 ext=0 this=000001B4F821A500
AddRefInternal func '$beh0' type=0 -> 39 ext=0 this=000001B4F821A780
AddRefInternal func '$beh0' type=0 -> 39 ext=0 this=000001B4F821AF00
AddRefInternal func '$beh8' type=0 -> 125 ext=0 this=000001B4F7590280
AddRefInternal func '$beh0' type=0 -> 125 ext=0 this=000001B4F7590500
AddRefInternal func '$beh2' type=0 -> 2 ext=0 this=000001B4F7590780
ReleaseInternal func '$beh2' type=0 before=2 ext=0 this=000001B4F7590780
AddRefInternal func '$beh8' type=0 -> 6 ext=0 this=000001B4F7590A00
AddRefInternal func '$beh0' type=0 -> 6 ext=0 this=000001B4FC6B7A80
AddRefInternal func '$beh0' type=0 -> 6 ext=0 this=000001B4FC6B7D00
AddRefInternal func '$beh0' type=0 -> 6 ext=0 this=000001B4FC6B9B00
AddRefInternal func '$beh0' type=0 -> 6 ext=0 this=000001B4FC6B9D80
AddRefInternal func '$beh2' type=0 -> 2 ext=0 this=000001B4FC6B7F80
ReleaseInternal func '$beh2' type=0 before=2 ext=0 this=000001B4FC6B7F80
AddRefInternal func '$beh8' type=0 -> 7 ext=0 this=000001B4F7590A00
AddRefInternal func '$beh0' type=0 -> 7 ext=0 this=000001B4FC6B7A80
AddRefInternal func '$beh0' type=0 -> 7 ext=0 this=000001B4FC6B7D00
AddRefInternal func '$beh0' type=0 -> 7 ext=0 this=000001B4FC6B9B00
AddRefInternal func '$beh0' type=0 -> 7 ext=0 this=000001B4FC6B9D80
AddRefInternal func '$beh2' type=0 -> 2 ext=0 this=000001B4FC6B7F80
ReleaseInternal func '$beh2' type=0 before=2 ext=0 this=000001B4FC6B7F80
AddRefInternal func '$beh8' type=0 -> 40 ext=0 this=000001B4F821AC80
AddRefInternal func '$beh0' type=0 -> 40 ext=0 this=000001B4F821A500
AddRefInternal func '$beh0' type=0 -> 40 ext=0 this=000001B4F821A780
AddRefInternal func '$beh0' type=0 -> 40 ext=0 this=000001B4F821AF00
AddRefInternal func '$beh8' type=0 -> 126 ext=0 this=000001B4F7590280
AddRefInternal func '$beh0' type=0 -> 126 ext=0 this=000001B4F7590500
AddRefInternal func '$beh2' type=0 -> 2 ext=0 this=000001B4F7590780
ReleaseInternal func '$beh2' type=0 before=2 ext=0 this=000001B4F7590780
AddRefInternal func '$beh8' type=0 -> 127 ext=0 this=000001B4F7590280
AddRefInternal func '$beh0' type=0 -> 127 ext=0 this=000001B4F7590500
AddRefInternal func '$beh2' type=0 -> 2 ext=0 this=000001B4F7590780
ReleaseInternal func '$beh2' type=0 before=2 ext=0 this=000001B4F7590780
AddRefInternal func '$beh8' type=0 -> 128 ext=0 this=000001B4F7590280
AddRefInternal func '$beh0' type=0 -> 128 ext=0 this=000001B4F7590500
AddRefInternal func '$beh2' type=0 -> 2 ext=0 this=000001B4F7590780
ReleaseInternal func '$beh2' type=0 before=2 ext=0 this=000001B4F7590780
AddRefInternal func '$beh8' type=0 -> 11 ext=0 this=000001B4F7599880
AddRefInternal func '$beh0' type=0 -> 11 ext=0 this=000001B4F7599380
AddRefInternal func '$beh2' type=0 -> 2 ext=0 this=000001B4F7599600
ReleaseInternal func '$beh2' type=0 before=2 ext=0 this=000001B4F7599600
AddRefInternal func '$beh8' type=0 -> 129 ext=0 this=000001B4F7590280
AddRefInternal func '$beh0' type=0 -> 129 ext=0 this=000001B4F7590500
AddRefInternal func '$beh2' type=0 -> 2 ext=0 this=000001B4F7590780
ReleaseInternal func '$beh2' type=0 before=2 ext=0 this=000001B4F7590780
AddRefInternal func '$beh8' type=0 -> 41 ext=0 this=000001B4F821AC80
AddRefInternal func '$beh0' type=0 -> 41 ext=0 this=000001B4F821A500
AddRefInternal func '$beh0' type=0 -> 41 ext=0 this=000001B4F821A780
AddRefInternal func '$beh0' type=0 -> 41 ext=0 this=000001B4F821AF00
AddRefInternal func '$beh8' type=0 -> 130 ext=0 this=000001B4F7590280
AddRefInternal func '$beh0' type=0 -> 130 ext=0 this=000001B4F7590500
AddRefInternal func '$beh2' type=0 -> 2 ext=0 this=000001B4F7590780
ReleaseInternal func '$beh2' type=0 before=2 ext=0 this=000001B4F7590780
AddRefInternal func '$beh8' type=0 -> 131 ext=0 this=000001B4F7590280
AddRefInternal func '$beh0' type=0 -> 131 ext=0 this=000001B4F7590500
AddRefInternal func '$beh2' type=0 -> 2 ext=0 this=000001B4F7590780
ReleaseInternal func '$beh2' type=0 before=2 ext=0 this=000001B4F7590780
AddRefInternal func '$beh8' type=0 -> 132 ext=0 this=000001B4F7590280
AddRefInternal func '$beh0' type=0 -> 132 ext=0 this=000001B4F7590500
AddRefInternal func '$beh2' type=0 -> 2 ext=0 this=000001B4F7590780
ReleaseInternal func '$beh2' type=0 before=2 ext=0 this=000001B4F7590780
AddRefInternal func '$beh8' type=0 -> 133 ext=0 this=000001B4F7590280
AddRefInternal func '$beh0' type=0 -> 133 ext=0 this=000001B4F7590500
AddRefInternal func '$beh2' type=0 -> 2 ext=0 this=000001B4F7590780
ReleaseInternal func '$beh2' type=0 before=2 ext=0 this=000001B4F7590780
AddRefInternal func '$beh8' type=0 -> 4 ext=0 this=000001B4F8211680
AddRefInternal func '$beh0' type=0 -> 4 ext=0 this=000001B4F8210F00
AddRefInternal func '$beh0' type=0 -> 4 ext=0 this=000001B4F8211180
AddRefInternal func '$beh0' type=0 -> 4 ext=0 this=000001B4F8211900
AddRefInternal func '$beh8' type=0 -> 134 ext=0 this=000001B4F7590280
AddRefInternal func '$beh0' type=0 -> 134 ext=0 this=000001B4F7590500
AddRefInternal func '$beh2' type=0 -> 2 ext=0 this=000001B4F7590780
ReleaseInternal func '$beh2' type=0 before=2 ext=0 this=000001B4F7590780
AddRefInternal func '$beh8' type=0 -> 5 ext=0 this=000001B4F8211680
AddRefInternal func '$beh0' type=0 -> 5 ext=0 this=000001B4F8210F00
AddRefInternal func '$beh0' type=0 -> 5 ext=0 this=000001B4F8211180
AddRefInternal func '$beh0' type=0 -> 5 ext=0 this=000001B4F8211900
AddRefInternal func '$beh8' type=0 -> 135 ext=0 this=000001B4F7590280
AddRefInternal func '$beh0' type=0 -> 135 ext=0 this=000001B4F7590500
AddRefInternal func '$beh2' type=0 -> 2 ext=0 this=000001B4F7590780
ReleaseInternal func '$beh2' type=0 before=2 ext=0 this=000001B4F7590780
AddRefInternal func '$beh8' type=0 -> 136 ext=0 this=000001B4F7590280
AddRefInternal func '$beh0' type=0 -> 136 ext=0 this=000001B4F7590500
AddRefInternal func '$beh2' type=0 -> 2 ext=0 this=000001B4F7590780
ReleaseInternal func '$beh2' type=0 before=2 ext=0 this=000001B4F7590780
AddRefInternal func '$beh8' type=0 -> 8 ext=0 this=000001B4F7590A00
AddRefInternal func '$beh0' type=0 -> 8 ext=0 this=000001B4FC6B7A80
AddRefInternal func '$beh0' type=0 -> 8 ext=0 this=000001B4FC6B7D00
AddRefInternal func '$beh0' type=0 -> 8 ext=0 this=000001B4FC6B9B00
AddRefInternal func '$beh0' type=0 -> 8 ext=0 this=000001B4FC6B9D80
AddRefInternal func '$beh2' type=0 -> 2 ext=0 this=000001B4FC6B7F80
ReleaseInternal func '$beh2' type=0 before=2 ext=0 this=000001B4FC6B7F80
AddRefInternal func '$beh8' type=0 -> 137 ext=0 this=000001B4F7590280
AddRefInternal func '$beh0' type=0 -> 137 ext=0 this=000001B4F7590500
AddRefInternal func '$beh2' type=0 -> 2 ext=0 this=000001B4F7590780
ReleaseInternal func '$beh2' type=0 before=2 ext=0 this=000001B4F7590780
AddRefInternal func '$beh8' type=0 -> 6 ext=0 this=000001B4F8211680
AddRefInternal func '$beh0' type=0 -> 6 ext=0 this=000001B4F8210F00
AddRefInternal func '$beh0' type=0 -> 6 ext=0 this=000001B4F8211180
AddRefInternal func '$beh0' type=0 -> 6 ext=0 this=000001B4F8211900
AddRefInternal func '$beh8' type=0 -> 138 ext=0 this=000001B4F7590280
AddRefInternal func '$beh0' type=0 -> 138 ext=0 this=000001B4F7590500
AddRefInternal func '$beh2' type=0 -> 2 ext=0 this=000001B4F7590780
ReleaseInternal func '$beh2' type=0 before=2 ext=0 this=000001B4F7590780
AddRefInternal func '$beh8' type=0 -> 139 ext=0 this=000001B4F7590280
AddRefInternal func '$beh0' type=0 -> 139 ext=0 this=000001B4F7590500
AddRefInternal func '$beh2' type=0 -> 2 ext=0 this=000001B4F7590780
ReleaseInternal func '$beh2' type=0 before=2 ext=0 this=000001B4F7590780
AddRefInternal func '$beh8' type=0 -> 42 ext=0 this=000001B4F821AC80
AddRefInternal func '$beh0' type=0 -> 42 ext=0 this=000001B4F821A500
AddRefInternal func '$beh0' type=0 -> 42 ext=0 this=000001B4F821A780
AddRefInternal func '$beh0' type=0 -> 42 ext=0 this=000001B4F821AF00
AddRefInternal func '$beh8' type=0 -> 7 ext=0 this=000001B4F8211680
AddRefInternal func '$beh0' type=0 -> 7 ext=0 this=000001B4F8210F00
AddRefInternal func '$beh0' type=0 -> 7 ext=0 this=000001B4F8211180
AddRefInternal func '$beh0' type=0 -> 7 ext=0 this=000001B4F8211900
AddRefInternal func '$beh8' type=0 -> 140 ext=0 this=000001B4F7590280
AddRefInternal func '$beh0' type=0 -> 140 ext=0 this=000001B4F7590500
AddRefInternal func '$beh2' type=0 -> 2 ext=0 this=000001B4F7590780
ReleaseInternal func '$beh2' type=0 before=2 ext=0 this=000001B4F7590780
AddRefInternal func '$beh8' type=0 -> 43 ext=0 this=000001B4F821AC80
AddRefInternal func '$beh0' type=0 -> 43 ext=0 this=000001B4F821A500
AddRefInternal func '$beh0' type=0 -> 43 ext=0 this=000001B4F821A780
AddRefInternal func '$beh0' type=0 -> 43 ext=0 this=000001B4F821AF00
AddRefInternal func '$beh8' type=0 -> 44 ext=0 this=000001B4F821AC80
AddRefInternal func '$beh0' type=0 -> 44 ext=0 this=000001B4F821A500
AddRefInternal func '$beh0' type=0 -> 44 ext=0 this=000001B4F821A780
AddRefInternal func '$beh0' type=0 -> 44 ext=0 this=000001B4F821AF00
AddRefInternal func '$beh8' type=0 -> 45 ext=0 this=000001B4F821AC80
AddRefInternal func '$beh0' type=0 -> 45 ext=0 this=000001B4F821A500
AddRefInternal func '$beh0' type=0 -> 45 ext=0 this=000001B4F821A780
AddRefInternal func '$beh0' type=0 -> 45 ext=0 this=000001B4F821AF00
AddRefInternal func '$beh8' type=0 -> 46 ext=0 this=000001B4F821AC80
AddRefInternal func '$beh0' type=0 -> 46 ext=0 this=000001B4F821A500
AddRefInternal func '$beh0' type=0 -> 46 ext=0 this=000001B4F821A780
AddRefInternal func '$beh0' type=0 -> 46 ext=0 this=000001B4F821AF00
AddRefInternal func '$beh8' type=0 -> 9 ext=0 this=000001B4F7590A00
AddRefInternal func '$beh0' type=0 -> 9 ext=0 this=000001B4FC6B7A80
AddRefInternal func '$beh0' type=0 -> 9 ext=0 this=000001B4FC6B7D00
AddRefInternal func '$beh0' type=0 -> 9 ext=0 this=000001B4FC6B9B00
AddRefInternal func '$beh0' type=0 -> 9 ext=0 this=000001B4FC6B9D80
AddRefInternal func '$beh2' type=0 -> 2 ext=0 this=000001B4FC6B7F80
ReleaseInternal func '$beh2' type=0 before=2 ext=0 this=000001B4FC6B7F80
AddRefInternal func '$beh8' type=0 -> 8 ext=0 this=000001B4F8211680
AddRefInternal func '$beh0' type=0 -> 8 ext=0 this=000001B4F8210F00
AddRefInternal func '$beh0' type=0 -> 8 ext=0 this=000001B4F8211180
AddRefInternal func '$beh0' type=0 -> 8 ext=0 this=000001B4F8211900
AddRefInternal func '$beh8' type=0 -> 141 ext=0 this=000001B4F7590280
AddRefInternal func '$beh0' type=0 -> 141 ext=0 this=000001B4F7590500
AddRefInternal func '$beh2' type=0 -> 2 ext=0 this=000001B4F7590780
ReleaseInternal func '$beh2' type=0 before=2 ext=0 this=000001B4F7590780
AddRefInternal func '$beh8' type=0 -> 142 ext=0 this=000001B4F7590280
AddRefInternal func '$beh0' type=0 -> 142 ext=0 this=000001B4F7590500
AddRefInternal func '$beh2' type=0 -> 2 ext=0 this=000001B4F7590780
ReleaseInternal func '$beh2' type=0 before=2 ext=0 this=000001B4F7590780
AddRefInternal func '$beh8' type=0 -> 143 ext=0 this=000001B4F7590280
AddRefInternal func '$beh0' type=0 -> 143 ext=0 this=000001B4F7590500
AddRefInternal func '$beh2' type=0 -> 2 ext=0 this=000001B4F7590780
ReleaseInternal func '$beh2' type=0 before=2 ext=0 this=000001B4F7590780
AddRefInternal func '$beh8' type=0 -> 9 ext=0 this=000001B4F8211680
AddRefInternal func '$beh0' type=0 -> 9 ext=0 this=000001B4F8210F00
AddRefInternal func '$beh0' type=0 -> 9 ext=0 this=000001B4F8211180
AddRefInternal func '$beh0' type=0 -> 9 ext=0 this=000001B4F8211900
AddRefInternal func '$beh8' type=0 -> 144 ext=0 this=000001B4F7590280
AddRefInternal func '$beh0' type=0 -> 144 ext=0 this=000001B4F7590500
AddRefInternal func '$beh2' type=0 -> 2 ext=0 this=000001B4F7590780
ReleaseInternal func '$beh2' type=0 before=2 ext=0 this=000001B4F7590780
AddRefInternal func '$beh8' type=0 -> 145 ext=0 this=000001B4F7590280
AddRefInternal func '$beh0' type=0 -> 145 ext=0 this=000001B4F7590500
AddRefInternal func '$beh2' type=0 -> 2 ext=0 this=000001B4F7590780
ReleaseInternal func '$beh2' type=0 before=2 ext=0 this=000001B4F7590780
AddRefInternal func '$beh8' type=0 -> 146 ext=0 this=000001B4F7590280
AddRefInternal func '$beh0' type=0 -> 146 ext=0 this=000001B4F7590500
AddRefInternal func '$beh2' type=0 -> 2 ext=0 this=000001B4F7590780
ReleaseInternal func '$beh2' type=0 before=2 ext=0 this=000001B4F7590780
AddRefInternal func '$beh8' type=0 -> 47 ext=0 this=000001B4F821AC80
AddRefInternal func '$beh0' type=0 -> 47 ext=0 this=000001B4F821A500
AddRefInternal func '$beh0' type=0 -> 47 ext=0 this=000001B4F821A780
AddRefInternal func '$beh0' type=0 -> 47 ext=0 this=000001B4F821AF00
AddRefInternal func '$beh8' type=0 -> 48 ext=0 this=000001B4F821AC80
AddRefInternal func '$beh0' type=0 -> 48 ext=0 this=000001B4F821A500
AddRefInternal func '$beh0' type=0 -> 48 ext=0 this=000001B4F821A780
AddRefInternal func '$beh0' type=0 -> 48 ext=0 this=000001B4F821AF00
AddRefInternal func '$beh8' type=0 -> 10 ext=0 this=000001B4F8211680
AddRefInternal func '$beh0' type=0 -> 10 ext=0 this=000001B4F8210F00
AddRefInternal func '$beh0' type=0 -> 10 ext=0 this=000001B4F8211180
AddRefInternal func '$beh0' type=0 -> 10 ext=0 this=000001B4F8211900
AddRefInternal func '$beh8' type=0 -> 147 ext=0 this=000001B4F7590280
AddRefInternal func '$beh0' type=0 -> 147 ext=0 this=000001B4F7590500
AddRefInternal func '$beh2' type=0 -> 2 ext=0 this=000001B4F7590780
ReleaseInternal func '$beh2' type=0 before=2 ext=0 this=000001B4F7590780
AddRefInternal func '$beh8' type=0 -> 49 ext=0 this=000001B4F821AC80
AddRefInternal func '$beh0' type=0 -> 49 ext=0 this=000001B4F821A500
AddRefInternal func '$beh0' type=0 -> 49 ext=0 this=000001B4F821A780
AddRefInternal func '$beh0' type=0 -> 49 ext=0 this=000001B4F821AF00
AddRefInternal func '$beh8' type=0 -> 11 ext=0 this=000001B4F8211680
AddRefInternal func '$beh0' type=0 -> 11 ext=0 this=000001B4F8210F00
AddRefInternal func '$beh0' type=0 -> 11 ext=0 this=000001B4F8211180
AddRefInternal func '$beh0' type=0 -> 11 ext=0 this=000001B4F8211900
AddRefInternal func '$beh8' type=0 -> 148 ext=0 this=000001B4F7590280
AddRefInternal func '$beh0' type=0 -> 148 ext=0 this=000001B4F7590500
AddRefInternal func '$beh2' type=0 -> 2 ext=0 this=000001B4F7590780
ReleaseInternal func '$beh2' type=0 before=2 ext=0 this=000001B4F7590780
AddRefInternal func '$beh8' type=0 -> 50 ext=0 this=000001B4F821AC80
AddRefInternal func '$beh0' type=0 -> 50 ext=0 this=000001B4F821A500
AddRefInternal func '$beh0' type=0 -> 50 ext=0 this=000001B4F821A780
AddRefInternal func '$beh0' type=0 -> 50 ext=0 this=000001B4F821AF00
AddRefInternal func '$beh8' type=0 -> 149 ext=0 this=000001B4F7590280
AddRefInternal func '$beh0' type=0 -> 149 ext=0 this=000001B4F7590500
AddRefInternal func '$beh2' type=0 -> 2 ext=0 this=000001B4F7590780
ReleaseInternal func '$beh2' type=0 before=2 ext=0 this=000001B4F7590780
AddRefInternal func '$beh8' type=0 -> 150 ext=0 this=000001B4F7590280
AddRefInternal func '$beh0' type=0 -> 150 ext=0 this=000001B4F7590500
AddRefInternal func '$beh2' type=0 -> 2 ext=0 this=000001B4F7590780
ReleaseInternal func '$beh2' type=0 before=2 ext=0 this=000001B4F7590780
AddRefInternal func '$beh8' type=0 -> 151 ext=0 this=000001B4F7590280
AddRefInternal func '$beh0' type=0 -> 151 ext=0 this=000001B4F7590500
AddRefInternal func '$beh2' type=0 -> 2 ext=0 this=000001B4F7590780
ReleaseInternal func '$beh2' type=0 before=2 ext=0 this=000001B4F7590780
AddRefInternal func '$beh8' type=0 -> 152 ext=0 this=000001B4F7590280
AddRefInternal func '$beh0' type=0 -> 152 ext=0 this=000001B4F7590500
AddRefInternal func '$beh2' type=0 -> 2 ext=0 this=000001B4F7590780
ReleaseInternal func '$beh2' type=0 before=2 ext=0 this=000001B4F7590780
AddRefInternal func '$beh8' type=0 -> 153 ext=0 this=000001B4F7590280
AddRefInternal func '$beh0' type=0 -> 153 ext=0 this=000001B4F7590500
AddRefInternal func '$beh2' type=0 -> 2 ext=0 this=000001B4F7590780
ReleaseInternal func '$beh2' type=0 before=2 ext=0 this=000001B4F7590780
AddRefInternal func '$beh8' type=0 -> 51 ext=0 this=000001B4F821AC80
AddRefInternal func '$beh0' type=0 -> 51 ext=0 this=000001B4F821A500
AddRefInternal func '$beh0' type=0 -> 51 ext=0 this=000001B4F821A780
AddRefInternal func '$beh0' type=0 -> 51 ext=0 this=000001B4F821AF00
AddRefInternal func '$beh8' type=0 -> 154 ext=0 this=000001B4F7590280
AddRefInternal func '$beh0' type=0 -> 154 ext=0 this=000001B4F7590500
AddRefInternal func '$beh2' type=0 -> 2 ext=0 this=000001B4F7590780
ReleaseInternal func '$beh2' type=0 before=2 ext=0 this=000001B4F7590780
AddRefInternal func '$beh8' type=0 -> 12 ext=0 this=000001B4F8211680
AddRefInternal func '$beh0' type=0 -> 12 ext=0 this=000001B4F8210F00
AddRefInternal func '$beh0' type=0 -> 12 ext=0 this=000001B4F8211180
AddRefInternal func '$beh0' type=0 -> 12 ext=0 this=000001B4F8211900
AddRefInternal func '$beh8' type=0 -> 155 ext=0 this=000001B4F7590280
AddRefInternal func '$beh0' type=0 -> 155 ext=0 this=000001B4F7590500
AddRefInternal func '$beh2' type=0 -> 2 ext=0 this=000001B4F7590780
ReleaseInternal func '$beh2' type=0 before=2 ext=0 this=000001B4F7590780
AddRefInternal func '$beh8' type=0 -> 4 ext=0 this=000001B4F821D480
AddRefInternal func '$beh0' type=0 -> 4 ext=0 this=000001B4F821CD00
AddRefInternal func '$beh0' type=0 -> 4 ext=0 this=000001B4F821CF80
AddRefInternal func '$beh0' type=0 -> 4 ext=0 this=000001B4F821D700
AddRefInternal func '$beh8' type=0 -> 156 ext=0 this=000001B4F7590280
AddRefInternal func '$beh0' type=0 -> 156 ext=0 this=000001B4F7590500
AddRefInternal func '$beh2' type=0 -> 2 ext=0 this=000001B4F7590780
ReleaseInternal func '$beh2' type=0 before=2 ext=0 this=000001B4F7590780
AddRefInternal func '$beh8' type=0 -> 157 ext=0 this=000001B4F7590280
AddRefInternal func '$beh0' type=0 -> 157 ext=0 this=000001B4F7590500
AddRefInternal func '$beh2' type=0 -> 2 ext=0 this=000001B4F7590780
ReleaseInternal func '$beh2' type=0 before=2 ext=0 this=000001B4F7590780
AddRefInternal func '$beh8' type=0 -> 3 ext=0 this=000001B4F8213480
AddRefInternal func '$beh0' type=0 -> 3 ext=0 this=000001B4F8212A80
AddRefInternal func '$beh0' type=0 -> 3 ext=0 this=000001B4F8212D00
AddRefInternal func '$beh0' type=0 -> 3 ext=0 this=000001B4F8212F80
AddRefInternal func '$beh2' type=0 -> 2 ext=0 this=000001B4F8213200
ReleaseInternal func '$beh2' type=0 before=2 ext=0 this=000001B4F8213200
AddRefInternal func '$beh8' type=0 -> 158 ext=0 this=000001B4F7590280
AddRefInternal func '$beh0' type=0 -> 158 ext=0 this=000001B4F7590500
AddRefInternal func '$beh2' type=0 -> 2 ext=0 this=000001B4F7590780
ReleaseInternal func '$beh2' type=0 before=2 ext=0 this=000001B4F7590780
AddRefInternal func '$beh8' type=0 -> 159 ext=0 this=000001B4F7590280
AddRefInternal func '$beh0' type=0 -> 159 ext=0 this=000001B4F7590500
AddRefInternal func '$beh2' type=0 -> 2 ext=0 this=000001B4F7590780
ReleaseInternal func '$beh2' type=0 before=2 ext=0 this=000001B4F7590780
AddRefInternal func '$beh8' type=0 -> 160 ext=0 this=000001B4F7590280
AddRefInternal func '$beh0' type=0 -> 160 ext=0 this=000001B4F7590500
AddRefInternal func '$beh2' type=0 -> 2 ext=0 this=000001B4F7590780
ReleaseInternal func '$beh2' type=0 before=2 ext=0 this=000001B4F7590780
AddRefInternal func '$beh8' type=0 -> 161 ext=0 this=000001B4F7590280
AddRefInternal func '$beh0' type=0 -> 161 ext=0 this=000001B4F7590500
AddRefInternal func '$beh2' type=0 -> 2 ext=0 this=000001B4F7590780
ReleaseInternal func '$beh2' type=0 before=2 ext=0 this=000001B4F7590780
AddRefInternal func '$beh8' type=0 -> 162 ext=0 this=000001B4F7590280
AddRefInternal func '$beh0' type=0 -> 162 ext=0 this=000001B4F7590500
AddRefInternal func '$beh2' type=0 -> 2 ext=0 this=000001B4F7590780
ReleaseInternal func '$beh2' type=0 before=2 ext=0 this=000001B4F7590780
AddRefInternal func '$beh8' type=0 -> 163 ext=0 this=000001B4F7590280
AddRefInternal func '$beh0' type=0 -> 163 ext=0 this=000001B4F7590500
AddRefInternal func '$beh2' type=0 -> 2 ext=0 this=000001B4F7590780
ReleaseInternal func '$beh2' type=0 before=2 ext=0 this=000001B4F7590780
AddRefInternal func '$beh8' type=0 -> 13 ext=0 this=000001B4F8211680
AddRefInternal func '$beh0' type=0 -> 13 ext=0 this=000001B4F8210F00
AddRefInternal func '$beh0' type=0 -> 13 ext=0 this=000001B4F8211180
AddRefInternal func '$beh0' type=0 -> 13 ext=0 this=000001B4F8211900
AddRefInternal func '$beh8' type=0 -> 164 ext=0 this=000001B4F7590280
AddRefInternal func '$beh0' type=0 -> 164 ext=0 this=000001B4F7590500
AddRefInternal func '$beh2' type=0 -> 2 ext=0 this=000001B4F7590780
ReleaseInternal func '$beh2' type=0 before=2 ext=0 this=000001B4F7590780
AddRefInternal func '$beh8' type=0 -> 12 ext=0 this=000001B4F7599880
AddRefInternal func '$beh0' type=0 -> 12 ext=0 this=000001B4F7599380
AddRefInternal func '$beh2' type=0 -> 2 ext=0 this=000001B4F7599600
ReleaseInternal func '$beh2' type=0 before=2 ext=0 this=000001B4F7599600
AddRefInternal func '$beh8' type=0 -> 52 ext=0 this=000001B4F821AC80
AddRefInternal func '$beh0' type=0 -> 52 ext=0 this=000001B4F821A500
AddRefInternal func '$beh0' type=0 -> 52 ext=0 this=000001B4F821A780
AddRefInternal func '$beh0' type=0 -> 52 ext=0 this=000001B4F821AF00
AddRefInternal func '$beh8' type=0 -> 165 ext=0 this=000001B4F7590280
AddRefInternal func '$beh0' type=0 -> 165 ext=0 this=000001B4F7590500
AddRefInternal func '$beh2' type=0 -> 2 ext=0 this=000001B4F7590780
ReleaseInternal func '$beh2' type=0 before=2 ext=0 this=000001B4F7590780
AddRefInternal func '$beh8' type=0 -> 166 ext=0 this=000001B4F7590280
AddRefInternal func '$beh0' type=0 -> 166 ext=0 this=000001B4F7590500
AddRefInternal func '$beh2' type=0 -> 2 ext=0 this=000001B4F7590780
ReleaseInternal func '$beh2' type=0 before=2 ext=0 this=000001B4F7590780
AddRefInternal func '$beh8' type=0 -> 10 ext=0 this=000001B4F7590A00
AddRefInternal func '$beh0' type=0 -> 10 ext=0 this=000001B4FC6B7A80
AddRefInternal func '$beh0' type=0 -> 10 ext=0 this=000001B4FC6B7D00
AddRefInternal func '$beh0' type=0 -> 10 ext=0 this=000001B4FC6B9B00
AddRefInternal func '$beh0' type=0 -> 10 ext=0 this=000001B4FC6B9D80
AddRefInternal func '$beh2' type=0 -> 2 ext=0 this=000001B4FC6B7F80
ReleaseInternal func '$beh2' type=0 before=2 ext=0 this=000001B4FC6B7F80
AddRefInternal func '$beh8' type=0 -> 5 ext=0 this=000001B4F821D480
AddRefInternal func '$beh0' type=0 -> 5 ext=0 this=000001B4F821CD00
AddRefInternal func '$beh0' type=0 -> 5 ext=0 this=000001B4F821CF80
AddRefInternal func '$beh0' type=0 -> 5 ext=0 this=000001B4F821D700
AddRefInternal func '$beh8' type=0 -> 6 ext=0 this=000001B4F821D480
AddRefInternal func '$beh0' type=0 -> 6 ext=0 this=000001B4F821CD00
AddRefInternal func '$beh0' type=0 -> 6 ext=0 this=000001B4F821CF80
AddRefInternal func '$beh0' type=0 -> 6 ext=0 this=000001B4F821D700
AddRefInternal func '$beh8' type=0 -> 167 ext=0 this=000001B4F7590280
AddRefInternal func '$beh0' type=0 -> 167 ext=0 this=000001B4F7590500
AddRefInternal func '$beh2' type=0 -> 2 ext=0 this=000001B4F7590780
ReleaseInternal func '$beh2' type=0 before=2 ext=0 this=000001B4F7590780
AddRefInternal func '$beh8' type=0 -> 168 ext=0 this=000001B4F7590280
AddRefInternal func '$beh0' type=0 -> 168 ext=0 this=000001B4F7590500
AddRefInternal func '$beh2' type=0 -> 2 ext=0 this=000001B4F7590780
ReleaseInternal func '$beh2' type=0 before=2 ext=0 this=000001B4F7590780
AddRefInternal func '$beh8' type=0 -> 13 ext=0 this=000001B4F7599880
AddRefInternal func '$beh0' type=0 -> 13 ext=0 this=000001B4F7599380
AddRefInternal func '$beh2' type=0 -> 2 ext=0 this=000001B4F7599600
ReleaseInternal func '$beh2' type=0 before=2 ext=0 this=000001B4F7599600
AddRefInternal func '$beh8' type=0 -> 169 ext=0 this=000001B4F7590280
AddRefInternal func '$beh0' type=0 -> 169 ext=0 this=000001B4F7590500
AddRefInternal func '$beh2' type=0 -> 2 ext=0 this=000001B4F7590780
ReleaseInternal func '$beh2' type=0 before=2 ext=0 this=000001B4F7590780
AddRefInternal func '$beh8' type=0 -> 14 ext=0 this=000001B4F8211680
AddRefInternal func '$beh0' type=0 -> 14 ext=0 this=000001B4F8210F00
AddRefInternal func '$beh0' type=0 -> 14 ext=0 this=000001B4F8211180
AddRefInternal func '$beh0' type=0 -> 14 ext=0 this=000001B4F8211900
AddRefInternal func '$beh8' type=0 -> 11 ext=0 this=000001B4F8215500
AddRefInternal func '$beh0' type=0 -> 11 ext=0 this=000001B4F8215000
AddRefInternal func '$beh2' type=0 -> 2 ext=0 this=000001B4F8215280
ReleaseInternal func '$beh2' type=0 before=2 ext=0 this=000001B4F8215280
AddRefInternal func '$beh8' type=0 -> 170 ext=0 this=000001B4F7590280
AddRefInternal func '$beh0' type=0 -> 170 ext=0 this=000001B4F7590500
AddRefInternal func '$beh2' type=0 -> 2 ext=0 this=000001B4F7590780
ReleaseInternal func '$beh2' type=0 before=2 ext=0 this=000001B4F7590780
AddRefInternal func '$beh8' type=0 -> 171 ext=0 this=000001B4F7590280
AddRefInternal func '$beh0' type=0 -> 171 ext=0 this=000001B4F7590500
AddRefInternal func '$beh2' type=0 -> 2 ext=0 this=000001B4F7590780
ReleaseInternal func '$beh2' type=0 before=2 ext=0 this=000001B4F7590780
AddRefInternal func '$beh8' type=0 -> 7 ext=0 this=000001B4F821D480
AddRefInternal func '$beh0' type=0 -> 7 ext=0 this=000001B4F821CD00
AddRefInternal func '$beh0' type=0 -> 7 ext=0 this=000001B4F821CF80
AddRefInternal func '$beh0' type=0 -> 7 ext=0 this=000001B4F821D700
AddRefInternal func '$beh8' type=0 -> 172 ext=0 this=000001B4F7590280
AddRefInternal func '$beh0' type=0 -> 172 ext=0 this=000001B4F7590500
AddRefInternal func '$beh2' type=0 -> 2 ext=0 this=000001B4F7590780
ReleaseInternal func '$beh2' type=0 before=2 ext=0 this=000001B4F7590780
AddRefInternal func '$beh8' type=0 -> 8 ext=0 this=000001B4F821D480
AddRefInternal func '$beh0' type=0 -> 8 ext=0 this=000001B4F821CD00
AddRefInternal func '$beh0' type=0 -> 8 ext=0 this=000001B4F821CF80
AddRefInternal func '$beh0' type=0 -> 8 ext=0 this=000001B4F821D700
AddRefInternal func '$beh8' type=0 -> 173 ext=0 this=000001B4F7590280
AddRefInternal func '$beh0' type=0 -> 173 ext=0 this=000001B4F7590500
AddRefInternal func '$beh2' type=0 -> 2 ext=0 this=000001B4F7590780
ReleaseInternal func '$beh2' type=0 before=2 ext=0 this=000001B4F7590780
AddRefInternal func '$beh8' type=0 -> 53 ext=0 this=000001B4F821AC80
AddRefInternal func '$beh0' type=0 -> 53 ext=0 this=000001B4F821A500
AddRefInternal func '$beh0' type=0 -> 53 ext=0 this=000001B4F821A780
AddRefInternal func '$beh0' type=0 -> 53 ext=0 this=000001B4F821AF00
AddRefInternal func '$beh8' type=0 -> 54 ext=0 this=000001B4F821AC80
AddRefInternal func '$beh0' type=0 -> 54 ext=0 this=000001B4F821A500
AddRefInternal func '$beh0' type=0 -> 54 ext=0 this=000001B4F821A780
AddRefInternal func '$beh0' type=0 -> 54 ext=0 this=000001B4F821AF00
AddRefInternal func '$beh8' type=0 -> 15 ext=0 this=000001B4F8211680
AddRefInternal func '$beh0' type=0 -> 15 ext=0 this=000001B4F8210F00
AddRefInternal func '$beh0' type=0 -> 15 ext=0 this=000001B4F8211180
AddRefInternal func '$beh0' type=0 -> 15 ext=0 this=000001B4F8211900
AddRefInternal func '$beh8' type=0 -> 174 ext=0 this=000001B4F7590280
AddRefInternal func '$beh0' type=0 -> 174 ext=0 this=000001B4F7590500
AddRefInternal func '$beh2' type=0 -> 2 ext=0 this=000001B4F7590780
ReleaseInternal func '$beh2' type=0 before=2 ext=0 this=000001B4F7590780
AddRefInternal func '$beh8' type=0 -> 14 ext=0 this=000001B4F7599880
AddRefInternal func '$beh0' type=0 -> 14 ext=0 this=000001B4F7599380
AddRefInternal func '$beh2' type=0 -> 2 ext=0 this=000001B4F7599600
ReleaseInternal func '$beh2' type=0 before=2 ext=0 this=000001B4F7599600
AddRefInternal func '$beh8' type=0 -> 55 ext=0 this=000001B4F821AC80
AddRefInternal func '$beh0' type=0 -> 55 ext=0 this=000001B4F821A500
AddRefInternal func '$beh0' type=0 -> 55 ext=0 this=000001B4F821A780
AddRefInternal func '$beh0' type=0 -> 55 ext=0 this=000001B4F821AF00
AddRefInternal func '$beh8' type=0 -> 56 ext=0 this=000001B4F821AC80
AddRefInternal func '$beh0' type=0 -> 56 ext=0 this=000001B4F821A500
AddRefInternal func '$beh0' type=0 -> 56 ext=0 this=000001B4F821A780
AddRefInternal func '$beh0' type=0 -> 56 ext=0 this=000001B4F821AF00
AddRefInternal func '$beh8' type=0 -> 57 ext=0 this=000001B4F821AC80
AddRefInternal func '$beh0' type=0 -> 57 ext=0 this=000001B4F821A500
AddRefInternal func '$beh0' type=0 -> 57 ext=0 this=000001B4F821A780
AddRefInternal func '$beh0' type=0 -> 57 ext=0 this=000001B4F821AF00
AddRefInternal func '$beh8' type=0 -> 9 ext=0 this=000001B4F821D480
AddRefInternal func '$beh0' type=0 -> 9 ext=0 this=000001B4F821CD00
AddRefInternal func '$beh0' type=0 -> 9 ext=0 this=000001B4F821CF80
AddRefInternal func '$beh0' type=0 -> 9 ext=0 this=000001B4F821D700
AddRefInternal func '$beh8' type=0 -> 175 ext=0 this=000001B4F7590280
AddRefInternal func '$beh0' type=0 -> 175 ext=0 this=000001B4F7590500
AddRefInternal func '$beh2' type=0 -> 2 ext=0 this=000001B4F7590780
ReleaseInternal func '$beh2' type=0 before=2 ext=0 this=000001B4F7590780
AddRefInternal func '$beh8' type=0 -> 176 ext=0 this=000001B4F7590280
AddRefInternal func '$beh0' type=0 -> 176 ext=0 this=000001B4F7590500
AddRefInternal func '$beh2' type=0 -> 2 ext=0 this=000001B4F7590780
ReleaseInternal func '$beh2' type=0 before=2 ext=0 this=000001B4F7590780
AddRefInternal func '$beh8' type=0 -> 58 ext=0 this=000001B4F821AC80
AddRefInternal func '$beh0' type=0 -> 58 ext=0 this=000001B4F821A500
AddRefInternal func '$beh0' type=0 -> 58 ext=0 this=000001B4F821A780
AddRefInternal func '$beh0' type=0 -> 58 ext=0 this=000001B4F821AF00
AddRefInternal func '$beh8' type=0 -> 177 ext=0 this=000001B4F7590280
AddRefInternal func '$beh0' type=0 -> 177 ext=0 this=000001B4F7590500
AddRefInternal func '$beh2' type=0 -> 2 ext=0 this=000001B4F7590780
ReleaseInternal func '$beh2' type=0 before=2 ext=0 this=000001B4F7590780
AddRefInternal func '$beh8' type=0 -> 178 ext=0 this=000001B4F7590280
AddRefInternal func '$beh0' type=0 -> 178 ext=0 this=000001B4F7590500
AddRefInternal func '$beh2' type=0 -> 2 ext=0 this=000001B4F7590780
ReleaseInternal func '$beh2' type=0 before=2 ext=0 this=000001B4F7590780
AddRefInternal func '$beh8' type=0 -> 3 ext=0 this=000001B4F7590C80
AddRefInternal func '$beh0' type=0 -> 3 ext=0 this=000001B4FC6BB180
AddRefInternal func '$beh0' type=0 -> 3 ext=0 this=000001B4FC6BB400
AddRefInternal func '$beh0' type=0 -> 3 ext=0 this=000001B4FC6BD200
AddRefInternal func '$beh0' type=0 -> 3 ext=0 this=000001B4FC6BD480
AddRefInternal func '$beh0' type=0 -> 3 ext=0 this=000001B4FC6BD700
AddRefInternal func '$beh2' type=0 -> 2 ext=0 this=000001B4FC6BB680
ReleaseInternal func '$beh2' type=0 before=2 ext=0 this=000001B4FC6BB680
AddRefInternal func '$beh8' type=0 -> 179 ext=0 this=000001B4F7590280
AddRefInternal func '$beh0' type=0 -> 179 ext=0 this=000001B4F7590500
AddRefInternal func '$beh2' type=0 -> 2 ext=0 this=000001B4F7590780
ReleaseInternal func '$beh2' type=0 before=2 ext=0 this=000001B4F7590780
AddRefInternal func '$beh8' type=0 -> 59 ext=0 this=000001B4F821AC80
AddRefInternal func '$beh0' type=0 -> 59 ext=0 this=000001B4F821A500
AddRefInternal func '$beh0' type=0 -> 59 ext=0 this=000001B4F821A780
AddRefInternal func '$beh0' type=0 -> 59 ext=0 this=000001B4F821AF00
AddRefInternal func '$beh8' type=0 -> 4 ext=0 this=000001B4F7590C80
AddRefInternal func '$beh0' type=0 -> 4 ext=0 this=000001B4FC6BB180
AddRefInternal func '$beh0' type=0 -> 4 ext=0 this=000001B4FC6BB400
AddRefInternal func '$beh0' type=0 -> 4 ext=0 this=000001B4FC6BD200
AddRefInternal func '$beh0' type=0 -> 4 ext=0 this=000001B4FC6BD480
AddRefInternal func '$beh0' type=0 -> 4 ext=0 this=000001B4FC6BD700
AddRefInternal func '$beh2' type=0 -> 2 ext=0 this=000001B4FC6BB680
ReleaseInternal func '$beh2' type=0 before=2 ext=0 this=000001B4FC6BB680
AddRefInternal func '$beh8' type=0 -> 180 ext=0 this=000001B4F7590280
AddRefInternal func '$beh0' type=0 -> 180 ext=0 this=000001B4F7590500
AddRefInternal func '$beh2' type=0 -> 2 ext=0 this=000001B4F7590780
ReleaseInternal func '$beh2' type=0 before=2 ext=0 this=000001B4F7590780
AddRefInternal func '$beh8' type=0 -> 181 ext=0 this=000001B4F7590280
AddRefInternal func '$beh0' type=0 -> 181 ext=0 this=000001B4F7590500
AddRefInternal func '$beh2' type=0 -> 2 ext=0 this=000001B4F7590780
ReleaseInternal func '$beh2' type=0 before=2 ext=0 this=000001B4F7590780
AddRefInternal func '$beh8' type=0 -> 16 ext=0 this=000001B4F8211680
AddRefInternal func '$beh0' type=0 -> 16 ext=0 this=000001B4F8210F00
AddRefInternal func '$beh0' type=0 -> 16 ext=0 this=000001B4F8211180
AddRefInternal func '$beh0' type=0 -> 16 ext=0 this=000001B4F8211900
AddRefInternal func '$beh8' type=0 -> 182 ext=0 this=000001B4F7590280
AddRefInternal func '$beh0' type=0 -> 182 ext=0 this=000001B4F7590500
AddRefInternal func '$beh2' type=0 -> 2 ext=0 this=000001B4F7590780
ReleaseInternal func '$beh2' type=0 before=2 ext=0 this=000001B4F7590780
AddRefInternal func '$beh8' type=0 -> 183 ext=0 this=000001B4F7590280
AddRefInternal func '$beh0' type=0 -> 183 ext=0 this=000001B4F7590500
AddRefInternal func '$beh2' type=0 -> 2 ext=0 this=000001B4F7590780
ReleaseInternal func '$beh2' type=0 before=2 ext=0 this=000001B4F7590780
AddRefInternal func '$beh8' type=0 -> 10 ext=0 this=000001B4F821D480
AddRefInternal func '$beh0' type=0 -> 10 ext=0 this=000001B4F821CD00
AddRefInternal func '$beh0' type=0 -> 10 ext=0 this=000001B4F821CF80
AddRefInternal func '$beh0' type=0 -> 10 ext=0 this=000001B4F821D700
AddRefInternal func '$beh8' type=0 -> 17 ext=0 this=000001B4F8211680
AddRefInternal func '$beh0' type=0 -> 17 ext=0 this=000001B4F8210F00
AddRefInternal func '$beh0' type=0 -> 17 ext=0 this=000001B4F8211180
AddRefInternal func '$beh0' type=0 -> 17 ext=0 this=000001B4F8211900
AddRefInternal func '$beh8' type=0 -> 184 ext=0 this=000001B4F7590280
AddRefInternal func '$beh0' type=0 -> 184 ext=0 this=000001B4F7590500
AddRefInternal func '$beh2' type=0 -> 2 ext=0 this=000001B4F7590780
ReleaseInternal func '$beh2' type=0 before=2 ext=0 this=000001B4F7590780
AddRefInternal func '$beh8' type=0 -> 185 ext=0 this=000001B4F7590280
AddRefInternal func '$beh0' type=0 -> 185 ext=0 this=000001B4F7590500
AddRefInternal func '$beh2' type=0 -> 2 ext=0 this=000001B4F7590780
ReleaseInternal func '$beh2' type=0 before=2 ext=0 this=000001B4F7590780
AddRefInternal func '$beh8' type=0 -> 11 ext=0 this=000001B4F7590A00
AddRefInternal func '$beh0' type=0 -> 11 ext=0 this=000001B4FC6B7A80
AddRefInternal func '$beh0' type=0 -> 11 ext=0 this=000001B4FC6B7D00
AddRefInternal func '$beh0' type=0 -> 11 ext=0 this=000001B4FC6B9B00
AddRefInternal func '$beh0' type=0 -> 11 ext=0 this=000001B4FC6B9D80
AddRefInternal func '$beh2' type=0 -> 2 ext=0 this=000001B4FC6B7F80
ReleaseInternal func '$beh2' type=0 before=2 ext=0 this=000001B4FC6B7F80
AddRefInternal func '$beh8' type=0 -> 18 ext=0 this=000001B4F8211680
AddRefInternal func '$beh0' type=0 -> 18 ext=0 this=000001B4F8210F00
AddRefInternal func '$beh0' type=0 -> 18 ext=0 this=000001B4F8211180
AddRefInternal func '$beh0' type=0 -> 18 ext=0 this=000001B4F8211900
AddRefInternal func '$beh8' type=0 -> 12 ext=0 this=000001B4F8215500
AddRefInternal func '$beh0' type=0 -> 12 ext=0 this=000001B4F8215000
AddRefInternal func '$beh2' type=0 -> 2 ext=0 this=000001B4F8215280
ReleaseInternal func '$beh2' type=0 before=2 ext=0 this=000001B4F8215280
AddRefInternal func '$beh8' type=0 -> 19 ext=0 this=000001B4F8211680
AddRefInternal func '$beh0' type=0 -> 19 ext=0 this=000001B4F8210F00
AddRefInternal func '$beh0' type=0 -> 19 ext=0 this=000001B4F8211180
AddRefInternal func '$beh0' type=0 -> 19 ext=0 this=000001B4F8211900
AddRefInternal func '$beh8' type=0 -> 13 ext=0 this=000001B4F8215500
AddRefInternal func '$beh0' type=0 -> 13 ext=0 this=000001B4F8215000
AddRefInternal func '$beh2' type=0 -> 2 ext=0 this=000001B4F8215280
ReleaseInternal func '$beh2' type=0 before=2 ext=0 this=000001B4F8215280
AddRefInternal func '$beh8' type=0 -> 12 ext=0 this=000001B4F7590A00
AddRefInternal func '$beh0' type=0 -> 12 ext=0 this=000001B4FC6B7A80
AddRefInternal func '$beh0' type=0 -> 12 ext=0 this=000001B4FC6B7D00
AddRefInternal func '$beh0' type=0 -> 12 ext=0 this=000001B4FC6B9B00
AddRefInternal func '$beh0' type=0 -> 12 ext=0 this=000001B4FC6B9D80
AddRefInternal func '$beh2' type=0 -> 2 ext=0 this=000001B4FC6B7F80
ReleaseInternal func '$beh2' type=0 before=2 ext=0 this=000001B4FC6B7F80
AddRefInternal func '$beh8' type=0 -> 13 ext=0 this=000001B4F7590A00
AddRefInternal func '$beh0' type=0 -> 13 ext=0 this=000001B4FC6B7A80
AddRefInternal func '$beh0' type=0 -> 13 ext=0 this=000001B4FC6B7D00
AddRefInternal func '$beh0' type=0 -> 13 ext=0 this=000001B4FC6B9B00
AddRefInternal func '$beh0' type=0 -> 13 ext=0 this=000001B4FC6B9D80
AddRefInternal func '$beh2' type=0 -> 2 ext=0 this=000001B4FC6B7F80
ReleaseInternal func '$beh2' type=0 before=2 ext=0 this=000001B4FC6B7F80
AddRefInternal func '$beh8' type=0 -> 186 ext=0 this=000001B4F7590280
AddRefInternal func '$beh0' type=0 -> 186 ext=0 this=000001B4F7590500
AddRefInternal func '$beh2' type=0 -> 2 ext=0 this=000001B4F7590780
ReleaseInternal func '$beh2' type=0 before=2 ext=0 this=000001B4F7590780
AddRefInternal func '$beh8' type=0 -> 187 ext=0 this=000001B4F7590280
AddRefInternal func '$beh0' type=0 -> 187 ext=0 this=000001B4F7590500
AddRefInternal func '$beh2' type=0 -> 2 ext=0 this=000001B4F7590780
ReleaseInternal func '$beh2' type=0 before=2 ext=0 this=000001B4F7590780
AddRefInternal func '$beh8' type=0 -> 188 ext=0 this=000001B4F7590280
AddRefInternal func '$beh0' type=0 -> 188 ext=0 this=000001B4F7590500
AddRefInternal func '$beh2' type=0 -> 2 ext=0 this=000001B4F7590780
ReleaseInternal func '$beh2' type=0 before=2 ext=0 this=000001B4F7590780
AddRefInternal func '$beh8' type=0 -> 189 ext=0 this=000001B4F7590280
AddRefInternal func '$beh0' type=0 -> 189 ext=0 this=000001B4F7590500
AddRefInternal func '$beh2' type=0 -> 2 ext=0 this=000001B4F7590780
ReleaseInternal func '$beh2' type=0 before=2 ext=0 this=000001B4F7590780
AddRefInternal func '$beh8' type=0 -> 190 ext=0 this=000001B4F7590280
AddRefInternal func '$beh0' type=0 -> 190 ext=0 this=000001B4F7590500
AddRefInternal func '$beh2' type=0 -> 2 ext=0 this=000001B4F7590780
ReleaseInternal func '$beh2' type=0 before=2 ext=0 this=000001B4F7590780
AddRefInternal func '$beh8' type=0 -> 20 ext=0 this=000001B4F8211680
AddRefInternal func '$beh0' type=0 -> 20 ext=0 this=000001B4F8210F00
AddRefInternal func '$beh0' type=0 -> 20 ext=0 this=000001B4F8211180
AddRefInternal func '$beh0' type=0 -> 20 ext=0 this=000001B4F8211900
AddRefInternal func '$beh8' type=0 -> 15 ext=0 this=000001B4F7599880
AddRefInternal func '$beh0' type=0 -> 15 ext=0 this=000001B4F7599380
AddRefInternal func '$beh2' type=0 -> 2 ext=0 this=000001B4F7599600
ReleaseInternal func '$beh2' type=0 before=2 ext=0 this=000001B4F7599600
AddRefInternal func '$beh8' type=0 -> 21 ext=0 this=000001B4F8211680
AddRefInternal func '$beh0' type=0 -> 21 ext=0 this=000001B4F8210F00
AddRefInternal func '$beh0' type=0 -> 21 ext=0 this=000001B4F8211180
AddRefInternal func '$beh0' type=0 -> 21 ext=0 this=000001B4F8211900
AddRefInternal func '$beh8' type=0 -> 191 ext=0 this=000001B4F7590280
AddRefInternal func '$beh0' type=0 -> 191 ext=0 this=000001B4F7590500
AddRefInternal func '$beh2' type=0 -> 2 ext=0 this=000001B4F7590780
ReleaseInternal func '$beh2' type=0 before=2 ext=0 this=000001B4F7590780
AddRefInternal func '$beh8' type=0 -> 22 ext=0 this=000001B4F8211680
AddRefInternal func '$beh0' type=0 -> 22 ext=0 this=000001B4F8210F00
AddRefInternal func '$beh0' type=0 -> 22 ext=0 this=000001B4F8211180
AddRefInternal func '$beh0' type=0 -> 22 ext=0 this=000001B4F8211900
AddRefInternal func '$beh8' type=0 -> 192 ext=0 this=000001B4F7590280
AddRefInternal func '$beh0' type=0 -> 192 ext=0 this=000001B4F7590500
AddRefInternal func '$beh2' type=0 -> 2 ext=0 this=000001B4F7590780
ReleaseInternal func '$beh2' type=0 before=2 ext=0 this=000001B4F7590780
AddRefInternal func '$beh8' type=0 -> 193 ext=0 this=000001B4F7590280
AddRefInternal func '$beh0' type=0 -> 193 ext=0 this=000001B4F7590500
AddRefInternal func '$beh2' type=0 -> 2 ext=0 this=000001B4F7590780
ReleaseInternal func '$beh2' type=0 before=2 ext=0 this=000001B4F7590780
AddRefInternal func '$beh8' type=0 -> 194 ext=0 this=000001B4F7590280
AddRefInternal func '$beh0' type=0 -> 194 ext=0 this=000001B4F7590500
AddRefInternal func '$beh2' type=0 -> 2 ext=0 this=000001B4F7590780
ReleaseInternal func '$beh2' type=0 before=2 ext=0 this=000001B4F7590780
AddRefInternal func '$beh8' type=0 -> 195 ext=0 this=000001B4F7590280
AddRefInternal func '$beh0' type=0 -> 195 ext=0 this=000001B4F7590500
AddRefInternal func '$beh2' type=0 -> 2 ext=0 this=000001B4F7590780
ReleaseInternal func '$beh2' type=0 before=2 ext=0 this=000001B4F7590780
AddRefInternal func '$beh8' type=0 -> 23 ext=0 this=000001B4F8211680
AddRefInternal func '$beh0' type=0 -> 23 ext=0 this=000001B4F8210F00
AddRefInternal func '$beh0' type=0 -> 23 ext=0 this=000001B4F8211180
AddRefInternal func '$beh0' type=0 -> 23 ext=0 this=000001B4F8211900
AddRefInternal func '$beh8' type=0 -> 196 ext=0 this=000001B4F7590280
AddRefInternal func '$beh0' type=0 -> 196 ext=0 this=000001B4F7590500
AddRefInternal func '$beh2' type=0 -> 2 ext=0 this=000001B4F7590780
ReleaseInternal func '$beh2' type=0 before=2 ext=0 this=000001B4F7590780
AddRefInternal func '$beh8' type=0 -> 14 ext=0 this=000001B4F8215500
AddRefInternal func '$beh0' type=0 -> 14 ext=0 this=000001B4F8215000
AddRefInternal func '$beh2' type=0 -> 2 ext=0 this=000001B4F8215280
ReleaseInternal func '$beh2' type=0 before=2 ext=0 this=000001B4F8215280
AddRefInternal func '$beh8' type=0 -> 197 ext=0 this=000001B4F7590280
AddRefInternal func '$beh0' type=0 -> 197 ext=0 this=000001B4F7590500
AddRefInternal func '$beh2' type=0 -> 2 ext=0 this=000001B4F7590780
ReleaseInternal func '$beh2' type=0 before=2 ext=0 this=000001B4F7590780
AddRefInternal func '$beh8' type=0 -> 198 ext=0 this=000001B4F7590280
AddRefInternal func '$beh0' type=0 -> 198 ext=0 this=000001B4F7590500
AddRefInternal func '$beh2' type=0 -> 2 ext=0 this=000001B4F7590780
ReleaseInternal func '$beh2' type=0 before=2 ext=0 this=000001B4F7590780
AddRefInternal func '$beh8' type=0 -> 60 ext=0 this=000001B4F821AC80
AddRefInternal func '$beh0' type=0 -> 60 ext=0 this=000001B4F821A500
AddRefInternal func '$beh0' type=0 -> 60 ext=0 this=000001B4F821A780
AddRefInternal func '$beh0' type=0 -> 60 ext=0 this=000001B4F821AF00
AddRefInternal func '$beh8' type=0 -> 16 ext=0 this=000001B4F7599880
AddRefInternal func '$beh0' type=0 -> 16 ext=0 this=000001B4F7599380
AddRefInternal func '$beh2' type=0 -> 2 ext=0 this=000001B4F7599600
ReleaseInternal func '$beh2' type=0 before=2 ext=0 this=000001B4F7599600
AddRefInternal func '$beh8' type=0 -> 14 ext=0 this=000001B4F7590A00
AddRefInternal func '$beh0' type=0 -> 14 ext=0 this=000001B4FC6B7A80
AddRefInternal func '$beh0' type=0 -> 14 ext=0 this=000001B4FC6B7D00
AddRefInternal func '$beh0' type=0 -> 14 ext=0 this=000001B4FC6B9B00
AddRefInternal func '$beh0' type=0 -> 14 ext=0 this=000001B4FC6B9D80
AddRefInternal func '$beh2' type=0 -> 2 ext=0 this=000001B4FC6B7F80
ReleaseInternal func '$beh2' type=0 before=2 ext=0 this=000001B4FC6B7F80
AddRefInternal func '$beh8' type=0 -> 199 ext=0 this=000001B4F7590280
AddRefInternal func '$beh0' type=0 -> 199 ext=0 this=000001B4F7590500
AddRefInternal func '$beh2' type=0 -> 2 ext=0 this=000001B4F7590780
ReleaseInternal func '$beh2' type=0 before=2 ext=0 this=000001B4F7590780
AddRefInternal func '$beh8' type=0 -> 15 ext=0 this=000001B4F7590A00
AddRefInternal func '$beh0' type=0 -> 15 ext=0 this=000001B4FC6B7A80
AddRefInternal func '$beh0' type=0 -> 15 ext=0 this=000001B4FC6B7D00
AddRefInternal func '$beh0' type=0 -> 15 ext=0 this=000001B4FC6B9B00
AddRefInternal func '$beh0' type=0 -> 15 ext=0 this=000001B4FC6B9D80
AddRefInternal func '$beh2' type=0 -> 2 ext=0 this=000001B4FC6B7F80
ReleaseInternal func '$beh2' type=0 before=2 ext=0 this=000001B4FC6B7F80
AddRefInternal func '$beh8' type=0 -> 200 ext=0 this=000001B4F7590280
AddRefInternal func '$beh0' type=0 -> 200 ext=0 this=000001B4F7590500
AddRefInternal func '$beh2' type=0 -> 2 ext=0 this=000001B4F7590780
ReleaseInternal func '$beh2' type=0 before=2 ext=0 this=000001B4F7590780
AddRefInternal func '$beh8' type=0 -> 201 ext=0 this=000001B4F7590280
AddRefInternal func '$beh0' type=0 -> 201 ext=0 this=000001B4F7590500
AddRefInternal func '$beh2' type=0 -> 2 ext=0 this=000001B4F7590780
ReleaseInternal func '$beh2' type=0 before=2 ext=0 this=000001B4F7590780
AddRefInternal func '$beh8' type=0 -> 202 ext=0 this=000001B4F7590280
AddRefInternal func '$beh0' type=0 -> 202 ext=0 this=000001B4F7590500
AddRefInternal func '$beh2' type=0 -> 2 ext=0 this=000001B4F7590780
ReleaseInternal func '$beh2' type=0 before=2 ext=0 this=000001B4F7590780
AddRefInternal func '$beh8' type=0 -> 16 ext=0 this=000001B4F7590A00
AddRefInternal func '$beh0' type=0 -> 16 ext=0 this=000001B4FC6B7A80
AddRefInternal func '$beh0' type=0 -> 16 ext=0 this=000001B4FC6B7D00
AddRefInternal func '$beh0' type=0 -> 16 ext=0 this=000001B4FC6B9B00
AddRefInternal func '$beh0' type=0 -> 16 ext=0 this=000001B4FC6B9D80
AddRefInternal func '$beh2' type=0 -> 2 ext=0 this=000001B4FC6B7F80
ReleaseInternal func '$beh2' type=0 before=2 ext=0 this=000001B4FC6B7F80
AddRefInternal func '$beh8' type=0 -> 203 ext=0 this=000001B4F7590280
AddRefInternal func '$beh0' type=0 -> 203 ext=0 this=000001B4F7590500
AddRefInternal func '$beh2' type=0 -> 2 ext=0 this=000001B4F7590780
ReleaseInternal func '$beh2' type=0 before=2 ext=0 this=000001B4F7590780
AddRefInternal func '$beh8' type=0 -> 17 ext=0 this=000001B4F7590A00
AddRefInternal func '$beh0' type=0 -> 17 ext=0 this=000001B4FC6B7A80
AddRefInternal func '$beh0' type=0 -> 17 ext=0 this=000001B4FC6B7D00
AddRefInternal func '$beh0' type=0 -> 17 ext=0 this=000001B4FC6B9B00
AddRefInternal func '$beh0' type=0 -> 17 ext=0 this=000001B4FC6B9D80
AddRefInternal func '$beh2' type=0 -> 2 ext=0 this=000001B4FC6B7F80
ReleaseInternal func '$beh2' type=0 before=2 ext=0 this=000001B4FC6B7F80
AddRefInternal func '$beh8' type=0 -> 17 ext=0 this=000001B4F7599880
AddRefInternal func '$beh0' type=0 -> 17 ext=0 this=000001B4F7599380
AddRefInternal func '$beh2' type=0 -> 2 ext=0 this=000001B4F7599600
ReleaseInternal func '$beh2' type=0 before=2 ext=0 this=000001B4F7599600
AddRefInternal func '$beh8' type=0 -> 24 ext=0 this=000001B4F8211680
AddRefInternal func '$beh0' type=0 -> 24 ext=0 this=000001B4F8210F00
AddRefInternal func '$beh0' type=0 -> 24 ext=0 this=000001B4F8211180
AddRefInternal func '$beh0' type=0 -> 24 ext=0 this=000001B4F8211900
AddRefInternal func '$beh8' type=0 -> 204 ext=0 this=000001B4F7590280
AddRefInternal func '$beh0' type=0 -> 204 ext=0 this=000001B4F7590500
AddRefInternal func '$beh2' type=0 -> 2 ext=0 this=000001B4F7590780
ReleaseInternal func '$beh2' type=0 before=2 ext=0 this=000001B4F7590780
AddRefInternal func '$beh8' type=0 -> 11 ext=0 this=000001B4F821D480
AddRefInternal func '$beh0' type=0 -> 11 ext=0 this=000001B4F821CD00
AddRefInternal func '$beh0' type=0 -> 11 ext=0 this=000001B4F821CF80
AddRefInternal func '$beh0' type=0 -> 11 ext=0 this=000001B4F821D700
AddRefInternal func '$beh8' type=0 -> 205 ext=0 this=000001B4F7590280
AddRefInternal func '$beh0' type=0 -> 205 ext=0 this=000001B4F7590500
AddRefInternal func '$beh2' type=0 -> 2 ext=0 this=000001B4F7590780
ReleaseInternal func '$beh2' type=0 before=2 ext=0 this=000001B4F7590780
AddRefInternal func '$beh8' type=0 -> 206 ext=0 this=000001B4F7590280
AddRefInternal func '$beh0' type=0 -> 206 ext=0 this=000001B4F7590500
AddRefInternal func '$beh2' type=0 -> 2 ext=0 this=000001B4F7590780
ReleaseInternal func '$beh2' type=0 before=2 ext=0 this=000001B4F7590780
AddRefInternal func '$beh8' type=0 -> 207 ext=0 this=000001B4F7590280
AddRefInternal func '$beh0' type=0 -> 207 ext=0 this=000001B4F7590500
AddRefInternal func '$beh2' type=0 -> 2 ext=0 this=000001B4F7590780
ReleaseInternal func '$beh2' type=0 before=2 ext=0 this=000001B4F7590780
AddRefInternal func '$beh8' type=0 -> 208 ext=0 this=000001B4F7590280
AddRefInternal func '$beh0' type=0 -> 208 ext=0 this=000001B4F7590500
AddRefInternal func '$beh2' type=0 -> 2 ext=0 this=000001B4F7590780
ReleaseInternal func '$beh2' type=0 before=2 ext=0 this=000001B4F7590780
AddRefInternal func '$beh8' type=0 -> 18 ext=0 this=000001B4F7590A00
AddRefInternal func '$beh0' type=0 -> 18 ext=0 this=000001B4FC6B7A80
AddRefInternal func '$beh0' type=0 -> 18 ext=0 this=000001B4FC6B7D00
AddRefInternal func '$beh0' type=0 -> 18 ext=0 this=000001B4FC6B9B00
AddRefInternal func '$beh0' type=0 -> 18 ext=0 this=000001B4FC6B9D80
AddRefInternal func '$beh2' type=0 -> 2 ext=0 this=000001B4FC6B7F80
ReleaseInternal func '$beh2' type=0 before=2 ext=0 this=000001B4FC6B7F80
AddRefInternal func '$beh8' type=0 -> 209 ext=0 this=000001B4F7590280
AddRefInternal func '$beh0' type=0 -> 209 ext=0 this=000001B4F7590500
AddRefInternal func '$beh2' type=0 -> 2 ext=0 this=000001B4F7590780
ReleaseInternal func '$beh2' type=0 before=2 ext=0 this=000001B4F7590780
AddRefInternal func '$beh8' type=0 -> 210 ext=0 this=000001B4F7590280
AddRefInternal func '$beh0' type=0 -> 210 ext=0 this=000001B4F7590500
AddRefInternal func '$beh2' type=0 -> 2 ext=0 this=000001B4F7590780
ReleaseInternal func '$beh2' type=0 before=2 ext=0 this=000001B4F7590780
AddRefInternal func '$beh8' type=0 -> 211 ext=0 this=000001B4F7590280
AddRefInternal func '$beh0' type=0 -> 211 ext=0 this=000001B4F7590500
AddRefInternal func '$beh2' type=0 -> 2 ext=0 this=000001B4F7590780
ReleaseInternal func '$beh2' type=0 before=2 ext=0 this=000001B4F7590780
AddRefInternal func '$beh8' type=0 -> 212 ext=0 this=000001B4F7590280
AddRefInternal func '$beh0' type=0 -> 212 ext=0 this=000001B4F7590500
AddRefInternal func '$beh2' type=0 -> 2 ext=0 this=000001B4F7590780
ReleaseInternal func '$beh2' type=0 before=2 ext=0 this=000001B4F7590780
AddRefInternal func '$beh8' type=0 -> 25 ext=0 this=000001B4F8211680
AddRefInternal func '$beh0' type=0 -> 25 ext=0 this=000001B4F8210F00
AddRefInternal func '$beh0' type=0 -> 25 ext=0 this=000001B4F8211180
AddRefInternal func '$beh0' type=0 -> 25 ext=0 this=000001B4F8211900
AddRefInternal func '$beh8' type=0 -> 213 ext=0 this=000001B4F7590280
AddRefInternal func '$beh0' type=0 -> 213 ext=0 this=000001B4F7590500
AddRefInternal func '$beh2' type=0 -> 2 ext=0 this=000001B4F7590780
ReleaseInternal func '$beh2' type=0 before=2 ext=0 this=000001B4F7590780
AddRefInternal func '$beh8' type=0 -> 26 ext=0 this=000001B4F8211680
AddRefInternal func '$beh0' type=0 -> 26 ext=0 this=000001B4F8210F00
AddRefInternal func '$beh0' type=0 -> 26 ext=0 this=000001B4F8211180
AddRefInternal func '$beh0' type=0 -> 26 ext=0 this=000001B4F8211900
AddRefInternal func '$beh8' type=0 -> 214 ext=0 this=000001B4F7590280
AddRefInternal func '$beh0' type=0 -> 214 ext=0 this=000001B4F7590500
AddRefInternal func '$beh2' type=0 -> 2 ext=0 this=000001B4F7590780
ReleaseInternal func '$beh2' type=0 before=2 ext=0 this=000001B4F7590780
AddRefInternal func '$beh8' type=0 -> 27 ext=0 this=000001B4F8211680
AddRefInternal func '$beh0' type=0 -> 27 ext=0 this=000001B4F8210F00
AddRefInternal func '$beh0' type=0 -> 27 ext=0 this=000001B4F8211180
AddRefInternal func '$beh0' type=0 -> 27 ext=0 this=000001B4F8211900
AddRefInternal func '$beh8' type=0 -> 215 ext=0 this=000001B4F7590280
AddRefInternal func '$beh0' type=0 -> 215 ext=0 this=000001B4F7590500
AddRefInternal func '$beh2' type=0 -> 2 ext=0 this=000001B4F7590780
ReleaseInternal func '$beh2' type=0 before=2 ext=0 this=000001B4F7590780
AddRefInternal func '$beh8' type=0 -> 216 ext=0 this=000001B4F7590280
AddRefInternal func '$beh0' type=0 -> 216 ext=0 this=000001B4F7590500
AddRefInternal func '$beh2' type=0 -> 2 ext=0 this=000001B4F7590780
ReleaseInternal func '$beh2' type=0 before=2 ext=0 this=000001B4F7590780
AddRefInternal func '$beh8' type=0 -> 217 ext=0 this=000001B4F7590280
AddRefInternal func '$beh0' type=0 -> 217 ext=0 this=000001B4F7590500
AddRefInternal func '$beh2' type=0 -> 2 ext=0 this=000001B4F7590780
ReleaseInternal func '$beh2' type=0 before=2 ext=0 this=000001B4F7590780
AddRefInternal func '$beh8' type=0 -> 218 ext=0 this=000001B4F7590280
AddRefInternal func '$beh0' type=0 -> 218 ext=0 this=000001B4F7590500
AddRefInternal func '$beh2' type=0 -> 2 ext=0 this=000001B4F7590780
ReleaseInternal func '$beh2' type=0 before=2 ext=0 this=000001B4F7590780
AddRefInternal func '$beh8' type=0 -> 219 ext=0 this=000001B4F7590280
AddRefInternal func '$beh0' type=0 -> 219 ext=0 this=000001B4F7590500
AddRefInternal func '$beh2' type=0 -> 2 ext=0 this=000001B4F7590780
ReleaseInternal func '$beh2' type=0 before=2 ext=0 this=000001B4F7590780
AddRefInternal func '$beh8' type=0 -> 220 ext=0 this=000001B4F7590280
AddRefInternal func '$beh0' type=0 -> 220 ext=0 this=000001B4F7590500
AddRefInternal func '$beh2' type=0 -> 2 ext=0 this=000001B4F7590780
ReleaseInternal func '$beh2' type=0 before=2 ext=0 this=000001B4F7590780
AddRefInternal func '$beh8' type=0 -> 221 ext=0 this=000001B4F7590280
AddRefInternal func '$beh0' type=0 -> 221 ext=0 this=000001B4F7590500
AddRefInternal func '$beh2' type=0 -> 2 ext=0 this=000001B4F7590780
ReleaseInternal func '$beh2' type=0 before=2 ext=0 this=000001B4F7590780
AddRefInternal func '$beh8' type=0 -> 222 ext=0 this=000001B4F7590280
AddRefInternal func '$beh0' type=0 -> 222 ext=0 this=000001B4F7590500
AddRefInternal func '$beh2' type=0 -> 2 ext=0 this=000001B4F7590780
ReleaseInternal func '$beh2' type=0 before=2 ext=0 this=000001B4F7590780
AddRefInternal func '$beh8' type=0 -> 223 ext=0 this=000001B4F7590280
AddRefInternal func '$beh0' type=0 -> 223 ext=0 this=000001B4F7590500
AddRefInternal func '$beh2' type=0 -> 2 ext=0 this=000001B4F7590780
ReleaseInternal func '$beh2' type=0 before=2 ext=0 this=000001B4F7590780
AddRefInternal func '$beh8' type=0 -> 5 ext=0 this=000001B4F7590C80
AddRefInternal func '$beh0' type=0 -> 5 ext=0 this=000001B4FC6BB180
AddRefInternal func '$beh0' type=0 -> 5 ext=0 this=000001B4FC6BB400
AddRefInternal func '$beh0' type=0 -> 5 ext=0 this=000001B4FC6BD200
AddRefInternal func '$beh0' type=0 -> 5 ext=0 this=000001B4FC6BD480
AddRefInternal func '$beh0' type=0 -> 5 ext=0 this=000001B4FC6BD700
AddRefInternal func '$beh2' type=0 -> 2 ext=0 this=000001B4FC6BB680
ReleaseInternal func '$beh2' type=0 before=2 ext=0 this=000001B4FC6BB680
AddRefInternal func '$beh8' type=0 -> 19 ext=0 this=000001B4F7590A00
AddRefInternal func '$beh0' type=0 -> 19 ext=0 this=000001B4FC6B7A80
AddRefInternal func '$beh0' type=0 -> 19 ext=0 this=000001B4FC6B7D00
AddRefInternal func '$beh0' type=0 -> 19 ext=0 this=000001B4FC6B9B00
AddRefInternal func '$beh0' type=0 -> 19 ext=0 this=000001B4FC6B9D80
AddRefInternal func '$beh2' type=0 -> 2 ext=0 this=000001B4FC6B7F80
ReleaseInternal func '$beh2' type=0 before=2 ext=0 this=000001B4FC6B7F80
AddRefInternal func '$beh8' type=0 -> 20 ext=0 this=000001B4F7590A00
AddRefInternal func '$beh0' type=0 -> 20 ext=0 this=000001B4FC6B7A80
AddRefInternal func '$beh0' type=0 -> 20 ext=0 this=000001B4FC6B7D00
AddRefInternal func '$beh0' type=0 -> 20 ext=0 this=000001B4FC6B9B00
AddRefInternal func '$beh0' type=0 -> 20 ext=0 this=000001B4FC6B9D80
AddRefInternal func '$beh2' type=0 -> 2 ext=0 this=000001B4FC6B7F80
ReleaseInternal func '$beh2' type=0 before=2 ext=0 this=000001B4FC6B7F80
AddRefInternal func '$beh8' type=0 -> 21 ext=0 this=000001B4F7590A00
AddRefInternal func '$beh0' type=0 -> 21 ext=0 this=000001B4FC6B7A80
AddRefInternal func '$beh0' type=0 -> 21 ext=0 this=000001B4FC6B7D00
AddRefInternal func '$beh0' type=0 -> 21 ext=0 this=000001B4FC6B9B00
AddRefInternal func '$beh0' type=0 -> 21 ext=0 this=000001B4FC6B9D80
AddRefInternal func '$beh2' type=0 -> 2 ext=0 this=000001B4FC6B7F80
ReleaseInternal func '$beh2' type=0 before=2 ext=0 this=000001B4FC6B7F80
AddRefInternal func '$beh8' type=0 -> 224 ext=0 this=000001B4F7590280
AddRefInternal func '$beh0' type=0 -> 224 ext=0 this=000001B4F7590500
AddRefInternal func '$beh2' type=0 -> 2 ext=0 this=000001B4F7590780
ReleaseInternal func '$beh2' type=0 before=2 ext=0 this=000001B4F7590780
AddRefInternal func '$beh8' type=0 -> 225 ext=0 this=000001B4F7590280
AddRefInternal func '$beh0' type=0 -> 225 ext=0 this=000001B4F7590500
AddRefInternal func '$beh2' type=0 -> 2 ext=0 this=000001B4F7590780
ReleaseInternal func '$beh2' type=0 before=2 ext=0 this=000001B4F7590780
AddRefInternal func '$beh8' type=0 -> 18 ext=0 this=000001B4F7599880
AddRefInternal func '$beh0' type=0 -> 18 ext=0 this=000001B4F7599380
AddRefInternal func '$beh2' type=0 -> 2 ext=0 this=000001B4F7599600
ReleaseInternal func '$beh2' type=0 before=2 ext=0 this=000001B4F7599600
AddRefInternal func '$beh8' type=0 -> 19 ext=0 this=000001B4F7599880
AddRefInternal func '$beh0' type=0 -> 19 ext=0 this=000001B4F7599380
AddRefInternal func '$beh2' type=0 -> 2 ext=0 this=000001B4F7599600
ReleaseInternal func '$beh2' type=0 before=2 ext=0 this=000001B4F7599600
AddRefInternal func '$beh8' type=0 -> 28 ext=0 this=000001B4F8211680
AddRefInternal func '$beh0' type=0 -> 28 ext=0 this=000001B4F8210F00
AddRefInternal func '$beh0' type=0 -> 28 ext=0 this=000001B4F8211180
AddRefInternal func '$beh0' type=0 -> 28 ext=0 this=000001B4F8211900
AddRefInternal func '$beh8' type=0 -> 226 ext=0 this=000001B4F7590280
AddRefInternal func '$beh0' type=0 -> 226 ext=0 this=000001B4F7590500
AddRefInternal func '$beh2' type=0 -> 2 ext=0 this=000001B4F7590780
ReleaseInternal func '$beh2' type=0 before=2 ext=0 this=000001B4F7590780
AddRefInternal func '$beh8' type=0 -> 29 ext=0 this=000001B4F8211680
AddRefInternal func '$beh0' type=0 -> 29 ext=0 this=000001B4F8210F00
AddRefInternal func '$beh0' type=0 -> 29 ext=0 this=000001B4F8211180
AddRefInternal func '$beh0' type=0 -> 29 ext=0 this=000001B4F8211900
AddRefInternal func '$beh8' type=0 -> 227 ext=0 this=000001B4F7590280
AddRefInternal func '$beh0' type=0 -> 227 ext=0 this=000001B4F7590500
AddRefInternal func '$beh2' type=0 -> 2 ext=0 this=000001B4F7590780
ReleaseInternal func '$beh2' type=0 before=2 ext=0 this=000001B4F7590780
AddRefInternal func '$beh8' type=0 -> 22 ext=0 this=000001B4F7590A00
AddRefInternal func '$beh0' type=0 -> 22 ext=0 this=000001B4FC6B7A80
AddRefInternal func '$beh0' type=0 -> 22 ext=0 this=000001B4FC6B7D00
AddRefInternal func '$beh0' type=0 -> 22 ext=0 this=000001B4FC6B9B00
AddRefInternal func '$beh0' type=0 -> 22 ext=0 this=000001B4FC6B9D80
AddRefInternal func '$beh2' type=0 -> 2 ext=0 this=000001B4FC6B7F80
ReleaseInternal func '$beh2' type=0 before=2 ext=0 this=000001B4FC6B7F80
AddRefInternal func '$beh8' type=0 -> 61 ext=0 this=000001B4F821AC80
AddRefInternal func '$beh0' type=0 -> 61 ext=0 this=000001B4F821A500
AddRefInternal func '$beh0' type=0 -> 61 ext=0 this=000001B4F821A780
AddRefInternal func '$beh0' type=0 -> 61 ext=0 this=000001B4F821AF00
AddRefInternal func '$beh8' type=0 -> 62 ext=0 this=000001B4F821AC80
AddRefInternal func '$beh0' type=0 -> 62 ext=0 this=000001B4F821A500
AddRefInternal func '$beh0' type=0 -> 62 ext=0 this=000001B4F821A780
AddRefInternal func '$beh0' type=0 -> 62 ext=0 this=000001B4F821AF00
AddRefInternal func '$beh8' type=0 -> 63 ext=0 this=000001B4F821AC80
AddRefInternal func '$beh0' type=0 -> 63 ext=0 this=000001B4F821A500
AddRefInternal func '$beh0' type=0 -> 63 ext=0 this=000001B4F821A780
AddRefInternal func '$beh0' type=0 -> 63 ext=0 this=000001B4F821AF00
AddRefInternal func '$beh8' type=0 -> 30 ext=0 this=000001B4F8211680
AddRefInternal func '$beh0' type=0 -> 30 ext=0 this=000001B4F8210F00
AddRefInternal func '$beh0' type=0 -> 30 ext=0 this=000001B4F8211180
AddRefInternal func '$beh0' type=0 -> 30 ext=0 this=000001B4F8211900
AddRefInternal func '$beh8' type=0 -> 228 ext=0 this=000001B4F7590280
AddRefInternal func '$beh0' type=0 -> 228 ext=0 this=000001B4F7590500
AddRefInternal func '$beh2' type=0 -> 2 ext=0 this=000001B4F7590780
ReleaseInternal func '$beh2' type=0 before=2 ext=0 this=000001B4F7590780
AddRefInternal func '$beh8' type=0 -> 31 ext=0 this=000001B4F8211680
AddRefInternal func '$beh0' type=0 -> 31 ext=0 this=000001B4F8210F00
AddRefInternal func '$beh0' type=0 -> 31 ext=0 this=000001B4F8211180
AddRefInternal func '$beh0' type=0 -> 31 ext=0 this=000001B4F8211900
AddRefInternal func '$beh8' type=0 -> 229 ext=0 this=000001B4F7590280
AddRefInternal func '$beh0' type=0 -> 229 ext=0 this=000001B4F7590500
AddRefInternal func '$beh2' type=0 -> 2 ext=0 this=000001B4F7590780
ReleaseInternal func '$beh2' type=0 before=2 ext=0 this=000001B4F7590780
AddRefInternal func '$beh8' type=0 -> 32 ext=0 this=000001B4F8211680
AddRefInternal func '$beh0' type=0 -> 32 ext=0 this=000001B4F8210F00
AddRefInternal func '$beh0' type=0 -> 32 ext=0 this=000001B4F8211180
AddRefInternal func '$beh0' type=0 -> 32 ext=0 this=000001B4F8211900
AddRefInternal func '$beh8' type=0 -> 230 ext=0 this=000001B4F7590280
AddRefInternal func '$beh0' type=0 -> 230 ext=0 this=000001B4F7590500
AddRefInternal func '$beh2' type=0 -> 2 ext=0 this=000001B4F7590780
ReleaseInternal func '$beh2' type=0 before=2 ext=0 this=000001B4F7590780
AddRefInternal func '$beh8' type=0 -> 231 ext=0 this=000001B4F7590280
AddRefInternal func '$beh0' type=0 -> 231 ext=0 this=000001B4F7590500
AddRefInternal func '$beh2' type=0 -> 2 ext=0 this=000001B4F7590780
ReleaseInternal func '$beh2' type=0 before=2 ext=0 this=000001B4F7590780
AddRefInternal func '$beh8' type=0 -> 232 ext=0 this=000001B4F7590280
AddRefInternal func '$beh0' type=0 -> 232 ext=0 this=000001B4F7590500
AddRefInternal func '$beh2' type=0 -> 2 ext=0 this=000001B4F7590780
ReleaseInternal func '$beh2' type=0 before=2 ext=0 this=000001B4F7590780
AddRefInternal func '$beh8' type=0 -> 233 ext=0 this=000001B4F7590280
AddRefInternal func '$beh0' type=0 -> 233 ext=0 this=000001B4F7590500
AddRefInternal func '$beh2' type=0 -> 2 ext=0 this=000001B4F7590780
ReleaseInternal func '$beh2' type=0 before=2 ext=0 this=000001B4F7590780
AddRefInternal func '$beh8' type=0 -> 234 ext=0 this=000001B4F7590280
AddRefInternal func '$beh0' type=0 -> 234 ext=0 this=000001B4F7590500
AddRefInternal func '$beh2' type=0 -> 2 ext=0 this=000001B4F7590780
ReleaseInternal func '$beh2' type=0 before=2 ext=0 this=000001B4F7590780
AddRefInternal func '$beh8' type=0 -> 23 ext=0 this=000001B4F7590A00
AddRefInternal func '$beh0' type=0 -> 23 ext=0 this=000001B4FC6B7A80
AddRefInternal func '$beh0' type=0 -> 23 ext=0 this=000001B4FC6B7D00
AddRefInternal func '$beh0' type=0 -> 23 ext=0 this=000001B4FC6B9B00
AddRefInternal func '$beh0' type=0 -> 23 ext=0 this=000001B4FC6B9D80
AddRefInternal func '$beh2' type=0 -> 2 ext=0 this=000001B4FC6B7F80
ReleaseInternal func '$beh2' type=0 before=2 ext=0 this=000001B4FC6B7F80
AddRefInternal func '$beh8' type=0 -> 33 ext=0 this=000001B4F8211680
AddRefInternal func '$beh0' type=0 -> 33 ext=0 this=000001B4F8210F00
AddRefInternal func '$beh0' type=0 -> 33 ext=0 this=000001B4F8211180
AddRefInternal func '$beh0' type=0 -> 33 ext=0 this=000001B4F8211900
AddRefInternal func '$beh8' type=0 -> 235 ext=0 this=000001B4F7590280
AddRefInternal func '$beh0' type=0 -> 235 ext=0 this=000001B4F7590500
AddRefInternal func '$beh2' type=0 -> 2 ext=0 this=000001B4F7590780
ReleaseInternal func '$beh2' type=0 before=2 ext=0 this=000001B4F7590780
AddRefInternal func '$beh8' type=0 -> 236 ext=0 this=000001B4F7590280
AddRefInternal func '$beh0' type=0 -> 236 ext=0 this=000001B4F7590500
AddRefInternal func '$beh2' type=0 -> 2 ext=0 this=000001B4F7590780
ReleaseInternal func '$beh2' type=0 before=2 ext=0 this=000001B4F7590780
AddRefInternal func '$beh8' type=0 -> 237 ext=0 this=000001B4F7590280
AddRefInternal func '$beh0' type=0 -> 237 ext=0 this=000001B4F7590500
AddRefInternal func '$beh2' type=0 -> 2 ext=0 this=000001B4F7590780
ReleaseInternal func '$beh2' type=0 before=2 ext=0 this=000001B4F7590780
AddRefInternal func '$beh8' type=0 -> 238 ext=0 this=000001B4F7590280
AddRefInternal func '$beh0' type=0 -> 238 ext=0 this=000001B4F7590500
AddRefInternal func '$beh2' type=0 -> 2 ext=0 this=000001B4F7590780
ReleaseInternal func '$beh2' type=0 before=2 ext=0 this=000001B4F7590780
AddRefInternal func '$beh8' type=0 -> 20 ext=0 this=000001B4F7599880
AddRefInternal func '$beh0' type=0 -> 20 ext=0 this=000001B4F7599380
AddRefInternal func '$beh2' type=0 -> 2 ext=0 this=000001B4F7599600
ReleaseInternal func '$beh2' type=0 before=2 ext=0 this=000001B4F7599600
AddRefInternal func '$beh8' type=0 -> 24 ext=0 this=000001B4F7590A00
AddRefInternal func '$beh0' type=0 -> 24 ext=0 this=000001B4FC6B7A80
AddRefInternal func '$beh0' type=0 -> 24 ext=0 this=000001B4FC6B7D00
AddRefInternal func '$beh0' type=0 -> 24 ext=0 this=000001B4FC6B9B00
AddRefInternal func '$beh0' type=0 -> 24 ext=0 this=000001B4FC6B9D80
AddRefInternal func '$beh2' type=0 -> 2 ext=0 this=000001B4FC6B7F80
ReleaseInternal func '$beh2' type=0 before=2 ext=0 this=000001B4FC6B7F80
AddRefInternal func '$beh8' type=0 -> 239 ext=0 this=000001B4F7590280
AddRefInternal func '$beh0' type=0 -> 239 ext=0 this=000001B4F7590500
AddRefInternal func '$beh2' type=0 -> 2 ext=0 this=000001B4F7590780
ReleaseInternal func '$beh2' type=0 before=2 ext=0 this=000001B4F7590780
AddRefInternal func '$beh8' type=0 -> 240 ext=0 this=000001B4F7590280
AddRefInternal func '$beh0' type=0 -> 240 ext=0 this=000001B4F7590500
AddRefInternal func '$beh2' type=0 -> 2 ext=0 this=000001B4F7590780
ReleaseInternal func '$beh2' type=0 before=2 ext=0 this=000001B4F7590780
AddRefInternal func '$beh8' type=0 -> 241 ext=0 this=000001B4F7590280
AddRefInternal func '$beh0' type=0 -> 241 ext=0 this=000001B4F7590500
AddRefInternal func '$beh2' type=0 -> 2 ext=0 this=000001B4F7590780
ReleaseInternal func '$beh2' type=0 before=2 ext=0 this=000001B4F7590780
AddRefInternal func '$beh8' type=0 -> 242 ext=0 this=000001B4F7590280
AddRefInternal func '$beh0' type=0 -> 242 ext=0 this=000001B4F7590500
AddRefInternal func '$beh2' type=0 -> 2 ext=0 this=000001B4F7590780
ReleaseInternal func '$beh2' type=0 before=2 ext=0 this=000001B4F7590780
AddRefInternal func '$beh8' type=0 -> 34 ext=0 this=000001B4F8211680
AddRefInternal func '$beh0' type=0 -> 34 ext=0 this=000001B4F8210F00
AddRefInternal func '$beh0' type=0 -> 34 ext=0 this=000001B4F8211180
AddRefInternal func '$beh0' type=0 -> 34 ext=0 this=000001B4F8211900
AddRefInternal func '$beh8' type=0 -> 243 ext=0 this=000001B4F7590280
AddRefInternal func '$beh0' type=0 -> 243 ext=0 this=000001B4F7590500
AddRefInternal func '$beh2' type=0 -> 2 ext=0 this=000001B4F7590780
ReleaseInternal func '$beh2' type=0 before=2 ext=0 this=000001B4F7590780
AddRefInternal func '$beh8' type=0 -> 244 ext=0 this=000001B4F7590280
AddRefInternal func '$beh0' type=0 -> 244 ext=0 this=000001B4F7590500
AddRefInternal func '$beh2' type=0 -> 2 ext=0 this=000001B4F7590780
ReleaseInternal func '$beh2' type=0 before=2 ext=0 this=000001B4F7590780
AddRefInternal func '$beh8' type=0 -> 245 ext=0 this=000001B4F7590280
AddRefInternal func '$beh0' type=0 -> 245 ext=0 this=000001B4F7590500
AddRefInternal func '$beh2' type=0 -> 2 ext=0 this=000001B4F7590780
ReleaseInternal func '$beh2' type=0 before=2 ext=0 this=000001B4F7590780
AddRefInternal func '$beh8' type=0 -> 246 ext=0 this=000001B4F7590280
AddRefInternal func '$beh0' type=0 -> 246 ext=0 this=000001B4F7590500
AddRefInternal func '$beh2' type=0 -> 2 ext=0 this=000001B4F7590780
ReleaseInternal func '$beh2' type=0 before=2 ext=0 this=000001B4F7590780
AddRefInternal func '$beh8' type=0 -> 247 ext=0 this=000001B4F7590280
AddRefInternal func '$beh0' type=0 -> 247 ext=0 this=000001B4F7590500
AddRefInternal func '$beh2' type=0 -> 2 ext=0 this=000001B4F7590780
ReleaseInternal func '$beh2' type=0 before=2 ext=0 this=000001B4F7590780
AddRefInternal func '$beh8' type=0 -> 35 ext=0 this=000001B4F8211680
AddRefInternal func '$beh0' type=0 -> 35 ext=0 this=000001B4F8210F00
AddRefInternal func '$beh0' type=0 -> 35 ext=0 this=000001B4F8211180
AddRefInternal func '$beh0' type=0 -> 35 ext=0 this=000001B4F8211900
AddRefInternal func '$beh8' type=0 -> 248 ext=0 this=000001B4F7590280
AddRefInternal func '$beh0' type=0 -> 248 ext=0 this=000001B4F7590500
AddRefInternal func '$beh2' type=0 -> 2 ext=0 this=000001B4F7590780
ReleaseInternal func '$beh2' type=0 before=2 ext=0 this=000001B4F7590780
AddRefInternal func '$beh8' type=0 -> 249 ext=0 this=000001B4F7590280
AddRefInternal func '$beh0' type=0 -> 249 ext=0 this=000001B4F7590500
AddRefInternal func '$beh2' type=0 -> 2 ext=0 this=000001B4F7590780
ReleaseInternal func '$beh2' type=0 before=2 ext=0 this=000001B4F7590780
AddRefInternal func '$beh8' type=0 -> 250 ext=0 this=000001B4F7590280
AddRefInternal func '$beh0' type=0 -> 250 ext=0 this=000001B4F7590500
AddRefInternal func '$beh2' type=0 -> 2 ext=0 this=000001B4F7590780
ReleaseInternal func '$beh2' type=0 before=2 ext=0 this=000001B4F7590780
AddRefInternal func '$beh8' type=0 -> 251 ext=0 this=000001B4F7590280
AddRefInternal func '$beh0' type=0 -> 251 ext=0 this=000001B4F7590500
AddRefInternal func '$beh2' type=0 -> 2 ext=0 this=000001B4F7590780
ReleaseInternal func '$beh2' type=0 before=2 ext=0 this=000001B4F7590780
AddRefInternal func '$beh8' type=0 -> 252 ext=0 this=000001B4F7590280
AddRefInternal func '$beh0' type=0 -> 252 ext=0 this=000001B4F7590500
AddRefInternal func '$beh2' type=0 -> 2 ext=0 this=000001B4F7590780
ReleaseInternal func '$beh2' type=0 before=2 ext=0 this=000001B4F7590780
AddRefInternal func '$beh8' type=0 -> 253 ext=0 this=000001B4F7590280
AddRefInternal func '$beh0' type=0 -> 253 ext=0 this=000001B4F7590500
AddRefInternal func '$beh2' type=0 -> 2 ext=0 this=000001B4F7590780
ReleaseInternal func '$beh2' type=0 before=2 ext=0 this=000001B4F7590780
AddRefInternal func '$beh8' type=0 -> 254 ext=0 this=000001B4F7590280
AddRefInternal func '$beh0' type=0 -> 254 ext=0 this=000001B4F7590500
AddRefInternal func '$beh2' type=0 -> 2 ext=0 this=000001B4F7590780
ReleaseInternal func '$beh2' type=0 before=2 ext=0 this=000001B4F7590780
AddRefInternal func '$beh8' type=0 -> 255 ext=0 this=000001B4F7590280
AddRefInternal func '$beh0' type=0 -> 255 ext=0 this=000001B4F7590500
AddRefInternal func '$beh2' type=0 -> 2 ext=0 this=000001B4F7590780
ReleaseInternal func '$beh2' type=0 before=2 ext=0 this=000001B4F7590780
AddRefInternal func '$beh8' type=0 -> 256 ext=0 this=000001B4F7590280
AddRefInternal func '$beh0' type=0 -> 256 ext=0 this=000001B4F7590500
AddRefInternal func '$beh2' type=0 -> 2 ext=0 this=000001B4F7590780
ReleaseInternal func '$beh2' type=0 before=2 ext=0 this=000001B4F7590780
AddRefInternal func '$beh8' type=0 -> 257 ext=0 this=000001B4F7590280
AddRefInternal func '$beh0' type=0 -> 257 ext=0 this=000001B4F7590500
AddRefInternal func '$beh2' type=0 -> 2 ext=0 this=000001B4F7590780
ReleaseInternal func '$beh2' type=0 before=2 ext=0 this=000001B4F7590780
AddRefInternal func '$beh8' type=0 -> 258 ext=0 this=000001B4F7590280
AddRefInternal func '$beh0' type=0 -> 258 ext=0 this=000001B4F7590500
AddRefInternal func '$beh2' type=0 -> 2 ext=0 this=000001B4F7590780
ReleaseInternal func '$beh2' type=0 before=2 ext=0 this=000001B4F7590780
AddRefInternal func '$beh8' type=0 -> 259 ext=0 this=000001B4F7590280
AddRefInternal func '$beh0' type=0 -> 259 ext=0 this=000001B4F7590500
AddRefInternal func '$beh2' type=0 -> 2 ext=0 this=000001B4F7590780
ReleaseInternal func '$beh2' type=0 before=2 ext=0 this=000001B4F7590780
AddRefInternal func '$beh8' type=0 -> 260 ext=0 this=000001B4F7590280
AddRefInternal func '$beh0' type=0 -> 260 ext=0 this=000001B4F7590500
AddRefInternal func '$beh2' type=0 -> 2 ext=0 this=000001B4F7590780
ReleaseInternal func '$beh2' type=0 before=2 ext=0 this=000001B4F7590780
AddRefInternal func '$beh8' type=0 -> 25 ext=0 this=000001B4F7590A00
AddRefInternal func '$beh0' type=0 -> 25 ext=0 this=000001B4FC6B7A80
AddRefInternal func '$beh0' type=0 -> 25 ext=0 this=000001B4FC6B7D00
AddRefInternal func '$beh0' type=0 -> 25 ext=0 this=000001B4FC6B9B00
AddRefInternal func '$beh0' type=0 -> 25 ext=0 this=000001B4FC6B9D80
AddRefInternal func '$beh2' type=0 -> 2 ext=0 this=000001B4FC6B7F80
ReleaseInternal func '$beh2' type=0 before=2 ext=0 this=000001B4FC6B7F80
AddRefInternal func '$beh8' type=0 -> 64 ext=0 this=000001B4F821AC80
AddRefInternal func '$beh0' type=0 -> 64 ext=0 this=000001B4F821A500
AddRefInternal func '$beh0' type=0 -> 64 ext=0 this=000001B4F821A780
AddRefInternal func '$beh0' type=0 -> 64 ext=0 this=000001B4F821AF00
AddRefInternal func '$beh8' type=0 -> 65 ext=0 this=000001B4F821AC80
AddRefInternal func '$beh0' type=0 -> 65 ext=0 this=000001B4F821A500
AddRefInternal func '$beh0' type=0 -> 65 ext=0 this=000001B4F821A780
AddRefInternal func '$beh0' type=0 -> 65 ext=0 this=000001B4F821AF00
AddRefInternal func '$beh8' type=0 -> 261 ext=0 this=000001B4F7590280
AddRefInternal func '$beh0' type=0 -> 261 ext=0 this=000001B4F7590500
AddRefInternal func '$beh2' type=0 -> 2 ext=0 this=000001B4F7590780
ReleaseInternal func '$beh2' type=0 before=2 ext=0 this=000001B4F7590780
AddRefInternal func '$beh8' type=0 -> 21 ext=0 this=000001B4F7599880
AddRefInternal func '$beh0' type=0 -> 21 ext=0 this=000001B4F7599380
AddRefInternal func '$beh2' type=0 -> 2 ext=0 this=000001B4F7599600
ReleaseInternal func '$beh2' type=0 before=2 ext=0 this=000001B4F7599600
AddRefInternal func '$beh8' type=0 -> 22 ext=0 this=000001B4F7599880
AddRefInternal func '$beh0' type=0 -> 22 ext=0 this=000001B4F7599380
AddRefInternal func '$beh2' type=0 -> 2 ext=0 this=000001B4F7599600
ReleaseInternal func '$beh2' type=0 before=2 ext=0 this=000001B4F7599600
AddRefInternal func '$beh8' type=0 -> 36 ext=0 this=000001B4F8211680
AddRefInternal func '$beh0' type=0 -> 36 ext=0 this=000001B4F8210F00
AddRefInternal func '$beh0' type=0 -> 36 ext=0 this=000001B4F8211180
AddRefInternal func '$beh0' type=0 -> 36 ext=0 this=000001B4F8211900
AddRefInternal func '$beh8' type=0 -> 262 ext=0 this=000001B4F7590280
AddRefInternal func '$beh0' type=0 -> 262 ext=0 this=000001B4F7590500
AddRefInternal func '$beh2' type=0 -> 2 ext=0 this=000001B4F7590780
ReleaseInternal func '$beh2' type=0 before=2 ext=0 this=000001B4F7590780
AddRefInternal func '$beh8' type=0 -> 37 ext=0 this=000001B4F8211680
AddRefInternal func '$beh0' type=0 -> 37 ext=0 this=000001B4F8210F00
AddRefInternal func '$beh0' type=0 -> 37 ext=0 this=000001B4F8211180
AddRefInternal func '$beh0' type=0 -> 37 ext=0 this=000001B4F8211900
AddRefInternal func '$beh8' type=0 -> 263 ext=0 this=000001B4F7590280
AddRefInternal func '$beh0' type=0 -> 263 ext=0 this=000001B4F7590500
AddRefInternal func '$beh2' type=0 -> 2 ext=0 this=000001B4F7590780
ReleaseInternal func '$beh2' type=0 before=2 ext=0 this=000001B4F7590780
AddRefInternal func '$beh8' type=0 -> 264 ext=0 this=000001B4F7590280
AddRefInternal func '$beh0' type=0 -> 264 ext=0 this=000001B4F7590500
AddRefInternal func '$beh2' type=0 -> 2 ext=0 this=000001B4F7590780
ReleaseInternal func '$beh2' type=0 before=2 ext=0 this=000001B4F7590780
AddRefInternal func '$beh8' type=0 -> 38 ext=0 this=000001B4F8211680
AddRefInternal func '$beh0' type=0 -> 38 ext=0 this=000001B4F8210F00
AddRefInternal func '$beh0' type=0 -> 38 ext=0 this=000001B4F8211180
AddRefInternal func '$beh0' type=0 -> 38 ext=0 this=000001B4F8211900
AddRefInternal func '$beh8' type=0 -> 265 ext=0 this=000001B4F7590280
AddRefInternal func '$beh0' type=0 -> 265 ext=0 this=000001B4F7590500
AddRefInternal func '$beh2' type=0 -> 2 ext=0 this=000001B4F7590780
ReleaseInternal func '$beh2' type=0 before=2 ext=0 this=000001B4F7590780
AddRefInternal func '$beh8' type=0 -> 266 ext=0 this=000001B4F7590280
AddRefInternal func '$beh0' type=0 -> 266 ext=0 this=000001B4F7590500
AddRefInternal func '$beh2' type=0 -> 2 ext=0 this=000001B4F7590780
ReleaseInternal func '$beh2' type=0 before=2 ext=0 this=000001B4F7590780
AddRefInternal func '$beh8' type=0 -> 66 ext=0 this=000001B4F821AC80
AddRefInternal func '$beh0' type=0 -> 66 ext=0 this=000001B4F821A500
AddRefInternal func '$beh0' type=0 -> 66 ext=0 this=000001B4F821A780
AddRefInternal func '$beh0' type=0 -> 66 ext=0 this=000001B4F821AF00
AddRefInternal func '$beh8' type=0 -> 67 ext=0 this=000001B4F821AC80
AddRefInternal func '$beh0' type=0 -> 67 ext=0 this=000001B4F821A500
AddRefInternal func '$beh0' type=0 -> 67 ext=0 this=000001B4F821A780
AddRefInternal func '$beh0' type=0 -> 67 ext=0 this=000001B4F821AF00
AddRefInternal func '$beh8' type=0 -> 267 ext=0 this=000001B4F7590280
AddRefInternal func '$beh0' type=0 -> 267 ext=0 this=000001B4F7590500
AddRefInternal func '$beh2' type=0 -> 2 ext=0 this=000001B4F7590780
ReleaseInternal func '$beh2' type=0 before=2 ext=0 this=000001B4F7590780
AddRefInternal func '$beh8' type=0 -> 39 ext=0 this=000001B4F8211680
AddRefInternal func '$beh0' type=0 -> 39 ext=0 this=000001B4F8210F00
AddRefInternal func '$beh0' type=0 -> 39 ext=0 this=000001B4F8211180
AddRefInternal func '$beh0' type=0 -> 39 ext=0 this=000001B4F8211900
AddRefInternal func '$beh8' type=0 -> 268 ext=0 this=000001B4F7590280
AddRefInternal func '$beh0' type=0 -> 268 ext=0 this=000001B4F7590500
AddRefInternal func '$beh2' type=0 -> 2 ext=0 this=000001B4F7590780
ReleaseInternal func '$beh2' type=0 before=2 ext=0 this=000001B4F7590780
AddRefInternal func '$beh8' type=0 -> 269 ext=0 this=000001B4F7590280
AddRefInternal func '$beh0' type=0 -> 269 ext=0 this=000001B4F7590500
AddRefInternal func '$beh2' type=0 -> 2 ext=0 this=000001B4F7590780
ReleaseInternal func '$beh2' type=0 before=2 ext=0 this=000001B4F7590780
AddRefInternal func '$beh8' type=0 -> 40 ext=0 this=000001B4F8211680
AddRefInternal func '$beh0' type=0 -> 40 ext=0 this=000001B4F8210F00
AddRefInternal func '$beh0' type=0 -> 40 ext=0 this=000001B4F8211180
AddRefInternal func '$beh0' type=0 -> 40 ext=0 this=000001B4F8211900
AddRefInternal func '$beh8' type=0 -> 270 ext=0 this=000001B4F7590280
AddRefInternal func '$beh0' type=0 -> 270 ext=0 this=000001B4F7590500
AddRefInternal func '$beh2' type=0 -> 2 ext=0 this=000001B4F7590780
ReleaseInternal func '$beh2' type=0 before=2 ext=0 this=000001B4F7590780
AddRefInternal func '$beh8' type=0 -> 271 ext=0 this=000001B4F7590280
AddRefInternal func '$beh0' type=0 -> 271 ext=0 this=000001B4F7590500
AddRefInternal func '$beh2' type=0 -> 2 ext=0 this=000001B4F7590780
ReleaseInternal func '$beh2' type=0 before=2 ext=0 this=000001B4F7590780
AddRefInternal func '$beh8' type=0 -> 4 ext=0 this=000001B4F8213480
AddRefInternal func '$beh0' type=0 -> 4 ext=0 this=000001B4F8212A80
AddRefInternal func '$beh0' type=0 -> 4 ext=0 this=000001B4F8212D00
AddRefInternal func '$beh0' type=0 -> 4 ext=0 this=000001B4F8212F80
AddRefInternal func '$beh2' type=0 -> 2 ext=0 this=000001B4F8213200
ReleaseInternal func '$beh2' type=0 before=2 ext=0 this=000001B4F8213200
AddRefInternal func '$beh8' type=0 -> 272 ext=0 this=000001B4F7590280
AddRefInternal func '$beh0' type=0 -> 272 ext=0 this=000001B4F7590500
AddRefInternal func '$beh2' type=0 -> 2 ext=0 this=000001B4F7590780
ReleaseInternal func '$beh2' type=0 before=2 ext=0 this=000001B4F7590780
AddRefInternal func '$beh8' type=0 -> 23 ext=0 this=000001B4F7599880
AddRefInternal func '$beh0' type=0 -> 23 ext=0 this=000001B4F7599380
AddRefInternal func '$beh2' type=0 -> 2 ext=0 this=000001B4F7599600
ReleaseInternal func '$beh2' type=0 before=2 ext=0 this=000001B4F7599600
AddRefInternal func '$beh8' type=0 -> 41 ext=0 this=000001B4F8211680
AddRefInternal func '$beh0' type=0 -> 41 ext=0 this=000001B4F8210F00
AddRefInternal func '$beh0' type=0 -> 41 ext=0 this=000001B4F8211180
AddRefInternal func '$beh0' type=0 -> 41 ext=0 this=000001B4F8211900
AddRefInternal func '$beh8' type=0 -> 273 ext=0 this=000001B4F7590280
AddRefInternal func '$beh0' type=0 -> 273 ext=0 this=000001B4F7590500
AddRefInternal func '$beh2' type=0 -> 2 ext=0 this=000001B4F7590780
ReleaseInternal func '$beh2' type=0 before=2 ext=0 this=000001B4F7590780
AddRefInternal func '$beh8' type=0 -> 68 ext=0 this=000001B4F821AC80
AddRefInternal func '$beh0' type=0 -> 68 ext=0 this=000001B4F821A500
AddRefInternal func '$beh0' type=0 -> 68 ext=0 this=000001B4F821A780
AddRefInternal func '$beh0' type=0 -> 68 ext=0 this=000001B4F821AF00
AddRefInternal func '$beh8' type=0 -> 69 ext=0 this=000001B4F821AC80
AddRefInternal func '$beh0' type=0 -> 69 ext=0 this=000001B4F821A500
AddRefInternal func '$beh0' type=0 -> 69 ext=0 this=000001B4F821A780
AddRefInternal func '$beh0' type=0 -> 69 ext=0 this=000001B4F821AF00
AddRefInternal func '$beh8' type=0 -> 70 ext=0 this=000001B4F821AC80
AddRefInternal func '$beh0' type=0 -> 70 ext=0 this=000001B4F821A500
AddRefInternal func '$beh0' type=0 -> 70 ext=0 this=000001B4F821A780
AddRefInternal func '$beh0' type=0 -> 70 ext=0 this=000001B4F821AF00
AddRefInternal func '$beh8' type=0 -> 71 ext=0 this=000001B4F821AC80
AddRefInternal func '$beh0' type=0 -> 71 ext=0 this=000001B4F821A500
AddRefInternal func '$beh0' type=0 -> 71 ext=0 this=000001B4F821A780
AddRefInternal func '$beh0' type=0 -> 71 ext=0 this=000001B4F821AF00
AddRefInternal func '$beh8' type=0 -> 72 ext=0 this=000001B4F821AC80
AddRefInternal func '$beh0' type=0 -> 72 ext=0 this=000001B4F821A500
AddRefInternal func '$beh0' type=0 -> 72 ext=0 this=000001B4F821A780
AddRefInternal func '$beh0' type=0 -> 72 ext=0 this=000001B4F821AF00
AddRefInternal func '$beh8' type=0 -> 73 ext=0 this=000001B4F821AC80
AddRefInternal func '$beh0' type=0 -> 73 ext=0 this=000001B4F821A500
AddRefInternal func '$beh0' type=0 -> 73 ext=0 this=000001B4F821A780
AddRefInternal func '$beh0' type=0 -> 73 ext=0 this=000001B4F821AF00
AddRefInternal func '$beh8' type=0 -> 74 ext=0 this=000001B4F821AC80
AddRefInternal func '$beh0' type=0 -> 74 ext=0 this=000001B4F821A500
AddRefInternal func '$beh0' type=0 -> 74 ext=0 this=000001B4F821A780
AddRefInternal func '$beh0' type=0 -> 74 ext=0 this=000001B4F821AF00
AddRefInternal func '$beh8' type=0 -> 42 ext=0 this=000001B4F8211680
AddRefInternal func '$beh0' type=0 -> 42 ext=0 this=000001B4F8210F00
AddRefInternal func '$beh0' type=0 -> 42 ext=0 this=000001B4F8211180
AddRefInternal func '$beh0' type=0 -> 42 ext=0 this=000001B4F8211900
AddRefInternal func '$beh8' type=0 -> 274 ext=0 this=000001B4F7590280
AddRefInternal func '$beh0' type=0 -> 274 ext=0 this=000001B4F7590500
AddRefInternal func '$beh2' type=0 -> 2 ext=0 this=000001B4F7590780
ReleaseInternal func '$beh2' type=0 before=2 ext=0 this=000001B4F7590780
AddRefInternal func '$beh8' type=0 -> 275 ext=0 this=000001B4F7590280
AddRefInternal func '$beh0' type=0 -> 275 ext=0 this=000001B4F7590500
AddRefInternal func '$beh2' type=0 -> 2 ext=0 this=000001B4F7590780
ReleaseInternal func '$beh2' type=0 before=2 ext=0 this=000001B4F7590780
AddRefInternal func '$beh8' type=0 -> 276 ext=0 this=000001B4F7590280
AddRefInternal func '$beh0' type=0 -> 276 ext=0 this=000001B4F7590500
AddRefInternal func '$beh2' type=0 -> 2 ext=0 this=000001B4F7590780
ReleaseInternal func '$beh2' type=0 before=2 ext=0 this=000001B4F7590780
AddRefInternal func '$beh8' type=0 -> 75 ext=0 this=000001B4F821AC80
AddRefInternal func '$beh0' type=0 -> 75 ext=0 this=000001B4F821A500
AddRefInternal func '$beh0' type=0 -> 75 ext=0 this=000001B4F821A780
AddRefInternal func '$beh0' type=0 -> 75 ext=0 this=000001B4F821AF00
AddRefInternal func '$beh8' type=0 -> 76 ext=0 this=000001B4F821AC80
AddRefInternal func '$beh0' type=0 -> 76 ext=0 this=000001B4F821A500
AddRefInternal func '$beh0' type=0 -> 76 ext=0 this=000001B4F821A780
AddRefInternal func '$beh0' type=0 -> 76 ext=0 this=000001B4F821AF00
AddRefInternal func '$beh8' type=0 -> 77 ext=0 this=000001B4F821AC80
AddRefInternal func '$beh0' type=0 -> 77 ext=0 this=000001B4F821A500
AddRefInternal func '$beh0' type=0 -> 77 ext=0 this=000001B4F821A780
AddRefInternal func '$beh0' type=0 -> 77 ext=0 this=000001B4F821AF00
AddRefInternal func '$beh8' type=0 -> 24 ext=0 this=000001B4F7599880
AddRefInternal func '$beh0' type=0 -> 24 ext=0 this=000001B4F7599380
AddRefInternal func '$beh2' type=0 -> 2 ext=0 this=000001B4F7599600
ReleaseInternal func '$beh2' type=0 before=2 ext=0 this=000001B4F7599600
AddRefInternal func '$beh8' type=0 -> 25 ext=0 this=000001B4F7599880
AddRefInternal func '$beh0' type=0 -> 25 ext=0 this=000001B4F7599380
AddRefInternal func '$beh2' type=0 -> 2 ext=0 this=000001B4F7599600
ReleaseInternal func '$beh2' type=0 before=2 ext=0 this=000001B4F7599600
AddRefInternal func '$beh8' type=0 -> 26 ext=0 this=000001B4F7599880
AddRefInternal func '$beh0' type=0 -> 26 ext=0 this=000001B4F7599380
AddRefInternal func '$beh2' type=0 -> 2 ext=0 this=000001B4F7599600
ReleaseInternal func '$beh2' type=0 before=2 ext=0 this=000001B4F7599600
AddRefInternal func '$beh8' type=0 -> 27 ext=0 this=000001B4F7599880
AddRefInternal func '$beh0' type=0 -> 27 ext=0 this=000001B4F7599380
AddRefInternal func '$beh2' type=0 -> 2 ext=0 this=000001B4F7599600
ReleaseInternal func '$beh2' type=0 before=2 ext=0 this=000001B4F7599600
AddRefInternal func '$beh8' type=0 -> 277 ext=0 this=000001B4F7590280
AddRefInternal func '$beh0' type=0 -> 277 ext=0 this=000001B4F7590500
AddRefInternal func '$beh2' type=0 -> 2 ext=0 this=000001B4F7590780
ReleaseInternal func '$beh2' type=0 before=2 ext=0 this=000001B4F7590780
AddRefInternal func '$beh8' type=0 -> 278 ext=0 this=000001B4F7590280
AddRefInternal func '$beh0' type=0 -> 278 ext=0 this=000001B4F7590500
AddRefInternal func '$beh2' type=0 -> 2 ext=0 this=000001B4F7590780
ReleaseInternal func '$beh2' type=0 before=2 ext=0 this=000001B4F7590780
AddRefInternal func '$beh8' type=0 -> 6 ext=0 this=000001B4F7590C80
AddRefInternal func '$beh0' type=0 -> 6 ext=0 this=000001B4FC6BB180
AddRefInternal func '$beh0' type=0 -> 6 ext=0 this=000001B4FC6BB400
AddRefInternal func '$beh0' type=0 -> 6 ext=0 this=000001B4FC6BD200
AddRefInternal func '$beh0' type=0 -> 6 ext=0 this=000001B4FC6BD480
AddRefInternal func '$beh0' type=0 -> 6 ext=0 this=000001B4FC6BD700
AddRefInternal func '$beh2' type=0 -> 2 ext=0 this=000001B4FC6BB680
ReleaseInternal func '$beh2' type=0 before=2 ext=0 this=000001B4FC6BB680
AddRefInternal func '$beh8' type=0 -> 7 ext=0 this=000001B4F7590C80
AddRefInternal func '$beh0' type=0 -> 7 ext=0 this=000001B4FC6BB180
AddRefInternal func '$beh0' type=0 -> 7 ext=0 this=000001B4FC6BB400
AddRefInternal func '$beh0' type=0 -> 7 ext=0 this=000001B4FC6BD200
AddRefInternal func '$beh0' type=0 -> 7 ext=0 this=000001B4FC6BD480
AddRefInternal func '$beh0' type=0 -> 7 ext=0 this=000001B4FC6BD700
AddRefInternal func '$beh2' type=0 -> 2 ext=0 this=000001B4FC6BB680
ReleaseInternal func '$beh2' type=0 before=2 ext=0 this=000001B4FC6BB680
AddRefInternal func '$beh8' type=0 -> 279 ext=0 this=000001B4F7590280
AddRefInternal func '$beh0' type=0 -> 279 ext=0 this=000001B4F7590500
AddRefInternal func '$beh2' type=0 -> 2 ext=0 this=000001B4F7590780
ReleaseInternal func '$beh2' type=0 before=2 ext=0 this=000001B4F7590780
AddRefInternal func '$beh8' type=0 -> 43 ext=0 this=000001B4F8211680
AddRefInternal func '$beh0' type=0 -> 43 ext=0 this=000001B4F8210F00
AddRefInternal func '$beh0' type=0 -> 43 ext=0 this=000001B4F8211180
AddRefInternal func '$beh0' type=0 -> 43 ext=0 this=000001B4F8211900
AddRefInternal func '$beh8' type=0 -> 280 ext=0 this=000001B4F7590280
AddRefInternal func '$beh0' type=0 -> 280 ext=0 this=000001B4F7590500
AddRefInternal func '$beh2' type=0 -> 2 ext=0 this=000001B4F7590780
ReleaseInternal func '$beh2' type=0 before=2 ext=0 this=000001B4F7590780
AddRefInternal func '$beh8' type=0 -> 281 ext=0 this=000001B4F7590280
AddRefInternal func '$beh0' type=0 -> 281 ext=0 this=000001B4F7590500
AddRefInternal func '$beh2' type=0 -> 2 ext=0 this=000001B4F7590780
ReleaseInternal func '$beh2' type=0 before=2 ext=0 this=000001B4F7590780
AddRefInternal func '$beh8' type=0 -> 28 ext=0 this=000001B4F7599880
AddRefInternal func '$beh0' type=0 -> 28 ext=0 this=000001B4F7599380
AddRefInternal func '$beh2' type=0 -> 2 ext=0 this=000001B4F7599600
ReleaseInternal func '$beh2' type=0 before=2 ext=0 this=000001B4F7599600
AddRefInternal func '$beh8' type=0 -> 282 ext=0 this=000001B4F7590280
AddRefInternal func '$beh0' type=0 -> 282 ext=0 this=000001B4F7590500
AddRefInternal func '$beh2' type=0 -> 2 ext=0 this=000001B4F7590780
ReleaseInternal func '$beh2' type=0 before=2 ext=0 this=000001B4F7590780
AddRefInternal func '$beh8' type=0 -> 283 ext=0 this=000001B4F7590280
AddRefInternal func '$beh0' type=0 -> 283 ext=0 this=000001B4F7590500
AddRefInternal func '$beh2' type=0 -> 2 ext=0 this=000001B4F7590780
ReleaseInternal func '$beh2' type=0 before=2 ext=0 this=000001B4F7590780
AddRefInternal func '$beh8' type=0 -> 284 ext=0 this=000001B4F7590280
AddRefInternal func '$beh0' type=0 -> 284 ext=0 this=000001B4F7590500
AddRefInternal func '$beh2' type=0 -> 2 ext=0 this=000001B4F7590780
ReleaseInternal func '$beh2' type=0 before=2 ext=0 this=000001B4F7590780
AddRefInternal func '$beh8' type=0 -> 285 ext=0 this=000001B4F7590280
AddRefInternal func '$beh0' type=0 -> 285 ext=0 this=000001B4F7590500
AddRefInternal func '$beh2' type=0 -> 2 ext=0 this=000001B4F7590780
ReleaseInternal func '$beh2' type=0 before=2 ext=0 this=000001B4F7590780
AddRefInternal func '$beh8' type=0 -> 286 ext=0 this=000001B4F7590280
AddRefInternal func '$beh0' type=0 -> 286 ext=0 this=000001B4F7590500
AddRefInternal func '$beh2' type=0 -> 2 ext=0 this=000001B4F7590780
ReleaseInternal func '$beh2' type=0 before=2 ext=0 this=000001B4F7590780
AddRefInternal func '$beh8' type=0 -> 287 ext=0 this=000001B4F7590280
AddRefInternal func '$beh0' type=0 -> 287 ext=0 this=000001B4F7590500
AddRefInternal func '$beh2' type=0 -> 2 ext=0 this=000001B4F7590780
ReleaseInternal func '$beh2' type=0 before=2 ext=0 this=000001B4F7590780
AddRefInternal func '$beh8' type=0 -> 288 ext=0 this=000001B4F7590280
AddRefInternal func '$beh0' type=0 -> 288 ext=0 this=000001B4F7590500
AddRefInternal func '$beh2' type=0 -> 2 ext=0 this=000001B4F7590780
ReleaseInternal func '$beh2' type=0 before=2 ext=0 this=000001B4F7590780
AddRefInternal func '$beh8' type=0 -> 289 ext=0 this=000001B4F7590280
AddRefInternal func '$beh0' type=0 -> 289 ext=0 this=000001B4F7590500
AddRefInternal func '$beh2' type=0 -> 2 ext=0 this=000001B4F7590780
ReleaseInternal func '$beh2' type=0 before=2 ext=0 this=000001B4F7590780
AddRefInternal func '$beh8' type=0 -> 290 ext=0 this=000001B4F7590280
AddRefInternal func '$beh0' type=0 -> 290 ext=0 this=000001B4F7590500
AddRefInternal func '$beh2' type=0 -> 2 ext=0 this=000001B4F7590780
ReleaseInternal func '$beh2' type=0 before=2 ext=0 this=000001B4F7590780
AddRefInternal func '$beh8' type=0 -> 44 ext=0 this=000001B4F8211680
AddRefInternal func '$beh0' type=0 -> 44 ext=0 this=000001B4F8210F00
AddRefInternal func '$beh0' type=0 -> 44 ext=0 this=000001B4F8211180
AddRefInternal func '$beh0' type=0 -> 44 ext=0 this=000001B4F8211900
AddRefInternal func '$beh8' type=0 -> 15 ext=0 this=000001B4F8215500
AddRefInternal func '$beh0' type=0 -> 15 ext=0 this=000001B4F8215000
AddRefInternal func '$beh2' type=0 -> 2 ext=0 this=000001B4F8215280
ReleaseInternal func '$beh2' type=0 before=2 ext=0 this=000001B4F8215280
AddRefInternal func '$beh8' type=0 -> 291 ext=0 this=000001B4F7590280
AddRefInternal func '$beh0' type=0 -> 291 ext=0 this=000001B4F7590500
AddRefInternal func '$beh2' type=0 -> 2 ext=0 this=000001B4F7590780
ReleaseInternal func '$beh2' type=0 before=2 ext=0 this=000001B4F7590780
AddRefInternal func '$beh8' type=0 -> 292 ext=0 this=000001B4F7590280
AddRefInternal func '$beh0' type=0 -> 292 ext=0 this=000001B4F7590500
AddRefInternal func '$beh2' type=0 -> 2 ext=0 this=000001B4F7590780
ReleaseInternal func '$beh2' type=0 before=2 ext=0 this=000001B4F7590780
AddRefInternal func '$beh8' type=0 -> 293 ext=0 this=000001B4F7590280
AddRefInternal func '$beh0' type=0 -> 293 ext=0 this=000001B4F7590500
AddRefInternal func '$beh2' type=0 -> 2 ext=0 this=000001B4F7590780
ReleaseInternal func '$beh2' type=0 before=2 ext=0 this=000001B4F7590780
AddRefInternal func '$beh8' type=0 -> 294 ext=0 this=000001B4F7590280
AddRefInternal func '$beh0' type=0 -> 294 ext=0 this=000001B4F7590500
AddRefInternal func '$beh2' type=0 -> 2 ext=0 this=000001B4F7590780
ReleaseInternal func '$beh2' type=0 before=2 ext=0 this=000001B4F7590780
AddRefInternal func '$beh8' type=0 -> 295 ext=0 this=000001B4F7590280
AddRefInternal func '$beh0' type=0 -> 295 ext=0 this=000001B4F7590500
AddRefInternal func '$beh2' type=0 -> 2 ext=0 this=000001B4F7590780
ReleaseInternal func '$beh2' type=0 before=2 ext=0 this=000001B4F7590780
AddRefInternal func '$beh8' type=0 -> 296 ext=0 this=000001B4F7590280
AddRefInternal func '$beh0' type=0 -> 296 ext=0 this=000001B4F7590500
AddRefInternal func '$beh2' type=0 -> 2 ext=0 this=000001B4F7590780
ReleaseInternal func '$beh2' type=0 before=2 ext=0 this=000001B4F7590780
AddRefInternal func '$beh8' type=0 -> 297 ext=0 this=000001B4F7590280
AddRefInternal func '$beh0' type=0 -> 297 ext=0 this=000001B4F7590500
AddRefInternal func '$beh2' type=0 -> 2 ext=0 this=000001B4F7590780
ReleaseInternal func '$beh2' type=0 before=2 ext=0 this=000001B4F7590780
AddRefInternal func '$beh8' type=0 -> 298 ext=0 this=000001B4F7590280
AddRefInternal func '$beh0' type=0 -> 298 ext=0 this=000001B4F7590500
AddRefInternal func '$beh2' type=0 -> 2 ext=0 this=000001B4F7590780
ReleaseInternal func '$beh2' type=0 before=2 ext=0 this=000001B4F7590780
AddRefInternal func '$beh8' type=0 -> 299 ext=0 this=000001B4F7590280
AddRefInternal func '$beh0' type=0 -> 299 ext=0 this=000001B4F7590500
AddRefInternal func '$beh2' type=0 -> 2 ext=0 this=000001B4F7590780
ReleaseInternal func '$beh2' type=0 before=2 ext=0 this=000001B4F7590780
AddRefInternal func '$beh8' type=0 -> 300 ext=0 this=000001B4F7590280
AddRefInternal func '$beh0' type=0 -> 300 ext=0 this=000001B4F7590500
AddRefInternal func '$beh2' type=0 -> 2 ext=0 this=000001B4F7590780
ReleaseInternal func '$beh2' type=0 before=2 ext=0 this=000001B4F7590780
AddRefInternal func '$beh8' type=0 -> 301 ext=0 this=000001B4F7590280
AddRefInternal func '$beh0' type=0 -> 301 ext=0 this=000001B4F7590500
AddRefInternal func '$beh2' type=0 -> 2 ext=0 this=000001B4F7590780
ReleaseInternal func '$beh2' type=0 before=2 ext=0 this=000001B4F7590780
AddRefInternal func '$beh8' type=0 -> 302 ext=0 this=000001B4F7590280
AddRefInternal func '$beh0' type=0 -> 302 ext=0 this=000001B4F7590500
AddRefInternal func '$beh2' type=0 -> 2 ext=0 this=000001B4F7590780
ReleaseInternal func '$beh2' type=0 before=2 ext=0 this=000001B4F7590780
AddRefInternal func '$beh8' type=0 -> 303 ext=0 this=000001B4F7590280
AddRefInternal func '$beh0' type=0 -> 303 ext=0 this=000001B4F7590500
AddRefInternal func '$beh2' type=0 -> 2 ext=0 this=000001B4F7590780
ReleaseInternal func '$beh2' type=0 before=2 ext=0 this=000001B4F7590780
AddRefInternal func '$beh8' type=0 -> 45 ext=0 this=000001B4F8211680
AddRefInternal func '$beh0' type=0 -> 45 ext=0 this=000001B4F8210F00
AddRefInternal func '$beh0' type=0 -> 45 ext=0 this=000001B4F8211180
AddRefInternal func '$beh0' type=0 -> 45 ext=0 this=000001B4F8211900
AddRefInternal func '$beh8' type=0 -> 304 ext=0 this=000001B4F7590280
AddRefInternal func '$beh0' type=0 -> 304 ext=0 this=000001B4F7590500
AddRefInternal func '$beh2' type=0 -> 2 ext=0 this=000001B4F7590780
ReleaseInternal func '$beh2' type=0 before=2 ext=0 this=000001B4F7590780
AddRefInternal func '$beh8' type=0 -> 305 ext=0 this=000001B4F7590280
AddRefInternal func '$beh0' type=0 -> 305 ext=0 this=000001B4F7590500
AddRefInternal func '$beh2' type=0 -> 2 ext=0 this=000001B4F7590780
ReleaseInternal func '$beh2' type=0 before=2 ext=0 this=000001B4F7590780
AddRefInternal func '$beh8' type=0 -> 306 ext=0 this=000001B4F7590280
AddRefInternal func '$beh0' type=0 -> 306 ext=0 this=000001B4F7590500
AddRefInternal func '$beh2' type=0 -> 2 ext=0 this=000001B4F7590780
ReleaseInternal func '$beh2' type=0 before=2 ext=0 this=000001B4F7590780
AddRefInternal func '$beh8' type=0 -> 307 ext=0 this=000001B4F7590280
AddRefInternal func '$beh0' type=0 -> 307 ext=0 this=000001B4F7590500
AddRefInternal func '$beh2' type=0 -> 2 ext=0 this=000001B4F7590780
ReleaseInternal func '$beh2' type=0 before=2 ext=0 this=000001B4F7590780
AddRefInternal func '$beh8' type=0 -> 308 ext=0 this=000001B4F7590280
AddRefInternal func '$beh0' type=0 -> 308 ext=0 this=000001B4F7590500
AddRefInternal func '$beh2' type=0 -> 2 ext=0 this=000001B4F7590780
ReleaseInternal func '$beh2' type=0 before=2 ext=0 this=000001B4F7590780
AddRefInternal func '$beh8' type=0 -> 26 ext=0 this=000001B4F7590A00
AddRefInternal func '$beh0' type=0 -> 26 ext=0 this=000001B4FC6B7A80
AddRefInternal func '$beh0' type=0 -> 26 ext=0 this=000001B4FC6B7D00
AddRefInternal func '$beh0' type=0 -> 26 ext=0 this=000001B4FC6B9B00
AddRefInternal func '$beh0' type=0 -> 26 ext=0 this=000001B4FC6B9D80
AddRefInternal func '$beh2' type=0 -> 2 ext=0 this=000001B4FC6B7F80
ReleaseInternal func '$beh2' type=0 before=2 ext=0 this=000001B4FC6B7F80
AddRefInternal func '$beh8' type=0 -> 309 ext=0 this=000001B4F7590280
AddRefInternal func '$beh0' type=0 -> 309 ext=0 this=000001B4F7590500
AddRefInternal func '$beh2' type=0 -> 2 ext=0 this=000001B4F7590780
ReleaseInternal func '$beh2' type=0 before=2 ext=0 this=000001B4F7590780
AddRefInternal func '$beh8' type=0 -> 46 ext=0 this=000001B4F8211680
AddRefInternal func '$beh0' type=0 -> 46 ext=0 this=000001B4F8210F00
AddRefInternal func '$beh0' type=0 -> 46 ext=0 this=000001B4F8211180
AddRefInternal func '$beh0' type=0 -> 46 ext=0 this=000001B4F8211900
AddRefInternal func '$beh8' type=0 -> 310 ext=0 this=000001B4F7590280
AddRefInternal func '$beh0' type=0 -> 310 ext=0 this=000001B4F7590500
AddRefInternal func '$beh2' type=0 -> 2 ext=0 this=000001B4F7590780
ReleaseInternal func '$beh2' type=0 before=2 ext=0 this=000001B4F7590780
AddRefInternal func '$beh8' type=0 -> 311 ext=0 this=000001B4F7590280
AddRefInternal func '$beh0' type=0 -> 311 ext=0 this=000001B4F7590500
AddRefInternal func '$beh2' type=0 -> 2 ext=0 this=000001B4F7590780
ReleaseInternal func '$beh2' type=0 before=2 ext=0 this=000001B4F7590780
AddRefInternal func '$beh8' type=0 -> 312 ext=0 this=000001B4F7590280
AddRefInternal func '$beh0' type=0 -> 312 ext=0 this=000001B4F7590500
AddRefInternal func '$beh2' type=0 -> 2 ext=0 this=000001B4F7590780
ReleaseInternal func '$beh2' type=0 before=2 ext=0 this=000001B4F7590780
AddRefInternal func '$beh8' type=0 -> 313 ext=0 this=000001B4F7590280
AddRefInternal func '$beh0' type=0 -> 313 ext=0 this=000001B4F7590500
AddRefInternal func '$beh2' type=0 -> 2 ext=0 this=000001B4F7590780
ReleaseInternal func '$beh2' type=0 before=2 ext=0 this=000001B4F7590780
AddRefInternal func '$beh8' type=0 -> 29 ext=0 this=000001B4F7599880
AddRefInternal func '$beh0' type=0 -> 29 ext=0 this=000001B4F7599380
AddRefInternal func '$beh2' type=0 -> 2 ext=0 this=000001B4F7599600
ReleaseInternal func '$beh2' type=0 before=2 ext=0 this=000001B4F7599600
AddRefInternal func '$beh8' type=0 -> 314 ext=0 this=000001B4F7590280
AddRefInternal func '$beh0' type=0 -> 314 ext=0 this=000001B4F7590500
AddRefInternal func '$beh2' type=0 -> 2 ext=0 this=000001B4F7590780
ReleaseInternal func '$beh2' type=0 before=2 ext=0 this=000001B4F7590780
AddRefInternal func '$beh8' type=0 -> 315 ext=0 this=000001B4F7590280
AddRefInternal func '$beh0' type=0 -> 315 ext=0 this=000001B4F7590500
AddRefInternal func '$beh2' type=0 -> 2 ext=0 this=000001B4F7590780
ReleaseInternal func '$beh2' type=0 before=2 ext=0 this=000001B4F7590780
AddRefInternal func '$beh8' type=0 -> 316 ext=0 this=000001B4F7590280
AddRefInternal func '$beh0' type=0 -> 316 ext=0 this=000001B4F7590500
AddRefInternal func '$beh2' type=0 -> 2 ext=0 this=000001B4F7590780
ReleaseInternal func '$beh2' type=0 before=2 ext=0 this=000001B4F7590780
AddRefInternal func '$beh8' type=0 -> 317 ext=0 this=000001B4F7590280
AddRefInternal func '$beh0' type=0 -> 317 ext=0 this=000001B4F7590500
AddRefInternal func '$beh2' type=0 -> 2 ext=0 this=000001B4F7590780
ReleaseInternal func '$beh2' type=0 before=2 ext=0 this=000001B4F7590780
AddRefInternal func '$beh8' type=0 -> 318 ext=0 this=000001B4F7590280
AddRefInternal func '$beh0' type=0 -> 318 ext=0 this=000001B4F7590500
AddRefInternal func '$beh2' type=0 -> 2 ext=0 this=000001B4F7590780
ReleaseInternal func '$beh2' type=0 before=2 ext=0 this=000001B4F7590780
AddRefInternal func '$beh8' type=0 -> 319 ext=0 this=000001B4F7590280
AddRefInternal func '$beh0' type=0 -> 319 ext=0 this=000001B4F7590500
AddRefInternal func '$beh2' type=0 -> 2 ext=0 this=000001B4F7590780
ReleaseInternal func '$beh2' type=0 before=2 ext=0 this=000001B4F7590780
AddRefInternal func '$beh8' type=0 -> 320 ext=0 this=000001B4F7590280
AddRefInternal func '$beh0' type=0 -> 320 ext=0 this=000001B4F7590500
AddRefInternal func '$beh2' type=0 -> 2 ext=0 this=000001B4F7590780
ReleaseInternal func '$beh2' type=0 before=2 ext=0 this=000001B4F7590780
AddRefInternal func '$beh8' type=0 -> 321 ext=0 this=000001B4F7590280
AddRefInternal func '$beh0' type=0 -> 321 ext=0 this=000001B4F7590500
AddRefInternal func '$beh2' type=0 -> 2 ext=0 this=000001B4F7590780
ReleaseInternal func '$beh2' type=0 before=2 ext=0 this=000001B4F7590780
AddRefInternal func '$beh8' type=0 -> 322 ext=0 this=000001B4F7590280
AddRefInternal func '$beh0' type=0 -> 322 ext=0 this=000001B4F7590500
AddRefInternal func '$beh2' type=0 -> 2 ext=0 this=000001B4F7590780
ReleaseInternal func '$beh2' type=0 before=2 ext=0 this=000001B4F7590780
AddRefInternal func '$beh8' type=0 -> 323 ext=0 this=000001B4F7590280
AddRefInternal func '$beh0' type=0 -> 323 ext=0 this=000001B4F7590500
AddRefInternal func '$beh2' type=0 -> 2 ext=0 this=000001B4F7590780
ReleaseInternal func '$beh2' type=0 before=2 ext=0 this=000001B4F7590780
AddRefInternal func '$beh8' type=0 -> 324 ext=0 this=000001B4F7590280
AddRefInternal func '$beh0' type=0 -> 324 ext=0 this=000001B4F7590500
AddRefInternal func '$beh2' type=0 -> 2 ext=0 this=000001B4F7590780
ReleaseInternal func '$beh2' type=0 before=2 ext=0 this=000001B4F7590780
AddRefInternal func '$beh8' type=0 -> 325 ext=0 this=000001B4F7590280
AddRefInternal func '$beh0' type=0 -> 325 ext=0 this=000001B4F7590500
AddRefInternal func '$beh2' type=0 -> 2 ext=0 this=000001B4F7590780
ReleaseInternal func '$beh2' type=0 before=2 ext=0 this=000001B4F7590780
AddRefInternal func '$beh8' type=0 -> 326 ext=0 this=000001B4F7590280
AddRefInternal func '$beh0' type=0 -> 326 ext=0 this=000001B4F7590500
AddRefInternal func '$beh2' type=0 -> 2 ext=0 this=000001B4F7590780
ReleaseInternal func '$beh2' type=0 before=2 ext=0 this=000001B4F7590780
AddRefInternal func '$beh8' type=0 -> 47 ext=0 this=000001B4F8211680
AddRefInternal func '$beh0' type=0 -> 47 ext=0 this=000001B4F8210F00
AddRefInternal func '$beh0' type=0 -> 47 ext=0 this=000001B4F8211180
AddRefInternal func '$beh0' type=0 -> 47 ext=0 this=000001B4F8211900
AddRefInternal func '$beh8' type=0 -> 327 ext=0 this=000001B4F7590280
AddRefInternal func '$beh0' type=0 -> 327 ext=0 this=000001B4F7590500
AddRefInternal func '$beh2' type=0 -> 2 ext=0 this=000001B4F7590780
ReleaseInternal func '$beh2' type=0 before=2 ext=0 this=000001B4F7590780
AddRefInternal func '$beh8' type=0 -> 328 ext=0 this=000001B4F7590280
AddRefInternal func '$beh0' type=0 -> 328 ext=0 this=000001B4F7590500
AddRefInternal func '$beh2' type=0 -> 2 ext=0 this=000001B4F7590780
ReleaseInternal func '$beh2' type=0 before=2 ext=0 this=000001B4F7590780
AddRefInternal func '$beh8' type=0 -> 329 ext=0 this=000001B4F7590280
AddRefInternal func '$beh0' type=0 -> 329 ext=0 this=000001B4F7590500
AddRefInternal func '$beh2' type=0 -> 2 ext=0 this=000001B4F7590780
ReleaseInternal func '$beh2' type=0 before=2 ext=0 this=000001B4F7590780
AddRefInternal func '$beh8' type=0 -> 48 ext=0 this=000001B4F8211680
AddRefInternal func '$beh0' type=0 -> 48 ext=0 this=000001B4F8210F00
AddRefInternal func '$beh0' type=0 -> 48 ext=0 this=000001B4F8211180
AddRefInternal func '$beh0' type=0 -> 48 ext=0 this=000001B4F8211900
AddRefInternal func '$beh8' type=0 -> 330 ext=0 this=000001B4F7590280
AddRefInternal func '$beh0' type=0 -> 330 ext=0 this=000001B4F7590500
AddRefInternal func '$beh2' type=0 -> 2 ext=0 this=000001B4F7590780
ReleaseInternal func '$beh2' type=0 before=2 ext=0 this=000001B4F7590780
AddRefInternal func '$beh8' type=0 -> 331 ext=0 this=000001B4F7590280
AddRefInternal func '$beh0' type=0 -> 331 ext=0 this=000001B4F7590500
AddRefInternal func '$beh2' type=0 -> 2 ext=0 this=000001B4F7590780
ReleaseInternal func '$beh2' type=0 before=2 ext=0 this=000001B4F7590780
AddRefInternal func '$beh8' type=0 -> 49 ext=0 this=000001B4F8211680
AddRefInternal func '$beh0' type=0 -> 49 ext=0 this=000001B4F8210F00
AddRefInternal func '$beh0' type=0 -> 49 ext=0 this=000001B4F8211180
AddRefInternal func '$beh0' type=0 -> 49 ext=0 this=000001B4F8211900
AddRefInternal func '$beh8' type=0 -> 332 ext=0 this=000001B4F7590280
AddRefInternal func '$beh0' type=0 -> 332 ext=0 this=000001B4F7590500
AddRefInternal func '$beh2' type=0 -> 2 ext=0 this=000001B4F7590780
ReleaseInternal func '$beh2' type=0 before=2 ext=0 this=000001B4F7590780
AddRefInternal func '$beh8' type=0 -> 333 ext=0 this=000001B4F7590280
AddRefInternal func '$beh0' type=0 -> 333 ext=0 this=000001B4F7590500
AddRefInternal func '$beh2' type=0 -> 2 ext=0 this=000001B4F7590780
ReleaseInternal func '$beh2' type=0 before=2 ext=0 this=000001B4F7590780
AddRefInternal func '$beh8' type=0 -> 27 ext=0 this=000001B4F7590A00
AddRefInternal func '$beh0' type=0 -> 27 ext=0 this=000001B4FC6B7A80
AddRefInternal func '$beh0' type=0 -> 27 ext=0 this=000001B4FC6B7D00
AddRefInternal func '$beh0' type=0 -> 27 ext=0 this=000001B4FC6B9B00
AddRefInternal func '$beh0' type=0 -> 27 ext=0 this=000001B4FC6B9D80
AddRefInternal func '$beh2' type=0 -> 2 ext=0 this=000001B4FC6B7F80
ReleaseInternal func '$beh2' type=0 before=2 ext=0 this=000001B4FC6B7F80
AddRefInternal func '$beh8' type=0 -> 50 ext=0 this=000001B4F8211680
AddRefInternal func '$beh0' type=0 -> 50 ext=0 this=000001B4F8210F00
AddRefInternal func '$beh0' type=0 -> 50 ext=0 this=000001B4F8211180
AddRefInternal func '$beh0' type=0 -> 50 ext=0 this=000001B4F8211900
AddRefInternal func '$beh8' type=0 -> 334 ext=0 this=000001B4F7590280
AddRefInternal func '$beh0' type=0 -> 334 ext=0 this=000001B4F7590500
AddRefInternal func '$beh2' type=0 -> 2 ext=0 this=000001B4F7590780
ReleaseInternal func '$beh2' type=0 before=2 ext=0 this=000001B4F7590780
AddRefInternal func '$beh8' type=0 -> 335 ext=0 this=000001B4F7590280
AddRefInternal func '$beh0' type=0 -> 335 ext=0 this=000001B4F7590500
AddRefInternal func '$beh2' type=0 -> 2 ext=0 this=000001B4F7590780
ReleaseInternal func '$beh2' type=0 before=2 ext=0 this=000001B4F7590780
AddRefInternal func '$beh8' type=0 -> 336 ext=0 this=000001B4F7590280
AddRefInternal func '$beh0' type=0 -> 336 ext=0 this=000001B4F7590500
AddRefInternal func '$beh2' type=0 -> 2 ext=0 this=000001B4F7590780
ReleaseInternal func '$beh2' type=0 before=2 ext=0 this=000001B4F7590780
AddRefInternal func '$beh8' type=0 -> 51 ext=0 this=000001B4F8211680
AddRefInternal func '$beh0' type=0 -> 51 ext=0 this=000001B4F8210F00
AddRefInternal func '$beh0' type=0 -> 51 ext=0 this=000001B4F8211180
AddRefInternal func '$beh0' type=0 -> 51 ext=0 this=000001B4F8211900
AddRefInternal func '$beh8' type=0 -> 337 ext=0 this=000001B4F7590280
AddRefInternal func '$beh0' type=0 -> 337 ext=0 this=000001B4F7590500
AddRefInternal func '$beh2' type=0 -> 2 ext=0 this=000001B4F7590780
ReleaseInternal func '$beh2' type=0 before=2 ext=0 this=000001B4F7590780
AddRefInternal func '$beh8' type=0 -> 52 ext=0 this=000001B4F8211680
AddRefInternal func '$beh0' type=0 -> 52 ext=0 this=000001B4F8210F00
AddRefInternal func '$beh0' type=0 -> 52 ext=0 this=000001B4F8211180
AddRefInternal func '$beh0' type=0 -> 52 ext=0 this=000001B4F8211900
AddRefInternal func '$beh8' type=0 -> 338 ext=0 this=000001B4F7590280
AddRefInternal func '$beh0' type=0 -> 338 ext=0 this=000001B4F7590500
AddRefInternal func '$beh2' type=0 -> 2 ext=0 this=000001B4F7590780
ReleaseInternal func '$beh2' type=0 before=2 ext=0 this=000001B4F7590780
AddRefInternal func '$beh8' type=0 -> 339 ext=0 this=000001B4F7590280
AddRefInternal func '$beh0' type=0 -> 339 ext=0 this=000001B4F7590500
AddRefInternal func '$beh2' type=0 -> 2 ext=0 this=000001B4F7590780
ReleaseInternal func '$beh2' type=0 before=2 ext=0 this=000001B4F7590780
AddRefInternal func '$beh8' type=0 -> 30 ext=0 this=000001B4F7599880
AddRefInternal func '$beh0' type=0 -> 30 ext=0 this=000001B4F7599380
AddRefInternal func '$beh2' type=0 -> 2 ext=0 this=000001B4F7599600
ReleaseInternal func '$beh2' type=0 before=2 ext=0 this=000001B4F7599600
AddRefInternal func '$beh8' type=0 -> 31 ext=0 this=000001B4F7599880
AddRefInternal func '$beh0' type=0 -> 31 ext=0 this=000001B4F7599380
AddRefInternal func '$beh2' type=0 -> 2 ext=0 this=000001B4F7599600
ReleaseInternal func '$beh2' type=0 before=2 ext=0 this=000001B4F7599600
AddRefInternal func '$beh8' type=0 -> 340 ext=0 this=000001B4F7590280
AddRefInternal func '$beh0' type=0 -> 340 ext=0 this=000001B4F7590500
AddRefInternal func '$beh2' type=0 -> 2 ext=0 this=000001B4F7590780
ReleaseInternal func '$beh2' type=0 before=2 ext=0 this=000001B4F7590780
AddRefInternal func '$beh8' type=0 -> 341 ext=0 this=000001B4F7590280
AddRefInternal func '$beh0' type=0 -> 341 ext=0 this=000001B4F7590500
AddRefInternal func '$beh2' type=0 -> 2 ext=0 this=000001B4F7590780
ReleaseInternal func '$beh2' type=0 before=2 ext=0 this=000001B4F7590780
AddRefInternal func '$beh8' type=0 -> 16 ext=0 this=000001B4F8215500
AddRefInternal func '$beh0' type=0 -> 16 ext=0 this=000001B4F8215000
AddRefInternal func '$beh2' type=0 -> 2 ext=0 this=000001B4F8215280
ReleaseInternal func '$beh2' type=0 before=2 ext=0 this=000001B4F8215280
AddRefInternal func '$beh8' type=0 -> 342 ext=0 this=000001B4F7590280
AddRefInternal func '$beh0' type=0 -> 342 ext=0 this=000001B4F7590500
AddRefInternal func '$beh2' type=0 -> 2 ext=0 this=000001B4F7590780
ReleaseInternal func '$beh2' type=0 before=2 ext=0 this=000001B4F7590780
AddRefInternal func '$beh8' type=0 -> 343 ext=0 this=000001B4F7590280
AddRefInternal func '$beh0' type=0 -> 343 ext=0 this=000001B4F7590500
AddRefInternal func '$beh2' type=0 -> 2 ext=0 this=000001B4F7590780
ReleaseInternal func '$beh2' type=0 before=2 ext=0 this=000001B4F7590780
AddRefInternal func '$beh8' type=0 -> 78 ext=0 this=000001B4F821AC80
AddRefInternal func '$beh0' type=0 -> 78 ext=0 this=000001B4F821A500
AddRefInternal func '$beh0' type=0 -> 78 ext=0 this=000001B4F821A780
AddRefInternal func '$beh0' type=0 -> 78 ext=0 this=000001B4F821AF00
AddRefInternal func '$beh8' type=0 -> 28 ext=0 this=000001B4F7590A00
AddRefInternal func '$beh0' type=0 -> 28 ext=0 this=000001B4FC6B7A80
AddRefInternal func '$beh0' type=0 -> 28 ext=0 this=000001B4FC6B7D00
AddRefInternal func '$beh0' type=0 -> 28 ext=0 this=000001B4FC6B9B00
AddRefInternal func '$beh0' type=0 -> 28 ext=0 this=000001B4FC6B9D80
AddRefInternal func '$beh2' type=0 -> 2 ext=0 this=000001B4FC6B7F80
ReleaseInternal func '$beh2' type=0 before=2 ext=0 this=000001B4FC6B7F80
AddRefInternal func '$beh8' type=0 -> 17 ext=0 this=000001B4F8215500
AddRefInternal func '$beh0' type=0 -> 17 ext=0 this=000001B4F8215000
AddRefInternal func '$beh2' type=0 -> 2 ext=0 this=000001B4F8215280
ReleaseInternal func '$beh2' type=0 before=2 ext=0 this=000001B4F8215280
AddRefInternal func '$beh8' type=0 -> 8 ext=0 this=000001B4F7590C80
AddRefInternal func '$beh0' type=0 -> 8 ext=0 this=000001B4FC6BB180
AddRefInternal func '$beh0' type=0 -> 8 ext=0 this=000001B4FC6BB400
AddRefInternal func '$beh0' type=0 -> 8 ext=0 this=000001B4FC6BD200
AddRefInternal func '$beh0' type=0 -> 8 ext=0 this=000001B4FC6BD480
AddRefInternal func '$beh0' type=0 -> 8 ext=0 this=000001B4FC6BD700
AddRefInternal func '$beh2' type=0 -> 2 ext=0 this=000001B4FC6BB680
ReleaseInternal func '$beh2' type=0 before=2 ext=0 this=000001B4FC6BB680
AddRefInternal func '$beh8' type=0 -> 79 ext=0 this=000001B4F821AC80
AddRefInternal func '$beh0' type=0 -> 79 ext=0 this=000001B4F821A500
AddRefInternal func '$beh0' type=0 -> 79 ext=0 this=000001B4F821A780
AddRefInternal func '$beh0' type=0 -> 79 ext=0 this=000001B4F821AF00
AddRefInternal func '$beh8' type=0 -> 80 ext=0 this=000001B4F821AC80
AddRefInternal func '$beh0' type=0 -> 80 ext=0 this=000001B4F821A500
AddRefInternal func '$beh0' type=0 -> 80 ext=0 this=000001B4F821A780
AddRefInternal func '$beh0' type=0 -> 80 ext=0 this=000001B4F821AF00
AddRefInternal func '$beh8' type=0 -> 9 ext=0 this=000001B4F7590C80
AddRefInternal func '$beh0' type=0 -> 9 ext=0 this=000001B4FC6BB180
AddRefInternal func '$beh0' type=0 -> 9 ext=0 this=000001B4FC6BB400
AddRefInternal func '$beh0' type=0 -> 9 ext=0 this=000001B4FC6BD200
AddRefInternal func '$beh0' type=0 -> 9 ext=0 this=000001B4FC6BD480
AddRefInternal func '$beh0' type=0 -> 9 ext=0 this=000001B4FC6BD700
AddRefInternal func '$beh2' type=0 -> 2 ext=0 this=000001B4FC6BB680
ReleaseInternal func '$beh2' type=0 before=2 ext=0 this=000001B4FC6BB680
AddRefInternal func '$beh8' type=0 -> 53 ext=0 this=000001B4F8211680
AddRefInternal func '$beh0' type=0 -> 53 ext=0 this=000001B4F8210F00
AddRefInternal func '$beh0' type=0 -> 53 ext=0 this=000001B4F8211180
AddRefInternal func '$beh0' type=0 -> 53 ext=0 this=000001B4F8211900
AddRefInternal func '$beh8' type=0 -> 344 ext=0 this=000001B4F7590280
AddRefInternal func '$beh0' type=0 -> 344 ext=0 this=000001B4F7590500
AddRefInternal func '$beh2' type=0 -> 2 ext=0 this=000001B4F7590780
ReleaseInternal func '$beh2' type=0 before=2 ext=0 this=000001B4F7590780
AddRefInternal func '$beh8' type=0 -> 345 ext=0 this=000001B4F7590280
AddRefInternal func '$beh0' type=0 -> 345 ext=0 this=000001B4F7590500
AddRefInternal func '$beh2' type=0 -> 2 ext=0 this=000001B4F7590780
ReleaseInternal func '$beh2' type=0 before=2 ext=0 this=000001B4F7590780
AddRefInternal func '$beh8' type=0 -> 346 ext=0 this=000001B4F7590280
AddRefInternal func '$beh0' type=0 -> 346 ext=0 this=000001B4F7590500
AddRefInternal func '$beh2' type=0 -> 2 ext=0 this=000001B4F7590780
ReleaseInternal func '$beh2' type=0 before=2 ext=0 this=000001B4F7590780
AddRefInternal func '$beh8' type=0 -> 347 ext=0 this=000001B4F7590280
AddRefInternal func '$beh0' type=0 -> 347 ext=0 this=000001B4F7590500
AddRefInternal func '$beh2' type=0 -> 2 ext=0 this=000001B4F7590780
ReleaseInternal func '$beh2' type=0 before=2 ext=0 this=000001B4F7590780
AddRefInternal func '$beh8' type=0 -> 348 ext=0 this=000001B4F7590280
AddRefInternal func '$beh0' type=0 -> 348 ext=0 this=000001B4F7590500
AddRefInternal func '$beh2' type=0 -> 2 ext=0 this=000001B4F7590780
ReleaseInternal func '$beh2' type=0 before=2 ext=0 this=000001B4F7590780
AddRefInternal func '$beh8' type=0 -> 10 ext=0 this=000001B4F7590C80
AddRefInternal func '$beh0' type=0 -> 10 ext=0 this=000001B4FC6BB180
AddRefInternal func '$beh0' type=0 -> 10 ext=0 this=000001B4FC6BB400
AddRefInternal func '$beh0' type=0 -> 10 ext=0 this=000001B4FC6BD200
AddRefInternal func '$beh0' type=0 -> 10 ext=0 this=000001B4FC6BD480
AddRefInternal func '$beh0' type=0 -> 10 ext=0 this=000001B4FC6BD700
AddRefInternal func '$beh2' type=0 -> 2 ext=0 this=000001B4FC6BB680
ReleaseInternal func '$beh2' type=0 before=2 ext=0 this=000001B4FC6BB680
AddRefInternal func '$beh8' type=0 -> 11 ext=0 this=000001B4F7590C80
AddRefInternal func '$beh0' type=0 -> 11 ext=0 this=000001B4FC6BB180
AddRefInternal func '$beh0' type=0 -> 11 ext=0 this=000001B4FC6BB400
AddRefInternal func '$beh0' type=0 -> 11 ext=0 this=000001B4FC6BD200
AddRefInternal func '$beh0' type=0 -> 11 ext=0 this=000001B4FC6BD480
AddRefInternal func '$beh0' type=0 -> 11 ext=0 this=000001B4FC6BD700
AddRefInternal func '$beh2' type=0 -> 2 ext=0 this=000001B4FC6BB680
ReleaseInternal func '$beh2' type=0 before=2 ext=0 this=000001B4FC6BB680
AddRefInternal func '$beh8' type=0 -> 12 ext=0 this=000001B4F7590C80
AddRefInternal func '$beh0' type=0 -> 12 ext=0 this=000001B4FC6BB180
AddRefInternal func '$beh0' type=0 -> 12 ext=0 this=000001B4FC6BB400
AddRefInternal func '$beh0' type=0 -> 12 ext=0 this=000001B4FC6BD200
AddRefInternal func '$beh0' type=0 -> 12 ext=0 this=000001B4FC6BD480
AddRefInternal func '$beh0' type=0 -> 12 ext=0 this=000001B4FC6BD700
AddRefInternal func '$beh2' type=0 -> 2 ext=0 this=000001B4FC6BB680
ReleaseInternal func '$beh2' type=0 before=2 ext=0 this=000001B4FC6BB680
AddRefInternal func '$beh8' type=0 -> 32 ext=0 this=000001B4F7599880
AddRefInternal func '$beh0' type=0 -> 32 ext=0 this=000001B4F7599380
AddRefInternal func '$beh2' type=0 -> 2 ext=0 this=000001B4F7599600
ReleaseInternal func '$beh2' type=0 before=2 ext=0 this=000001B4F7599600
AddRefInternal func '$beh8' type=0 -> 13 ext=0 this=000001B4F7590C80
AddRefInternal func '$beh0' type=0 -> 13 ext=0 this=000001B4FC6BB180
AddRefInternal func '$beh0' type=0 -> 13 ext=0 this=000001B4FC6BB400
AddRefInternal func '$beh0' type=0 -> 13 ext=0 this=000001B4FC6BD200
AddRefInternal func '$beh0' type=0 -> 13 ext=0 this=000001B4FC6BD480
AddRefInternal func '$beh0' type=0 -> 13 ext=0 this=000001B4FC6BD700
AddRefInternal func '$beh2' type=0 -> 2 ext=0 this=000001B4FC6BB680
ReleaseInternal func '$beh2' type=0 before=2 ext=0 this=000001B4FC6BB680
AddRefInternal func '$beh8' type=0 -> 349 ext=0 this=000001B4F7590280
AddRefInternal func '$beh0' type=0 -> 349 ext=0 this=000001B4F7590500
AddRefInternal func '$beh2' type=0 -> 2 ext=0 this=000001B4F7590780
ReleaseInternal func '$beh2' type=0 before=2 ext=0 this=000001B4F7590780
AddRefInternal func '$beh8' type=0 -> 54 ext=0 this=000001B4F8211680
AddRefInternal func '$beh0' type=0 -> 54 ext=0 this=000001B4F8210F00
AddRefInternal func '$beh0' type=0 -> 54 ext=0 this=000001B4F8211180
AddRefInternal func '$beh0' type=0 -> 54 ext=0 this=000001B4F8211900
AddRefInternal func '$beh8' type=0 -> 350 ext=0 this=000001B4F7590280
AddRefInternal func '$beh0' type=0 -> 350 ext=0 this=000001B4F7590500
AddRefInternal func '$beh2' type=0 -> 2 ext=0 this=000001B4F7590780
ReleaseInternal func '$beh2' type=0 before=2 ext=0 this=000001B4F7590780
AddRefInternal func '$beh8' type=0 -> 55 ext=0 this=000001B4F8211680
AddRefInternal func '$beh0' type=0 -> 55 ext=0 this=000001B4F8210F00
AddRefInternal func '$beh0' type=0 -> 55 ext=0 this=000001B4F8211180
AddRefInternal func '$beh0' type=0 -> 55 ext=0 this=000001B4F8211900
AddRefInternal func '$beh8' type=0 -> 351 ext=0 this=000001B4F7590280
AddRefInternal func '$beh0' type=0 -> 351 ext=0 this=000001B4F7590500
AddRefInternal func '$beh2' type=0 -> 2 ext=0 this=000001B4F7590780
ReleaseInternal func '$beh2' type=0 before=2 ext=0 this=000001B4F7590780
AddRefInternal func '$beh8' type=0 -> 33 ext=0 this=000001B4F7599880
AddRefInternal func '$beh0' type=0 -> 33 ext=0 this=000001B4F7599380
AddRefInternal func '$beh2' type=0 -> 2 ext=0 this=000001B4F7599600
ReleaseInternal func '$beh2' type=0 before=2 ext=0 this=000001B4F7599600
AddRefInternal func '$beh8' type=0 -> 352 ext=0 this=000001B4F7590280
AddRefInternal func '$beh0' type=0 -> 352 ext=0 this=000001B4F7590500
AddRefInternal func '$beh2' type=0 -> 2 ext=0 this=000001B4F7590780
ReleaseInternal func '$beh2' type=0 before=2 ext=0 this=000001B4F7590780
AddRefInternal func '$beh8' type=0 -> 353 ext=0 this=000001B4F7590280
AddRefInternal func '$beh0' type=0 -> 353 ext=0 this=000001B4F7590500
AddRefInternal func '$beh2' type=0 -> 2 ext=0 this=000001B4F7590780
ReleaseInternal func '$beh2' type=0 before=2 ext=0 this=000001B4F7590780
AddRefInternal func '$beh8' type=0 -> 34 ext=0 this=000001B4F7599880
AddRefInternal func '$beh0' type=0 -> 34 ext=0 this=000001B4F7599380
AddRefInternal func '$beh2' type=0 -> 2 ext=0 this=000001B4F7599600
ReleaseInternal func '$beh2' type=0 before=2 ext=0 this=000001B4F7599600
AddRefInternal func '$beh8' type=0 -> 29 ext=0 this=000001B4F7590A00
AddRefInternal func '$beh0' type=0 -> 29 ext=0 this=000001B4FC6B7A80
AddRefInternal func '$beh0' type=0 -> 29 ext=0 this=000001B4FC6B7D00
AddRefInternal func '$beh0' type=0 -> 29 ext=0 this=000001B4FC6B9B00
AddRefInternal func '$beh0' type=0 -> 29 ext=0 this=000001B4FC6B9D80
AddRefInternal func '$beh2' type=0 -> 2 ext=0 this=000001B4FC6B7F80
ReleaseInternal func '$beh2' type=0 before=2 ext=0 this=000001B4FC6B7F80
AddRefInternal func '$beh8' type=0 -> 354 ext=0 this=000001B4F7590280
AddRefInternal func '$beh0' type=0 -> 354 ext=0 this=000001B4F7590500
AddRefInternal func '$beh2' type=0 -> 2 ext=0 this=000001B4F7590780
ReleaseInternal func '$beh2' type=0 before=2 ext=0 this=000001B4F7590780
AddRefInternal func '$beh8' type=0 -> 81 ext=0 this=000001B4F821AC80
AddRefInternal func '$beh0' type=0 -> 81 ext=0 this=000001B4F821A500
AddRefInternal func '$beh0' type=0 -> 81 ext=0 this=000001B4F821A780
AddRefInternal func '$beh0' type=0 -> 81 ext=0 this=000001B4F821AF00
AddRefInternal func '$beh8' type=0 -> 355 ext=0 this=000001B4F7590280
AddRefInternal func '$beh0' type=0 -> 355 ext=0 this=000001B4F7590500
AddRefInternal func '$beh2' type=0 -> 2 ext=0 this=000001B4F7590780
ReleaseInternal func '$beh2' type=0 before=2 ext=0 this=000001B4F7590780
AddRefInternal func '$beh8' type=0 -> 356 ext=0 this=000001B4F7590280
AddRefInternal func '$beh0' type=0 -> 356 ext=0 this=000001B4F7590500
AddRefInternal func '$beh2' type=0 -> 2 ext=0 this=000001B4F7590780
ReleaseInternal func '$beh2' type=0 before=2 ext=0 this=000001B4F7590780
AddRefInternal func '$beh8' type=0 -> 30 ext=0 this=000001B4F7590A00
AddRefInternal func '$beh0' type=0 -> 30 ext=0 this=000001B4FC6B7A80
AddRefInternal func '$beh0' type=0 -> 30 ext=0 this=000001B4FC6B7D00
AddRefInternal func '$beh0' type=0 -> 30 ext=0 this=000001B4FC6B9B00
AddRefInternal func '$beh0' type=0 -> 30 ext=0 this=000001B4FC6B9D80
AddRefInternal func '$beh2' type=0 -> 2 ext=0 this=000001B4FC6B7F80
ReleaseInternal func '$beh2' type=0 before=2 ext=0 this=000001B4FC6B7F80
AddRefInternal func '$beh8' type=0 -> 357 ext=0 this=000001B4F7590280
AddRefInternal func '$beh0' type=0 -> 357 ext=0 this=000001B4F7590500
AddRefInternal func '$beh2' type=0 -> 2 ext=0 this=000001B4F7590780
ReleaseInternal func '$beh2' type=0 before=2 ext=0 this=000001B4F7590780
AddRefInternal func '$beh8' type=0 -> 358 ext=0 this=000001B4F7590280
AddRefInternal func '$beh0' type=0 -> 358 ext=0 this=000001B4F7590500
AddRefInternal func '$beh2' type=0 -> 2 ext=0 this=000001B4F7590780
ReleaseInternal func '$beh2' type=0 before=2 ext=0 this=000001B4F7590780
AddRefInternal func '$beh8' type=0 -> 56 ext=0 this=000001B4F8211680
AddRefInternal func '$beh0' type=0 -> 56 ext=0 this=000001B4F8210F00
AddRefInternal func '$beh0' type=0 -> 56 ext=0 this=000001B4F8211180
AddRefInternal func '$beh0' type=0 -> 56 ext=0 this=000001B4F8211900
AddRefInternal func '$beh8' type=0 -> 359 ext=0 this=000001B4F7590280
AddRefInternal func '$beh0' type=0 -> 359 ext=0 this=000001B4F7590500
AddRefInternal func '$beh2' type=0 -> 2 ext=0 this=000001B4F7590780
ReleaseInternal func '$beh2' type=0 before=2 ext=0 this=000001B4F7590780
AddRefInternal func '$beh8' type=0 -> 360 ext=0 this=000001B4F7590280
AddRefInternal func '$beh0' type=0 -> 360 ext=0 this=000001B4F7590500
AddRefInternal func '$beh2' type=0 -> 2 ext=0 this=000001B4F7590780
ReleaseInternal func '$beh2' type=0 before=2 ext=0 this=000001B4F7590780
AddRefInternal func '$beh8' type=0 -> 361 ext=0 this=000001B4F7590280
AddRefInternal func '$beh0' type=0 -> 361 ext=0 this=000001B4F7590500
AddRefInternal func '$beh2' type=0 -> 2 ext=0 this=000001B4F7590780
ReleaseInternal func '$beh2' type=0 before=2 ext=0 this=000001B4F7590780
AddRefInternal func '$beh8' type=0 -> 362 ext=0 this=000001B4F7590280
AddRefInternal func '$beh0' type=0 -> 362 ext=0 this=000001B4F7590500
AddRefInternal func '$beh2' type=0 -> 2 ext=0 this=000001B4F7590780
ReleaseInternal func '$beh2' type=0 before=2 ext=0 this=000001B4F7590780
AddRefInternal func '$beh8' type=0 -> 363 ext=0 this=000001B4F7590280
AddRefInternal func '$beh0' type=0 -> 363 ext=0 this=000001B4F7590500
AddRefInternal func '$beh2' type=0 -> 2 ext=0 this=000001B4F7590780
ReleaseInternal func '$beh2' type=0 before=2 ext=0 this=000001B4F7590780
AddRefInternal func '$beh8' type=0 -> 364 ext=0 this=000001B4F7590280
AddRefInternal func '$beh0' type=0 -> 364 ext=0 this=000001B4F7590500
AddRefInternal func '$beh2' type=0 -> 2 ext=0 this=000001B4F7590780
ReleaseInternal func '$beh2' type=0 before=2 ext=0 this=000001B4F7590780
AddRefInternal func '$beh8' type=0 -> 82 ext=0 this=000001B4F821AC80
AddRefInternal func '$beh0' type=0 -> 82 ext=0 this=000001B4F821A500
AddRefInternal func '$beh0' type=0 -> 82 ext=0 this=000001B4F821A780
AddRefInternal func '$beh0' type=0 -> 82 ext=0 this=000001B4F821AF00
AddRefInternal func '$beh8' type=0 -> 365 ext=0 this=000001B4F7590280
AddRefInternal func '$beh0' type=0 -> 365 ext=0 this=000001B4F7590500
AddRefInternal func '$beh2' type=0 -> 2 ext=0 this=000001B4F7590780
ReleaseInternal func '$beh2' type=0 before=2 ext=0 this=000001B4F7590780
AddRefInternal func '$beh8' type=0 -> 366 ext=0 this=000001B4F7590280
AddRefInternal func '$beh0' type=0 -> 366 ext=0 this=000001B4F7590500
AddRefInternal func '$beh2' type=0 -> 2 ext=0 this=000001B4F7590780
ReleaseInternal func '$beh2' type=0 before=2 ext=0 this=000001B4F7590780
AddRefInternal func '$beh8' type=0 -> 83 ext=0 this=000001B4F821AC80
AddRefInternal func '$beh0' type=0 -> 83 ext=0 this=000001B4F821A500
AddRefInternal func '$beh0' type=0 -> 83 ext=0 this=000001B4F821A780
AddRefInternal func '$beh0' type=0 -> 83 ext=0 this=000001B4F821AF00
AddRefInternal func '$beh8' type=0 -> 367 ext=0 this=000001B4F7590280
AddRefInternal func '$beh0' type=0 -> 367 ext=0 this=000001B4F7590500
AddRefInternal func '$beh2' type=0 -> 2 ext=0 this=000001B4F7590780
ReleaseInternal func '$beh2' type=0 before=2 ext=0 this=000001B4F7590780
AddRefInternal func '$beh8' type=0 -> 368 ext=0 this=000001B4F7590280
AddRefInternal func '$beh0' type=0 -> 368 ext=0 this=000001B4F7590500
AddRefInternal func '$beh2' type=0 -> 2 ext=0 this=000001B4F7590780
ReleaseInternal func '$beh2' type=0 before=2 ext=0 this=000001B4F7590780
AddRefInternal func '$beh8' type=0 -> 369 ext=0 this=000001B4F7590280
AddRefInternal func '$beh0' type=0 -> 369 ext=0 this=000001B4F7590500
AddRefInternal func '$beh2' type=0 -> 2 ext=0 this=000001B4F7590780
ReleaseInternal func '$beh2' type=0 before=2 ext=0 this=000001B4F7590780
AddRefInternal func '$beh8' type=0 -> 370 ext=0 this=000001B4F7590280
AddRefInternal func '$beh0' type=0 -> 370 ext=0 this=000001B4F7590500
AddRefInternal func '$beh2' type=0 -> 2 ext=0 this=000001B4F7590780
ReleaseInternal func '$beh2' type=0 before=2 ext=0 this=000001B4F7590780
AddRefInternal func '$beh8' type=0 -> 371 ext=0 this=000001B4F7590280
AddRefInternal func '$beh0' type=0 -> 371 ext=0 this=000001B4F7590500
AddRefInternal func '$beh2' type=0 -> 2 ext=0 this=000001B4F7590780
ReleaseInternal func '$beh2' type=0 before=2 ext=0 this=000001B4F7590780
AddRefInternal func '$beh8' type=0 -> 57 ext=0 this=000001B4F8211680
AddRefInternal func '$beh0' type=0 -> 57 ext=0 this=000001B4F8210F00
AddRefInternal func '$beh0' type=0 -> 57 ext=0 this=000001B4F8211180
AddRefInternal func '$beh0' type=0 -> 57 ext=0 this=000001B4F8211900
AddRefInternal func '$beh8' type=0 -> 372 ext=0 this=000001B4F7590280
AddRefInternal func '$beh0' type=0 -> 372 ext=0 this=000001B4F7590500
AddRefInternal func '$beh2' type=0 -> 2 ext=0 this=000001B4F7590780
ReleaseInternal func '$beh2' type=0 before=2 ext=0 this=000001B4F7590780
AddRefInternal func '$beh8' type=0 -> 373 ext=0 this=000001B4F7590280
AddRefInternal func '$beh0' type=0 -> 373 ext=0 this=000001B4F7590500
AddRefInternal func '$beh2' type=0 -> 2 ext=0 this=000001B4F7590780
ReleaseInternal func '$beh2' type=0 before=2 ext=0 this=000001B4F7590780
AddRefInternal func '$beh8' type=0 -> 374 ext=0 this=000001B4F7590280
AddRefInternal func '$beh0' type=0 -> 374 ext=0 this=000001B4F7590500
AddRefInternal func '$beh2' type=0 -> 2 ext=0 this=000001B4F7590780
ReleaseInternal func '$beh2' type=0 before=2 ext=0 this=000001B4F7590780
AddRefInternal func '$beh8' type=0 -> 375 ext=0 this=000001B4F7590280
AddRefInternal func '$beh0' type=0 -> 375 ext=0 this=000001B4F7590500
AddRefInternal func '$beh2' type=0 -> 2 ext=0 this=000001B4F7590780
ReleaseInternal func '$beh2' type=0 before=2 ext=0 this=000001B4F7590780
AddRefInternal func '$beh8' type=0 -> 376 ext=0 this=000001B4F7590280
AddRefInternal func '$beh0' type=0 -> 376 ext=0 this=000001B4F7590500
AddRefInternal func '$beh2' type=0 -> 2 ext=0 this=000001B4F7590780
ReleaseInternal func '$beh2' type=0 before=2 ext=0 this=000001B4F7590780
AddRefInternal func '$beh8' type=0 -> 377 ext=0 this=000001B4F7590280
AddRefInternal func '$beh0' type=0 -> 377 ext=0 this=000001B4F7590500
AddRefInternal func '$beh2' type=0 -> 2 ext=0 this=000001B4F7590780
ReleaseInternal func '$beh2' type=0 before=2 ext=0 this=000001B4F7590780
AddRefInternal func '$beh8' type=0 -> 378 ext=0 this=000001B4F7590280
AddRefInternal func '$beh0' type=0 -> 378 ext=0 this=000001B4F7590500
AddRefInternal func '$beh2' type=0 -> 2 ext=0 this=000001B4F7590780
ReleaseInternal func '$beh2' type=0 before=2 ext=0 this=000001B4F7590780
AddRefInternal func '$beh8' type=0 -> 84 ext=0 this=000001B4F821AC80
AddRefInternal func '$beh0' type=0 -> 84 ext=0 this=000001B4F821A500
AddRefInternal func '$beh0' type=0 -> 84 ext=0 this=000001B4F821A780
AddRefInternal func '$beh0' type=0 -> 84 ext=0 this=000001B4F821AF00
AddRefInternal func '$beh8' type=0 -> 31 ext=0 this=000001B4F7590A00
AddRefInternal func '$beh0' type=0 -> 31 ext=0 this=000001B4FC6B7A80
AddRefInternal func '$beh0' type=0 -> 31 ext=0 this=000001B4FC6B7D00
AddRefInternal func '$beh0' type=0 -> 31 ext=0 this=000001B4FC6B9B00
AddRefInternal func '$beh0' type=0 -> 31 ext=0 this=000001B4FC6B9D80
AddRefInternal func '$beh2' type=0 -> 2 ext=0 this=000001B4FC6B7F80
ReleaseInternal func '$beh2' type=0 before=2 ext=0 this=000001B4FC6B7F80
AddRefInternal func '$beh8' type=0 -> 58 ext=0 this=000001B4F8211680
AddRefInternal func '$beh0' type=0 -> 58 ext=0 this=000001B4F8210F00
AddRefInternal func '$beh0' type=0 -> 58 ext=0 this=000001B4F8211180
AddRefInternal func '$beh0' type=0 -> 58 ext=0 this=000001B4F8211900
AddRefInternal func '$beh8' type=0 -> 379 ext=0 this=000001B4F7590280
AddRefInternal func '$beh0' type=0 -> 379 ext=0 this=000001B4F7590500
AddRefInternal func '$beh2' type=0 -> 2 ext=0 this=000001B4F7590780
ReleaseInternal func '$beh2' type=0 before=2 ext=0 this=000001B4F7590780
AddRefInternal func '$beh8' type=0 -> 380 ext=0 this=000001B4F7590280
AddRefInternal func '$beh0' type=0 -> 380 ext=0 this=000001B4F7590500
AddRefInternal func '$beh2' type=0 -> 2 ext=0 this=000001B4F7590780
ReleaseInternal func '$beh2' type=0 before=2 ext=0 this=000001B4F7590780
AddRefInternal func '$beh8' type=0 -> 381 ext=0 this=000001B4F7590280
AddRefInternal func '$beh0' type=0 -> 381 ext=0 this=000001B4F7590500
AddRefInternal func '$beh2' type=0 -> 2 ext=0 this=000001B4F7590780
ReleaseInternal func '$beh2' type=0 before=2 ext=0 this=000001B4F7590780
AddRefInternal func '$beh8' type=0 -> 59 ext=0 this=000001B4F8211680
AddRefInternal func '$beh0' type=0 -> 59 ext=0 this=000001B4F8210F00
AddRefInternal func '$beh0' type=0 -> 59 ext=0 this=000001B4F8211180
AddRefInternal func '$beh0' type=0 -> 59 ext=0 this=000001B4F8211900
AddRefInternal func '$beh8' type=0 -> 382 ext=0 this=000001B4F7590280
AddRefInternal func '$beh0' type=0 -> 382 ext=0 this=000001B4F7590500
AddRefInternal func '$beh2' type=0 -> 2 ext=0 this=000001B4F7590780
ReleaseInternal func '$beh2' type=0 before=2 ext=0 this=000001B4F7590780
AddRefInternal func '$beh8' type=0 -> 383 ext=0 this=000001B4F7590280
AddRefInternal func '$beh0' type=0 -> 383 ext=0 this=000001B4F7590500
AddRefInternal func '$beh2' type=0 -> 2 ext=0 this=000001B4F7590780
ReleaseInternal func '$beh2' type=0 before=2 ext=0 this=000001B4F7590780
AddRefInternal func '$beh8' type=0 -> 384 ext=0 this=000001B4F7590280
AddRefInternal func '$beh0' type=0 -> 384 ext=0 this=000001B4F7590500
AddRefInternal func '$beh2' type=0 -> 2 ext=0 this=000001B4F7590780
ReleaseInternal func '$beh2' type=0 before=2 ext=0 this=000001B4F7590780
AddRefInternal func '$beh8' type=0 -> 385 ext=0 this=000001B4F7590280
AddRefInternal func '$beh0' type=0 -> 385 ext=0 this=000001B4F7590500
AddRefInternal func '$beh2' type=0 -> 2 ext=0 this=000001B4F7590780
ReleaseInternal func '$beh2' type=0 before=2 ext=0 this=000001B4F7590780
AddRefInternal func '$beh8' type=0 -> 386 ext=0 this=000001B4F7590280
AddRefInternal func '$beh0' type=0 -> 386 ext=0 this=000001B4F7590500
AddRefInternal func '$beh2' type=0 -> 2 ext=0 this=000001B4F7590780
ReleaseInternal func '$beh2' type=0 before=2 ext=0 this=000001B4F7590780
AddRefInternal func '$beh8' type=0 -> 387 ext=0 this=000001B4F7590280
AddRefInternal func '$beh0' type=0 -> 387 ext=0 this=000001B4F7590500
AddRefInternal func '$beh2' type=0 -> 2 ext=0 this=000001B4F7590780
ReleaseInternal func '$beh2' type=0 before=2 ext=0 this=000001B4F7590780
AddRefInternal func '$beh8' type=0 -> 388 ext=0 this=000001B4F7590280
AddRefInternal func '$beh0' type=0 -> 388 ext=0 this=000001B4F7590500
AddRefInternal func '$beh2' type=0 -> 2 ext=0 this=000001B4F7590780
ReleaseInternal func '$beh2' type=0 before=2 ext=0 this=000001B4F7590780
AddRefInternal func '$beh8' type=0 -> 389 ext=0 this=000001B4F7590280
AddRefInternal func '$beh0' type=0 -> 389 ext=0 this=000001B4F7590500
AddRefInternal func '$beh2' type=0 -> 2 ext=0 this=000001B4F7590780
ReleaseInternal func '$beh2' type=0 before=2 ext=0 this=000001B4F7590780
AddRefInternal func '$beh8' type=0 -> 390 ext=0 this=000001B4F7590280
AddRefInternal func '$beh0' type=0 -> 390 ext=0 this=000001B4F7590500
AddRefInternal func '$beh2' type=0 -> 2 ext=0 this=000001B4F7590780
ReleaseInternal func '$beh2' type=0 before=2 ext=0 this=000001B4F7590780
AddRefInternal func '$beh8' type=0 -> 60 ext=0 this=000001B4F8211680
AddRefInternal func '$beh0' type=0 -> 60 ext=0 this=000001B4F8210F00
AddRefInternal func '$beh0' type=0 -> 60 ext=0 this=000001B4F8211180
AddRefInternal func '$beh0' type=0 -> 60 ext=0 this=000001B4F8211900
AddRefInternal func '$beh8' type=0 -> 18 ext=0 this=000001B4F8215500
AddRefInternal func '$beh0' type=0 -> 18 ext=0 this=000001B4F8215000
AddRefInternal func '$beh2' type=0 -> 2 ext=0 this=000001B4F8215280
ReleaseInternal func '$beh2' type=0 before=2 ext=0 this=000001B4F8215280
AddRefInternal func '$beh8' type=0 -> 391 ext=0 this=000001B4F7590280
AddRefInternal func '$beh0' type=0 -> 391 ext=0 this=000001B4F7590500
AddRefInternal func '$beh2' type=0 -> 2 ext=0 this=000001B4F7590780
ReleaseInternal func '$beh2' type=0 before=2 ext=0 this=000001B4F7590780
AddRefInternal func '$beh8' type=0 -> 392 ext=0 this=000001B4F7590280
AddRefInternal func '$beh0' type=0 -> 392 ext=0 this=000001B4F7590500
AddRefInternal func '$beh2' type=0 -> 2 ext=0 this=000001B4F7590780
ReleaseInternal func '$beh2' type=0 before=2 ext=0 this=000001B4F7590780
AddRefInternal func '$beh8' type=0 -> 393 ext=0 this=000001B4F7590280
AddRefInternal func '$beh0' type=0 -> 393 ext=0 this=000001B4F7590500
AddRefInternal func '$beh2' type=0 -> 2 ext=0 this=000001B4F7590780
ReleaseInternal func '$beh2' type=0 before=2 ext=0 this=000001B4F7590780
AddRefInternal func '$beh8' type=0 -> 394 ext=0 this=000001B4F7590280
AddRefInternal func '$beh0' type=0 -> 394 ext=0 this=000001B4F7590500
AddRefInternal func '$beh2' type=0 -> 2 ext=0 this=000001B4F7590780
ReleaseInternal func '$beh2' type=0 before=2 ext=0 this=000001B4F7590780
AddRefInternal func '$beh8' type=0 -> 61 ext=0 this=000001B4F8211680
AddRefInternal func '$beh0' type=0 -> 61 ext=0 this=000001B4F8210F00
AddRefInternal func '$beh0' type=0 -> 61 ext=0 this=000001B4F8211180
AddRefInternal func '$beh0' type=0 -> 61 ext=0 this=000001B4F8211900
AddRefInternal func '$beh8' type=0 -> 395 ext=0 this=000001B4F7590280
AddRefInternal func '$beh0' type=0 -> 395 ext=0 this=000001B4F7590500
AddRefInternal func '$beh2' type=0 -> 2 ext=0 this=000001B4F7590780
ReleaseInternal func '$beh2' type=0 before=2 ext=0 this=000001B4F7590780
AddRefInternal func '$beh8' type=0 -> 396 ext=0 this=000001B4F7590280
AddRefInternal func '$beh0' type=0 -> 396 ext=0 this=000001B4F7590500
AddRefInternal func '$beh2' type=0 -> 2 ext=0 this=000001B4F7590780
ReleaseInternal func '$beh2' type=0 before=2 ext=0 this=000001B4F7590780
AddRefInternal func '$beh8' type=0 -> 35 ext=0 this=000001B4F7599880
AddRefInternal func '$beh0' type=0 -> 35 ext=0 this=000001B4F7599380
AddRefInternal func '$beh2' type=0 -> 2 ext=0 this=000001B4F7599600
ReleaseInternal func '$beh2' type=0 before=2 ext=0 this=000001B4F7599600
AddRefInternal func '$beh8' type=0 -> 397 ext=0 this=000001B4F7590280
AddRefInternal func '$beh0' type=0 -> 397 ext=0 this=000001B4F7590500
AddRefInternal func '$beh2' type=0 -> 2 ext=0 this=000001B4F7590780
ReleaseInternal func '$beh2' type=0 before=2 ext=0 this=000001B4F7590780
AddRefInternal func '$beh8' type=0 -> 398 ext=0 this=000001B4F7590280
AddRefInternal func '$beh0' type=0 -> 398 ext=0 this=000001B4F7590500
AddRefInternal func '$beh2' type=0 -> 2 ext=0 this=000001B4F7590780
ReleaseInternal func '$beh2' type=0 before=2 ext=0 this=000001B4F7590780
AddRefInternal func '$beh8' type=0 -> 399 ext=0 this=000001B4F7590280
AddRefInternal func '$beh0' type=0 -> 399 ext=0 this=000001B4F7590500
AddRefInternal func '$beh2' type=0 -> 2 ext=0 this=000001B4F7590780
ReleaseInternal func '$beh2' type=0 before=2 ext=0 this=000001B4F7590780
AddRefInternal func '$beh8' type=0 -> 400 ext=0 this=000001B4F7590280
AddRefInternal func '$beh0' type=0 -> 400 ext=0 this=000001B4F7590500
AddRefInternal func '$beh2' type=0 -> 2 ext=0 this=000001B4F7590780
ReleaseInternal func '$beh2' type=0 before=2 ext=0 this=000001B4F7590780
AddRefInternal func '$beh8' type=0 -> 401 ext=0 this=000001B4F7590280
AddRefInternal func '$beh0' type=0 -> 401 ext=0 this=000001B4F7590500
AddRefInternal func '$beh2' type=0 -> 2 ext=0 this=000001B4F7590780
ReleaseInternal func '$beh2' type=0 before=2 ext=0 this=000001B4F7590780
AddRefInternal func '$beh8' type=0 -> 402 ext=0 this=000001B4F7590280
AddRefInternal func '$beh0' type=0 -> 402 ext=0 this=000001B4F7590500
AddRefInternal func '$beh2' type=0 -> 2 ext=0 this=000001B4F7590780
ReleaseInternal func '$beh2' type=0 before=2 ext=0 this=000001B4F7590780
AddRefInternal func '$beh8' type=0 -> 403 ext=0 this=000001B4F7590280
AddRefInternal func '$beh0' type=0 -> 403 ext=0 this=000001B4F7590500
AddRefInternal func '$beh2' type=0 -> 2 ext=0 this=000001B4F7590780
ReleaseInternal func '$beh2' type=0 before=2 ext=0 this=000001B4F7590780
AddRefInternal func '$beh8' type=0 -> 404 ext=0 this=000001B4F7590280
AddRefInternal func '$beh0' type=0 -> 404 ext=0 this=000001B4F7590500
AddRefInternal func '$beh2' type=0 -> 2 ext=0 this=000001B4F7590780
ReleaseInternal func '$beh2' type=0 before=2 ext=0 this=000001B4F7590780
AddRefInternal func '$beh8' type=0 -> 405 ext=0 this=000001B4F7590280
AddRefInternal func '$beh0' type=0 -> 405 ext=0 this=000001B4F7590500
AddRefInternal func '$beh2' type=0 -> 2 ext=0 this=000001B4F7590780
ReleaseInternal func '$beh2' type=0 before=2 ext=0 this=000001B4F7590780
AddRefInternal func '$beh8' type=0 -> 62 ext=0 this=000001B4F8211680
AddRefInternal func '$beh0' type=0 -> 62 ext=0 this=000001B4F8210F00
AddRefInternal func '$beh0' type=0 -> 62 ext=0 this=000001B4F8211180
AddRefInternal func '$beh0' type=0 -> 62 ext=0 this=000001B4F8211900
AddRefInternal func '$beh8' type=0 -> 406 ext=0 this=000001B4F7590280
AddRefInternal func '$beh0' type=0 -> 406 ext=0 this=000001B4F7590500
AddRefInternal func '$beh2' type=0 -> 2 ext=0 this=000001B4F7590780
ReleaseInternal func '$beh2' type=0 before=2 ext=0 this=000001B4F7590780
AddRefInternal func '$beh8' type=0 -> 407 ext=0 this=000001B4F7590280
AddRefInternal func '$beh0' type=0 -> 407 ext=0 this=000001B4F7590500
AddRefInternal func '$beh2' type=0 -> 2 ext=0 this=000001B4F7590780
ReleaseInternal func '$beh2' type=0 before=2 ext=0 this=000001B4F7590780
AddRefInternal func '$beh8' type=0 -> 408 ext=0 this=000001B4F7590280
AddRefInternal func '$beh0' type=0 -> 408 ext=0 this=000001B4F7590500
AddRefInternal func '$beh2' type=0 -> 2 ext=0 this=000001B4F7590780
ReleaseInternal func '$beh2' type=0 before=2 ext=0 this=000001B4F7590780
AddRefInternal func '$beh8' type=0 -> 409 ext=0 this=000001B4F7590280
AddRefInternal func '$beh0' type=0 -> 409 ext=0 this=000001B4F7590500
AddRefInternal func '$beh2' type=0 -> 2 ext=0 this=000001B4F7590780
ReleaseInternal func '$beh2' type=0 before=2 ext=0 this=000001B4F7590780
AddRefInternal func '$beh8' type=0 -> 36 ext=0 this=000001B4F7599880
AddRefInternal func '$beh0' type=0 -> 36 ext=0 this=000001B4F7599380
AddRefInternal func '$beh2' type=0 -> 2 ext=0 this=000001B4F7599600
ReleaseInternal func '$beh2' type=0 before=2 ext=0 this=000001B4F7599600
AddRefInternal func '$beh8' type=0 -> 85 ext=0 this=000001B4F821AC80
AddRefInternal func '$beh0' type=0 -> 85 ext=0 this=000001B4F821A500
AddRefInternal func '$beh0' type=0 -> 85 ext=0 this=000001B4F821A780
AddRefInternal func '$beh0' type=0 -> 85 ext=0 this=000001B4F821AF00
AddRefInternal func '$beh8' type=0 -> 86 ext=0 this=000001B4F821AC80
AddRefInternal func '$beh0' type=0 -> 86 ext=0 this=000001B4F821A500
AddRefInternal func '$beh0' type=0 -> 86 ext=0 this=000001B4F821A780
AddRefInternal func '$beh0' type=0 -> 86 ext=0 this=000001B4F821AF00
AddRefInternal func '$beh8' type=0 -> 410 ext=0 this=000001B4F7590280
AddRefInternal func '$beh0' type=0 -> 410 ext=0 this=000001B4F7590500
AddRefInternal func '$beh2' type=0 -> 2 ext=0 this=000001B4F7590780
ReleaseInternal func '$beh2' type=0 before=2 ext=0 this=000001B4F7590780
AddRefInternal func '$beh8' type=0 -> 87 ext=0 this=000001B4F821AC80
AddRefInternal func '$beh0' type=0 -> 87 ext=0 this=000001B4F821A500
AddRefInternal func '$beh0' type=0 -> 87 ext=0 this=000001B4F821A780
AddRefInternal func '$beh0' type=0 -> 87 ext=0 this=000001B4F821AF00
AddRefInternal func '$beh8' type=0 -> 88 ext=0 this=000001B4F821AC80
AddRefInternal func '$beh0' type=0 -> 88 ext=0 this=000001B4F821A500
AddRefInternal func '$beh0' type=0 -> 88 ext=0 this=000001B4F821A780
AddRefInternal func '$beh0' type=0 -> 88 ext=0 this=000001B4F821AF00
AddRefInternal func '$beh8' type=0 -> 14 ext=0 this=000001B4F7590C80
AddRefInternal func '$beh0' type=0 -> 14 ext=0 this=000001B4FC6BB180
AddRefInternal func '$beh0' type=0 -> 14 ext=0 this=000001B4FC6BB400
AddRefInternal func '$beh0' type=0 -> 14 ext=0 this=000001B4FC6BD200
AddRefInternal func '$beh0' type=0 -> 14 ext=0 this=000001B4FC6BD480
AddRefInternal func '$beh0' type=0 -> 14 ext=0 this=000001B4FC6BD700
AddRefInternal func '$beh2' type=0 -> 2 ext=0 this=000001B4FC6BB680
ReleaseInternal func '$beh2' type=0 before=2 ext=0 this=000001B4FC6BB680
AddRefInternal func '$beh8' type=0 -> 15 ext=0 this=000001B4F7590C80
AddRefInternal func '$beh0' type=0 -> 15 ext=0 this=000001B4FC6BB180
AddRefInternal func '$beh0' type=0 -> 15 ext=0 this=000001B4FC6BB400
AddRefInternal func '$beh0' type=0 -> 15 ext=0 this=000001B4FC6BD200
AddRefInternal func '$beh0' type=0 -> 15 ext=0 this=000001B4FC6BD480
AddRefInternal func '$beh0' type=0 -> 15 ext=0 this=000001B4FC6BD700
AddRefInternal func '$beh2' type=0 -> 2 ext=0 this=000001B4FC6BB680
ReleaseInternal func '$beh2' type=0 before=2 ext=0 this=000001B4FC6BB680
AddRefInternal func '$beh8' type=0 -> 411 ext=0 this=000001B4F7590280
AddRefInternal func '$beh0' type=0 -> 411 ext=0 this=000001B4F7590500
AddRefInternal func '$beh2' type=0 -> 2 ext=0 this=000001B4F7590780
ReleaseInternal func '$beh2' type=0 before=2 ext=0 this=000001B4F7590780
AddRefInternal func '$beh8' type=0 -> 16 ext=0 this=000001B4F7590C80
AddRefInternal func '$beh0' type=0 -> 16 ext=0 this=000001B4FC6BB180
AddRefInternal func '$beh0' type=0 -> 16 ext=0 this=000001B4FC6BB400
AddRefInternal func '$beh0' type=0 -> 16 ext=0 this=000001B4FC6BD200
AddRefInternal func '$beh0' type=0 -> 16 ext=0 this=000001B4FC6BD480
AddRefInternal func '$beh0' type=0 -> 16 ext=0 this=000001B4FC6BD700
AddRefInternal func '$beh2' type=0 -> 2 ext=0 this=000001B4FC6BB680
ReleaseInternal func '$beh2' type=0 before=2 ext=0 this=000001B4FC6BB680
AddRefInternal func '$beh8' type=0 -> 37 ext=0 this=000001B4F7599880
AddRefInternal func '$beh0' type=0 -> 37 ext=0 this=000001B4F7599380
AddRefInternal func '$beh2' type=0 -> 2 ext=0 this=000001B4F7599600
ReleaseInternal func '$beh2' type=0 before=2 ext=0 this=000001B4F7599600
AddRefInternal func '$beh8' type=0 -> 38 ext=0 this=000001B4F7599880
AddRefInternal func '$beh0' type=0 -> 38 ext=0 this=000001B4F7599380
AddRefInternal func '$beh2' type=0 -> 2 ext=0 this=000001B4F7599600
ReleaseInternal func '$beh2' type=0 before=2 ext=0 this=000001B4F7599600
AddRefInternal func '$beh8' type=0 -> 32 ext=0 this=000001B4F7590A00
AddRefInternal func '$beh0' type=0 -> 32 ext=0 this=000001B4FC6B7A80
AddRefInternal func '$beh0' type=0 -> 32 ext=0 this=000001B4FC6B7D00
AddRefInternal func '$beh0' type=0 -> 32 ext=0 this=000001B4FC6B9B00
AddRefInternal func '$beh0' type=0 -> 32 ext=0 this=000001B4FC6B9D80
AddRefInternal func '$beh2' type=0 -> 2 ext=0 this=000001B4FC6B7F80
ReleaseInternal func '$beh2' type=0 before=2 ext=0 this=000001B4FC6B7F80
AddRefInternal func '$beh8' type=0 -> 39 ext=0 this=000001B4F7599880
AddRefInternal func '$beh0' type=0 -> 39 ext=0 this=000001B4F7599380
AddRefInternal func '$beh2' type=0 -> 2 ext=0 this=000001B4F7599600
ReleaseInternal func '$beh2' type=0 before=2 ext=0 this=000001B4F7599600
AddRefInternal func '$beh8' type=0 -> 40 ext=0 this=000001B4F7599880
AddRefInternal func '$beh0' type=0 -> 40 ext=0 this=000001B4F7599380
AddRefInternal func '$beh2' type=0 -> 2 ext=0 this=000001B4F7599600
ReleaseInternal func '$beh2' type=0 before=2 ext=0 this=000001B4F7599600
AddRefInternal func '$beh8' type=0 -> 41 ext=0 this=000001B4F7599880
AddRefInternal func '$beh0' type=0 -> 41 ext=0 this=000001B4F7599380
AddRefInternal func '$beh2' type=0 -> 2 ext=0 this=000001B4F7599600
ReleaseInternal func '$beh2' type=0 before=2 ext=0 this=000001B4F7599600
AddRefInternal func '$beh8' type=0 -> 42 ext=0 this=000001B4F7599880
AddRefInternal func '$beh0' type=0 -> 42 ext=0 this=000001B4F7599380
AddRefInternal func '$beh2' type=0 -> 2 ext=0 this=000001B4F7599600
ReleaseInternal func '$beh2' type=0 before=2 ext=0 this=000001B4F7599600
AddRefInternal func '$beh8' type=0 -> 63 ext=0 this=000001B4F8211680
AddRefInternal func '$beh0' type=0 -> 63 ext=0 this=000001B4F8210F00
AddRefInternal func '$beh0' type=0 -> 63 ext=0 this=000001B4F8211180
AddRefInternal func '$beh0' type=0 -> 63 ext=0 this=000001B4F8211900
AddRefInternal func '$beh8' type=0 -> 412 ext=0 this=000001B4F7590280
AddRefInternal func '$beh0' type=0 -> 412 ext=0 this=000001B4F7590500
AddRefInternal func '$beh2' type=0 -> 2 ext=0 this=000001B4F7590780
ReleaseInternal func '$beh2' type=0 before=2 ext=0 this=000001B4F7590780
AddRefInternal func '$beh8' type=0 -> 413 ext=0 this=000001B4F7590280
AddRefInternal func '$beh0' type=0 -> 413 ext=0 this=000001B4F7590500
AddRefInternal func '$beh2' type=0 -> 2 ext=0 this=000001B4F7590780
ReleaseInternal func '$beh2' type=0 before=2 ext=0 this=000001B4F7590780
AddRefInternal func '$beh8' type=0 -> 64 ext=0 this=000001B4F8211680
AddRefInternal func '$beh0' type=0 -> 64 ext=0 this=000001B4F8210F00
AddRefInternal func '$beh0' type=0 -> 64 ext=0 this=000001B4F8211180
AddRefInternal func '$beh0' type=0 -> 64 ext=0 this=000001B4F8211900
AddRefInternal func '$beh8' type=0 -> 414 ext=0 this=000001B4F7590280
AddRefInternal func '$beh0' type=0 -> 414 ext=0 this=000001B4F7590500
AddRefInternal func '$beh2' type=0 -> 2 ext=0 this=000001B4F7590780
ReleaseInternal func '$beh2' type=0 before=2 ext=0 this=000001B4F7590780
AddRefInternal func '$beh8' type=0 -> 415 ext=0 this=000001B4F7590280
AddRefInternal func '$beh0' type=0 -> 415 ext=0 this=000001B4F7590500
AddRefInternal func '$beh2' type=0 -> 2 ext=0 this=000001B4F7590780
ReleaseInternal func '$beh2' type=0 before=2 ext=0 this=000001B4F7590780
AddRefInternal func '$beh8' type=0 -> 65 ext=0 this=000001B4F8211680
AddRefInternal func '$beh0' type=0 -> 65 ext=0 this=000001B4F8210F00
AddRefInternal func '$beh0' type=0 -> 65 ext=0 this=000001B4F8211180
AddRefInternal func '$beh0' type=0 -> 65 ext=0 this=000001B4F8211900
AddRefInternal func '$beh8' type=0 -> 416 ext=0 this=000001B4F7590280
AddRefInternal func '$beh0' type=0 -> 416 ext=0 this=000001B4F7590500
AddRefInternal func '$beh2' type=0 -> 2 ext=0 this=000001B4F7590780
ReleaseInternal func '$beh2' type=0 before=2 ext=0 this=000001B4F7590780
AddRefInternal func '$beh8' type=0 -> 417 ext=0 this=000001B4F7590280
AddRefInternal func '$beh0' type=0 -> 417 ext=0 this=000001B4F7590500
AddRefInternal func '$beh2' type=0 -> 2 ext=0 this=000001B4F7590780
ReleaseInternal func '$beh2' type=0 before=2 ext=0 this=000001B4F7590780
AddRefInternal func '$beh8' type=0 -> 66 ext=0 this=000001B4F8211680
AddRefInternal func '$beh0' type=0 -> 66 ext=0 this=000001B4F8210F00
AddRefInternal func '$beh0' type=0 -> 66 ext=0 this=000001B4F8211180
AddRefInternal func '$beh0' type=0 -> 66 ext=0 this=000001B4F8211900
AddRefInternal func '$beh8' type=0 -> 43 ext=0 this=000001B4F7599880
AddRefInternal func '$beh0' type=0 -> 43 ext=0 this=000001B4F7599380
AddRefInternal func '$beh2' type=0 -> 2 ext=0 this=000001B4F7599600
ReleaseInternal func '$beh2' type=0 before=2 ext=0 this=000001B4F7599600
AddRefInternal func '$beh8' type=0 -> 67 ext=0 this=000001B4F8211680
AddRefInternal func '$beh0' type=0 -> 67 ext=0 this=000001B4F8210F00
AddRefInternal func '$beh0' type=0 -> 67 ext=0 this=000001B4F8211180
AddRefInternal func '$beh0' type=0 -> 67 ext=0 this=000001B4F8211900
AddRefInternal func '$beh8' type=0 -> 418 ext=0 this=000001B4F7590280
AddRefInternal func '$beh0' type=0 -> 418 ext=0 this=000001B4F7590500
AddRefInternal func '$beh2' type=0 -> 2 ext=0 this=000001B4F7590780
ReleaseInternal func '$beh2' type=0 before=2 ext=0 this=000001B4F7590780
AddRefInternal func '$beh8' type=0 -> 12 ext=0 this=000001B4F821D480
AddRefInternal func '$beh0' type=0 -> 12 ext=0 this=000001B4F821CD00
AddRefInternal func '$beh0' type=0 -> 12 ext=0 this=000001B4F821CF80
AddRefInternal func '$beh0' type=0 -> 12 ext=0 this=000001B4F821D700
AddRefInternal func '$beh8' type=0 -> 419 ext=0 this=000001B4F7590280
AddRefInternal func '$beh0' type=0 -> 419 ext=0 this=000001B4F7590500
AddRefInternal func '$beh2' type=0 -> 2 ext=0 this=000001B4F7590780
ReleaseInternal func '$beh2' type=0 before=2 ext=0 this=000001B4F7590780
AddRefInternal func '$beh8' type=0 -> 33 ext=0 this=000001B4F7590A00
AddRefInternal func '$beh0' type=0 -> 33 ext=0 this=000001B4FC6B7A80
AddRefInternal func '$beh0' type=0 -> 33 ext=0 this=000001B4FC6B7D00
AddRefInternal func '$beh0' type=0 -> 33 ext=0 this=000001B4FC6B9B00
AddRefInternal func '$beh0' type=0 -> 33 ext=0 this=000001B4FC6B9D80
AddRefInternal func '$beh2' type=0 -> 2 ext=0 this=000001B4FC6B7F80
ReleaseInternal func '$beh2' type=0 before=2 ext=0 this=000001B4FC6B7F80
AddRefInternal func '$beh8' type=0 -> 68 ext=0 this=000001B4F8211680
AddRefInternal func '$beh0' type=0 -> 68 ext=0 this=000001B4F8210F00
AddRefInternal func '$beh0' type=0 -> 68 ext=0 this=000001B4F8211180
AddRefInternal func '$beh0' type=0 -> 68 ext=0 this=000001B4F8211900
AddRefInternal func '$beh8' type=0 -> 420 ext=0 this=000001B4F7590280
AddRefInternal func '$beh0' type=0 -> 420 ext=0 this=000001B4F7590500
AddRefInternal func '$beh2' type=0 -> 2 ext=0 this=000001B4F7590780
ReleaseInternal func '$beh2' type=0 before=2 ext=0 this=000001B4F7590780
AddRefInternal func '$beh8' type=0 -> 421 ext=0 this=000001B4F7590280
AddRefInternal func '$beh0' type=0 -> 421 ext=0 this=000001B4F7590500
AddRefInternal func '$beh2' type=0 -> 2 ext=0 this=000001B4F7590780
ReleaseInternal func '$beh2' type=0 before=2 ext=0 this=000001B4F7590780
AddRefInternal func '$beh8' type=0 -> 34 ext=0 this=000001B4F7590A00
AddRefInternal func '$beh0' type=0 -> 34 ext=0 this=000001B4FC6B7A80
AddRefInternal func '$beh0' type=0 -> 34 ext=0 this=000001B4FC6B7D00
AddRefInternal func '$beh0' type=0 -> 34 ext=0 this=000001B4FC6B9B00
AddRefInternal func '$beh0' type=0 -> 34 ext=0 this=000001B4FC6B9D80
AddRefInternal func '$beh2' type=0 -> 2 ext=0 this=000001B4FC6B7F80
ReleaseInternal func '$beh2' type=0 before=2 ext=0 this=000001B4FC6B7F80
AddRefInternal func '$beh8' type=0 -> 422 ext=0 this=000001B4F7590280
AddRefInternal func '$beh0' type=0 -> 422 ext=0 this=000001B4F7590500
AddRefInternal func '$beh2' type=0 -> 2 ext=0 this=000001B4F7590780
ReleaseInternal func '$beh2' type=0 before=2 ext=0 this=000001B4F7590780
AddRefInternal func '$beh8' type=0 -> 423 ext=0 this=000001B4F7590280
AddRefInternal func '$beh0' type=0 -> 423 ext=0 this=000001B4F7590500
AddRefInternal func '$beh2' type=0 -> 2 ext=0 this=000001B4F7590780
ReleaseInternal func '$beh2' type=0 before=2 ext=0 this=000001B4F7590780
AddRefInternal func '$beh8' type=0 -> 424 ext=0 this=000001B4F7590280
AddRefInternal func '$beh0' type=0 -> 424 ext=0 this=000001B4F7590500
AddRefInternal func '$beh2' type=0 -> 2 ext=0 this=000001B4F7590780
ReleaseInternal func '$beh2' type=0 before=2 ext=0 this=000001B4F7590780
AddRefInternal func '$beh8' type=0 -> 69 ext=0 this=000001B4F8211680
AddRefInternal func '$beh0' type=0 -> 69 ext=0 this=000001B4F8210F00
AddRefInternal func '$beh0' type=0 -> 69 ext=0 this=000001B4F8211180
AddRefInternal func '$beh0' type=0 -> 69 ext=0 this=000001B4F8211900
AddRefInternal func '$beh8' type=0 -> 425 ext=0 this=000001B4F7590280
AddRefInternal func '$beh0' type=0 -> 425 ext=0 this=000001B4F7590500
AddRefInternal func '$beh2' type=0 -> 2 ext=0 this=000001B4F7590780
ReleaseInternal func '$beh2' type=0 before=2 ext=0 this=000001B4F7590780
AddRefInternal func '$beh8' type=0 -> 13 ext=0 this=000001B4F821D480
AddRefInternal func '$beh0' type=0 -> 13 ext=0 this=000001B4F821CD00
AddRefInternal func '$beh0' type=0 -> 13 ext=0 this=000001B4F821CF80
AddRefInternal func '$beh0' type=0 -> 13 ext=0 this=000001B4F821D700
AddRefInternal func '$beh8' type=0 -> 426 ext=0 this=000001B4F7590280
AddRefInternal func '$beh0' type=0 -> 426 ext=0 this=000001B4F7590500
AddRefInternal func '$beh2' type=0 -> 2 ext=0 this=000001B4F7590780
ReleaseInternal func '$beh2' type=0 before=2 ext=0 this=000001B4F7590780
AddRefInternal func '$beh8' type=0 -> 427 ext=0 this=000001B4F7590280
AddRefInternal func '$beh0' type=0 -> 427 ext=0 this=000001B4F7590500
AddRefInternal func '$beh2' type=0 -> 2 ext=0 this=000001B4F7590780
ReleaseInternal func '$beh2' type=0 before=2 ext=0 this=000001B4F7590780
AddRefInternal func '$beh8' type=0 -> 35 ext=0 this=000001B4F7590A00
AddRefInternal func '$beh0' type=0 -> 35 ext=0 this=000001B4FC6B7A80
AddRefInternal func '$beh0' type=0 -> 35 ext=0 this=000001B4FC6B7D00
AddRefInternal func '$beh0' type=0 -> 35 ext=0 this=000001B4FC6B9B00
AddRefInternal func '$beh0' type=0 -> 35 ext=0 this=000001B4FC6B9D80
AddRefInternal func '$beh2' type=0 -> 2 ext=0 this=000001B4FC6B7F80
ReleaseInternal func '$beh2' type=0 before=2 ext=0 this=000001B4FC6B7F80
AddRefInternal func '$beh8' type=0 -> 428 ext=0 this=000001B4F7590280
AddRefInternal func '$beh0' type=0 -> 428 ext=0 this=000001B4F7590500
AddRefInternal func '$beh2' type=0 -> 2 ext=0 this=000001B4F7590780
ReleaseInternal func '$beh2' type=0 before=2 ext=0 this=000001B4F7590780
AddRefInternal func '$beh8' type=0 -> 70 ext=0 this=000001B4F8211680
AddRefInternal func '$beh0' type=0 -> 70 ext=0 this=000001B4F8210F00
AddRefInternal func '$beh0' type=0 -> 70 ext=0 this=000001B4F8211180
AddRefInternal func '$beh0' type=0 -> 70 ext=0 this=000001B4F8211900
AddRefInternal func '$beh8' type=0 -> 429 ext=0 this=000001B4F7590280
AddRefInternal func '$beh0' type=0 -> 429 ext=0 this=000001B4F7590500
AddRefInternal func '$beh2' type=0 -> 2 ext=0 this=000001B4F7590780
ReleaseInternal func '$beh2' type=0 before=2 ext=0 this=000001B4F7590780
AddRefInternal func '$beh8' type=0 -> 71 ext=0 this=000001B4F8211680
AddRefInternal func '$beh0' type=0 -> 71 ext=0 this=000001B4F8210F00
AddRefInternal func '$beh0' type=0 -> 71 ext=0 this=000001B4F8211180
AddRefInternal func '$beh0' type=0 -> 71 ext=0 this=000001B4F8211900
AddRefInternal func '$beh8' type=0 -> 430 ext=0 this=000001B4F7590280
AddRefInternal func '$beh0' type=0 -> 430 ext=0 this=000001B4F7590500
AddRefInternal func '$beh2' type=0 -> 2 ext=0 this=000001B4F7590780
ReleaseInternal func '$beh2' type=0 before=2 ext=0 this=000001B4F7590780
AddRefInternal func '$beh8' type=0 -> 431 ext=0 this=000001B4F7590280
AddRefInternal func '$beh0' type=0 -> 431 ext=0 this=000001B4F7590500
AddRefInternal func '$beh2' type=0 -> 2 ext=0 this=000001B4F7590780
ReleaseInternal func '$beh2' type=0 before=2 ext=0 this=000001B4F7590780
AddRefInternal func '$beh8' type=0 -> 72 ext=0 this=000001B4F8211680
AddRefInternal func '$beh0' type=0 -> 72 ext=0 this=000001B4F8210F00
AddRefInternal func '$beh0' type=0 -> 72 ext=0 this=000001B4F8211180
AddRefInternal func '$beh0' type=0 -> 72 ext=0 this=000001B4F8211900
AddRefInternal func '$beh8' type=0 -> 432 ext=0 this=000001B4F7590280
AddRefInternal func '$beh0' type=0 -> 432 ext=0 this=000001B4F7590500
AddRefInternal func '$beh2' type=0 -> 2 ext=0 this=000001B4F7590780
ReleaseInternal func '$beh2' type=0 before=2 ext=0 this=000001B4F7590780
AddRefInternal func '$beh8' type=0 -> 433 ext=0 this=000001B4F7590280
AddRefInternal func '$beh0' type=0 -> 433 ext=0 this=000001B4F7590500
AddRefInternal func '$beh2' type=0 -> 2 ext=0 this=000001B4F7590780
ReleaseInternal func '$beh2' type=0 before=2 ext=0 this=000001B4F7590780
AddRefInternal func '$beh8' type=0 -> 434 ext=0 this=000001B4F7590280
AddRefInternal func '$beh0' type=0 -> 434 ext=0 this=000001B4F7590500
AddRefInternal func '$beh2' type=0 -> 2 ext=0 this=000001B4F7590780
ReleaseInternal func '$beh2' type=0 before=2 ext=0 this=000001B4F7590780
AddRefInternal func '$beh8' type=0 -> 435 ext=0 this=000001B4F7590280
AddRefInternal func '$beh0' type=0 -> 435 ext=0 this=000001B4F7590500
AddRefInternal func '$beh2' type=0 -> 2 ext=0 this=000001B4F7590780
ReleaseInternal func '$beh2' type=0 before=2 ext=0 this=000001B4F7590780
AddRefInternal func '$beh8' type=0 -> 73 ext=0 this=000001B4F8211680
AddRefInternal func '$beh0' type=0 -> 73 ext=0 this=000001B4F8210F00
AddRefInternal func '$beh0' type=0 -> 73 ext=0 this=000001B4F8211180
AddRefInternal func '$beh0' type=0 -> 73 ext=0 this=000001B4F8211900
AddRefInternal func '$beh8' type=0 -> 436 ext=0 this=000001B4F7590280
AddRefInternal func '$beh0' type=0 -> 436 ext=0 this=000001B4F7590500
AddRefInternal func '$beh2' type=0 -> 2 ext=0 this=000001B4F7590780
ReleaseInternal func '$beh2' type=0 before=2 ext=0 this=000001B4F7590780
AddRefInternal func '$beh8' type=0 -> 44 ext=0 this=000001B4F7599880
AddRefInternal func '$beh0' type=0 -> 44 ext=0 this=000001B4F7599380
AddRefInternal func '$beh2' type=0 -> 2 ext=0 this=000001B4F7599600
ReleaseInternal func '$beh2' type=0 before=2 ext=0 this=000001B4F7599600
AddRefInternal func '$beh8' type=0 -> 14 ext=0 this=000001B4F821D480
AddRefInternal func '$beh0' type=0 -> 14 ext=0 this=000001B4F821CD00
AddRefInternal func '$beh0' type=0 -> 14 ext=0 this=000001B4F821CF80
AddRefInternal func '$beh0' type=0 -> 14 ext=0 this=000001B4F821D700
AddRefInternal func '$beh8' type=0 -> 15 ext=0 this=000001B4F821D480
AddRefInternal func '$beh0' type=0 -> 15 ext=0 this=000001B4F821CD00
AddRefInternal func '$beh0' type=0 -> 15 ext=0 this=000001B4F821CF80
AddRefInternal func '$beh0' type=0 -> 15 ext=0 this=000001B4F821D700
AddRefInternal func '$beh8' type=0 -> 437 ext=0 this=000001B4F7590280
AddRefInternal func '$beh0' type=0 -> 437 ext=0 this=000001B4F7590500
AddRefInternal func '$beh2' type=0 -> 2 ext=0 this=000001B4F7590780
ReleaseInternal func '$beh2' type=0 before=2 ext=0 this=000001B4F7590780
AddRefInternal func '$beh8' type=0 -> 438 ext=0 this=000001B4F7590280
AddRefInternal func '$beh0' type=0 -> 438 ext=0 this=000001B4F7590500
AddRefInternal func '$beh2' type=0 -> 2 ext=0 this=000001B4F7590780
ReleaseInternal func '$beh2' type=0 before=2 ext=0 this=000001B4F7590780
AddRefInternal func '$beh8' type=0 -> 439 ext=0 this=000001B4F7590280
AddRefInternal func '$beh0' type=0 -> 439 ext=0 this=000001B4F7590500
AddRefInternal func '$beh2' type=0 -> 2 ext=0 this=000001B4F7590780
ReleaseInternal func '$beh2' type=0 before=2 ext=0 this=000001B4F7590780
AddRefInternal func '$beh8' type=0 -> 16 ext=0 this=000001B4F821D480
AddRefInternal func '$beh0' type=0 -> 16 ext=0 this=000001B4F821CD00
AddRefInternal func '$beh0' type=0 -> 16 ext=0 this=000001B4F821CF80
AddRefInternal func '$beh0' type=0 -> 16 ext=0 this=000001B4F821D700
AddRefInternal func '$beh8' type=0 -> 17 ext=0 this=000001B4F821D480
AddRefInternal func '$beh0' type=0 -> 17 ext=0 this=000001B4F821CD00
AddRefInternal func '$beh0' type=0 -> 17 ext=0 this=000001B4F821CF80
AddRefInternal func '$beh0' type=0 -> 17 ext=0 this=000001B4F821D700
AddRefInternal func '$beh8' type=0 -> 18 ext=0 this=000001B4F821D480
AddRefInternal func '$beh0' type=0 -> 18 ext=0 this=000001B4F821CD00
AddRefInternal func '$beh0' type=0 -> 18 ext=0 this=000001B4F821CF80
AddRefInternal func '$beh0' type=0 -> 18 ext=0 this=000001B4F821D700
AddRefInternal func '$beh8' type=0 -> 36 ext=0 this=000001B4F7590A00
AddRefInternal func '$beh0' type=0 -> 36 ext=0 this=000001B4FC6B7A80
AddRefInternal func '$beh0' type=0 -> 36 ext=0 this=000001B4FC6B7D00
AddRefInternal func '$beh0' type=0 -> 36 ext=0 this=000001B4FC6B9B00
AddRefInternal func '$beh0' type=0 -> 36 ext=0 this=000001B4FC6B9D80
AddRefInternal func '$beh2' type=0 -> 2 ext=0 this=000001B4FC6B7F80
ReleaseInternal func '$beh2' type=0 before=2 ext=0 this=000001B4FC6B7F80
AddRefInternal func '$beh8' type=0 -> 440 ext=0 this=000001B4F7590280
AddRefInternal func '$beh0' type=0 -> 440 ext=0 this=000001B4F7590500
AddRefInternal func '$beh2' type=0 -> 2 ext=0 this=000001B4F7590780
ReleaseInternal func '$beh2' type=0 before=2 ext=0 this=000001B4F7590780
AddRefInternal func '$beh8' type=0 -> 441 ext=0 this=000001B4F7590280
AddRefInternal func '$beh0' type=0 -> 441 ext=0 this=000001B4F7590500
AddRefInternal func '$beh2' type=0 -> 2 ext=0 this=000001B4F7590780
ReleaseInternal func '$beh2' type=0 before=2 ext=0 this=000001B4F7590780
AddRefInternal func '$beh8' type=0 -> 442 ext=0 this=000001B4F7590280
AddRefInternal func '$beh0' type=0 -> 442 ext=0 this=000001B4F7590500
AddRefInternal func '$beh2' type=0 -> 2 ext=0 this=000001B4F7590780
ReleaseInternal func '$beh2' type=0 before=2 ext=0 this=000001B4F7590780
AddRefInternal func '$beh8' type=0 -> 443 ext=0 this=000001B4F7590280
AddRefInternal func '$beh0' type=0 -> 443 ext=0 this=000001B4F7590500
AddRefInternal func '$beh2' type=0 -> 2 ext=0 this=000001B4F7590780
ReleaseInternal func '$beh2' type=0 before=2 ext=0 this=000001B4F7590780
AddRefInternal func '$beh8' type=0 -> 444 ext=0 this=000001B4F7590280
AddRefInternal func '$beh0' type=0 -> 444 ext=0 this=000001B4F7590500
AddRefInternal func '$beh2' type=0 -> 2 ext=0 this=000001B4F7590780
ReleaseInternal func '$beh2' type=0 before=2 ext=0 this=000001B4F7590780
AddRefInternal func '$beh8' type=0 -> 445 ext=0 this=000001B4F7590280
AddRefInternal func '$beh0' type=0 -> 445 ext=0 this=000001B4F7590500
AddRefInternal func '$beh2' type=0 -> 2 ext=0 this=000001B4F7590780
ReleaseInternal func '$beh2' type=0 before=2 ext=0 this=000001B4F7590780
AddRefInternal func '$beh8' type=0 -> 446 ext=0 this=000001B4F7590280
AddRefInternal func '$beh0' type=0 -> 446 ext=0 this=000001B4F7590500
AddRefInternal func '$beh2' type=0 -> 2 ext=0 this=000001B4F7590780
ReleaseInternal func '$beh2' type=0 before=2 ext=0 this=000001B4F7590780
AddRefInternal func '$beh8' type=0 -> 447 ext=0 this=000001B4F7590280
AddRefInternal func '$beh0' type=0 -> 447 ext=0 this=000001B4F7590500
AddRefInternal func '$beh2' type=0 -> 2 ext=0 this=000001B4F7590780
ReleaseInternal func '$beh2' type=0 before=2 ext=0 this=000001B4F7590780
AddRefInternal func '$beh8' type=0 -> 448 ext=0 this=000001B4F7590280
AddRefInternal func '$beh0' type=0 -> 448 ext=0 this=000001B4F7590500
AddRefInternal func '$beh2' type=0 -> 2 ext=0 this=000001B4F7590780
ReleaseInternal func '$beh2' type=0 before=2 ext=0 this=000001B4F7590780
AddRefInternal func '$beh8' type=0 -> 449 ext=0 this=000001B4F7590280
AddRefInternal func '$beh0' type=0 -> 449 ext=0 this=000001B4F7590500
AddRefInternal func '$beh2' type=0 -> 2 ext=0 this=000001B4F7590780
ReleaseInternal func '$beh2' type=0 before=2 ext=0 this=000001B4F7590780
AddRefInternal func '$beh8' type=0 -> 450 ext=0 this=000001B4F7590280
AddRefInternal func '$beh0' type=0 -> 450 ext=0 this=000001B4F7590500
AddRefInternal func '$beh2' type=0 -> 2 ext=0 this=000001B4F7590780
ReleaseInternal func '$beh2' type=0 before=2 ext=0 this=000001B4F7590780
AddRefInternal func '$beh8' type=0 -> 451 ext=0 this=000001B4F7590280
AddRefInternal func '$beh0' type=0 -> 451 ext=0 this=000001B4F7590500
AddRefInternal func '$beh2' type=0 -> 2 ext=0 this=000001B4F7590780
ReleaseInternal func '$beh2' type=0 before=2 ext=0 this=000001B4F7590780
AddRefInternal func '$beh8' type=0 -> 74 ext=0 this=000001B4F8211680
AddRefInternal func '$beh0' type=0 -> 74 ext=0 this=000001B4F8210F00
AddRefInternal func '$beh0' type=0 -> 74 ext=0 this=000001B4F8211180
AddRefInternal func '$beh0' type=0 -> 74 ext=0 this=000001B4F8211900
AddRefInternal func '$beh8' type=0 -> 452 ext=0 this=000001B4F7590280
AddRefInternal func '$beh0' type=0 -> 452 ext=0 this=000001B4F7590500
AddRefInternal func '$beh2' type=0 -> 2 ext=0 this=000001B4F7590780
ReleaseInternal func '$beh2' type=0 before=2 ext=0 this=000001B4F7590780
AddRefInternal func '$beh8' type=0 -> 453 ext=0 this=000001B4F7590280
AddRefInternal func '$beh0' type=0 -> 453 ext=0 this=000001B4F7590500
AddRefInternal func '$beh2' type=0 -> 2 ext=0 this=000001B4F7590780
ReleaseInternal func '$beh2' type=0 before=2 ext=0 this=000001B4F7590780
AddRefInternal func '$beh8' type=0 -> 454 ext=0 this=000001B4F7590280
AddRefInternal func '$beh0' type=0 -> 454 ext=0 this=000001B4F7590500
AddRefInternal func '$beh2' type=0 -> 2 ext=0 this=000001B4F7590780
ReleaseInternal func '$beh2' type=0 before=2 ext=0 this=000001B4F7590780
AddRefInternal func '$beh8' type=0 -> 455 ext=0 this=000001B4F7590280
AddRefInternal func '$beh0' type=0 -> 455 ext=0 this=000001B4F7590500
AddRefInternal func '$beh2' type=0 -> 2 ext=0 this=000001B4F7590780
ReleaseInternal func '$beh2' type=0 before=2 ext=0 this=000001B4F7590780
AddRefInternal func '$beh8' type=0 -> 456 ext=0 this=000001B4F7590280
AddRefInternal func '$beh0' type=0 -> 456 ext=0 this=000001B4F7590500
AddRefInternal func '$beh2' type=0 -> 2 ext=0 this=000001B4F7590780
ReleaseInternal func '$beh2' type=0 before=2 ext=0 this=000001B4F7590780
AddRefInternal func '$beh8' type=0 -> 457 ext=0 this=000001B4F7590280
AddRefInternal func '$beh0' type=0 -> 457 ext=0 this=000001B4F7590500
AddRefInternal func '$beh2' type=0 -> 2 ext=0 this=000001B4F7590780
ReleaseInternal func '$beh2' type=0 before=2 ext=0 this=000001B4F7590780
AddRefInternal func '$beh8' type=0 -> 458 ext=0 this=000001B4F7590280
AddRefInternal func '$beh0' type=0 -> 458 ext=0 this=000001B4F7590500
AddRefInternal func '$beh2' type=0 -> 2 ext=0 this=000001B4F7590780
ReleaseInternal func '$beh2' type=0 before=2 ext=0 this=000001B4F7590780
AddRefInternal func '$beh8' type=0 -> 75 ext=0 this=000001B4F8211680
AddRefInternal func '$beh0' type=0 -> 75 ext=0 this=000001B4F8210F00
AddRefInternal func '$beh0' type=0 -> 75 ext=0 this=000001B4F8211180
AddRefInternal func '$beh0' type=0 -> 75 ext=0 this=000001B4F8211900
AddRefInternal func '$beh8' type=0 -> 459 ext=0 this=000001B4F7590280
AddRefInternal func '$beh0' type=0 -> 459 ext=0 this=000001B4F7590500
AddRefInternal func '$beh2' type=0 -> 2 ext=0 this=000001B4F7590780
ReleaseInternal func '$beh2' type=0 before=2 ext=0 this=000001B4F7590780
AddRefInternal func '$beh8' type=0 -> 76 ext=0 this=000001B4F8211680
AddRefInternal func '$beh0' type=0 -> 76 ext=0 this=000001B4F8210F00
AddRefInternal func '$beh0' type=0 -> 76 ext=0 this=000001B4F8211180
AddRefInternal func '$beh0' type=0 -> 76 ext=0 this=000001B4F8211900
AddRefInternal func '$beh8' type=0 -> 460 ext=0 this=000001B4F7590280
AddRefInternal func '$beh0' type=0 -> 460 ext=0 this=000001B4F7590500
AddRefInternal func '$beh2' type=0 -> 2 ext=0 this=000001B4F7590780
ReleaseInternal func '$beh2' type=0 before=2 ext=0 this=000001B4F7590780
AddRefInternal func '$beh8' type=0 -> 461 ext=0 this=000001B4F7590280
AddRefInternal func '$beh0' type=0 -> 461 ext=0 this=000001B4F7590500
AddRefInternal func '$beh2' type=0 -> 2 ext=0 this=000001B4F7590780
ReleaseInternal func '$beh2' type=0 before=2 ext=0 this=000001B4F7590780
AddRefInternal func '$beh8' type=0 -> 45 ext=0 this=000001B4F7599880
AddRefInternal func '$beh0' type=0 -> 45 ext=0 this=000001B4F7599380
AddRefInternal func '$beh2' type=0 -> 2 ext=0 this=000001B4F7599600
ReleaseInternal func '$beh2' type=0 before=2 ext=0 this=000001B4F7599600
AddRefInternal func '$beh8' type=0 -> 19 ext=0 this=000001B4F8215500
AddRefInternal func '$beh0' type=0 -> 19 ext=0 this=000001B4F8215000
AddRefInternal func '$beh2' type=0 -> 2 ext=0 this=000001B4F8215280
ReleaseInternal func '$beh2' type=0 before=2 ext=0 this=000001B4F8215280
AddRefInternal func '$beh8' type=0 -> 20 ext=0 this=000001B4F8215500
AddRefInternal func '$beh0' type=0 -> 20 ext=0 this=000001B4F8215000
AddRefInternal func '$beh2' type=0 -> 2 ext=0 this=000001B4F8215280
ReleaseInternal func '$beh2' type=0 before=2 ext=0 this=000001B4F8215280
AddRefInternal func '$beh8' type=0 -> 21 ext=0 this=000001B4F8215500
AddRefInternal func '$beh0' type=0 -> 21 ext=0 this=000001B4F8215000
AddRefInternal func '$beh2' type=0 -> 2 ext=0 this=000001B4F8215280
ReleaseInternal func '$beh2' type=0 before=2 ext=0 this=000001B4F8215280
AddRefInternal func '$beh8' type=0 -> 22 ext=0 this=000001B4F8215500
AddRefInternal func '$beh0' type=0 -> 22 ext=0 this=000001B4F8215000
AddRefInternal func '$beh2' type=0 -> 2 ext=0 this=000001B4F8215280
ReleaseInternal func '$beh2' type=0 before=2 ext=0 this=000001B4F8215280
AddRefInternal func '$beh8' type=0 -> 17 ext=0 this=000001B4F7590C80
AddRefInternal func '$beh0' type=0 -> 17 ext=0 this=000001B4FC6BB180
AddRefInternal func '$beh0' type=0 -> 17 ext=0 this=000001B4FC6BB400
AddRefInternal func '$beh0' type=0 -> 17 ext=0 this=000001B4FC6BD200
AddRefInternal func '$beh0' type=0 -> 17 ext=0 this=000001B4FC6BD480
AddRefInternal func '$beh0' type=0 -> 17 ext=0 this=000001B4FC6BD700
AddRefInternal func '$beh2' type=0 -> 2 ext=0 this=000001B4FC6BB680
ReleaseInternal func '$beh2' type=0 before=2 ext=0 this=000001B4FC6BB680
AddRefInternal func '$beh8' type=0 -> 23 ext=0 this=000001B4F8215500
AddRefInternal func '$beh0' type=0 -> 23 ext=0 this=000001B4F8215000
AddRefInternal func '$beh2' type=0 -> 2 ext=0 this=000001B4F8215280
ReleaseInternal func '$beh2' type=0 before=2 ext=0 this=000001B4F8215280
AddRefInternal func '$beh8' type=0 -> 18 ext=0 this=000001B4F7590C80
AddRefInternal func '$beh0' type=0 -> 18 ext=0 this=000001B4FC6BB180
AddRefInternal func '$beh0' type=0 -> 18 ext=0 this=000001B4FC6BB400
AddRefInternal func '$beh0' type=0 -> 18 ext=0 this=000001B4FC6BD200
AddRefInternal func '$beh0' type=0 -> 18 ext=0 this=000001B4FC6BD480
AddRefInternal func '$beh0' type=0 -> 18 ext=0 this=000001B4FC6BD700
AddRefInternal func '$beh2' type=0 -> 2 ext=0 this=000001B4FC6BB680
ReleaseInternal func '$beh2' type=0 before=2 ext=0 this=000001B4FC6BB680
AddRefInternal func '$beh8' type=0 -> 462 ext=0 this=000001B4F7590280
AddRefInternal func '$beh0' type=0 -> 462 ext=0 this=000001B4F7590500
AddRefInternal func '$beh2' type=0 -> 2 ext=0 this=000001B4F7590780
ReleaseInternal func '$beh2' type=0 before=2 ext=0 this=000001B4F7590780
AddRefInternal func '$beh8' type=0 -> 463 ext=0 this=000001B4F7590280
AddRefInternal func '$beh0' type=0 -> 463 ext=0 this=000001B4F7590500
AddRefInternal func '$beh2' type=0 -> 2 ext=0 this=000001B4F7590780
ReleaseInternal func '$beh2' type=0 before=2 ext=0 this=000001B4F7590780
AddRefInternal func '$beh8' type=0 -> 464 ext=0 this=000001B4F7590280
AddRefInternal func '$beh0' type=0 -> 464 ext=0 this=000001B4F7590500
AddRefInternal func '$beh2' type=0 -> 2 ext=0 this=000001B4F7590780
ReleaseInternal func '$beh2' type=0 before=2 ext=0 this=000001B4F7590780
AddRefInternal func '$beh8' type=0 -> 465 ext=0 this=000001B4F7590280
AddRefInternal func '$beh0' type=0 -> 465 ext=0 this=000001B4F7590500
AddRefInternal func '$beh2' type=0 -> 2 ext=0 this=000001B4F7590780
ReleaseInternal func '$beh2' type=0 before=2 ext=0 this=000001B4F7590780
AddRefInternal func '$beh8' type=0 -> 466 ext=0 this=000001B4F7590280
AddRefInternal func '$beh0' type=0 -> 466 ext=0 this=000001B4F7590500
AddRefInternal func '$beh2' type=0 -> 2 ext=0 this=000001B4F7590780
ReleaseInternal func '$beh2' type=0 before=2 ext=0 this=000001B4F7590780
AddRefInternal func '$beh8' type=0 -> 467 ext=0 this=000001B4F7590280
AddRefInternal func '$beh0' type=0 -> 467 ext=0 this=000001B4F7590500
AddRefInternal func '$beh2' type=0 -> 2 ext=0 this=000001B4F7590780
ReleaseInternal func '$beh2' type=0 before=2 ext=0 this=000001B4F7590780
AddRefInternal func '$beh8' type=0 -> 468 ext=0 this=000001B4F7590280
AddRefInternal func '$beh0' type=0 -> 468 ext=0 this=000001B4F7590500
AddRefInternal func '$beh2' type=0 -> 2 ext=0 this=000001B4F7590780
ReleaseInternal func '$beh2' type=0 before=2 ext=0 this=000001B4F7590780
AddRefInternal func '$beh8' type=0 -> 469 ext=0 this=000001B4F7590280
AddRefInternal func '$beh0' type=0 -> 469 ext=0 this=000001B4F7590500
AddRefInternal func '$beh2' type=0 -> 2 ext=0 this=000001B4F7590780
ReleaseInternal func '$beh2' type=0 before=2 ext=0 this=000001B4F7590780
AddRefInternal func '$beh8' type=0 -> 470 ext=0 this=000001B4F7590280
AddRefInternal func '$beh0' type=0 -> 470 ext=0 this=000001B4F7590500
AddRefInternal func '$beh2' type=0 -> 2 ext=0 this=000001B4F7590780
ReleaseInternal func '$beh2' type=0 before=2 ext=0 this=000001B4F7590780
AddRefInternal func '$beh8' type=0 -> 89 ext=0 this=000001B4F821AC80
AddRefInternal func '$beh0' type=0 -> 89 ext=0 this=000001B4F821A500
AddRefInternal func '$beh0' type=0 -> 89 ext=0 this=000001B4F821A780
AddRefInternal func '$beh0' type=0 -> 89 ext=0 this=000001B4F821AF00
AddRefInternal func '$beh8' type=0 -> 471 ext=0 this=000001B4F7590280
AddRefInternal func '$beh0' type=0 -> 471 ext=0 this=000001B4F7590500
AddRefInternal func '$beh2' type=0 -> 2 ext=0 this=000001B4F7590780
ReleaseInternal func '$beh2' type=0 before=2 ext=0 this=000001B4F7590780
AddRefInternal func '$beh8' type=0 -> 472 ext=0 this=000001B4F7590280
AddRefInternal func '$beh0' type=0 -> 472 ext=0 this=000001B4F7590500
AddRefInternal func '$beh2' type=0 -> 2 ext=0 this=000001B4F7590780
ReleaseInternal func '$beh2' type=0 before=2 ext=0 this=000001B4F7590780
AddRefInternal func '$beh8' type=0 -> 473 ext=0 this=000001B4F7590280
AddRefInternal func '$beh0' type=0 -> 473 ext=0 this=000001B4F7590500
AddRefInternal func '$beh2' type=0 -> 2 ext=0 this=000001B4F7590780
ReleaseInternal func '$beh2' type=0 before=2 ext=0 this=000001B4F7590780
AddRefInternal func '$beh8' type=0 -> 19 ext=0 this=000001B4F7590C80
AddRefInternal func '$beh0' type=0 -> 19 ext=0 this=000001B4FC6BB180
AddRefInternal func '$beh0' type=0 -> 19 ext=0 this=000001B4FC6BB400
AddRefInternal func '$beh0' type=0 -> 19 ext=0 this=000001B4FC6BD200
AddRefInternal func '$beh0' type=0 -> 19 ext=0 this=000001B4FC6BD480
AddRefInternal func '$beh0' type=0 -> 19 ext=0 this=000001B4FC6BD700
AddRefInternal func '$beh2' type=0 -> 2 ext=0 this=000001B4FC6BB680
ReleaseInternal func '$beh2' type=0 before=2 ext=0 this=000001B4FC6BB680
AddRefInternal func '$beh8' type=0 -> 474 ext=0 this=000001B4F7590280
AddRefInternal func '$beh0' type=0 -> 474 ext=0 this=000001B4F7590500
AddRefInternal func '$beh2' type=0 -> 2 ext=0 this=000001B4F7590780
ReleaseInternal func '$beh2' type=0 before=2 ext=0 this=000001B4F7590780
AddRefInternal func '$beh8' type=0 -> 475 ext=0 this=000001B4F7590280
AddRefInternal func '$beh0' type=0 -> 475 ext=0 this=000001B4F7590500
AddRefInternal func '$beh2' type=0 -> 2 ext=0 this=000001B4F7590780
ReleaseInternal func '$beh2' type=0 before=2 ext=0 this=000001B4F7590780
AddRefInternal func '$beh8' type=0 -> 476 ext=0 this=000001B4F7590280
AddRefInternal func '$beh0' type=0 -> 476 ext=0 this=000001B4F7590500
AddRefInternal func '$beh2' type=0 -> 2 ext=0 this=000001B4F7590780
ReleaseInternal func '$beh2' type=0 before=2 ext=0 this=000001B4F7590780
AddRefInternal func '$beh8' type=0 -> 77 ext=0 this=000001B4F8211680
AddRefInternal func '$beh0' type=0 -> 77 ext=0 this=000001B4F8210F00
AddRefInternal func '$beh0' type=0 -> 77 ext=0 this=000001B4F8211180
AddRefInternal func '$beh0' type=0 -> 77 ext=0 this=000001B4F8211900
AddRefInternal func '$beh8' type=0 -> 477 ext=0 this=000001B4F7590280
AddRefInternal func '$beh0' type=0 -> 477 ext=0 this=000001B4F7590500
AddRefInternal func '$beh2' type=0 -> 2 ext=0 this=000001B4F7590780
ReleaseInternal func '$beh2' type=0 before=2 ext=0 this=000001B4F7590780
AddRefInternal func '$beh8' type=0 -> 37 ext=0 this=000001B4F7590A00
AddRefInternal func '$beh0' type=0 -> 37 ext=0 this=000001B4FC6B7A80
AddRefInternal func '$beh0' type=0 -> 37 ext=0 this=000001B4FC6B7D00
AddRefInternal func '$beh0' type=0 -> 37 ext=0 this=000001B4FC6B9B00
AddRefInternal func '$beh0' type=0 -> 37 ext=0 this=000001B4FC6B9D80
AddRefInternal func '$beh2' type=0 -> 2 ext=0 this=000001B4FC6B7F80
ReleaseInternal func '$beh2' type=0 before=2 ext=0 this=000001B4FC6B7F80
AddRefInternal func '$beh8' type=0 -> 46 ext=0 this=000001B4F7599880
AddRefInternal func '$beh0' type=0 -> 46 ext=0 this=000001B4F7599380
AddRefInternal func '$beh2' type=0 -> 2 ext=0 this=000001B4F7599600
ReleaseInternal func '$beh2' type=0 before=2 ext=0 this=000001B4F7599600
AddRefInternal func '$beh8' type=0 -> 478 ext=0 this=000001B4F7590280
AddRefInternal func '$beh0' type=0 -> 478 ext=0 this=000001B4F7590500
AddRefInternal func '$beh2' type=0 -> 2 ext=0 this=000001B4F7590780
ReleaseInternal func '$beh2' type=0 before=2 ext=0 this=000001B4F7590780
AddRefInternal func '$beh8' type=0 -> 479 ext=0 this=000001B4F7590280
AddRefInternal func '$beh0' type=0 -> 479 ext=0 this=000001B4F7590500
AddRefInternal func '$beh2' type=0 -> 2 ext=0 this=000001B4F7590780
ReleaseInternal func '$beh2' type=0 before=2 ext=0 this=000001B4F7590780
AddRefInternal func '$beh8' type=0 -> 480 ext=0 this=000001B4F7590280
AddRefInternal func '$beh0' type=0 -> 480 ext=0 this=000001B4F7590500
AddRefInternal func '$beh2' type=0 -> 2 ext=0 this=000001B4F7590780
ReleaseInternal func '$beh2' type=0 before=2 ext=0 this=000001B4F7590780
AddRefInternal func '$beh8' type=0 -> 481 ext=0 this=000001B4F7590280
AddRefInternal func '$beh0' type=0 -> 481 ext=0 this=000001B4F7590500
AddRefInternal func '$beh2' type=0 -> 2 ext=0 this=000001B4F7590780
ReleaseInternal func '$beh2' type=0 before=2 ext=0 this=000001B4F7590780
AddRefInternal func '$beh8' type=0 -> 482 ext=0 this=000001B4F7590280
AddRefInternal func '$beh0' type=0 -> 482 ext=0 this=000001B4F7590500
AddRefInternal func '$beh2' type=0 -> 2 ext=0 this=000001B4F7590780
ReleaseInternal func '$beh2' type=0 before=2 ext=0 this=000001B4F7590780
AddRefInternal func '$beh8' type=0 -> 483 ext=0 this=000001B4F7590280
AddRefInternal func '$beh0' type=0 -> 483 ext=0 this=000001B4F7590500
AddRefInternal func '$beh2' type=0 -> 2 ext=0 this=000001B4F7590780
ReleaseInternal func '$beh2' type=0 before=2 ext=0 this=000001B4F7590780
AddRefInternal func '$beh8' type=0 -> 484 ext=0 this=000001B4F7590280
AddRefInternal func '$beh0' type=0 -> 484 ext=0 this=000001B4F7590500
AddRefInternal func '$beh2' type=0 -> 2 ext=0 this=000001B4F7590780
ReleaseInternal func '$beh2' type=0 before=2 ext=0 this=000001B4F7590780
AddRefInternal func '$beh8' type=0 -> 485 ext=0 this=000001B4F7590280
AddRefInternal func '$beh0' type=0 -> 485 ext=0 this=000001B4F7590500
AddRefInternal func '$beh2' type=0 -> 2 ext=0 this=000001B4F7590780
ReleaseInternal func '$beh2' type=0 before=2 ext=0 this=000001B4F7590780
AddRefInternal func '$beh8' type=0 -> 486 ext=0 this=000001B4F7590280
AddRefInternal func '$beh0' type=0 -> 486 ext=0 this=000001B4F7590500
AddRefInternal func '$beh2' type=0 -> 2 ext=0 this=000001B4F7590780
ReleaseInternal func '$beh2' type=0 before=2 ext=0 this=000001B4F7590780
AddRefInternal func '$beh8' type=0 -> 487 ext=0 this=000001B4F7590280
AddRefInternal func '$beh0' type=0 -> 487 ext=0 this=000001B4F7590500
AddRefInternal func '$beh2' type=0 -> 2 ext=0 this=000001B4F7590780
ReleaseInternal func '$beh2' type=0 before=2 ext=0 this=000001B4F7590780
AddRefInternal func '$beh8' type=0 -> 488 ext=0 this=000001B4F7590280
AddRefInternal func '$beh0' type=0 -> 488 ext=0 this=000001B4F7590500
AddRefInternal func '$beh2' type=0 -> 2 ext=0 this=000001B4F7590780
ReleaseInternal func '$beh2' type=0 before=2 ext=0 this=000001B4F7590780
AddRefInternal func '$beh8' type=0 -> 90 ext=0 this=000001B4F821AC80
AddRefInternal func '$beh0' type=0 -> 90 ext=0 this=000001B4F821A500
AddRefInternal func '$beh0' type=0 -> 90 ext=0 this=000001B4F821A780
AddRefInternal func '$beh0' type=0 -> 90 ext=0 this=000001B4F821AF00
AddRefInternal func '$beh8' type=0 -> 489 ext=0 this=000001B4F7590280
AddRefInternal func '$beh0' type=0 -> 489 ext=0 this=000001B4F7590500
AddRefInternal func '$beh2' type=0 -> 2 ext=0 this=000001B4F7590780
ReleaseInternal func '$beh2' type=0 before=2 ext=0 this=000001B4F7590780
AddRefInternal func '$beh8' type=0 -> 5 ext=0 this=000001B4F8213480
AddRefInternal func '$beh0' type=0 -> 5 ext=0 this=000001B4F8212A80
AddRefInternal func '$beh0' type=0 -> 5 ext=0 this=000001B4F8212D00
AddRefInternal func '$beh0' type=0 -> 5 ext=0 this=000001B4F8212F80
AddRefInternal func '$beh2' type=0 -> 2 ext=0 this=000001B4F8213200
ReleaseInternal func '$beh2' type=0 before=2 ext=0 this=000001B4F8213200
AddRefInternal func '$beh8' type=0 -> 78 ext=0 this=000001B4F8211680
AddRefInternal func '$beh0' type=0 -> 78 ext=0 this=000001B4F8210F00
AddRefInternal func '$beh0' type=0 -> 78 ext=0 this=000001B4F8211180
AddRefInternal func '$beh0' type=0 -> 78 ext=0 this=000001B4F8211900
AddRefInternal func '$beh8' type=0 -> 490 ext=0 this=000001B4F7590280
AddRefInternal func '$beh0' type=0 -> 490 ext=0 this=000001B4F7590500
AddRefInternal func '$beh2' type=0 -> 2 ext=0 this=000001B4F7590780
ReleaseInternal func '$beh2' type=0 before=2 ext=0 this=000001B4F7590780
AddRefInternal func '$beh8' type=0 -> 79 ext=0 this=000001B4F8211680
AddRefInternal func '$beh0' type=0 -> 79 ext=0 this=000001B4F8210F00
AddRefInternal func '$beh0' type=0 -> 79 ext=0 this=000001B4F8211180
AddRefInternal func '$beh0' type=0 -> 79 ext=0 this=000001B4F8211900
AddRefInternal func '$beh8' type=0 -> 491 ext=0 this=000001B4F7590280
AddRefInternal func '$beh0' type=0 -> 491 ext=0 this=000001B4F7590500
AddRefInternal func '$beh2' type=0 -> 2 ext=0 this=000001B4F7590780
ReleaseInternal func '$beh2' type=0 before=2 ext=0 this=000001B4F7590780
AddRefInternal func '$beh8' type=0 -> 492 ext=0 this=000001B4F7590280
AddRefInternal func '$beh0' type=0 -> 492 ext=0 this=000001B4F7590500
AddRefInternal func '$beh2' type=0 -> 2 ext=0 this=000001B4F7590780
ReleaseInternal func '$beh2' type=0 before=2 ext=0 this=000001B4F7590780
AddRefInternal func '$beh8' type=0 -> 493 ext=0 this=000001B4F7590280
AddRefInternal func '$beh0' type=0 -> 493 ext=0 this=000001B4F7590500
AddRefInternal func '$beh2' type=0 -> 2 ext=0 this=000001B4F7590780
ReleaseInternal func '$beh2' type=0 before=2 ext=0 this=000001B4F7590780
AddRefInternal func '$beh8' type=0 -> 91 ext=0 this=000001B4F821AC80
AddRefInternal func '$beh0' type=0 -> 91 ext=0 this=000001B4F821A500
AddRefInternal func '$beh0' type=0 -> 91 ext=0 this=000001B4F821A780
AddRefInternal func '$beh0' type=0 -> 91 ext=0 this=000001B4F821AF00
AddRefInternal func '$beh8' type=0 -> 494 ext=0 this=000001B4F7590280
AddRefInternal func '$beh0' type=0 -> 494 ext=0 this=000001B4F7590500
AddRefInternal func '$beh2' type=0 -> 2 ext=0 this=000001B4F7590780
ReleaseInternal func '$beh2' type=0 before=2 ext=0 this=000001B4F7590780
AddRefInternal func '$beh8' type=0 -> 47 ext=0 this=000001B4F7599880
AddRefInternal func '$beh0' type=0 -> 47 ext=0 this=000001B4F7599380
AddRefInternal func '$beh2' type=0 -> 2 ext=0 this=000001B4F7599600
ReleaseInternal func '$beh2' type=0 before=2 ext=0 this=000001B4F7599600
AddRefInternal func '$beh8' type=0 -> 495 ext=0 this=000001B4F7590280
AddRefInternal func '$beh0' type=0 -> 495 ext=0 this=000001B4F7590500
AddRefInternal func '$beh2' type=0 -> 2 ext=0 this=000001B4F7590780
ReleaseInternal func '$beh2' type=0 before=2 ext=0 this=000001B4F7590780
AddRefInternal func '$beh8' type=0 -> 496 ext=0 this=000001B4F7590280
AddRefInternal func '$beh0' type=0 -> 496 ext=0 this=000001B4F7590500
AddRefInternal func '$beh2' type=0 -> 2 ext=0 this=000001B4F7590780
ReleaseInternal func '$beh2' type=0 before=2 ext=0 this=000001B4F7590780
AddRefInternal func '$beh8' type=0 -> 497 ext=0 this=000001B4F7590280
AddRefInternal func '$beh0' type=0 -> 497 ext=0 this=000001B4F7590500
AddRefInternal func '$beh2' type=0 -> 2 ext=0 this=000001B4F7590780
ReleaseInternal func '$beh2' type=0 before=2 ext=0 this=000001B4F7590780
AddRefInternal func '$beh8' type=0 -> 80 ext=0 this=000001B4F8211680
AddRefInternal func '$beh0' type=0 -> 80 ext=0 this=000001B4F8210F00
AddRefInternal func '$beh0' type=0 -> 80 ext=0 this=000001B4F8211180
AddRefInternal func '$beh0' type=0 -> 80 ext=0 this=000001B4F8211900
AddRefInternal func '$beh8' type=0 -> 498 ext=0 this=000001B4F7590280
AddRefInternal func '$beh0' type=0 -> 498 ext=0 this=000001B4F7590500
AddRefInternal func '$beh2' type=0 -> 2 ext=0 this=000001B4F7590780
ReleaseInternal func '$beh2' type=0 before=2 ext=0 this=000001B4F7590780
AddRefInternal func '$beh8' type=0 -> 81 ext=0 this=000001B4F8211680
AddRefInternal func '$beh0' type=0 -> 81 ext=0 this=000001B4F8210F00
AddRefInternal func '$beh0' type=0 -> 81 ext=0 this=000001B4F8211180
AddRefInternal func '$beh0' type=0 -> 81 ext=0 this=000001B4F8211900
AddRefInternal func '$beh8' type=0 -> 499 ext=0 this=000001B4F7590280
AddRefInternal func '$beh0' type=0 -> 499 ext=0 this=000001B4F7590500
AddRefInternal func '$beh2' type=0 -> 2 ext=0 this=000001B4F7590780
ReleaseInternal func '$beh2' type=0 before=2 ext=0 this=000001B4F7590780
AddRefInternal func '$beh8' type=0 -> 82 ext=0 this=000001B4F8211680
AddRefInternal func '$beh0' type=0 -> 82 ext=0 this=000001B4F8210F00
AddRefInternal func '$beh0' type=0 -> 82 ext=0 this=000001B4F8211180
AddRefInternal func '$beh0' type=0 -> 82 ext=0 this=000001B4F8211900
AddRefInternal func '$beh8' type=0 -> 500 ext=0 this=000001B4F7590280
AddRefInternal func '$beh0' type=0 -> 500 ext=0 this=000001B4F7590500
AddRefInternal func '$beh2' type=0 -> 2 ext=0 this=000001B4F7590780
ReleaseInternal func '$beh2' type=0 before=2 ext=0 this=000001B4F7590780
AddRefInternal func '$beh8' type=0 -> 6 ext=0 this=000001B4F8213480
AddRefInternal func '$beh0' type=0 -> 6 ext=0 this=000001B4F8212A80
AddRefInternal func '$beh0' type=0 -> 6 ext=0 this=000001B4F8212D00
AddRefInternal func '$beh0' type=0 -> 6 ext=0 this=000001B4F8212F80
AddRefInternal func '$beh2' type=0 -> 2 ext=0 this=000001B4F8213200
ReleaseInternal func '$beh2' type=0 before=2 ext=0 this=000001B4F8213200
AddRefInternal func '$beh8' type=0 -> 83 ext=0 this=000001B4F8211680
AddRefInternal func '$beh0' type=0 -> 83 ext=0 this=000001B4F8210F00
AddRefInternal func '$beh0' type=0 -> 83 ext=0 this=000001B4F8211180
AddRefInternal func '$beh0' type=0 -> 83 ext=0 this=000001B4F8211900
AddRefInternal func '$beh8' type=0 -> 501 ext=0 this=000001B4F7590280
AddRefInternal func '$beh0' type=0 -> 501 ext=0 this=000001B4F7590500
AddRefInternal func '$beh2' type=0 -> 2 ext=0 this=000001B4F7590780
ReleaseInternal func '$beh2' type=0 before=2 ext=0 this=000001B4F7590780
AddRefInternal func '$beh8' type=0 -> 48 ext=0 this=000001B4F7599880
AddRefInternal func '$beh0' type=0 -> 48 ext=0 this=000001B4F7599380
AddRefInternal func '$beh2' type=0 -> 2 ext=0 this=000001B4F7599600
ReleaseInternal func '$beh2' type=0 before=2 ext=0 this=000001B4F7599600
AddRefInternal func '$beh8' type=0 -> 502 ext=0 this=000001B4F7590280
AddRefInternal func '$beh0' type=0 -> 502 ext=0 this=000001B4F7590500
AddRefInternal func '$beh2' type=0 -> 2 ext=0 this=000001B4F7590780
ReleaseInternal func '$beh2' type=0 before=2 ext=0 this=000001B4F7590780
AddRefInternal func '$beh8' type=0 -> 38 ext=0 this=000001B4F7590A00
AddRefInternal func '$beh0' type=0 -> 38 ext=0 this=000001B4FC6B7A80
AddRefInternal func '$beh0' type=0 -> 38 ext=0 this=000001B4FC6B7D00
AddRefInternal func '$beh0' type=0 -> 38 ext=0 this=000001B4FC6B9B00
AddRefInternal func '$beh0' type=0 -> 38 ext=0 this=000001B4FC6B9D80
AddRefInternal func '$beh2' type=0 -> 2 ext=0 this=000001B4FC6B7F80
ReleaseInternal func '$beh2' type=0 before=2 ext=0 this=000001B4FC6B7F80
AddRefInternal func '$beh8' type=0 -> 503 ext=0 this=000001B4F7590280
AddRefInternal func '$beh0' type=0 -> 503 ext=0 this=000001B4F7590500
AddRefInternal func '$beh2' type=0 -> 2 ext=0 this=000001B4F7590780
ReleaseInternal func '$beh2' type=0 before=2 ext=0 this=000001B4F7590780
AddRefInternal func '$beh8' type=0 -> 504 ext=0 this=000001B4F7590280
AddRefInternal func '$beh0' type=0 -> 504 ext=0 this=000001B4F7590500
AddRefInternal func '$beh2' type=0 -> 2 ext=0 this=000001B4F7590780
ReleaseInternal func '$beh2' type=0 before=2 ext=0 this=000001B4F7590780
AddRefInternal func '$beh8' type=0 -> 505 ext=0 this=000001B4F7590280
AddRefInternal func '$beh0' type=0 -> 505 ext=0 this=000001B4F7590500
AddRefInternal func '$beh2' type=0 -> 2 ext=0 this=000001B4F7590780
ReleaseInternal func '$beh2' type=0 before=2 ext=0 this=000001B4F7590780
AddRefInternal func '$beh8' type=0 -> 506 ext=0 this=000001B4F7590280
AddRefInternal func '$beh0' type=0 -> 506 ext=0 this=000001B4F7590500
AddRefInternal func '$beh2' type=0 -> 2 ext=0 this=000001B4F7590780
ReleaseInternal func '$beh2' type=0 before=2 ext=0 this=000001B4F7590780
AddRefInternal func '$beh8' type=0 -> 92 ext=0 this=000001B4F821AC80
AddRefInternal func '$beh0' type=0 -> 92 ext=0 this=000001B4F821A500
AddRefInternal func '$beh0' type=0 -> 92 ext=0 this=000001B4F821A780
AddRefInternal func '$beh0' type=0 -> 92 ext=0 this=000001B4F821AF00
AddRefInternal func '$beh8' type=0 -> 507 ext=0 this=000001B4F7590280
AddRefInternal func '$beh0' type=0 -> 507 ext=0 this=000001B4F7590500
AddRefInternal func '$beh2' type=0 -> 2 ext=0 this=000001B4F7590780
ReleaseInternal func '$beh2' type=0 before=2 ext=0 this=000001B4F7590780
AddRefInternal func '$beh8' type=0 -> 84 ext=0 this=000001B4F8211680
AddRefInternal func '$beh0' type=0 -> 84 ext=0 this=000001B4F8210F00
AddRefInternal func '$beh0' type=0 -> 84 ext=0 this=000001B4F8211180
AddRefInternal func '$beh0' type=0 -> 84 ext=0 this=000001B4F8211900
AddRefInternal func '$beh8' type=0 -> 508 ext=0 this=000001B4F7590280
AddRefInternal func '$beh0' type=0 -> 508 ext=0 this=000001B4F7590500
AddRefInternal func '$beh2' type=0 -> 2 ext=0 this=000001B4F7590780
ReleaseInternal func '$beh2' type=0 before=2 ext=0 this=000001B4F7590780
AddRefInternal func '$beh8' type=0 -> 93 ext=0 this=000001B4F821AC80
AddRefInternal func '$beh0' type=0 -> 93 ext=0 this=000001B4F821A500
AddRefInternal func '$beh0' type=0 -> 93 ext=0 this=000001B4F821A780
AddRefInternal func '$beh0' type=0 -> 93 ext=0 this=000001B4F821AF00
AddRefInternal func '$beh8' type=0 -> 509 ext=0 this=000001B4F7590280
AddRefInternal func '$beh0' type=0 -> 509 ext=0 this=000001B4F7590500
AddRefInternal func '$beh2' type=0 -> 2 ext=0 this=000001B4F7590780
ReleaseInternal func '$beh2' type=0 before=2 ext=0 this=000001B4F7590780
AddRefInternal func '$beh8' type=0 -> 510 ext=0 this=000001B4F7590280
AddRefInternal func '$beh0' type=0 -> 510 ext=0 this=000001B4F7590500
AddRefInternal func '$beh2' type=0 -> 2 ext=0 this=000001B4F7590780
ReleaseInternal func '$beh2' type=0 before=2 ext=0 this=000001B4F7590780
AddRefInternal func '$beh8' type=0 -> 7 ext=0 this=000001B4F8213480
AddRefInternal func '$beh0' type=0 -> 7 ext=0 this=000001B4F8212A80
AddRefInternal func '$beh0' type=0 -> 7 ext=0 this=000001B4F8212D00
AddRefInternal func '$beh0' type=0 -> 7 ext=0 this=000001B4F8212F80
AddRefInternal func '$beh2' type=0 -> 2 ext=0 this=000001B4F8213200
ReleaseInternal func '$beh2' type=0 before=2 ext=0 this=000001B4F8213200
AddRefInternal func '$beh8' type=0 -> 511 ext=0 this=000001B4F7590280
AddRefInternal func '$beh0' type=0 -> 511 ext=0 this=000001B4F7590500
AddRefInternal func '$beh2' type=0 -> 2 ext=0 this=000001B4F7590780
ReleaseInternal func '$beh2' type=0 before=2 ext=0 this=000001B4F7590780
AddRefInternal func '$beh8' type=0 -> 39 ext=0 this=000001B4F7590A00
AddRefInternal func '$beh0' type=0 -> 39 ext=0 this=000001B4FC6B7A80
AddRefInternal func '$beh0' type=0 -> 39 ext=0 this=000001B4FC6B7D00
AddRefInternal func '$beh0' type=0 -> 39 ext=0 this=000001B4FC6B9B00
AddRefInternal func '$beh0' type=0 -> 39 ext=0 this=000001B4FC6B9D80
AddRefInternal func '$beh2' type=0 -> 2 ext=0 this=000001B4FC6B7F80
ReleaseInternal func '$beh2' type=0 before=2 ext=0 this=000001B4FC6B7F80
AddRefInternal func '$beh8' type=0 -> 512 ext=0 this=000001B4F7590280
AddRefInternal func '$beh0' type=0 -> 512 ext=0 this=000001B4F7590500
AddRefInternal func '$beh2' type=0 -> 2 ext=0 this=000001B4F7590780
ReleaseInternal func '$beh2' type=0 before=2 ext=0 this=000001B4F7590780
AddRefInternal func '$beh8' type=0 -> 40 ext=0 this=000001B4F7590A00
AddRefInternal func '$beh0' type=0 -> 40 ext=0 this=000001B4FC6B7A80
AddRefInternal func '$beh0' type=0 -> 40 ext=0 this=000001B4FC6B7D00
AddRefInternal func '$beh0' type=0 -> 40 ext=0 this=000001B4FC6B9B00
AddRefInternal func '$beh0' type=0 -> 40 ext=0 this=000001B4FC6B9D80
AddRefInternal func '$beh2' type=0 -> 2 ext=0 this=000001B4FC6B7F80
ReleaseInternal func '$beh2' type=0 before=2 ext=0 this=000001B4FC6B7F80
AddRefInternal func '$beh8' type=0 -> 513 ext=0 this=000001B4F7590280
AddRefInternal func '$beh0' type=0 -> 513 ext=0 this=000001B4F7590500
AddRefInternal func '$beh2' type=0 -> 2 ext=0 this=000001B4F7590780
ReleaseInternal func '$beh2' type=0 before=2 ext=0 this=000001B4F7590780
AddRefInternal func '$beh8' type=0 -> 94 ext=0 this=000001B4F821AC80
AddRefInternal func '$beh0' type=0 -> 94 ext=0 this=000001B4F821A500
AddRefInternal func '$beh0' type=0 -> 94 ext=0 this=000001B4F821A780
AddRefInternal func '$beh0' type=0 -> 94 ext=0 this=000001B4F821AF00
AddRefInternal func '$beh8' type=0 -> 85 ext=0 this=000001B4F8211680
AddRefInternal func '$beh0' type=0 -> 85 ext=0 this=000001B4F8210F00
AddRefInternal func '$beh0' type=0 -> 85 ext=0 this=000001B4F8211180
AddRefInternal func '$beh0' type=0 -> 85 ext=0 this=000001B4F8211900
AddRefInternal func '$beh8' type=0 -> 514 ext=0 this=000001B4F7590280
AddRefInternal func '$beh0' type=0 -> 514 ext=0 this=000001B4F7590500
AddRefInternal func '$beh2' type=0 -> 2 ext=0 this=000001B4F7590780
ReleaseInternal func '$beh2' type=0 before=2 ext=0 this=000001B4F7590780
AddRefInternal func '$beh8' type=0 -> 41 ext=0 this=000001B4F7590A00
AddRefInternal func '$beh0' type=0 -> 41 ext=0 this=000001B4FC6B7A80
AddRefInternal func '$beh0' type=0 -> 41 ext=0 this=000001B4FC6B7D00
AddRefInternal func '$beh0' type=0 -> 41 ext=0 this=000001B4FC6B9B00
AddRefInternal func '$beh0' type=0 -> 41 ext=0 this=000001B4FC6B9D80
AddRefInternal func '$beh2' type=0 -> 2 ext=0 this=000001B4FC6B7F80
ReleaseInternal func '$beh2' type=0 before=2 ext=0 this=000001B4FC6B7F80
AddRefInternal func '$beh8' type=0 -> 42 ext=0 this=000001B4F7590A00
AddRefInternal func '$beh0' type=0 -> 42 ext=0 this=000001B4FC6B7A80
AddRefInternal func '$beh0' type=0 -> 42 ext=0 this=000001B4FC6B7D00
AddRefInternal func '$beh0' type=0 -> 42 ext=0 this=000001B4FC6B9B00
AddRefInternal func '$beh0' type=0 -> 42 ext=0 this=000001B4FC6B9D80
AddRefInternal func '$beh2' type=0 -> 2 ext=0 this=000001B4FC6B7F80
ReleaseInternal func '$beh2' type=0 before=2 ext=0 this=000001B4FC6B7F80
AddRefInternal func '$beh8' type=0 -> 515 ext=0 this=000001B4F7590280
AddRefInternal func '$beh0' type=0 -> 515 ext=0 this=000001B4F7590500
AddRefInternal func '$beh2' type=0 -> 2 ext=0 this=000001B4F7590780
ReleaseInternal func '$beh2' type=0 before=2 ext=0 this=000001B4F7590780
AddRefInternal func '$beh8' type=0 -> 95 ext=0 this=000001B4F821AC80
AddRefInternal func '$beh0' type=0 -> 95 ext=0 this=000001B4F821A500
AddRefInternal func '$beh0' type=0 -> 95 ext=0 this=000001B4F821A780
AddRefInternal func '$beh0' type=0 -> 95 ext=0 this=000001B4F821AF00
AddRefInternal func '$beh8' type=0 -> 516 ext=0 this=000001B4F7590280
AddRefInternal func '$beh0' type=0 -> 516 ext=0 this=000001B4F7590500
AddRefInternal func '$beh2' type=0 -> 2 ext=0 this=000001B4F7590780
ReleaseInternal func '$beh2' type=0 before=2 ext=0 this=000001B4F7590780
AddRefInternal func '$beh8' type=0 -> 517 ext=0 this=000001B4F7590280
AddRefInternal func '$beh0' type=0 -> 517 ext=0 this=000001B4F7590500
AddRefInternal func '$beh2' type=0 -> 2 ext=0 this=000001B4F7590780
ReleaseInternal func '$beh2' type=0 before=2 ext=0 this=000001B4F7590780
AddRefInternal func '$beh8' type=0 -> 518 ext=0 this=000001B4F7590280
AddRefInternal func '$beh0' type=0 -> 518 ext=0 this=000001B4F7590500
AddRefInternal func '$beh2' type=0 -> 2 ext=0 this=000001B4F7590780
ReleaseInternal func '$beh2' type=0 before=2 ext=0 this=000001B4F7590780
AddRefInternal func '$beh8' type=0 -> 86 ext=0 this=000001B4F8211680
AddRefInternal func '$beh0' type=0 -> 86 ext=0 this=000001B4F8210F00
AddRefInternal func '$beh0' type=0 -> 86 ext=0 this=000001B4F8211180
AddRefInternal func '$beh0' type=0 -> 86 ext=0 this=000001B4F8211900
AddRefInternal func '$beh8' type=0 -> 49 ext=0 this=000001B4F7599880
AddRefInternal func '$beh0' type=0 -> 49 ext=0 this=000001B4F7599380
AddRefInternal func '$beh2' type=0 -> 2 ext=0 this=000001B4F7599600
ReleaseInternal func '$beh2' type=0 before=2 ext=0 this=000001B4F7599600
AddRefInternal func '$beh8' type=0 -> 519 ext=0 this=000001B4F7590280
AddRefInternal func '$beh0' type=0 -> 519 ext=0 this=000001B4F7590500
AddRefInternal func '$beh2' type=0 -> 2 ext=0 this=000001B4F7590780
ReleaseInternal func '$beh2' type=0 before=2 ext=0 this=000001B4F7590780
AddRefInternal func '$beh8' type=0 -> 520 ext=0 this=000001B4F7590280
AddRefInternal func '$beh0' type=0 -> 520 ext=0 this=000001B4F7590500
AddRefInternal func '$beh2' type=0 -> 2 ext=0 this=000001B4F7590780
ReleaseInternal func '$beh2' type=0 before=2 ext=0 this=000001B4F7590780
AddRefInternal func '$beh8' type=0 -> 521 ext=0 this=000001B4F7590280
AddRefInternal func '$beh0' type=0 -> 521 ext=0 this=000001B4F7590500
AddRefInternal func '$beh2' type=0 -> 2 ext=0 this=000001B4F7590780
ReleaseInternal func '$beh2' type=0 before=2 ext=0 this=000001B4F7590780
AddRefInternal func '$beh8' type=0 -> 522 ext=0 this=000001B4F7590280
AddRefInternal func '$beh0' type=0 -> 522 ext=0 this=000001B4F7590500
AddRefInternal func '$beh2' type=0 -> 2 ext=0 this=000001B4F7590780
ReleaseInternal func '$beh2' type=0 before=2 ext=0 this=000001B4F7590780
AddRefInternal func '$beh8' type=0 -> 87 ext=0 this=000001B4F8211680
AddRefInternal func '$beh0' type=0 -> 87 ext=0 this=000001B4F8210F00
AddRefInternal func '$beh0' type=0 -> 87 ext=0 this=000001B4F8211180
AddRefInternal func '$beh0' type=0 -> 87 ext=0 this=000001B4F8211900
AddRefInternal func '$beh8' type=0 -> 523 ext=0 this=000001B4F7590280
AddRefInternal func '$beh0' type=0 -> 523 ext=0 this=000001B4F7590500
AddRefInternal func '$beh2' type=0 -> 2 ext=0 this=000001B4F7590780
ReleaseInternal func '$beh2' type=0 before=2 ext=0 this=000001B4F7590780
AddRefInternal func '$beh8' type=0 -> 524 ext=0 this=000001B4F7590280
AddRefInternal func '$beh0' type=0 -> 524 ext=0 this=000001B4F7590500
AddRefInternal func '$beh2' type=0 -> 2 ext=0 this=000001B4F7590780
ReleaseInternal func '$beh2' type=0 before=2 ext=0 this=000001B4F7590780
AddRefInternal func '$beh8' type=0 -> 525 ext=0 this=000001B4F7590280
AddRefInternal func '$beh0' type=0 -> 525 ext=0 this=000001B4F7590500
AddRefInternal func '$beh2' type=0 -> 2 ext=0 this=000001B4F7590780
ReleaseInternal func '$beh2' type=0 before=2 ext=0 this=000001B4F7590780
AddRefInternal func '$beh8' type=0 -> 526 ext=0 this=000001B4F7590280
AddRefInternal func '$beh0' type=0 -> 526 ext=0 this=000001B4F7590500
AddRefInternal func '$beh2' type=0 -> 2 ext=0 this=000001B4F7590780
ReleaseInternal func '$beh2' type=0 before=2 ext=0 this=000001B4F7590780
AddRefInternal func '$beh8' type=0 -> 50 ext=0 this=000001B4F7599880
AddRefInternal func '$beh0' type=0 -> 50 ext=0 this=000001B4F7599380
AddRefInternal func '$beh2' type=0 -> 2 ext=0 this=000001B4F7599600
ReleaseInternal func '$beh2' type=0 before=2 ext=0 this=000001B4F7599600
AddRefInternal func '$beh8' type=0 -> 88 ext=0 this=000001B4F8211680
AddRefInternal func '$beh0' type=0 -> 88 ext=0 this=000001B4F8210F00
AddRefInternal func '$beh0' type=0 -> 88 ext=0 this=000001B4F8211180
AddRefInternal func '$beh0' type=0 -> 88 ext=0 this=000001B4F8211900
AddRefInternal func '$beh8' type=0 -> 527 ext=0 this=000001B4F7590280
AddRefInternal func '$beh0' type=0 -> 527 ext=0 this=000001B4F7590500
AddRefInternal func '$beh2' type=0 -> 2 ext=0 this=000001B4F7590780
ReleaseInternal func '$beh2' type=0 before=2 ext=0 this=000001B4F7590780
AddRefInternal func '$beh8' type=0 -> 528 ext=0 this=000001B4F7590280
AddRefInternal func '$beh0' type=0 -> 528 ext=0 this=000001B4F7590500
AddRefInternal func '$beh2' type=0 -> 2 ext=0 this=000001B4F7590780
ReleaseInternal func '$beh2' type=0 before=2 ext=0 this=000001B4F7590780
AddRefInternal func '$beh8' type=0 -> 529 ext=0 this=000001B4F7590280
AddRefInternal func '$beh0' type=0 -> 529 ext=0 this=000001B4F7590500
AddRefInternal func '$beh2' type=0 -> 2 ext=0 this=000001B4F7590780
ReleaseInternal func '$beh2' type=0 before=2 ext=0 this=000001B4F7590780
AddRefInternal func '$beh8' type=0 -> 96 ext=0 this=000001B4F821AC80
AddRefInternal func '$beh0' type=0 -> 96 ext=0 this=000001B4F821A500
AddRefInternal func '$beh0' type=0 -> 96 ext=0 this=000001B4F821A780
AddRefInternal func '$beh0' type=0 -> 96 ext=0 this=000001B4F821AF00
AddRefInternal func '$beh8' type=0 -> 530 ext=0 this=000001B4F7590280
AddRefInternal func '$beh0' type=0 -> 530 ext=0 this=000001B4F7590500
AddRefInternal func '$beh2' type=0 -> 2 ext=0 this=000001B4F7590780
ReleaseInternal func '$beh2' type=0 before=2 ext=0 this=000001B4F7590780
AddRefInternal func '$beh8' type=0 -> 97 ext=0 this=000001B4F821AC80
AddRefInternal func '$beh0' type=0 -> 97 ext=0 this=000001B4F821A500
AddRefInternal func '$beh0' type=0 -> 97 ext=0 this=000001B4F821A780
AddRefInternal func '$beh0' type=0 -> 97 ext=0 this=000001B4F821AF00
AddRefInternal func '$beh8' type=0 -> 51 ext=0 this=000001B4F7599880
AddRefInternal func '$beh0' type=0 -> 51 ext=0 this=000001B4F7599380
AddRefInternal func '$beh2' type=0 -> 2 ext=0 this=000001B4F7599600
ReleaseInternal func '$beh2' type=0 before=2 ext=0 this=000001B4F7599600
AddRefInternal func '$beh8' type=0 -> 43 ext=0 this=000001B4F7590A00
AddRefInternal func '$beh0' type=0 -> 43 ext=0 this=000001B4FC6B7A80
AddRefInternal func '$beh0' type=0 -> 43 ext=0 this=000001B4FC6B7D00
AddRefInternal func '$beh0' type=0 -> 43 ext=0 this=000001B4FC6B9B00
AddRefInternal func '$beh0' type=0 -> 43 ext=0 this=000001B4FC6B9D80
AddRefInternal func '$beh2' type=0 -> 2 ext=0 this=000001B4FC6B7F80
ReleaseInternal func '$beh2' type=0 before=2 ext=0 this=000001B4FC6B7F80
AddRefInternal func '$beh8' type=0 -> 531 ext=0 this=000001B4F7590280
AddRefInternal func '$beh0' type=0 -> 531 ext=0 this=000001B4F7590500
AddRefInternal func '$beh2' type=0 -> 2 ext=0 this=000001B4F7590780
ReleaseInternal func '$beh2' type=0 before=2 ext=0 this=000001B4F7590780
AddRefInternal func '$beh8' type=0 -> 532 ext=0 this=000001B4F7590280
AddRefInternal func '$beh0' type=0 -> 532 ext=0 this=000001B4F7590500
AddRefInternal func '$beh2' type=0 -> 2 ext=0 this=000001B4F7590780
ReleaseInternal func '$beh2' type=0 before=2 ext=0 this=000001B4F7590780
AddRefInternal func '$beh8' type=0 -> 98 ext=0 this=000001B4F821AC80
AddRefInternal func '$beh0' type=0 -> 98 ext=0 this=000001B4F821A500
AddRefInternal func '$beh0' type=0 -> 98 ext=0 this=000001B4F821A780
AddRefInternal func '$beh0' type=0 -> 98 ext=0 this=000001B4F821AF00
AddRefInternal func '$beh8' type=0 -> 52 ext=0 this=000001B4F7599880
AddRefInternal func '$beh0' type=0 -> 52 ext=0 this=000001B4F7599380
AddRefInternal func '$beh2' type=0 -> 2 ext=0 this=000001B4F7599600
ReleaseInternal func '$beh2' type=0 before=2 ext=0 this=000001B4F7599600
AddRefInternal func '$beh8' type=0 -> 99 ext=0 this=000001B4F821AC80
AddRefInternal func '$beh0' type=0 -> 99 ext=0 this=000001B4F821A500
AddRefInternal func '$beh0' type=0 -> 99 ext=0 this=000001B4F821A780
AddRefInternal func '$beh0' type=0 -> 99 ext=0 this=000001B4F821AF00
AddRefInternal func '$beh8' type=0 -> 533 ext=0 this=000001B4F7590280
AddRefInternal func '$beh0' type=0 -> 533 ext=0 this=000001B4F7590500
AddRefInternal func '$beh2' type=0 -> 2 ext=0 this=000001B4F7590780
ReleaseInternal func '$beh2' type=0 before=2 ext=0 this=000001B4F7590780
AddRefInternal func '$beh8' type=0 -> 53 ext=0 this=000001B4F7599880
AddRefInternal func '$beh0' type=0 -> 53 ext=0 this=000001B4F7599380
AddRefInternal func '$beh2' type=0 -> 2 ext=0 this=000001B4F7599600
ReleaseInternal func '$beh2' type=0 before=2 ext=0 this=000001B4F7599600
AddRefInternal func '$beh8' type=0 -> 534 ext=0 this=000001B4F7590280
AddRefInternal func '$beh0' type=0 -> 534 ext=0 this=000001B4F7590500
AddRefInternal func '$beh2' type=0 -> 2 ext=0 this=000001B4F7590780
ReleaseInternal func '$beh2' type=0 before=2 ext=0 this=000001B4F7590780
AddRefInternal func '$beh8' type=0 -> 44 ext=0 this=000001B4F7590A00
AddRefInternal func '$beh0' type=0 -> 44 ext=0 this=000001B4FC6B7A80
AddRefInternal func '$beh0' type=0 -> 44 ext=0 this=000001B4FC6B7D00
AddRefInternal func '$beh0' type=0 -> 44 ext=0 this=000001B4FC6B9B00
AddRefInternal func '$beh0' type=0 -> 44 ext=0 this=000001B4FC6B9D80
AddRefInternal func '$beh2' type=0 -> 2 ext=0 this=000001B4FC6B7F80
ReleaseInternal func '$beh2' type=0 before=2 ext=0 this=000001B4FC6B7F80
AddRefInternal func '$beh8' type=0 -> 89 ext=0 this=000001B4F8211680
AddRefInternal func '$beh0' type=0 -> 89 ext=0 this=000001B4F8210F00
AddRefInternal func '$beh0' type=0 -> 89 ext=0 this=000001B4F8211180
AddRefInternal func '$beh0' type=0 -> 89 ext=0 this=000001B4F8211900
AddRefInternal func '$beh8' type=0 -> 535 ext=0 this=000001B4F7590280
AddRefInternal func '$beh0' type=0 -> 535 ext=0 this=000001B4F7590500
AddRefInternal func '$beh2' type=0 -> 2 ext=0 this=000001B4F7590780
ReleaseInternal func '$beh2' type=0 before=2 ext=0 this=000001B4F7590780
AddRefInternal func '$beh8' type=0 -> 45 ext=0 this=000001B4F7590A00
AddRefInternal func '$beh0' type=0 -> 45 ext=0 this=000001B4FC6B7A80
AddRefInternal func '$beh0' type=0 -> 45 ext=0 this=000001B4FC6B7D00
AddRefInternal func '$beh0' type=0 -> 45 ext=0 this=000001B4FC6B9B00
AddRefInternal func '$beh0' type=0 -> 45 ext=0 this=000001B4FC6B9D80
AddRefInternal func '$beh2' type=0 -> 2 ext=0 this=000001B4FC6B7F80
ReleaseInternal func '$beh2' type=0 before=2 ext=0 this=000001B4FC6B7F80
AddRefInternal func '$beh8' type=0 -> 536 ext=0 this=000001B4F7590280
AddRefInternal func '$beh0' type=0 -> 536 ext=0 this=000001B4F7590500
AddRefInternal func '$beh2' type=0 -> 2 ext=0 this=000001B4F7590780
ReleaseInternal func '$beh2' type=0 before=2 ext=0 this=000001B4F7590780
AddRefInternal func '$beh8' type=0 -> 19 ext=0 this=000001B4F821D480
AddRefInternal func '$beh0' type=0 -> 19 ext=0 this=000001B4F821CD00
AddRefInternal func '$beh0' type=0 -> 19 ext=0 this=000001B4F821CF80
AddRefInternal func '$beh0' type=0 -> 19 ext=0 this=000001B4F821D700
AddRefInternal func '$beh8' type=0 -> 46 ext=0 this=000001B4F7590A00
AddRefInternal func '$beh0' type=0 -> 46 ext=0 this=000001B4FC6B7A80
AddRefInternal func '$beh0' type=0 -> 46 ext=0 this=000001B4FC6B7D00
AddRefInternal func '$beh0' type=0 -> 46 ext=0 this=000001B4FC6B9B00
AddRefInternal func '$beh0' type=0 -> 46 ext=0 this=000001B4FC6B9D80
AddRefInternal func '$beh2' type=0 -> 2 ext=0 this=000001B4FC6B7F80
ReleaseInternal func '$beh2' type=0 before=2 ext=0 this=000001B4FC6B7F80
AddRefInternal func '$beh8' type=0 -> 47 ext=0 this=000001B4F7590A00
AddRefInternal func '$beh0' type=0 -> 47 ext=0 this=000001B4FC6B7A80
AddRefInternal func '$beh0' type=0 -> 47 ext=0 this=000001B4FC6B7D00
AddRefInternal func '$beh0' type=0 -> 47 ext=0 this=000001B4FC6B9B00
AddRefInternal func '$beh0' type=0 -> 47 ext=0 this=000001B4FC6B9D80
AddRefInternal func '$beh2' type=0 -> 2 ext=0 this=000001B4FC6B7F80
ReleaseInternal func '$beh2' type=0 before=2 ext=0 this=000001B4FC6B7F80
AddRefInternal func '$beh8' type=0 -> 537 ext=0 this=000001B4F7590280
AddRefInternal func '$beh0' type=0 -> 537 ext=0 this=000001B4F7590500
AddRefInternal func '$beh2' type=0 -> 2 ext=0 this=000001B4F7590780
ReleaseInternal func '$beh2' type=0 before=2 ext=0 this=000001B4F7590780
AddRefInternal func '$beh8' type=0 -> 538 ext=0 this=000001B4F7590280
AddRefInternal func '$beh0' type=0 -> 538 ext=0 this=000001B4F7590500
AddRefInternal func '$beh2' type=0 -> 2 ext=0 this=000001B4F7590780
ReleaseInternal func '$beh2' type=0 before=2 ext=0 this=000001B4F7590780
AddRefInternal func '$beh8' type=0 -> 539 ext=0 this=000001B4F7590280
AddRefInternal func '$beh0' type=0 -> 539 ext=0 this=000001B4F7590500
AddRefInternal func '$beh2' type=0 -> 2 ext=0 this=000001B4F7590780
ReleaseInternal func '$beh2' type=0 before=2 ext=0 this=000001B4F7590780
AddRefInternal func '$beh8' type=0 -> 540 ext=0 this=000001B4F7590280
AddRefInternal func '$beh0' type=0 -> 540 ext=0 this=000001B4F7590500
AddRefInternal func '$beh2' type=0 -> 2 ext=0 this=000001B4F7590780
ReleaseInternal func '$beh2' type=0 before=2 ext=0 this=000001B4F7590780
AddRefInternal func '$beh8' type=0 -> 541 ext=0 this=000001B4F7590280
AddRefInternal func '$beh0' type=0 -> 541 ext=0 this=000001B4F7590500
AddRefInternal func '$beh2' type=0 -> 2 ext=0 this=000001B4F7590780
ReleaseInternal func '$beh2' type=0 before=2 ext=0 this=000001B4F7590780
AddRefInternal func '$beh8' type=0 -> 542 ext=0 this=000001B4F7590280
AddRefInternal func '$beh0' type=0 -> 542 ext=0 this=000001B4F7590500
AddRefInternal func '$beh2' type=0 -> 2 ext=0 this=000001B4F7590780
ReleaseInternal func '$beh2' type=0 before=2 ext=0 this=000001B4F7590780
AddRefInternal func '$beh8' type=0 -> 90 ext=0 this=000001B4F8211680
AddRefInternal func '$beh0' type=0 -> 90 ext=0 this=000001B4F8210F00
AddRefInternal func '$beh0' type=0 -> 90 ext=0 this=000001B4F8211180
AddRefInternal func '$beh0' type=0 -> 90 ext=0 this=000001B4F8211900
AddRefInternal func '$beh8' type=0 -> 543 ext=0 this=000001B4F7590280
AddRefInternal func '$beh0' type=0 -> 543 ext=0 this=000001B4F7590500
AddRefInternal func '$beh2' type=0 -> 2 ext=0 this=000001B4F7590780
ReleaseInternal func '$beh2' type=0 before=2 ext=0 this=000001B4F7590780
AddRefInternal func '$beh8' type=0 -> 100 ext=0 this=000001B4F821AC80
AddRefInternal func '$beh0' type=0 -> 100 ext=0 this=000001B4F821A500
AddRefInternal func '$beh0' type=0 -> 100 ext=0 this=000001B4F821A780
AddRefInternal func '$beh0' type=0 -> 100 ext=0 this=000001B4F821AF00
AddRefInternal func '$beh8' type=0 -> 20 ext=0 this=000001B4F821D480
AddRefInternal func '$beh0' type=0 -> 20 ext=0 this=000001B4F821CD00
AddRefInternal func '$beh0' type=0 -> 20 ext=0 this=000001B4F821CF80
AddRefInternal func '$beh0' type=0 -> 20 ext=0 this=000001B4F821D700
AddRefInternal func '$beh8' type=0 -> 101 ext=0 this=000001B4F821AC80
AddRefInternal func '$beh0' type=0 -> 101 ext=0 this=000001B4F821A500
AddRefInternal func '$beh0' type=0 -> 101 ext=0 this=000001B4F821A780
AddRefInternal func '$beh0' type=0 -> 101 ext=0 this=000001B4F821AF00
AddRefInternal func '$beh8' type=0 -> 544 ext=0 this=000001B4F7590280
AddRefInternal func '$beh0' type=0 -> 544 ext=0 this=000001B4F7590500
AddRefInternal func '$beh2' type=0 -> 2 ext=0 this=000001B4F7590780
ReleaseInternal func '$beh2' type=0 before=2 ext=0 this=000001B4F7590780
AddRefInternal func '$beh8' type=0 -> 545 ext=0 this=000001B4F7590280
AddRefInternal func '$beh0' type=0 -> 545 ext=0 this=000001B4F7590500
AddRefInternal func '$beh2' type=0 -> 2 ext=0 this=000001B4F7590780
ReleaseInternal func '$beh2' type=0 before=2 ext=0 this=000001B4F7590780
AddRefInternal func '$beh8' type=0 -> 102 ext=0 this=000001B4F821AC80
AddRefInternal func '$beh0' type=0 -> 102 ext=0 this=000001B4F821A500
AddRefInternal func '$beh0' type=0 -> 102 ext=0 this=000001B4F821A780
AddRefInternal func '$beh0' type=0 -> 102 ext=0 this=000001B4F821AF00
AddRefInternal func '$beh8' type=0 -> 546 ext=0 this=000001B4F7590280
AddRefInternal func '$beh0' type=0 -> 546 ext=0 this=000001B4F7590500
AddRefInternal func '$beh2' type=0 -> 2 ext=0 this=000001B4F7590780
ReleaseInternal func '$beh2' type=0 before=2 ext=0 this=000001B4F7590780
AddRefInternal func '$beh8' type=0 -> 103 ext=0 this=000001B4F821AC80
AddRefInternal func '$beh0' type=0 -> 103 ext=0 this=000001B4F821A500
AddRefInternal func '$beh0' type=0 -> 103 ext=0 this=000001B4F821A780
AddRefInternal func '$beh0' type=0 -> 103 ext=0 this=000001B4F821AF00
AddRefInternal func '$beh8' type=0 -> 104 ext=0 this=000001B4F821AC80
AddRefInternal func '$beh0' type=0 -> 104 ext=0 this=000001B4F821A500
AddRefInternal func '$beh0' type=0 -> 104 ext=0 this=000001B4F821A780
AddRefInternal func '$beh0' type=0 -> 104 ext=0 this=000001B4F821AF00
AddRefInternal func '$beh8' type=0 -> 105 ext=0 this=000001B4F821AC80
AddRefInternal func '$beh0' type=0 -> 105 ext=0 this=000001B4F821A500
AddRefInternal func '$beh0' type=0 -> 105 ext=0 this=000001B4F821A780
AddRefInternal func '$beh0' type=0 -> 105 ext=0 this=000001B4F821AF00
AddRefInternal func '$beh8' type=0 -> 21 ext=0 this=000001B4F821D480
AddRefInternal func '$beh0' type=0 -> 21 ext=0 this=000001B4F821CD00
AddRefInternal func '$beh0' type=0 -> 21 ext=0 this=000001B4F821CF80
AddRefInternal func '$beh0' type=0 -> 21 ext=0 this=000001B4F821D700
AddRefInternal func '$beh8' type=0 -> 91 ext=0 this=000001B4F8211680
AddRefInternal func '$beh0' type=0 -> 91 ext=0 this=000001B4F8210F00
AddRefInternal func '$beh0' type=0 -> 91 ext=0 this=000001B4F8211180
AddRefInternal func '$beh0' type=0 -> 91 ext=0 this=000001B4F8211900
AddRefInternal func '$beh8' type=0 -> 547 ext=0 this=000001B4F7590280
AddRefInternal func '$beh0' type=0 -> 547 ext=0 this=000001B4F7590500
AddRefInternal func '$beh2' type=0 -> 2 ext=0 this=000001B4F7590780
ReleaseInternal func '$beh2' type=0 before=2 ext=0 this=000001B4F7590780
AddRefInternal func '$beh8' type=0 -> 22 ext=0 this=000001B4F821D480
AddRefInternal func '$beh0' type=0 -> 22 ext=0 this=000001B4F821CD00
AddRefInternal func '$beh0' type=0 -> 22 ext=0 this=000001B4F821CF80
AddRefInternal func '$beh0' type=0 -> 22 ext=0 this=000001B4F821D700
AddRefInternal func '$beh8' type=0 -> 48 ext=0 this=000001B4F7590A00
AddRefInternal func '$beh0' type=0 -> 48 ext=0 this=000001B4FC6B7A80
AddRefInternal func '$beh0' type=0 -> 48 ext=0 this=000001B4FC6B7D00
AddRefInternal func '$beh0' type=0 -> 48 ext=0 this=000001B4FC6B9B00
AddRefInternal func '$beh0' type=0 -> 48 ext=0 this=000001B4FC6B9D80
AddRefInternal func '$beh2' type=0 -> 2 ext=0 this=000001B4FC6B7F80
ReleaseInternal func '$beh2' type=0 before=2 ext=0 this=000001B4FC6B7F80
AddRefInternal func '$beh8' type=0 -> 548 ext=0 this=000001B4F7590280
AddRefInternal func '$beh0' type=0 -> 548 ext=0 this=000001B4F7590500
AddRefInternal func '$beh2' type=0 -> 2 ext=0 this=000001B4F7590780
ReleaseInternal func '$beh2' type=0 before=2 ext=0 this=000001B4F7590780
AddRefInternal func '$beh8' type=0 -> 549 ext=0 this=000001B4F7590280
AddRefInternal func '$beh0' type=0 -> 549 ext=0 this=000001B4F7590500
AddRefInternal func '$beh2' type=0 -> 2 ext=0 this=000001B4F7590780
ReleaseInternal func '$beh2' type=0 before=2 ext=0 this=000001B4F7590780
AddRefInternal func '$beh8' type=0 -> 550 ext=0 this=000001B4F7590280
AddRefInternal func '$beh0' type=0 -> 550 ext=0 this=000001B4F7590500
AddRefInternal func '$beh2' type=0 -> 2 ext=0 this=000001B4F7590780
ReleaseInternal func '$beh2' type=0 before=2 ext=0 this=000001B4F7590780
AddRefInternal func '$beh8' type=0 -> 49 ext=0 this=000001B4F7590A00
AddRefInternal func '$beh0' type=0 -> 49 ext=0 this=000001B4FC6B7A80
AddRefInternal func '$beh0' type=0 -> 49 ext=0 this=000001B4FC6B7D00
AddRefInternal func '$beh0' type=0 -> 49 ext=0 this=000001B4FC6B9B00
AddRefInternal func '$beh0' type=0 -> 49 ext=0 this=000001B4FC6B9D80
AddRefInternal func '$beh2' type=0 -> 2 ext=0 this=000001B4FC6B7F80
ReleaseInternal func '$beh2' type=0 before=2 ext=0 this=000001B4FC6B7F80
AddRefInternal func '$beh8' type=0 -> 54 ext=0 this=000001B4F7599880
AddRefInternal func '$beh0' type=0 -> 54 ext=0 this=000001B4F7599380
AddRefInternal func '$beh2' type=0 -> 2 ext=0 this=000001B4F7599600
ReleaseInternal func '$beh2' type=0 before=2 ext=0 this=000001B4F7599600
AddRefInternal func '$beh8' type=0 -> 50 ext=0 this=000001B4F7590A00
AddRefInternal func '$beh0' type=0 -> 50 ext=0 this=000001B4FC6B7A80
AddRefInternal func '$beh0' type=0 -> 50 ext=0 this=000001B4FC6B7D00
AddRefInternal func '$beh0' type=0 -> 50 ext=0 this=000001B4FC6B9B00
AddRefInternal func '$beh0' type=0 -> 50 ext=0 this=000001B4FC6B9D80
AddRefInternal func '$beh2' type=0 -> 2 ext=0 this=000001B4FC6B7F80
ReleaseInternal func '$beh2' type=0 before=2 ext=0 this=000001B4FC6B7F80
AddRefInternal func '$beh8' type=0 -> 106 ext=0 this=000001B4F821AC80
AddRefInternal func '$beh0' type=0 -> 106 ext=0 this=000001B4F821A500
AddRefInternal func '$beh0' type=0 -> 106 ext=0 this=000001B4F821A780
AddRefInternal func '$beh0' type=0 -> 106 ext=0 this=000001B4F821AF00
AddRefInternal func '$beh8' type=0 -> 51 ext=0 this=000001B4F7590A00
AddRefInternal func '$beh0' type=0 -> 51 ext=0 this=000001B4FC6B7A80
AddRefInternal func '$beh0' type=0 -> 51 ext=0 this=000001B4FC6B7D00
AddRefInternal func '$beh0' type=0 -> 51 ext=0 this=000001B4FC6B9B00
AddRefInternal func '$beh0' type=0 -> 51 ext=0 this=000001B4FC6B9D80
AddRefInternal func '$beh2' type=0 -> 2 ext=0 this=000001B4FC6B7F80
ReleaseInternal func '$beh2' type=0 before=2 ext=0 this=000001B4FC6B7F80
AddRefInternal func '$beh8' type=0 -> 52 ext=0 this=000001B4F7590A00
AddRefInternal func '$beh0' type=0 -> 52 ext=0 this=000001B4FC6B7A80
AddRefInternal func '$beh0' type=0 -> 52 ext=0 this=000001B4FC6B7D00
AddRefInternal func '$beh0' type=0 -> 52 ext=0 this=000001B4FC6B9B00
AddRefInternal func '$beh0' type=0 -> 52 ext=0 this=000001B4FC6B9D80
AddRefInternal func '$beh2' type=0 -> 2 ext=0 this=000001B4FC6B7F80
ReleaseInternal func '$beh2' type=0 before=2 ext=0 this=000001B4FC6B7F80
AddRefInternal func '$beh8' type=0 -> 53 ext=0 this=000001B4F7590A00
AddRefInternal func '$beh0' type=0 -> 53 ext=0 this=000001B4FC6B7A80
AddRefInternal func '$beh0' type=0 -> 53 ext=0 this=000001B4FC6B7D00
AddRefInternal func '$beh0' type=0 -> 53 ext=0 this=000001B4FC6B9B00
AddRefInternal func '$beh0' type=0 -> 53 ext=0 this=000001B4FC6B9D80
AddRefInternal func '$beh2' type=0 -> 2 ext=0 this=000001B4FC6B7F80
ReleaseInternal func '$beh2' type=0 before=2 ext=0 this=000001B4FC6B7F80
AddRefInternal func '$beh8' type=0 -> 551 ext=0 this=000001B4F7590280
AddRefInternal func '$beh0' type=0 -> 551 ext=0 this=000001B4F7590500
AddRefInternal func '$beh2' type=0 -> 2 ext=0 this=000001B4F7590780
ReleaseInternal func '$beh2' type=0 before=2 ext=0 this=000001B4F7590780
AddRefInternal func '$beh8' type=0 -> 552 ext=0 this=000001B4F7590280
AddRefInternal func '$beh0' type=0 -> 552 ext=0 this=000001B4F7590500
AddRefInternal func '$beh2' type=0 -> 2 ext=0 this=000001B4F7590780
ReleaseInternal func '$beh2' type=0 before=2 ext=0 this=000001B4F7590780
AddRefInternal func '$beh8' type=0 -> 55 ext=0 this=000001B4F7599880
AddRefInternal func '$beh0' type=0 -> 55 ext=0 this=000001B4F7599380
AddRefInternal func '$beh2' type=0 -> 2 ext=0 this=000001B4F7599600
ReleaseInternal func '$beh2' type=0 before=2 ext=0 this=000001B4F7599600
AddRefInternal func '$beh8' type=0 -> 56 ext=0 this=000001B4F7599880
AddRefInternal func '$beh0' type=0 -> 56 ext=0 this=000001B4F7599380
AddRefInternal func '$beh2' type=0 -> 2 ext=0 this=000001B4F7599600
ReleaseInternal func '$beh2' type=0 before=2 ext=0 this=000001B4F7599600
AddRefInternal func '$beh8' type=0 -> 57 ext=0 this=000001B4F7599880
AddRefInternal func '$beh0' type=0 -> 57 ext=0 this=000001B4F7599380
AddRefInternal func '$beh2' type=0 -> 2 ext=0 this=000001B4F7599600
ReleaseInternal func '$beh2' type=0 before=2 ext=0 this=000001B4F7599600
AddRefInternal func '$beh8' type=0 -> 553 ext=0 this=000001B4F7590280
AddRefInternal func '$beh0' type=0 -> 553 ext=0 this=000001B4F7590500
AddRefInternal func '$beh2' type=0 -> 2 ext=0 this=000001B4F7590780
ReleaseInternal func '$beh2' type=0 before=2 ext=0 this=000001B4F7590780
AddRefInternal func '$beh8' type=0 -> 554 ext=0 this=000001B4F7590280
AddRefInternal func '$beh0' type=0 -> 554 ext=0 this=000001B4F7590500
AddRefInternal func '$beh2' type=0 -> 2 ext=0 this=000001B4F7590780
ReleaseInternal func '$beh2' type=0 before=2 ext=0 this=000001B4F7590780
AddRefInternal func '$beh8' type=0 -> 92 ext=0 this=000001B4F8211680
AddRefInternal func '$beh0' type=0 -> 92 ext=0 this=000001B4F8210F00
AddRefInternal func '$beh0' type=0 -> 92 ext=0 this=000001B4F8211180
AddRefInternal func '$beh0' type=0 -> 92 ext=0 this=000001B4F8211900
AddRefInternal func '$beh8' type=0 -> 555 ext=0 this=000001B4F7590280
AddRefInternal func '$beh0' type=0 -> 555 ext=0 this=000001B4F7590500
AddRefInternal func '$beh2' type=0 -> 2 ext=0 this=000001B4F7590780
ReleaseInternal func '$beh2' type=0 before=2 ext=0 this=000001B4F7590780
AddRefInternal func '$beh8' type=0 -> 556 ext=0 this=000001B4F7590280
AddRefInternal func '$beh0' type=0 -> 556 ext=0 this=000001B4F7590500
AddRefInternal func '$beh2' type=0 -> 2 ext=0 this=000001B4F7590780
ReleaseInternal func '$beh2' type=0 before=2 ext=0 this=000001B4F7590780
AddRefInternal func '$beh8' type=0 -> 54 ext=0 this=000001B4F7590A00
AddRefInternal func '$beh0' type=0 -> 54 ext=0 this=000001B4FC6B7A80
AddRefInternal func '$beh0' type=0 -> 54 ext=0 this=000001B4FC6B7D00
AddRefInternal func '$beh0' type=0 -> 54 ext=0 this=000001B4FC6B9B00
AddRefInternal func '$beh0' type=0 -> 54 ext=0 this=000001B4FC6B9D80
AddRefInternal func '$beh2' type=0 -> 2 ext=0 this=000001B4FC6B7F80
ReleaseInternal func '$beh2' type=0 before=2 ext=0 this=000001B4FC6B7F80
AddRefInternal func '$beh8' type=0 -> 557 ext=0 this=000001B4F7590280
AddRefInternal func '$beh0' type=0 -> 557 ext=0 this=000001B4F7590500
AddRefInternal func '$beh2' type=0 -> 2 ext=0 this=000001B4F7590780
ReleaseInternal func '$beh2' type=0 before=2 ext=0 this=000001B4F7590780
AddRefInternal func '$beh8' type=0 -> 58 ext=0 this=000001B4F7599880
AddRefInternal func '$beh0' type=0 -> 58 ext=0 this=000001B4F7599380
AddRefInternal func '$beh2' type=0 -> 2 ext=0 this=000001B4F7599600
ReleaseInternal func '$beh2' type=0 before=2 ext=0 this=000001B4F7599600
AddRefInternal func '$beh8' type=0 -> 558 ext=0 this=000001B4F7590280
AddRefInternal func '$beh0' type=0 -> 558 ext=0 this=000001B4F7590500
AddRefInternal func '$beh2' type=0 -> 2 ext=0 this=000001B4F7590780
ReleaseInternal func '$beh2' type=0 before=2 ext=0 this=000001B4F7590780
AddRefInternal func '$beh8' type=0 -> 8 ext=0 this=000001B4F8213480
AddRefInternal func '$beh0' type=0 -> 8 ext=0 this=000001B4F8212A80
AddRefInternal func '$beh0' type=0 -> 8 ext=0 this=000001B4F8212D00
AddRefInternal func '$beh0' type=0 -> 8 ext=0 this=000001B4F8212F80
AddRefInternal func '$beh2' type=0 -> 2 ext=0 this=000001B4F8213200
ReleaseInternal func '$beh2' type=0 before=2 ext=0 this=000001B4F8213200
AddRefInternal func '$beh8' type=0 -> 59 ext=0 this=000001B4F7599880
AddRefInternal func '$beh0' type=0 -> 59 ext=0 this=000001B4F7599380
AddRefInternal func '$beh2' type=0 -> 2 ext=0 this=000001B4F7599600
ReleaseInternal func '$beh2' type=0 before=2 ext=0 this=000001B4F7599600
AddRefInternal func '$beh8' type=0 -> 559 ext=0 this=000001B4F7590280
AddRefInternal func '$beh0' type=0 -> 559 ext=0 this=000001B4F7590500
AddRefInternal func '$beh2' type=0 -> 2 ext=0 this=000001B4F7590780
ReleaseInternal func '$beh2' type=0 before=2 ext=0 this=000001B4F7590780
AddRefInternal func '$beh8' type=0 -> 560 ext=0 this=000001B4F7590280
AddRefInternal func '$beh0' type=0 -> 560 ext=0 this=000001B4F7590500
AddRefInternal func '$beh2' type=0 -> 2 ext=0 this=000001B4F7590780
ReleaseInternal func '$beh2' type=0 before=2 ext=0 this=000001B4F7590780
AddRefInternal func '$beh8' type=0 -> 23 ext=0 this=000001B4F821D480
AddRefInternal func '$beh0' type=0 -> 23 ext=0 this=000001B4F821CD00
AddRefInternal func '$beh0' type=0 -> 23 ext=0 this=000001B4F821CF80
AddRefInternal func '$beh0' type=0 -> 23 ext=0 this=000001B4F821D700
AddRefInternal func '$beh8' type=0 -> 561 ext=0 this=000001B4F7590280
AddRefInternal func '$beh0' type=0 -> 561 ext=0 this=000001B4F7590500
AddRefInternal func '$beh2' type=0 -> 2 ext=0 this=000001B4F7590780
ReleaseInternal func '$beh2' type=0 before=2 ext=0 this=000001B4F7590780
AddRefInternal func '$beh8' type=0 -> 562 ext=0 this=000001B4F7590280
AddRefInternal func '$beh0' type=0 -> 562 ext=0 this=000001B4F7590500
AddRefInternal func '$beh2' type=0 -> 2 ext=0 this=000001B4F7590780
ReleaseInternal func '$beh2' type=0 before=2 ext=0 this=000001B4F7590780
AddRefInternal func '$beh8' type=0 -> 563 ext=0 this=000001B4F7590280
AddRefInternal func '$beh0' type=0 -> 563 ext=0 this=000001B4F7590500
AddRefInternal func '$beh2' type=0 -> 2 ext=0 this=000001B4F7590780
ReleaseInternal func '$beh2' type=0 before=2 ext=0 this=000001B4F7590780
AddRefInternal func '$beh8' type=0 -> 564 ext=0 this=000001B4F7590280
AddRefInternal func '$beh0' type=0 -> 564 ext=0 this=000001B4F7590500
AddRefInternal func '$beh2' type=0 -> 2 ext=0 this=000001B4F7590780
ReleaseInternal func '$beh2' type=0 before=2 ext=0 this=000001B4F7590780
AddRefInternal func '$beh8' type=0 -> 107 ext=0 this=000001B4F821AC80
AddRefInternal func '$beh0' type=0 -> 107 ext=0 this=000001B4F821A500
AddRefInternal func '$beh0' type=0 -> 107 ext=0 this=000001B4F821A780
AddRefInternal func '$beh0' type=0 -> 107 ext=0 this=000001B4F821AF00
AddRefInternal func '$beh8' type=0 -> 60 ext=0 this=000001B4F7599880
AddRefInternal func '$beh0' type=0 -> 60 ext=0 this=000001B4F7599380
AddRefInternal func '$beh2' type=0 -> 2 ext=0 this=000001B4F7599600
ReleaseInternal func '$beh2' type=0 before=2 ext=0 this=000001B4F7599600
AddRefInternal func '$beh8' type=0 -> 93 ext=0 this=000001B4F8211680
AddRefInternal func '$beh0' type=0 -> 93 ext=0 this=000001B4F8210F00
AddRefInternal func '$beh0' type=0 -> 93 ext=0 this=000001B4F8211180
AddRefInternal func '$beh0' type=0 -> 93 ext=0 this=000001B4F8211900
AddRefInternal func '$beh8' type=0 -> 565 ext=0 this=000001B4F7590280
AddRefInternal func '$beh0' type=0 -> 565 ext=0 this=000001B4F7590500
AddRefInternal func '$beh2' type=0 -> 2 ext=0 this=000001B4F7590780
ReleaseInternal func '$beh2' type=0 before=2 ext=0 this=000001B4F7590780
AddRefInternal func '$beh8' type=0 -> 566 ext=0 this=000001B4F7590280
AddRefInternal func '$beh0' type=0 -> 566 ext=0 this=000001B4F7590500
AddRefInternal func '$beh2' type=0 -> 2 ext=0 this=000001B4F7590780
ReleaseInternal func '$beh2' type=0 before=2 ext=0 this=000001B4F7590780
AddRefInternal func '$beh8' type=0 -> 24 ext=0 this=000001B4F8215500
AddRefInternal func '$beh0' type=0 -> 24 ext=0 this=000001B4F8215000
AddRefInternal func '$beh2' type=0 -> 2 ext=0 this=000001B4F8215280
ReleaseInternal func '$beh2' type=0 before=2 ext=0 this=000001B4F8215280
AddRefInternal func '$beh8' type=0 -> 94 ext=0 this=000001B4F8211680
AddRefInternal func '$beh0' type=0 -> 94 ext=0 this=000001B4F8210F00
AddRefInternal func '$beh0' type=0 -> 94 ext=0 this=000001B4F8211180
AddRefInternal func '$beh0' type=0 -> 94 ext=0 this=000001B4F8211900
AddRefInternal func '$beh8' type=0 -> 567 ext=0 this=000001B4F7590280
AddRefInternal func '$beh0' type=0 -> 567 ext=0 this=000001B4F7590500
AddRefInternal func '$beh2' type=0 -> 2 ext=0 this=000001B4F7590780
ReleaseInternal func '$beh2' type=0 before=2 ext=0 this=000001B4F7590780
AddRefInternal func '$beh8' type=0 -> 20 ext=0 this=000001B4F7590C80
AddRefInternal func '$beh0' type=0 -> 20 ext=0 this=000001B4FC6BB180
AddRefInternal func '$beh0' type=0 -> 20 ext=0 this=000001B4FC6BB400
AddRefInternal func '$beh0' type=0 -> 20 ext=0 this=000001B4FC6BD200
AddRefInternal func '$beh0' type=0 -> 20 ext=0 this=000001B4FC6BD480
AddRefInternal func '$beh0' type=0 -> 20 ext=0 this=000001B4FC6BD700
AddRefInternal func '$beh2' type=0 -> 2 ext=0 this=000001B4FC6BB680
ReleaseInternal func '$beh2' type=0 before=2 ext=0 this=000001B4FC6BB680
AddRefInternal func '$beh8' type=0 -> 61 ext=0 this=000001B4F7599880
AddRefInternal func '$beh0' type=0 -> 61 ext=0 this=000001B4F7599380
AddRefInternal func '$beh2' type=0 -> 2 ext=0 this=000001B4F7599600
ReleaseInternal func '$beh2' type=0 before=2 ext=0 this=000001B4F7599600
AddRefInternal func '$beh8' type=0 -> 62 ext=0 this=000001B4F7599880
AddRefInternal func '$beh0' type=0 -> 62 ext=0 this=000001B4F7599380
AddRefInternal func '$beh2' type=0 -> 2 ext=0 this=000001B4F7599600
ReleaseInternal func '$beh2' type=0 before=2 ext=0 this=000001B4F7599600
AddRefInternal func '$beh8' type=0 -> 568 ext=0 this=000001B4F7590280
AddRefInternal func '$beh0' type=0 -> 568 ext=0 this=000001B4F7590500
AddRefInternal func '$beh2' type=0 -> 2 ext=0 this=000001B4F7590780
ReleaseInternal func '$beh2' type=0 before=2 ext=0 this=000001B4F7590780
AddRefInternal func '$beh8' type=0 -> 95 ext=0 this=000001B4F8211680
AddRefInternal func '$beh0' type=0 -> 95 ext=0 this=000001B4F8210F00
AddRefInternal func '$beh0' type=0 -> 95 ext=0 this=000001B4F8211180
AddRefInternal func '$beh0' type=0 -> 95 ext=0 this=000001B4F8211900
AddRefInternal func '$beh8' type=0 -> 569 ext=0 this=000001B4F7590280
AddRefInternal func '$beh0' type=0 -> 569 ext=0 this=000001B4F7590500
AddRefInternal func '$beh2' type=0 -> 2 ext=0 this=000001B4F7590780
ReleaseInternal func '$beh2' type=0 before=2 ext=0 this=000001B4F7590780
AddRefInternal func '$beh8' type=0 -> 570 ext=0 this=000001B4F7590280
AddRefInternal func '$beh0' type=0 -> 570 ext=0 this=000001B4F7590500
AddRefInternal func '$beh2' type=0 -> 2 ext=0 this=000001B4F7590780
ReleaseInternal func '$beh2' type=0 before=2 ext=0 this=000001B4F7590780
AddRefInternal func '$beh8' type=0 -> 571 ext=0 this=000001B4F7590280
AddRefInternal func '$beh0' type=0 -> 571 ext=0 this=000001B4F7590500
AddRefInternal func '$beh2' type=0 -> 2 ext=0 this=000001B4F7590780
ReleaseInternal func '$beh2' type=0 before=2 ext=0 this=000001B4F7590780
AddRefInternal func '$beh8' type=0 -> 572 ext=0 this=000001B4F7590280
AddRefInternal func '$beh0' type=0 -> 572 ext=0 this=000001B4F7590500
AddRefInternal func '$beh2' type=0 -> 2 ext=0 this=000001B4F7590780
ReleaseInternal func '$beh2' type=0 before=2 ext=0 this=000001B4F7590780
AddRefInternal func '$beh8' type=0 -> 573 ext=0 this=000001B4F7590280
AddRefInternal func '$beh0' type=0 -> 573 ext=0 this=000001B4F7590500
AddRefInternal func '$beh2' type=0 -> 2 ext=0 this=000001B4F7590780
ReleaseInternal func '$beh2' type=0 before=2 ext=0 this=000001B4F7590780
AddRefInternal func '$beh8' type=0 -> 96 ext=0 this=000001B4F8211680
AddRefInternal func '$beh0' type=0 -> 96 ext=0 this=000001B4F8210F00
AddRefInternal func '$beh0' type=0 -> 96 ext=0 this=000001B4F8211180
AddRefInternal func '$beh0' type=0 -> 96 ext=0 this=000001B4F8211900
AddRefInternal func '$beh8' type=0 -> 574 ext=0 this=000001B4F7590280
AddRefInternal func '$beh0' type=0 -> 574 ext=0 this=000001B4F7590500
AddRefInternal func '$beh2' type=0 -> 2 ext=0 this=000001B4F7590780
ReleaseInternal func '$beh2' type=0 before=2 ext=0 this=000001B4F7590780
AddRefInternal func '$beh8' type=0 -> 63 ext=0 this=000001B4F7599880
AddRefInternal func '$beh0' type=0 -> 63 ext=0 this=000001B4F7599380
AddRefInternal func '$beh2' type=0 -> 2 ext=0 this=000001B4F7599600
ReleaseInternal func '$beh2' type=0 before=2 ext=0 this=000001B4F7599600
AddRefInternal func '$beh8' type=0 -> 9 ext=0 this=000001B4F8213480
AddRefInternal func '$beh0' type=0 -> 9 ext=0 this=000001B4F8212A80
AddRefInternal func '$beh0' type=0 -> 9 ext=0 this=000001B4F8212D00
AddRefInternal func '$beh0' type=0 -> 9 ext=0 this=000001B4F8212F80
AddRefInternal func '$beh2' type=0 -> 2 ext=0 this=000001B4F8213200
ReleaseInternal func '$beh2' type=0 before=2 ext=0 this=000001B4F8213200
AddRefInternal func '$beh8' type=0 -> 25 ext=0 this=000001B4F8215500
AddRefInternal func '$beh0' type=0 -> 25 ext=0 this=000001B4F8215000
AddRefInternal func '$beh2' type=0 -> 2 ext=0 this=000001B4F8215280
ReleaseInternal func '$beh2' type=0 before=2 ext=0 this=000001B4F8215280
AddRefInternal func '$beh8' type=0 -> 64 ext=0 this=000001B4F7599880
AddRefInternal func '$beh0' type=0 -> 64 ext=0 this=000001B4F7599380
AddRefInternal func '$beh2' type=0 -> 2 ext=0 this=000001B4F7599600
ReleaseInternal func '$beh2' type=0 before=2 ext=0 this=000001B4F7599600
AddRefInternal func '$beh8' type=0 -> 575 ext=0 this=000001B4F7590280
AddRefInternal func '$beh0' type=0 -> 575 ext=0 this=000001B4F7590500
AddRefInternal func '$beh2' type=0 -> 2 ext=0 this=000001B4F7590780
ReleaseInternal func '$beh2' type=0 before=2 ext=0 this=000001B4F7590780
AddRefInternal func '$beh8' type=0 -> 576 ext=0 this=000001B4F7590280
AddRefInternal func '$beh0' type=0 -> 576 ext=0 this=000001B4F7590500
AddRefInternal func '$beh2' type=0 -> 2 ext=0 this=000001B4F7590780
ReleaseInternal func '$beh2' type=0 before=2 ext=0 this=000001B4F7590780
AddRefInternal func '$beh8' type=0 -> 577 ext=0 this=000001B4F7590280
AddRefInternal func '$beh0' type=0 -> 577 ext=0 this=000001B4F7590500
AddRefInternal func '$beh2' type=0 -> 2 ext=0 this=000001B4F7590780
ReleaseInternal func '$beh2' type=0 before=2 ext=0 this=000001B4F7590780
AddRefInternal func '$beh8' type=0 -> 65 ext=0 this=000001B4F7599880
AddRefInternal func '$beh0' type=0 -> 65 ext=0 this=000001B4F7599380
AddRefInternal func '$beh2' type=0 -> 2 ext=0 this=000001B4F7599600
ReleaseInternal func '$beh2' type=0 before=2 ext=0 this=000001B4F7599600
AddRefInternal func '$beh8' type=0 -> 108 ext=0 this=000001B4F821AC80
AddRefInternal func '$beh0' type=0 -> 108 ext=0 this=000001B4F821A500
AddRefInternal func '$beh0' type=0 -> 108 ext=0 this=000001B4F821A780
AddRefInternal func '$beh0' type=0 -> 108 ext=0 this=000001B4F821AF00
AddRefInternal func '$beh8' type=0 -> 578 ext=0 this=000001B4F7590280
AddRefInternal func '$beh0' type=0 -> 578 ext=0 this=000001B4F7590500
AddRefInternal func '$beh2' type=0 -> 2 ext=0 this=000001B4F7590780
ReleaseInternal func '$beh2' type=0 before=2 ext=0 this=000001B4F7590780
AddRefInternal func '$beh8' type=0 -> 97 ext=0 this=000001B4F8211680
AddRefInternal func '$beh0' type=0 -> 97 ext=0 this=000001B4F8210F00
AddRefInternal func '$beh0' type=0 -> 97 ext=0 this=000001B4F8211180
AddRefInternal func '$beh0' type=0 -> 97 ext=0 this=000001B4F8211900
AddRefInternal func '$beh8' type=0 -> 579 ext=0 this=000001B4F7590280
AddRefInternal func '$beh0' type=0 -> 579 ext=0 this=000001B4F7590500
AddRefInternal func '$beh2' type=0 -> 2 ext=0 this=000001B4F7590780
ReleaseInternal func '$beh2' type=0 before=2 ext=0 this=000001B4F7590780
AddRefInternal func '$beh8' type=0 -> 109 ext=0 this=000001B4F821AC80
AddRefInternal func '$beh0' type=0 -> 109 ext=0 this=000001B4F821A500
AddRefInternal func '$beh0' type=0 -> 109 ext=0 this=000001B4F821A780
AddRefInternal func '$beh0' type=0 -> 109 ext=0 this=000001B4F821AF00
AddRefInternal func '$beh8' type=0 -> 110 ext=0 this=000001B4F821AC80
AddRefInternal func '$beh0' type=0 -> 110 ext=0 this=000001B4F821A500
AddRefInternal func '$beh0' type=0 -> 110 ext=0 this=000001B4F821A780
AddRefInternal func '$beh0' type=0 -> 110 ext=0 this=000001B4F821AF00
AddRefInternal func '$beh8' type=0 -> 580 ext=0 this=000001B4F7590280
AddRefInternal func '$beh0' type=0 -> 580 ext=0 this=000001B4F7590500
AddRefInternal func '$beh2' type=0 -> 2 ext=0 this=000001B4F7590780
ReleaseInternal func '$beh2' type=0 before=2 ext=0 this=000001B4F7590780
AddRefInternal func '$beh8' type=0 -> 581 ext=0 this=000001B4F7590280
AddRefInternal func '$beh0' type=0 -> 581 ext=0 this=000001B4F7590500
AddRefInternal func '$beh2' type=0 -> 2 ext=0 this=000001B4F7590780
ReleaseInternal func '$beh2' type=0 before=2 ext=0 this=000001B4F7590780
AddRefInternal func '$beh8' type=0 -> 582 ext=0 this=000001B4F7590280
AddRefInternal func '$beh0' type=0 -> 582 ext=0 this=000001B4F7590500
AddRefInternal func '$beh2' type=0 -> 2 ext=0 this=000001B4F7590780
ReleaseInternal func '$beh2' type=0 before=2 ext=0 this=000001B4F7590780
AddRefInternal func '$beh8' type=0 -> 583 ext=0 this=000001B4F7590280
AddRefInternal func '$beh0' type=0 -> 583 ext=0 this=000001B4F7590500
AddRefInternal func '$beh2' type=0 -> 2 ext=0 this=000001B4F7590780
ReleaseInternal func '$beh2' type=0 before=2 ext=0 this=000001B4F7590780
AddRefInternal func '$beh8' type=0 -> 584 ext=0 this=000001B4F7590280
AddRefInternal func '$beh0' type=0 -> 584 ext=0 this=000001B4F7590500
AddRefInternal func '$beh2' type=0 -> 2 ext=0 this=000001B4F7590780
ReleaseInternal func '$beh2' type=0 before=2 ext=0 this=000001B4F7590780
AddRefInternal func '$beh8' type=0 -> 66 ext=0 this=000001B4F7599880
AddRefInternal func '$beh0' type=0 -> 66 ext=0 this=000001B4F7599380
AddRefInternal func '$beh2' type=0 -> 2 ext=0 this=000001B4F7599600
ReleaseInternal func '$beh2' type=0 before=2 ext=0 this=000001B4F7599600
AddRefInternal func '$beh8' type=0 -> 585 ext=0 this=000001B4F7590280
AddRefInternal func '$beh0' type=0 -> 585 ext=0 this=000001B4F7590500
AddRefInternal func '$beh2' type=0 -> 2 ext=0 this=000001B4F7590780
ReleaseInternal func '$beh2' type=0 before=2 ext=0 this=000001B4F7590780
AddRefInternal func '$beh8' type=0 -> 26 ext=0 this=000001B4F8215500
AddRefInternal func '$beh0' type=0 -> 26 ext=0 this=000001B4F8215000
AddRefInternal func '$beh2' type=0 -> 2 ext=0 this=000001B4F8215280
ReleaseInternal func '$beh2' type=0 before=2 ext=0 this=000001B4F8215280
AddRefInternal func '$beh8' type=0 -> 111 ext=0 this=000001B4F821AC80
AddRefInternal func '$beh0' type=0 -> 111 ext=0 this=000001B4F821A500
AddRefInternal func '$beh0' type=0 -> 111 ext=0 this=000001B4F821A780
AddRefInternal func '$beh0' type=0 -> 111 ext=0 this=000001B4F821AF00
AddRefInternal func '$beh8' type=0 -> 112 ext=0 this=000001B4F821AC80
AddRefInternal func '$beh0' type=0 -> 112 ext=0 this=000001B4F821A500
AddRefInternal func '$beh0' type=0 -> 112 ext=0 this=000001B4F821A780
AddRefInternal func '$beh0' type=0 -> 112 ext=0 this=000001B4F821AF00
AddRefInternal func '$beh8' type=0 -> 98 ext=0 this=000001B4F8211680
AddRefInternal func '$beh0' type=0 -> 98 ext=0 this=000001B4F8210F00
AddRefInternal func '$beh0' type=0 -> 98 ext=0 this=000001B4F8211180
AddRefInternal func '$beh0' type=0 -> 98 ext=0 this=000001B4F8211900
AddRefInternal func '$beh8' type=0 -> 586 ext=0 this=000001B4F7590280
AddRefInternal func '$beh0' type=0 -> 586 ext=0 this=000001B4F7590500
AddRefInternal func '$beh2' type=0 -> 2 ext=0 this=000001B4F7590780
ReleaseInternal func '$beh2' type=0 before=2 ext=0 this=000001B4F7590780
AddRefInternal func '$beh8' type=0 -> 67 ext=0 this=000001B4F7599880
AddRefInternal func '$beh0' type=0 -> 67 ext=0 this=000001B4F7599380
AddRefInternal func '$beh2' type=0 -> 2 ext=0 this=000001B4F7599600
ReleaseInternal func '$beh2' type=0 before=2 ext=0 this=000001B4F7599600
AddRefInternal func '$beh8' type=0 -> 113 ext=0 this=000001B4F821AC80
AddRefInternal func '$beh0' type=0 -> 113 ext=0 this=000001B4F821A500
AddRefInternal func '$beh0' type=0 -> 113 ext=0 this=000001B4F821A780
AddRefInternal func '$beh0' type=0 -> 113 ext=0 this=000001B4F821AF00
AddRefInternal func '$beh8' type=0 -> 587 ext=0 this=000001B4F7590280
AddRefInternal func '$beh0' type=0 -> 587 ext=0 this=000001B4F7590500
AddRefInternal func '$beh2' type=0 -> 2 ext=0 this=000001B4F7590780
ReleaseInternal func '$beh2' type=0 before=2 ext=0 this=000001B4F7590780
AddRefInternal func '$beh8' type=0 -> 588 ext=0 this=000001B4F7590280
AddRefInternal func '$beh0' type=0 -> 588 ext=0 this=000001B4F7590500
AddRefInternal func '$beh2' type=0 -> 2 ext=0 this=000001B4F7590780
ReleaseInternal func '$beh2' type=0 before=2 ext=0 this=000001B4F7590780
AddRefInternal func '$beh8' type=0 -> 589 ext=0 this=000001B4F7590280
AddRefInternal func '$beh0' type=0 -> 589 ext=0 this=000001B4F7590500
AddRefInternal func '$beh2' type=0 -> 2 ext=0 this=000001B4F7590780
ReleaseInternal func '$beh2' type=0 before=2 ext=0 this=000001B4F7590780
AddRefInternal func '$beh8' type=0 -> 590 ext=0 this=000001B4F7590280
AddRefInternal func '$beh0' type=0 -> 590 ext=0 this=000001B4F7590500
AddRefInternal func '$beh2' type=0 -> 2 ext=0 this=000001B4F7590780
ReleaseInternal func '$beh2' type=0 before=2 ext=0 this=000001B4F7590780
AddRefInternal func '$beh8' type=0 -> 591 ext=0 this=000001B4F7590280
AddRefInternal func '$beh0' type=0 -> 591 ext=0 this=000001B4F7590500
AddRefInternal func '$beh2' type=0 -> 2 ext=0 this=000001B4F7590780
ReleaseInternal func '$beh2' type=0 before=2 ext=0 this=000001B4F7590780
AddRefInternal func '$beh8' type=0 -> 27 ext=0 this=000001B4F8215500
AddRefInternal func '$beh0' type=0 -> 27 ext=0 this=000001B4F8215000
AddRefInternal func '$beh2' type=0 -> 2 ext=0 this=000001B4F8215280
ReleaseInternal func '$beh2' type=0 before=2 ext=0 this=000001B4F8215280
AddRefInternal func '$beh8' type=0 -> 28 ext=0 this=000001B4F8215500
AddRefInternal func '$beh0' type=0 -> 28 ext=0 this=000001B4F8215000
AddRefInternal func '$beh2' type=0 -> 2 ext=0 this=000001B4F8215280
ReleaseInternal func '$beh2' type=0 before=2 ext=0 this=000001B4F8215280
AddRefInternal func '$beh8' type=0 -> 29 ext=0 this=000001B4F8215500
AddRefInternal func '$beh0' type=0 -> 29 ext=0 this=000001B4F8215000
AddRefInternal func '$beh2' type=0 -> 2 ext=0 this=000001B4F8215280
ReleaseInternal func '$beh2' type=0 before=2 ext=0 this=000001B4F8215280
AddRefInternal func '$beh8' type=0 -> 30 ext=0 this=000001B4F8215500
AddRefInternal func '$beh0' type=0 -> 30 ext=0 this=000001B4F8215000
AddRefInternal func '$beh2' type=0 -> 2 ext=0 this=000001B4F8215280
ReleaseInternal func '$beh2' type=0 before=2 ext=0 this=000001B4F8215280
AddRefInternal func '$beh8' type=0 -> 68 ext=0 this=000001B4F7599880
AddRefInternal func '$beh0' type=0 -> 68 ext=0 this=000001B4F7599380
AddRefInternal func '$beh2' type=0 -> 2 ext=0 this=000001B4F7599600
ReleaseInternal func '$beh2' type=0 before=2 ext=0 this=000001B4F7599600
AddRefInternal func '$beh8' type=0 -> 69 ext=0 this=000001B4F7599880
AddRefInternal func '$beh0' type=0 -> 69 ext=0 this=000001B4F7599380
AddRefInternal func '$beh2' type=0 -> 2 ext=0 this=000001B4F7599600
ReleaseInternal func '$beh2' type=0 before=2 ext=0 this=000001B4F7599600
AddRefInternal func '$beh8' type=0 -> 70 ext=0 this=000001B4F7599880
AddRefInternal func '$beh0' type=0 -> 70 ext=0 this=000001B4F7599380
AddRefInternal func '$beh2' type=0 -> 2 ext=0 this=000001B4F7599600
ReleaseInternal func '$beh2' type=0 before=2 ext=0 this=000001B4F7599600
AddRefInternal func '$beh8' type=0 -> 71 ext=0 this=000001B4F7599880
AddRefInternal func '$beh0' type=0 -> 71 ext=0 this=000001B4F7599380
AddRefInternal func '$beh2' type=0 -> 2 ext=0 this=000001B4F7599600
ReleaseInternal func '$beh2' type=0 before=2 ext=0 this=000001B4F7599600
AddRefInternal func '$beh8' type=0 -> 72 ext=0 this=000001B4F7599880
AddRefInternal func '$beh0' type=0 -> 72 ext=0 this=000001B4F7599380
AddRefInternal func '$beh2' type=0 -> 2 ext=0 this=000001B4F7599600
ReleaseInternal func '$beh2' type=0 before=2 ext=0 this=000001B4F7599600
AddRefInternal func '$beh8' type=0 -> 73 ext=0 this=000001B4F7599880
AddRefInternal func '$beh0' type=0 -> 73 ext=0 this=000001B4F7599380
AddRefInternal func '$beh2' type=0 -> 2 ext=0 this=000001B4F7599600
ReleaseInternal func '$beh2' type=0 before=2 ext=0 this=000001B4F7599600
AddRefInternal func '$beh8' type=0 -> 74 ext=0 this=000001B4F7599880
AddRefInternal func '$beh0' type=0 -> 74 ext=0 this=000001B4F7599380
AddRefInternal func '$beh2' type=0 -> 2 ext=0 this=000001B4F7599600
ReleaseInternal func '$beh2' type=0 before=2 ext=0 this=000001B4F7599600
AddRefInternal func '$beh8' type=0 -> 75 ext=0 this=000001B4F7599880
AddRefInternal func '$beh0' type=0 -> 75 ext=0 this=000001B4F7599380
AddRefInternal func '$beh2' type=0 -> 2 ext=0 this=000001B4F7599600
ReleaseInternal func '$beh2' type=0 before=2 ext=0 this=000001B4F7599600
AddRefInternal func '$beh8' type=0 -> 76 ext=0 this=000001B4F7599880
AddRefInternal func '$beh0' type=0 -> 76 ext=0 this=000001B4F7599380
AddRefInternal func '$beh2' type=0 -> 2 ext=0 this=000001B4F7599600
ReleaseInternal func '$beh2' type=0 before=2 ext=0 this=000001B4F7599600
AddRefInternal func '$beh8' type=0 -> 77 ext=0 this=000001B4F7599880
AddRefInternal func '$beh0' type=0 -> 77 ext=0 this=000001B4F7599380
AddRefInternal func '$beh2' type=0 -> 2 ext=0 this=000001B4F7599600
ReleaseInternal func '$beh2' type=0 before=2 ext=0 this=000001B4F7599600
AddRefInternal func '$beh8' type=0 -> 78 ext=0 this=000001B4F7599880
AddRefInternal func '$beh0' type=0 -> 78 ext=0 this=000001B4F7599380
AddRefInternal func '$beh2' type=0 -> 2 ext=0 this=000001B4F7599600
ReleaseInternal func '$beh2' type=0 before=2 ext=0 this=000001B4F7599600
AddRefInternal func '$beh8' type=0 -> 79 ext=0 this=000001B4F7599880
AddRefInternal func '$beh0' type=0 -> 79 ext=0 this=000001B4F7599380
AddRefInternal func '$beh2' type=0 -> 2 ext=0 this=000001B4F7599600
ReleaseInternal func '$beh2' type=0 before=2 ext=0 this=000001B4F7599600
AddRefInternal func '$beh8' type=0 -> 31 ext=0 this=000001B4F8215500
AddRefInternal func '$beh0' type=0 -> 31 ext=0 this=000001B4F8215000
AddRefInternal func '$beh2' type=0 -> 2 ext=0 this=000001B4F8215280
ReleaseInternal func '$beh2' type=0 before=2 ext=0 this=000001B4F8215280
AddRefInternal func '$beh8' type=0 -> 32 ext=0 this=000001B4F8215500
AddRefInternal func '$beh0' type=0 -> 32 ext=0 this=000001B4F8215000
AddRefInternal func '$beh2' type=0 -> 2 ext=0 this=000001B4F8215280
ReleaseInternal func '$beh2' type=0 before=2 ext=0 this=000001B4F8215280
AddRefInternal func '$beh8' type=0 -> 80 ext=0 this=000001B4F7599880
AddRefInternal func '$beh0' type=0 -> 80 ext=0 this=000001B4F7599380
AddRefInternal func '$beh2' type=0 -> 2 ext=0 this=000001B4F7599600
ReleaseInternal func '$beh2' type=0 before=2 ext=0 this=000001B4F7599600
AddRefInternal func '$beh8' type=0 -> 81 ext=0 this=000001B4F7599880
AddRefInternal func '$beh0' type=0 -> 81 ext=0 this=000001B4F7599380
AddRefInternal func '$beh2' type=0 -> 2 ext=0 this=000001B4F7599600
ReleaseInternal func '$beh2' type=0 before=2 ext=0 this=000001B4F7599600
AddRefInternal func '$beh8' type=0 -> 82 ext=0 this=000001B4F7599880
AddRefInternal func '$beh0' type=0 -> 82 ext=0 this=000001B4F7599380
AddRefInternal func '$beh2' type=0 -> 2 ext=0 this=000001B4F7599600
ReleaseInternal func '$beh2' type=0 before=2 ext=0 this=000001B4F7599600
AddRefInternal func '$beh8' type=0 -> 592 ext=0 this=000001B4F7590280
AddRefInternal func '$beh0' type=0 -> 592 ext=0 this=000001B4F7590500
AddRefInternal func '$beh2' type=0 -> 2 ext=0 this=000001B4F7590780
ReleaseInternal func '$beh2' type=0 before=2 ext=0 this=000001B4F7590780
AddRefInternal func '$beh8' type=0 -> 114 ext=0 this=000001B4F821AC80
AddRefInternal func '$beh0' type=0 -> 114 ext=0 this=000001B4F821A500
AddRefInternal func '$beh0' type=0 -> 114 ext=0 this=000001B4F821A780
AddRefInternal func '$beh0' type=0 -> 114 ext=0 this=000001B4F821AF00
AddRefInternal func '$beh8' type=0 -> 83 ext=0 this=000001B4F7599880
AddRefInternal func '$beh0' type=0 -> 83 ext=0 this=000001B4F7599380
AddRefInternal func '$beh2' type=0 -> 2 ext=0 this=000001B4F7599600
ReleaseInternal func '$beh2' type=0 before=2 ext=0 this=000001B4F7599600
AddRefInternal func '$beh8' type=0 -> 99 ext=0 this=000001B4F8211680
AddRefInternal func '$beh0' type=0 -> 99 ext=0 this=000001B4F8210F00
AddRefInternal func '$beh0' type=0 -> 99 ext=0 this=000001B4F8211180
AddRefInternal func '$beh0' type=0 -> 99 ext=0 this=000001B4F8211900
AddRefInternal func '$beh8' type=0 -> 593 ext=0 this=000001B4F7590280
AddRefInternal func '$beh0' type=0 -> 593 ext=0 this=000001B4F7590500
AddRefInternal func '$beh2' type=0 -> 2 ext=0 this=000001B4F7590780
ReleaseInternal func '$beh2' type=0 before=2 ext=0 this=000001B4F7590780
AddRefInternal func '$beh8' type=0 -> 594 ext=0 this=000001B4F7590280
AddRefInternal func '$beh0' type=0 -> 594 ext=0 this=000001B4F7590500
AddRefInternal func '$beh2' type=0 -> 2 ext=0 this=000001B4F7590780
ReleaseInternal func '$beh2' type=0 before=2 ext=0 this=000001B4F7590780
AddRefInternal func '$beh8' type=0 -> 21 ext=0 this=000001B4F7590C80
AddRefInternal func '$beh0' type=0 -> 21 ext=0 this=000001B4FC6BB180
AddRefInternal func '$beh0' type=0 -> 21 ext=0 this=000001B4FC6BB400
AddRefInternal func '$beh0' type=0 -> 21 ext=0 this=000001B4FC6BD200
AddRefInternal func '$beh0' type=0 -> 21 ext=0 this=000001B4FC6BD480
AddRefInternal func '$beh0' type=0 -> 21 ext=0 this=000001B4FC6BD700
AddRefInternal func '$beh2' type=0 -> 2 ext=0 this=000001B4FC6BB680
ReleaseInternal func '$beh2' type=0 before=2 ext=0 this=000001B4FC6BB680
AddRefInternal func '$beh8' type=0 -> 22 ext=0 this=000001B4F7590C80
AddRefInternal func '$beh0' type=0 -> 22 ext=0 this=000001B4FC6BB180
AddRefInternal func '$beh0' type=0 -> 22 ext=0 this=000001B4FC6BB400
AddRefInternal func '$beh0' type=0 -> 22 ext=0 this=000001B4FC6BD200
AddRefInternal func '$beh0' type=0 -> 22 ext=0 this=000001B4FC6BD480
AddRefInternal func '$beh0' type=0 -> 22 ext=0 this=000001B4FC6BD700
AddRefInternal func '$beh2' type=0 -> 2 ext=0 this=000001B4FC6BB680
ReleaseInternal func '$beh2' type=0 before=2 ext=0 this=000001B4FC6BB680
AddRefInternal func '$beh8' type=0 -> 23 ext=0 this=000001B4F7590C80
AddRefInternal func '$beh0' type=0 -> 23 ext=0 this=000001B4FC6BB180
AddRefInternal func '$beh0' type=0 -> 23 ext=0 this=000001B4FC6BB400
AddRefInternal func '$beh0' type=0 -> 23 ext=0 this=000001B4FC6BD200
AddRefInternal func '$beh0' type=0 -> 23 ext=0 this=000001B4FC6BD480
AddRefInternal func '$beh0' type=0 -> 23 ext=0 this=000001B4FC6BD700
AddRefInternal func '$beh2' type=0 -> 2 ext=0 this=000001B4FC6BB680
ReleaseInternal func '$beh2' type=0 before=2 ext=0 this=000001B4FC6BB680
AddRefInternal func '$beh8' type=0 -> 595 ext=0 this=000001B4F7590280
AddRefInternal func '$beh0' type=0 -> 595 ext=0 this=000001B4F7590500
AddRefInternal func '$beh2' type=0 -> 2 ext=0 this=000001B4F7590780
ReleaseInternal func '$beh2' type=0 before=2 ext=0 this=000001B4F7590780
AddRefInternal func '$beh8' type=0 -> 115 ext=0 this=000001B4F821AC80
AddRefInternal func '$beh0' type=0 -> 115 ext=0 this=000001B4F821A500
AddRefInternal func '$beh0' type=0 -> 115 ext=0 this=000001B4F821A780
AddRefInternal func '$beh0' type=0 -> 115 ext=0 this=000001B4F821AF00
AddRefInternal func '$beh8' type=0 -> 116 ext=0 this=000001B4F821AC80
AddRefInternal func '$beh0' type=0 -> 116 ext=0 this=000001B4F821A500
AddRefInternal func '$beh0' type=0 -> 116 ext=0 this=000001B4F821A780
AddRefInternal func '$beh0' type=0 -> 116 ext=0 this=000001B4F821AF00
AddRefInternal func '$beh8' type=0 -> 117 ext=0 this=000001B4F821AC80
AddRefInternal func '$beh0' type=0 -> 117 ext=0 this=000001B4F821A500
AddRefInternal func '$beh0' type=0 -> 117 ext=0 this=000001B4F821A780
AddRefInternal func '$beh0' type=0 -> 117 ext=0 this=000001B4F821AF00
AddRefInternal func '$beh8' type=0 -> 118 ext=0 this=000001B4F821AC80
AddRefInternal func '$beh0' type=0 -> 118 ext=0 this=000001B4F821A500
AddRefInternal func '$beh0' type=0 -> 118 ext=0 this=000001B4F821A780
AddRefInternal func '$beh0' type=0 -> 118 ext=0 this=000001B4F821AF00
AddRefInternal func '$beh8' type=0 -> 84 ext=0 this=000001B4F7599880
AddRefInternal func '$beh0' type=0 -> 84 ext=0 this=000001B4F7599380
AddRefInternal func '$beh2' type=0 -> 2 ext=0 this=000001B4F7599600
ReleaseInternal func '$beh2' type=0 before=2 ext=0 this=000001B4F7599600
AddRefInternal func '$beh8' type=0 -> 55 ext=0 this=000001B4F7590A00
AddRefInternal func '$beh0' type=0 -> 55 ext=0 this=000001B4FC6B7A80
AddRefInternal func '$beh0' type=0 -> 55 ext=0 this=000001B4FC6B7D00
AddRefInternal func '$beh0' type=0 -> 55 ext=0 this=000001B4FC6B9B00
AddRefInternal func '$beh0' type=0 -> 55 ext=0 this=000001B4FC6B9D80
AddRefInternal func '$beh2' type=0 -> 2 ext=0 this=000001B4FC6B7F80
ReleaseInternal func '$beh2' type=0 before=2 ext=0 this=000001B4FC6B7F80
AddRefInternal func '$beh8' type=0 -> 596 ext=0 this=000001B4F7590280
AddRefInternal func '$beh0' type=0 -> 596 ext=0 this=000001B4F7590500
AddRefInternal func '$beh2' type=0 -> 2 ext=0 this=000001B4F7590780
ReleaseInternal func '$beh2' type=0 before=2 ext=0 this=000001B4F7590780
AddRefInternal func '$beh8' type=0 -> 56 ext=0 this=000001B4F7590A00
AddRefInternal func '$beh0' type=0 -> 56 ext=0 this=000001B4FC6B7A80
AddRefInternal func '$beh0' type=0 -> 56 ext=0 this=000001B4FC6B7D00
AddRefInternal func '$beh0' type=0 -> 56 ext=0 this=000001B4FC6B9B00
AddRefInternal func '$beh0' type=0 -> 56 ext=0 this=000001B4FC6B9D80
AddRefInternal func '$beh2' type=0 -> 2 ext=0 this=000001B4FC6B7F80
ReleaseInternal func '$beh2' type=0 before=2 ext=0 this=000001B4FC6B7F80
AddRefInternal func '$beh8' type=0 -> 597 ext=0 this=000001B4F7590280
AddRefInternal func '$beh0' type=0 -> 597 ext=0 this=000001B4F7590500
AddRefInternal func '$beh2' type=0 -> 2 ext=0 this=000001B4F7590780
ReleaseInternal func '$beh2' type=0 before=2 ext=0 this=000001B4F7590780
AddRefInternal func '$beh8' type=0 -> 57 ext=0 this=000001B4F7590A00
AddRefInternal func '$beh0' type=0 -> 57 ext=0 this=000001B4FC6B7A80
AddRefInternal func '$beh0' type=0 -> 57 ext=0 this=000001B4FC6B7D00
AddRefInternal func '$beh0' type=0 -> 57 ext=0 this=000001B4FC6B9B00
AddRefInternal func '$beh0' type=0 -> 57 ext=0 this=000001B4FC6B9D80
AddRefInternal func '$beh2' type=0 -> 2 ext=0 this=000001B4FC6B7F80
ReleaseInternal func '$beh2' type=0 before=2 ext=0 this=000001B4FC6B7F80
AddRefInternal func '$beh8' type=0 -> 24 ext=0 this=000001B4F821D480
AddRefInternal func '$beh0' type=0 -> 24 ext=0 this=000001B4F821CD00
AddRefInternal func '$beh0' type=0 -> 24 ext=0 this=000001B4F821CF80
AddRefInternal func '$beh0' type=0 -> 24 ext=0 this=000001B4F821D700
AddRefInternal func '$beh8' type=0 -> 58 ext=0 this=000001B4F7590A00
AddRefInternal func '$beh0' type=0 -> 58 ext=0 this=000001B4FC6B7A80
AddRefInternal func '$beh0' type=0 -> 58 ext=0 this=000001B4FC6B7D00
AddRefInternal func '$beh0' type=0 -> 58 ext=0 this=000001B4FC6B9B00
AddRefInternal func '$beh0' type=0 -> 58 ext=0 this=000001B4FC6B9D80
AddRefInternal func '$beh2' type=0 -> 2 ext=0 this=000001B4FC6B7F80
ReleaseInternal func '$beh2' type=0 before=2 ext=0 this=000001B4FC6B7F80
AddRefInternal func '$beh8' type=0 -> 598 ext=0 this=000001B4F7590280
AddRefInternal func '$beh0' type=0 -> 598 ext=0 this=000001B4F7590500
AddRefInternal func '$beh2' type=0 -> 2 ext=0 this=000001B4F7590780
ReleaseInternal func '$beh2' type=0 before=2 ext=0 this=000001B4F7590780
AddRefInternal func '$beh8' type=0 -> 59 ext=0 this=000001B4F7590A00
AddRefInternal func '$beh0' type=0 -> 59 ext=0 this=000001B4FC6B7A80
AddRefInternal func '$beh0' type=0 -> 59 ext=0 this=000001B4FC6B7D00
AddRefInternal func '$beh0' type=0 -> 59 ext=0 this=000001B4FC6B9B00
AddRefInternal func '$beh0' type=0 -> 59 ext=0 this=000001B4FC6B9D80
AddRefInternal func '$beh2' type=0 -> 2 ext=0 this=000001B4FC6B7F80
ReleaseInternal func '$beh2' type=0 before=2 ext=0 this=000001B4FC6B7F80
AddRefInternal func '$beh8' type=0 -> 599 ext=0 this=000001B4F7590280
AddRefInternal func '$beh0' type=0 -> 599 ext=0 this=000001B4F7590500
AddRefInternal func '$beh2' type=0 -> 2 ext=0 this=000001B4F7590780
ReleaseInternal func '$beh2' type=0 before=2 ext=0 this=000001B4F7590780
AddRefInternal func '$beh8' type=0 -> 60 ext=0 this=000001B4F7590A00
AddRefInternal func '$beh0' type=0 -> 60 ext=0 this=000001B4FC6B7A80
AddRefInternal func '$beh0' type=0 -> 60 ext=0 this=000001B4FC6B7D00
AddRefInternal func '$beh0' type=0 -> 60 ext=0 this=000001B4FC6B9B00
AddRefInternal func '$beh0' type=0 -> 60 ext=0 this=000001B4FC6B9D80
AddRefInternal func '$beh2' type=0 -> 2 ext=0 this=000001B4FC6B7F80
ReleaseInternal func '$beh2' type=0 before=2 ext=0 this=000001B4FC6B7F80
AddRefInternal func '$beh8' type=0 -> 600 ext=0 this=000001B4F7590280
AddRefInternal func '$beh0' type=0 -> 600 ext=0 this=000001B4F7590500
AddRefInternal func '$beh2' type=0 -> 2 ext=0 this=000001B4F7590780
ReleaseInternal func '$beh2' type=0 before=2 ext=0 this=000001B4F7590780
AddRefInternal func '$beh8' type=0 -> 119 ext=0 this=000001B4F821AC80
AddRefInternal func '$beh0' type=0 -> 119 ext=0 this=000001B4F821A500
AddRefInternal func '$beh0' type=0 -> 119 ext=0 this=000001B4F821A780
AddRefInternal func '$beh0' type=0 -> 119 ext=0 this=000001B4F821AF00
AddRefInternal func '$beh8' type=0 -> 601 ext=0 this=000001B4F7590280
AddRefInternal func '$beh0' type=0 -> 601 ext=0 this=000001B4F7590500
AddRefInternal func '$beh2' type=0 -> 2 ext=0 this=000001B4F7590780
ReleaseInternal func '$beh2' type=0 before=2 ext=0 this=000001B4F7590780
AddRefInternal func '$beh8' type=0 -> 85 ext=0 this=000001B4F7599880
AddRefInternal func '$beh0' type=0 -> 85 ext=0 this=000001B4F7599380
AddRefInternal func '$beh2' type=0 -> 2 ext=0 this=000001B4F7599600
ReleaseInternal func '$beh2' type=0 before=2 ext=0 this=000001B4F7599600
AddRefInternal func '$beh8' type=0 -> 602 ext=0 this=000001B4F7590280
AddRefInternal func '$beh0' type=0 -> 602 ext=0 this=000001B4F7590500
AddRefInternal func '$beh2' type=0 -> 2 ext=0 this=000001B4F7590780
ReleaseInternal func '$beh2' type=0 before=2 ext=0 this=000001B4F7590780
AddRefInternal func '$beh8' type=0 -> 603 ext=0 this=000001B4F7590280
AddRefInternal func '$beh0' type=0 -> 603 ext=0 this=000001B4F7590500
AddRefInternal func '$beh2' type=0 -> 2 ext=0 this=000001B4F7590780
ReleaseInternal func '$beh2' type=0 before=2 ext=0 this=000001B4F7590780
AddRefInternal func '$beh8' type=0 -> 604 ext=0 this=000001B4F7590280
AddRefInternal func '$beh0' type=0 -> 604 ext=0 this=000001B4F7590500
AddRefInternal func '$beh2' type=0 -> 2 ext=0 this=000001B4F7590780
ReleaseInternal func '$beh2' type=0 before=2 ext=0 this=000001B4F7590780
AddRefInternal func '$beh8' type=0 -> 120 ext=0 this=000001B4F821AC80
AddRefInternal func '$beh0' type=0 -> 120 ext=0 this=000001B4F821A500
AddRefInternal func '$beh0' type=0 -> 120 ext=0 this=000001B4F821A780
AddRefInternal func '$beh0' type=0 -> 120 ext=0 this=000001B4F821AF00
AddRefInternal func '$beh8' type=0 -> 605 ext=0 this=000001B4F7590280
AddRefInternal func '$beh0' type=0 -> 605 ext=0 this=000001B4F7590500
AddRefInternal func '$beh2' type=0 -> 2 ext=0 this=000001B4F7590780
ReleaseInternal func '$beh2' type=0 before=2 ext=0 this=000001B4F7590780
AddRefInternal func '$beh8' type=0 -> 606 ext=0 this=000001B4F7590280
AddRefInternal func '$beh0' type=0 -> 606 ext=0 this=000001B4F7590500
AddRefInternal func '$beh2' type=0 -> 2 ext=0 this=000001B4F7590780
ReleaseInternal func '$beh2' type=0 before=2 ext=0 this=000001B4F7590780
AddRefInternal func '$beh8' type=0 -> 607 ext=0 this=000001B4F7590280
AddRefInternal func '$beh0' type=0 -> 607 ext=0 this=000001B4F7590500
AddRefInternal func '$beh2' type=0 -> 2 ext=0 this=000001B4F7590780
ReleaseInternal func '$beh2' type=0 before=2 ext=0 this=000001B4F7590780
AddRefInternal func '$beh8' type=0 -> 608 ext=0 this=000001B4F7590280
AddRefInternal func '$beh0' type=0 -> 608 ext=0 this=000001B4F7590500
AddRefInternal func '$beh2' type=0 -> 2 ext=0 this=000001B4F7590780
ReleaseInternal func '$beh2' type=0 before=2 ext=0 this=000001B4F7590780
AddRefInternal func '$beh8' type=0 -> 609 ext=0 this=000001B4F7590280
AddRefInternal func '$beh0' type=0 -> 609 ext=0 this=000001B4F7590500
AddRefInternal func '$beh2' type=0 -> 2 ext=0 this=000001B4F7590780
ReleaseInternal func '$beh2' type=0 before=2 ext=0 this=000001B4F7590780
AddRefInternal func '$beh8' type=0 -> 610 ext=0 this=000001B4F7590280
AddRefInternal func '$beh0' type=0 -> 610 ext=0 this=000001B4F7590500
AddRefInternal func '$beh2' type=0 -> 2 ext=0 this=000001B4F7590780
ReleaseInternal func '$beh2' type=0 before=2 ext=0 this=000001B4F7590780
AddRefInternal func '$beh8' type=0 -> 611 ext=0 this=000001B4F7590280
AddRefInternal func '$beh0' type=0 -> 611 ext=0 this=000001B4F7590500
AddRefInternal func '$beh2' type=0 -> 2 ext=0 this=000001B4F7590780
ReleaseInternal func '$beh2' type=0 before=2 ext=0 this=000001B4F7590780
AddRefInternal func '$beh8' type=0 -> 612 ext=0 this=000001B4F7590280
AddRefInternal func '$beh0' type=0 -> 612 ext=0 this=000001B4F7590500
AddRefInternal func '$beh2' type=0 -> 2 ext=0 this=000001B4F7590780
ReleaseInternal func '$beh2' type=0 before=2 ext=0 this=000001B4F7590780
AddRefInternal func '$beh8' type=0 -> 613 ext=0 this=000001B4F7590280
AddRefInternal func '$beh0' type=0 -> 613 ext=0 this=000001B4F7590500
AddRefInternal func '$beh2' type=0 -> 2 ext=0 this=000001B4F7590780
ReleaseInternal func '$beh2' type=0 before=2 ext=0 this=000001B4F7590780
AddRefInternal func '$beh8' type=0 -> 614 ext=0 this=000001B4F7590280
AddRefInternal func '$beh0' type=0 -> 614 ext=0 this=000001B4F7590500
AddRefInternal func '$beh2' type=0 -> 2 ext=0 this=000001B4F7590780
ReleaseInternal func '$beh2' type=0 before=2 ext=0 this=000001B4F7590780
AddRefInternal func '$beh8' type=0 -> 615 ext=0 this=000001B4F7590280
AddRefInternal func '$beh0' type=0 -> 615 ext=0 this=000001B4F7590500
AddRefInternal func '$beh2' type=0 -> 2 ext=0 this=000001B4F7590780
ReleaseInternal func '$beh2' type=0 before=2 ext=0 this=000001B4F7590780
AddRefInternal func '$beh8' type=0 -> 616 ext=0 this=000001B4F7590280
AddRefInternal func '$beh0' type=0 -> 616 ext=0 this=000001B4F7590500
AddRefInternal func '$beh2' type=0 -> 2 ext=0 this=000001B4F7590780
ReleaseInternal func '$beh2' type=0 before=2 ext=0 this=000001B4F7590780
AddRefInternal func '$beh8' type=0 -> 86 ext=0 this=000001B4F7599880
AddRefInternal func '$beh0' type=0 -> 86 ext=0 this=000001B4F7599380
AddRefInternal func '$beh2' type=0 -> 2 ext=0 this=000001B4F7599600
ReleaseInternal func '$beh2' type=0 before=2 ext=0 this=000001B4F7599600
AddRefInternal func '$beh8' type=0 -> 87 ext=0 this=000001B4F7599880
AddRefInternal func '$beh0' type=0 -> 87 ext=0 this=000001B4F7599380
AddRefInternal func '$beh2' type=0 -> 2 ext=0 this=000001B4F7599600
ReleaseInternal func '$beh2' type=0 before=2 ext=0 this=000001B4F7599600
AddRefInternal func '$beh8' type=0 -> 10 ext=0 this=000001B4F8213480
AddRefInternal func '$beh0' type=0 -> 10 ext=0 this=000001B4F8212A80
AddRefInternal func '$beh0' type=0 -> 10 ext=0 this=000001B4F8212D00
AddRefInternal func '$beh0' type=0 -> 10 ext=0 this=000001B4F8212F80
AddRefInternal func '$beh2' type=0 -> 2 ext=0 this=000001B4F8213200
ReleaseInternal func '$beh2' type=0 before=2 ext=0 this=000001B4F8213200
AddRefInternal func '$beh8' type=0 -> 11 ext=0 this=000001B4F8213480
AddRefInternal func '$beh0' type=0 -> 11 ext=0 this=000001B4F8212A80
AddRefInternal func '$beh0' type=0 -> 11 ext=0 this=000001B4F8212D00
AddRefInternal func '$beh0' type=0 -> 11 ext=0 this=000001B4F8212F80
AddRefInternal func '$beh2' type=0 -> 2 ext=0 this=000001B4F8213200
ReleaseInternal func '$beh2' type=0 before=2 ext=0 this=000001B4F8213200
AddRefInternal func '$beh8' type=0 -> 12 ext=0 this=000001B4F8213480
AddRefInternal func '$beh0' type=0 -> 12 ext=0 this=000001B4F8212A80
AddRefInternal func '$beh0' type=0 -> 12 ext=0 this=000001B4F8212D00
AddRefInternal func '$beh0' type=0 -> 12 ext=0 this=000001B4F8212F80
AddRefInternal func '$beh2' type=0 -> 2 ext=0 this=000001B4F8213200
ReleaseInternal func '$beh2' type=0 before=2 ext=0 this=000001B4F8213200
AddRefInternal func '$beh8' type=0 -> 13 ext=0 this=000001B4F8213480
AddRefInternal func '$beh0' type=0 -> 13 ext=0 this=000001B4F8212A80
AddRefInternal func '$beh0' type=0 -> 13 ext=0 this=000001B4F8212D00
AddRefInternal func '$beh0' type=0 -> 13 ext=0 this=000001B4F8212F80
AddRefInternal func '$beh2' type=0 -> 2 ext=0 this=000001B4F8213200
ReleaseInternal func '$beh2' type=0 before=2 ext=0 this=000001B4F8213200
AddRefInternal func '$beh8' type=0 -> 14 ext=0 this=000001B4F8213480
AddRefInternal func '$beh0' type=0 -> 14 ext=0 this=000001B4F8212A80
AddRefInternal func '$beh0' type=0 -> 14 ext=0 this=000001B4F8212D00
AddRefInternal func '$beh0' type=0 -> 14 ext=0 this=000001B4F8212F80
AddRefInternal func '$beh2' type=0 -> 2 ext=0 this=000001B4F8213200
ReleaseInternal func '$beh2' type=0 before=2 ext=0 this=000001B4F8213200
AddRefInternal func '$beh8' type=0 -> 15 ext=0 this=000001B4F8213480
AddRefInternal func '$beh0' type=0 -> 15 ext=0 this=000001B4F8212A80
AddRefInternal func '$beh0' type=0 -> 15 ext=0 this=000001B4F8212D00
AddRefInternal func '$beh0' type=0 -> 15 ext=0 this=000001B4F8212F80
AddRefInternal func '$beh2' type=0 -> 2 ext=0 this=000001B4F8213200
ReleaseInternal func '$beh2' type=0 before=2 ext=0 this=000001B4F8213200
AddRefInternal func '$beh8' type=0 -> 617 ext=0 this=000001B4F7590280
AddRefInternal func '$beh0' type=0 -> 617 ext=0 this=000001B4F7590500
AddRefInternal func '$beh2' type=0 -> 2 ext=0 this=000001B4F7590780
ReleaseInternal func '$beh2' type=0 before=2 ext=0 this=000001B4F7590780
AddRefInternal func '$beh8' type=0 -> 100 ext=0 this=000001B4F8211680
AddRefInternal func '$beh0' type=0 -> 100 ext=0 this=000001B4F8210F00
AddRefInternal func '$beh0' type=0 -> 100 ext=0 this=000001B4F8211180
AddRefInternal func '$beh0' type=0 -> 100 ext=0 this=000001B4F8211900
AddRefInternal func '$beh8' type=0 -> 618 ext=0 this=000001B4F7590280
AddRefInternal func '$beh0' type=0 -> 618 ext=0 this=000001B4F7590500
AddRefInternal func '$beh2' type=0 -> 2 ext=0 this=000001B4F7590780
ReleaseInternal func '$beh2' type=0 before=2 ext=0 this=000001B4F7590780
AddRefInternal func '$beh8' type=0 -> 619 ext=0 this=000001B4F7590280
AddRefInternal func '$beh0' type=0 -> 619 ext=0 this=000001B4F7590500
AddRefInternal func '$beh2' type=0 -> 2 ext=0 this=000001B4F7590780
ReleaseInternal func '$beh2' type=0 before=2 ext=0 this=000001B4F7590780
AddRefInternal func '$beh8' type=0 -> 620 ext=0 this=000001B4F7590280
AddRefInternal func '$beh0' type=0 -> 620 ext=0 this=000001B4F7590500
AddRefInternal func '$beh2' type=0 -> 2 ext=0 this=000001B4F7590780
ReleaseInternal func '$beh2' type=0 before=2 ext=0 this=000001B4F7590780
AddRefInternal func '$beh8' type=0 -> 88 ext=0 this=000001B4F7599880
AddRefInternal func '$beh0' type=0 -> 88 ext=0 this=000001B4F7599380
AddRefInternal func '$beh2' type=0 -> 2 ext=0 this=000001B4F7599600
ReleaseInternal func '$beh2' type=0 before=2 ext=0 this=000001B4F7599600
AddRefInternal func '$beh8' type=0 -> 621 ext=0 this=000001B4F7590280
AddRefInternal func '$beh0' type=0 -> 621 ext=0 this=000001B4F7590500
AddRefInternal func '$beh2' type=0 -> 2 ext=0 this=000001B4F7590780
ReleaseInternal func '$beh2' type=0 before=2 ext=0 this=000001B4F7590780
AddRefInternal func '$beh8' type=0 -> 16 ext=0 this=000001B4F8213480
AddRefInternal func '$beh0' type=0 -> 16 ext=0 this=000001B4F8212A80
AddRefInternal func '$beh0' type=0 -> 16 ext=0 this=000001B4F8212D00
AddRefInternal func '$beh0' type=0 -> 16 ext=0 this=000001B4F8212F80
AddRefInternal func '$beh2' type=0 -> 2 ext=0 this=000001B4F8213200
ReleaseInternal func '$beh2' type=0 before=2 ext=0 this=000001B4F8213200
AddRefInternal func '$beh8' type=0 -> 17 ext=0 this=000001B4F8213480
AddRefInternal func '$beh0' type=0 -> 17 ext=0 this=000001B4F8212A80
AddRefInternal func '$beh0' type=0 -> 17 ext=0 this=000001B4F8212D00
AddRefInternal func '$beh0' type=0 -> 17 ext=0 this=000001B4F8212F80
AddRefInternal func '$beh2' type=0 -> 2 ext=0 this=000001B4F8213200
ReleaseInternal func '$beh2' type=0 before=2 ext=0 this=000001B4F8213200
AddRefInternal func '$beh8' type=0 -> 121 ext=0 this=000001B4F821AC80
AddRefInternal func '$beh0' type=0 -> 121 ext=0 this=000001B4F821A500
AddRefInternal func '$beh0' type=0 -> 121 ext=0 this=000001B4F821A780
AddRefInternal func '$beh0' type=0 -> 121 ext=0 this=000001B4F821AF00
AddRefInternal func '$beh8' type=0 -> 61 ext=0 this=000001B4F7590A00
AddRefInternal func '$beh0' type=0 -> 61 ext=0 this=000001B4FC6B7A80
AddRefInternal func '$beh0' type=0 -> 61 ext=0 this=000001B4FC6B7D00
AddRefInternal func '$beh0' type=0 -> 61 ext=0 this=000001B4FC6B9B00
AddRefInternal func '$beh0' type=0 -> 61 ext=0 this=000001B4FC6B9D80
AddRefInternal func '$beh2' type=0 -> 2 ext=0 this=000001B4FC6B7F80
ReleaseInternal func '$beh2' type=0 before=2 ext=0 this=000001B4FC6B7F80
AddRefInternal func '$beh8' type=0 -> 622 ext=0 this=000001B4F7590280
AddRefInternal func '$beh0' type=0 -> 622 ext=0 this=000001B4F7590500
AddRefInternal func '$beh2' type=0 -> 2 ext=0 this=000001B4F7590780
ReleaseInternal func '$beh2' type=0 before=2 ext=0 this=000001B4F7590780
AddRefInternal func '$beh8' type=0 -> 623 ext=0 this=000001B4F7590280
AddRefInternal func '$beh0' type=0 -> 623 ext=0 this=000001B4F7590500
AddRefInternal func '$beh2' type=0 -> 2 ext=0 this=000001B4F7590780
ReleaseInternal func '$beh2' type=0 before=2 ext=0 this=000001B4F7590780
AddRefInternal func '$beh8' type=0 -> 101 ext=0 this=000001B4F8211680
AddRefInternal func '$beh0' type=0 -> 101 ext=0 this=000001B4F8210F00
AddRefInternal func '$beh0' type=0 -> 101 ext=0 this=000001B4F8211180
AddRefInternal func '$beh0' type=0 -> 101 ext=0 this=000001B4F8211900
AddRefInternal func '$beh8' type=0 -> 624 ext=0 this=000001B4F7590280
AddRefInternal func '$beh0' type=0 -> 624 ext=0 this=000001B4F7590500
AddRefInternal func '$beh2' type=0 -> 2 ext=0 this=000001B4F7590780
ReleaseInternal func '$beh2' type=0 before=2 ext=0 this=000001B4F7590780
AddRefInternal func '$beh8' type=0 -> 122 ext=0 this=000001B4F821AC80
AddRefInternal func '$beh0' type=0 -> 122 ext=0 this=000001B4F821A500
AddRefInternal func '$beh0' type=0 -> 122 ext=0 this=000001B4F821A780
AddRefInternal func '$beh0' type=0 -> 122 ext=0 this=000001B4F821AF00
AddRefInternal func '$beh8' type=0 -> 625 ext=0 this=000001B4F7590280
AddRefInternal func '$beh0' type=0 -> 625 ext=0 this=000001B4F7590500
AddRefInternal func '$beh2' type=0 -> 2 ext=0 this=000001B4F7590780
ReleaseInternal func '$beh2' type=0 before=2 ext=0 this=000001B4F7590780
AddRefInternal func '$beh8' type=0 -> 626 ext=0 this=000001B4F7590280
AddRefInternal func '$beh0' type=0 -> 626 ext=0 this=000001B4F7590500
AddRefInternal func '$beh2' type=0 -> 2 ext=0 this=000001B4F7590780
ReleaseInternal func '$beh2' type=0 before=2 ext=0 this=000001B4F7590780
AddRefInternal func '$beh8' type=0 -> 102 ext=0 this=000001B4F8211680
AddRefInternal func '$beh0' type=0 -> 102 ext=0 this=000001B4F8210F00
AddRefInternal func '$beh0' type=0 -> 102 ext=0 this=000001B4F8211180
AddRefInternal func '$beh0' type=0 -> 102 ext=0 this=000001B4F8211900
AddRefInternal func '$beh8' type=0 -> 627 ext=0 this=000001B4F7590280
AddRefInternal func '$beh0' type=0 -> 627 ext=0 this=000001B4F7590500
AddRefInternal func '$beh2' type=0 -> 2 ext=0 this=000001B4F7590780
ReleaseInternal func '$beh2' type=0 before=2 ext=0 this=000001B4F7590780
AddRefInternal func '$beh8' type=0 -> 103 ext=0 this=000001B4F8211680
AddRefInternal func '$beh0' type=0 -> 103 ext=0 this=000001B4F8210F00
AddRefInternal func '$beh0' type=0 -> 103 ext=0 this=000001B4F8211180
AddRefInternal func '$beh0' type=0 -> 103 ext=0 this=000001B4F8211900
AddRefInternal func '$beh8' type=0 -> 628 ext=0 this=000001B4F7590280
AddRefInternal func '$beh0' type=0 -> 628 ext=0 this=000001B4F7590500
AddRefInternal func '$beh2' type=0 -> 2 ext=0 this=000001B4F7590780
ReleaseInternal func '$beh2' type=0 before=2 ext=0 this=000001B4F7590780
AddRefInternal func '$beh8' type=0 -> 629 ext=0 this=000001B4F7590280
AddRefInternal func '$beh0' type=0 -> 629 ext=0 this=000001B4F7590500
AddRefInternal func '$beh2' type=0 -> 2 ext=0 this=000001B4F7590780
ReleaseInternal func '$beh2' type=0 before=2 ext=0 this=000001B4F7590780
AddRefInternal func '$beh8' type=0 -> 630 ext=0 this=000001B4F7590280
AddRefInternal func '$beh0' type=0 -> 630 ext=0 this=000001B4F7590500
AddRefInternal func '$beh2' type=0 -> 2 ext=0 this=000001B4F7590780
ReleaseInternal func '$beh2' type=0 before=2 ext=0 this=000001B4F7590780
AddRefInternal func '$beh8' type=0 -> 104 ext=0 this=000001B4F8211680
AddRefInternal func '$beh0' type=0 -> 104 ext=0 this=000001B4F8210F00
AddRefInternal func '$beh0' type=0 -> 104 ext=0 this=000001B4F8211180
AddRefInternal func '$beh0' type=0 -> 104 ext=0 this=000001B4F8211900
AddRefInternal func '$beh8' type=0 -> 631 ext=0 this=000001B4F7590280
AddRefInternal func '$beh0' type=0 -> 631 ext=0 this=000001B4F7590500
AddRefInternal func '$beh2' type=0 -> 2 ext=0 this=000001B4F7590780
ReleaseInternal func '$beh2' type=0 before=2 ext=0 this=000001B4F7590780
AddRefInternal func '$beh8' type=0 -> 632 ext=0 this=000001B4F7590280
AddRefInternal func '$beh0' type=0 -> 632 ext=0 this=000001B4F7590500
AddRefInternal func '$beh2' type=0 -> 2 ext=0 this=000001B4F7590780
ReleaseInternal func '$beh2' type=0 before=2 ext=0 this=000001B4F7590780
AddRefInternal func '$beh8' type=0 -> 633 ext=0 this=000001B4F7590280
AddRefInternal func '$beh0' type=0 -> 633 ext=0 this=000001B4F7590500
AddRefInternal func '$beh2' type=0 -> 2 ext=0 this=000001B4F7590780
ReleaseInternal func '$beh2' type=0 before=2 ext=0 this=000001B4F7590780
AddRefInternal func '$beh8' type=0 -> 123 ext=0 this=000001B4F821AC80
AddRefInternal func '$beh0' type=0 -> 123 ext=0 this=000001B4F821A500
AddRefInternal func '$beh0' type=0 -> 123 ext=0 this=000001B4F821A780
AddRefInternal func '$beh0' type=0 -> 123 ext=0 this=000001B4F821AF00
AddRefInternal func '$beh8' type=0 -> 634 ext=0 this=000001B4F7590280
AddRefInternal func '$beh0' type=0 -> 634 ext=0 this=000001B4F7590500
AddRefInternal func '$beh2' type=0 -> 2 ext=0 this=000001B4F7590780
ReleaseInternal func '$beh2' type=0 before=2 ext=0 this=000001B4F7590780
AddRefInternal func '$beh8' type=0 -> 635 ext=0 this=000001B4F7590280
AddRefInternal func '$beh0' type=0 -> 635 ext=0 this=000001B4F7590500
AddRefInternal func '$beh2' type=0 -> 2 ext=0 this=000001B4F7590780
ReleaseInternal func '$beh2' type=0 before=2 ext=0 this=000001B4F7590780
AddRefInternal func '$beh8' type=0 -> 636 ext=0 this=000001B4F7590280
AddRefInternal func '$beh0' type=0 -> 636 ext=0 this=000001B4F7590500
AddRefInternal func '$beh2' type=0 -> 2 ext=0 this=000001B4F7590780
ReleaseInternal func '$beh2' type=0 before=2 ext=0 this=000001B4F7590780
AddRefInternal func '$beh8' type=0 -> 637 ext=0 this=000001B4F7590280
AddRefInternal func '$beh0' type=0 -> 637 ext=0 this=000001B4F7590500
AddRefInternal func '$beh2' type=0 -> 2 ext=0 this=000001B4F7590780
ReleaseInternal func '$beh2' type=0 before=2 ext=0 this=000001B4F7590780
AddRefInternal func '$beh8' type=0 -> 638 ext=0 this=000001B4F7590280
AddRefInternal func '$beh0' type=0 -> 638 ext=0 this=000001B4F7590500
AddRefInternal func '$beh2' type=0 -> 2 ext=0 this=000001B4F7590780
ReleaseInternal func '$beh2' type=0 before=2 ext=0 this=000001B4F7590780
AddRefInternal func '$beh8' type=0 -> 639 ext=0 this=000001B4F7590280
AddRefInternal func '$beh0' type=0 -> 639 ext=0 this=000001B4F7590500
AddRefInternal func '$beh2' type=0 -> 2 ext=0 this=000001B4F7590780
ReleaseInternal func '$beh2' type=0 before=2 ext=0 this=000001B4F7590780
AddRefInternal func '$beh8' type=0 -> 105 ext=0 this=000001B4F8211680
AddRefInternal func '$beh0' type=0 -> 105 ext=0 this=000001B4F8210F00
AddRefInternal func '$beh0' type=0 -> 105 ext=0 this=000001B4F8211180
AddRefInternal func '$beh0' type=0 -> 105 ext=0 this=000001B4F8211900
AddRefInternal func '$beh8' type=0 -> 640 ext=0 this=000001B4F7590280
AddRefInternal func '$beh0' type=0 -> 640 ext=0 this=000001B4F7590500
AddRefInternal func '$beh2' type=0 -> 2 ext=0 this=000001B4F7590780
ReleaseInternal func '$beh2' type=0 before=2 ext=0 this=000001B4F7590780
AddRefInternal func '$beh8' type=0 -> 641 ext=0 this=000001B4F7590280
AddRefInternal func '$beh0' type=0 -> 641 ext=0 this=000001B4F7590500
AddRefInternal func '$beh2' type=0 -> 2 ext=0 this=000001B4F7590780
ReleaseInternal func '$beh2' type=0 before=2 ext=0 this=000001B4F7590780
AddRefInternal func '$beh8' type=0 -> 106 ext=0 this=000001B4F8211680
AddRefInternal func '$beh0' type=0 -> 106 ext=0 this=000001B4F8210F00
AddRefInternal func '$beh0' type=0 -> 106 ext=0 this=000001B4F8211180
AddRefInternal func '$beh0' type=0 -> 106 ext=0 this=000001B4F8211900
AddRefInternal func '$beh8' type=0 -> 642 ext=0 this=000001B4F7590280
AddRefInternal func '$beh0' type=0 -> 642 ext=0 this=000001B4F7590500
AddRefInternal func '$beh2' type=0 -> 2 ext=0 this=000001B4F7590780
ReleaseInternal func '$beh2' type=0 before=2 ext=0 this=000001B4F7590780
AddRefInternal func '$beh8' type=0 -> 643 ext=0 this=000001B4F7590280
AddRefInternal func '$beh0' type=0 -> 643 ext=0 this=000001B4F7590500
AddRefInternal func '$beh2' type=0 -> 2 ext=0 this=000001B4F7590780
ReleaseInternal func '$beh2' type=0 before=2 ext=0 this=000001B4F7590780
AddRefInternal func '$beh8' type=0 -> 107 ext=0 this=000001B4F8211680
AddRefInternal func '$beh0' type=0 -> 107 ext=0 this=000001B4F8210F00
AddRefInternal func '$beh0' type=0 -> 107 ext=0 this=000001B4F8211180
AddRefInternal func '$beh0' type=0 -> 107 ext=0 this=000001B4F8211900
AddRefInternal func '$beh8' type=0 -> 644 ext=0 this=000001B4F7590280
AddRefInternal func '$beh0' type=0 -> 644 ext=0 this=000001B4F7590500
AddRefInternal func '$beh2' type=0 -> 2 ext=0 this=000001B4F7590780
ReleaseInternal func '$beh2' type=0 before=2 ext=0 this=000001B4F7590780
AddRefInternal func '$beh8' type=0 -> 89 ext=0 this=000001B4F7599880
AddRefInternal func '$beh0' type=0 -> 89 ext=0 this=000001B4F7599380
AddRefInternal func '$beh2' type=0 -> 2 ext=0 this=000001B4F7599600
ReleaseInternal func '$beh2' type=0 before=2 ext=0 this=000001B4F7599600
AddRefInternal func '$beh8' type=0 -> 124 ext=0 this=000001B4F821AC80
AddRefInternal func '$beh0' type=0 -> 124 ext=0 this=000001B4F821A500
AddRefInternal func '$beh0' type=0 -> 124 ext=0 this=000001B4F821A780
AddRefInternal func '$beh0' type=0 -> 124 ext=0 this=000001B4F821AF00
AddRefInternal func '$beh8' type=0 -> 90 ext=0 this=000001B4F7599880
AddRefInternal func '$beh0' type=0 -> 90 ext=0 this=000001B4F7599380
AddRefInternal func '$beh2' type=0 -> 2 ext=0 this=000001B4F7599600
ReleaseInternal func '$beh2' type=0 before=2 ext=0 this=000001B4F7599600
AddRefInternal func '$beh8' type=0 -> 24 ext=0 this=000001B4F7590C80
AddRefInternal func '$beh0' type=0 -> 24 ext=0 this=000001B4FC6BB180
AddRefInternal func '$beh0' type=0 -> 24 ext=0 this=000001B4FC6BB400
AddRefInternal func '$beh0' type=0 -> 24 ext=0 this=000001B4FC6BD200
AddRefInternal func '$beh0' type=0 -> 24 ext=0 this=000001B4FC6BD480
AddRefInternal func '$beh0' type=0 -> 24 ext=0 this=000001B4FC6BD700
AddRefInternal func '$beh2' type=0 -> 2 ext=0 this=000001B4FC6BB680
ReleaseInternal func '$beh2' type=0 before=2 ext=0 this=000001B4FC6BB680
AddRefInternal func '$beh8' type=0 -> 645 ext=0 this=000001B4F7590280
AddRefInternal func '$beh0' type=0 -> 645 ext=0 this=000001B4F7590500
AddRefInternal func '$beh2' type=0 -> 2 ext=0 this=000001B4F7590780
ReleaseInternal func '$beh2' type=0 before=2 ext=0 this=000001B4F7590780
AddRefInternal func '$beh8' type=0 -> 62 ext=0 this=000001B4F7590A00
AddRefInternal func '$beh0' type=0 -> 62 ext=0 this=000001B4FC6B7A80
AddRefInternal func '$beh0' type=0 -> 62 ext=0 this=000001B4FC6B7D00
AddRefInternal func '$beh0' type=0 -> 62 ext=0 this=000001B4FC6B9B00
AddRefInternal func '$beh0' type=0 -> 62 ext=0 this=000001B4FC6B9D80
AddRefInternal func '$beh2' type=0 -> 2 ext=0 this=000001B4FC6B7F80
ReleaseInternal func '$beh2' type=0 before=2 ext=0 this=000001B4FC6B7F80
AddRefInternal func '$beh8' type=0 -> 646 ext=0 this=000001B4F7590280
AddRefInternal func '$beh0' type=0 -> 646 ext=0 this=000001B4F7590500
AddRefInternal func '$beh2' type=0 -> 2 ext=0 this=000001B4F7590780
ReleaseInternal func '$beh2' type=0 before=2 ext=0 this=000001B4F7590780
AddRefInternal func '$beh8' type=0 -> 18 ext=0 this=000001B4F8213480
AddRefInternal func '$beh0' type=0 -> 18 ext=0 this=000001B4F8212A80
AddRefInternal func '$beh0' type=0 -> 18 ext=0 this=000001B4F8212D00
AddRefInternal func '$beh0' type=0 -> 18 ext=0 this=000001B4F8212F80
AddRefInternal func '$beh2' type=0 -> 2 ext=0 this=000001B4F8213200
ReleaseInternal func '$beh2' type=0 before=2 ext=0 this=000001B4F8213200
AddRefInternal func '$beh8' type=0 -> 19 ext=0 this=000001B4F8213480
AddRefInternal func '$beh0' type=0 -> 19 ext=0 this=000001B4F8212A80
AddRefInternal func '$beh0' type=0 -> 19 ext=0 this=000001B4F8212D00
AddRefInternal func '$beh0' type=0 -> 19 ext=0 this=000001B4F8212F80
AddRefInternal func '$beh2' type=0 -> 2 ext=0 this=000001B4F8213200
ReleaseInternal func '$beh2' type=0 before=2 ext=0 this=000001B4F8213200
AddRefInternal func '$beh8' type=0 -> 20 ext=0 this=000001B4F8213480
AddRefInternal func '$beh0' type=0 -> 20 ext=0 this=000001B4F8212A80
AddRefInternal func '$beh0' type=0 -> 20 ext=0 this=000001B4F8212D00
AddRefInternal func '$beh0' type=0 -> 20 ext=0 this=000001B4F8212F80
AddRefInternal func '$beh2' type=0 -> 2 ext=0 this=000001B4F8213200
ReleaseInternal func '$beh2' type=0 before=2 ext=0 this=000001B4F8213200
AddRefInternal func '$beh8' type=0 -> 25 ext=0 this=000001B4F7590C80
AddRefInternal func '$beh0' type=0 -> 25 ext=0 this=000001B4FC6BB180
AddRefInternal func '$beh0' type=0 -> 25 ext=0 this=000001B4FC6BB400
AddRefInternal func '$beh0' type=0 -> 25 ext=0 this=000001B4FC6BD200
AddRefInternal func '$beh0' type=0 -> 25 ext=0 this=000001B4FC6BD480
AddRefInternal func '$beh0' type=0 -> 25 ext=0 this=000001B4FC6BD700
AddRefInternal func '$beh2' type=0 -> 2 ext=0 this=000001B4FC6BB680
ReleaseInternal func '$beh2' type=0 before=2 ext=0 this=000001B4FC6BB680
AddRefInternal func '$beh8' type=0 -> 647 ext=0 this=000001B4F7590280
AddRefInternal func '$beh0' type=0 -> 647 ext=0 this=000001B4F7590500
AddRefInternal func '$beh2' type=0 -> 2 ext=0 this=000001B4F7590780
ReleaseInternal func '$beh2' type=0 before=2 ext=0 this=000001B4F7590780
AddRefInternal func '$beh8' type=0 -> 648 ext=0 this=000001B4F7590280
AddRefInternal func '$beh0' type=0 -> 648 ext=0 this=000001B4F7590500
AddRefInternal func '$beh2' type=0 -> 2 ext=0 this=000001B4F7590780
ReleaseInternal func '$beh2' type=0 before=2 ext=0 this=000001B4F7590780
AddRefInternal func '$beh8' type=0 -> 91 ext=0 this=000001B4F7599880
AddRefInternal func '$beh0' type=0 -> 91 ext=0 this=000001B4F7599380
AddRefInternal func '$beh2' type=0 -> 2 ext=0 this=000001B4F7599600
ReleaseInternal func '$beh2' type=0 before=2 ext=0 this=000001B4F7599600
AddRefInternal func '$beh8' type=0 -> 26 ext=0 this=000001B4F7590C80
AddRefInternal func '$beh0' type=0 -> 26 ext=0 this=000001B4FC6BB180
AddRefInternal func '$beh0' type=0 -> 26 ext=0 this=000001B4FC6BB400
AddRefInternal func '$beh0' type=0 -> 26 ext=0 this=000001B4FC6BD200
AddRefInternal func '$beh0' type=0 -> 26 ext=0 this=000001B4FC6BD480
AddRefInternal func '$beh0' type=0 -> 26 ext=0 this=000001B4FC6BD700
AddRefInternal func '$beh2' type=0 -> 2 ext=0 this=000001B4FC6BB680
ReleaseInternal func '$beh2' type=0 before=2 ext=0 this=000001B4FC6BB680
AddRefInternal func '$beh8' type=0 -> 92 ext=0 this=000001B4F7599880
AddRefInternal func '$beh0' type=0 -> 92 ext=0 this=000001B4F7599380
AddRefInternal func '$beh2' type=0 -> 2 ext=0 this=000001B4F7599600
ReleaseInternal func '$beh2' type=0 before=2 ext=0 this=000001B4F7599600
AddRefInternal func '$beh8' type=0 -> 93 ext=0 this=000001B4F7599880
AddRefInternal func '$beh0' type=0 -> 93 ext=0 this=000001B4F7599380
AddRefInternal func '$beh2' type=0 -> 2 ext=0 this=000001B4F7599600
ReleaseInternal func '$beh2' type=0 before=2 ext=0 this=000001B4F7599600
AddRefInternal func '$beh8' type=0 -> 649 ext=0 this=000001B4F7590280
AddRefInternal func '$beh0' type=0 -> 649 ext=0 this=000001B4F7590500
AddRefInternal func '$beh2' type=0 -> 2 ext=0 this=000001B4F7590780
ReleaseInternal func '$beh2' type=0 before=2 ext=0 this=000001B4F7590780
AddRefInternal func '$beh8' type=0 -> 650 ext=0 this=000001B4F7590280
AddRefInternal func '$beh0' type=0 -> 650 ext=0 this=000001B4F7590500
AddRefInternal func '$beh2' type=0 -> 2 ext=0 this=000001B4F7590780
ReleaseInternal func '$beh2' type=0 before=2 ext=0 this=000001B4F7590780
AddRefInternal func '$beh8' type=0 -> 108 ext=0 this=000001B4F8211680
AddRefInternal func '$beh0' type=0 -> 108 ext=0 this=000001B4F8210F00
AddRefInternal func '$beh0' type=0 -> 108 ext=0 this=000001B4F8211180
AddRefInternal func '$beh0' type=0 -> 108 ext=0 this=000001B4F8211900
AddRefInternal func '$beh8' type=0 -> 651 ext=0 this=000001B4F7590280
AddRefInternal func '$beh0' type=0 -> 651 ext=0 this=000001B4F7590500
AddRefInternal func '$beh2' type=0 -> 2 ext=0 this=000001B4F7590780
ReleaseInternal func '$beh2' type=0 before=2 ext=0 this=000001B4F7590780
AddRefInternal func '$beh8' type=0 -> 652 ext=0 this=000001B4F7590280
AddRefInternal func '$beh0' type=0 -> 652 ext=0 this=000001B4F7590500
AddRefInternal func '$beh2' type=0 -> 2 ext=0 this=000001B4F7590780
ReleaseInternal func '$beh2' type=0 before=2 ext=0 this=000001B4F7590780
AddRefInternal func '$beh8' type=0 -> 653 ext=0 this=000001B4F7590280
AddRefInternal func '$beh0' type=0 -> 653 ext=0 this=000001B4F7590500
AddRefInternal func '$beh2' type=0 -> 2 ext=0 this=000001B4F7590780
ReleaseInternal func '$beh2' type=0 before=2 ext=0 this=000001B4F7590780
AddRefInternal func '$beh8' type=0 -> 654 ext=0 this=000001B4F7590280
AddRefInternal func '$beh0' type=0 -> 654 ext=0 this=000001B4F7590500
AddRefInternal func '$beh2' type=0 -> 2 ext=0 this=000001B4F7590780
ReleaseInternal func '$beh2' type=0 before=2 ext=0 this=000001B4F7590780
AddRefInternal func '$beh8' type=0 -> 655 ext=0 this=000001B4F7590280
AddRefInternal func '$beh0' type=0 -> 655 ext=0 this=000001B4F7590500
AddRefInternal func '$beh2' type=0 -> 2 ext=0 this=000001B4F7590780
ReleaseInternal func '$beh2' type=0 before=2 ext=0 this=000001B4F7590780
AddRefInternal func '$beh8' type=0 -> 656 ext=0 this=000001B4F7590280
AddRefInternal func '$beh0' type=0 -> 656 ext=0 this=000001B4F7590500
AddRefInternal func '$beh2' type=0 -> 2 ext=0 this=000001B4F7590780
ReleaseInternal func '$beh2' type=0 before=2 ext=0 this=000001B4F7590780
AddRefInternal func '$beh8' type=0 -> 657 ext=0 this=000001B4F7590280
AddRefInternal func '$beh0' type=0 -> 657 ext=0 this=000001B4F7590500
AddRefInternal func '$beh2' type=0 -> 2 ext=0 this=000001B4F7590780
ReleaseInternal func '$beh2' type=0 before=2 ext=0 this=000001B4F7590780
AddRefInternal func '$beh8' type=0 -> 658 ext=0 this=000001B4F7590280
AddRefInternal func '$beh0' type=0 -> 658 ext=0 this=000001B4F7590500
AddRefInternal func '$beh2' type=0 -> 2 ext=0 this=000001B4F7590780
ReleaseInternal func '$beh2' type=0 before=2 ext=0 this=000001B4F7590780
AddRefInternal func '$beh8' type=0 -> 659 ext=0 this=000001B4F7590280
AddRefInternal func '$beh0' type=0 -> 659 ext=0 this=000001B4F7590500
AddRefInternal func '$beh2' type=0 -> 2 ext=0 this=000001B4F7590780
ReleaseInternal func '$beh2' type=0 before=2 ext=0 this=000001B4F7590780
AddRefInternal func '$beh8' type=0 -> 660 ext=0 this=000001B4F7590280
AddRefInternal func '$beh0' type=0 -> 660 ext=0 this=000001B4F7590500
AddRefInternal func '$beh2' type=0 -> 2 ext=0 this=000001B4F7590780
ReleaseInternal func '$beh2' type=0 before=2 ext=0 this=000001B4F7590780
AddRefInternal func '$beh8' type=0 -> 661 ext=0 this=000001B4F7590280
AddRefInternal func '$beh0' type=0 -> 661 ext=0 this=000001B4F7590500
AddRefInternal func '$beh2' type=0 -> 2 ext=0 this=000001B4F7590780
ReleaseInternal func '$beh2' type=0 before=2 ext=0 this=000001B4F7590780
AddRefInternal func '$beh8' type=0 -> 662 ext=0 this=000001B4F7590280
AddRefInternal func '$beh0' type=0 -> 662 ext=0 this=000001B4F7590500
AddRefInternal func '$beh2' type=0 -> 2 ext=0 this=000001B4F7590780
ReleaseInternal func '$beh2' type=0 before=2 ext=0 this=000001B4F7590780
AddRefInternal func '$beh8' type=0 -> 94 ext=0 this=000001B4F7599880
AddRefInternal func '$beh0' type=0 -> 94 ext=0 this=000001B4F7599380
AddRefInternal func '$beh2' type=0 -> 2 ext=0 this=000001B4F7599600
ReleaseInternal func '$beh2' type=0 before=2 ext=0 this=000001B4F7599600
AddRefInternal func '$beh8' type=0 -> 95 ext=0 this=000001B4F7599880
AddRefInternal func '$beh0' type=0 -> 95 ext=0 this=000001B4F7599380
AddRefInternal func '$beh2' type=0 -> 2 ext=0 this=000001B4F7599600
ReleaseInternal func '$beh2' type=0 before=2 ext=0 this=000001B4F7599600
AddRefInternal func '$beh8' type=0 -> 663 ext=0 this=000001B4F7590280
AddRefInternal func '$beh0' type=0 -> 663 ext=0 this=000001B4F7590500
AddRefInternal func '$beh2' type=0 -> 2 ext=0 this=000001B4F7590780
ReleaseInternal func '$beh2' type=0 before=2 ext=0 this=000001B4F7590780
AddRefInternal func '$beh8' type=0 -> 664 ext=0 this=000001B4F7590280
AddRefInternal func '$beh0' type=0 -> 664 ext=0 this=000001B4F7590500
AddRefInternal func '$beh2' type=0 -> 2 ext=0 this=000001B4F7590780
ReleaseInternal func '$beh2' type=0 before=2 ext=0 this=000001B4F7590780
AddRefInternal func '$beh8' type=0 -> 63 ext=0 this=000001B4F7590A00
AddRefInternal func '$beh0' type=0 -> 63 ext=0 this=000001B4FC6B7A80
AddRefInternal func '$beh0' type=0 -> 63 ext=0 this=000001B4FC6B7D00
AddRefInternal func '$beh0' type=0 -> 63 ext=0 this=000001B4FC6B9B00
AddRefInternal func '$beh0' type=0 -> 63 ext=0 this=000001B4FC6B9D80
AddRefInternal func '$beh2' type=0 -> 2 ext=0 this=000001B4FC6B7F80
ReleaseInternal func '$beh2' type=0 before=2 ext=0 this=000001B4FC6B7F80
AddRefInternal func '$beh8' type=0 -> 665 ext=0 this=000001B4F7590280
AddRefInternal func '$beh0' type=0 -> 665 ext=0 this=000001B4F7590500
AddRefInternal func '$beh2' type=0 -> 2 ext=0 this=000001B4F7590780
ReleaseInternal func '$beh2' type=0 before=2 ext=0 this=000001B4F7590780
AddRefInternal func '$beh8' type=0 -> 109 ext=0 this=000001B4F8211680
AddRefInternal func '$beh0' type=0 -> 109 ext=0 this=000001B4F8210F00
AddRefInternal func '$beh0' type=0 -> 109 ext=0 this=000001B4F8211180
AddRefInternal func '$beh0' type=0 -> 109 ext=0 this=000001B4F8211900
AddRefInternal func '$beh8' type=0 -> 666 ext=0 this=000001B4F7590280
AddRefInternal func '$beh0' type=0 -> 666 ext=0 this=000001B4F7590500
AddRefInternal func '$beh2' type=0 -> 2 ext=0 this=000001B4F7590780
ReleaseInternal func '$beh2' type=0 before=2 ext=0 this=000001B4F7590780
AddRefInternal func '$beh8' type=0 -> 667 ext=0 this=000001B4F7590280
AddRefInternal func '$beh0' type=0 -> 667 ext=0 this=000001B4F7590500
AddRefInternal func '$beh2' type=0 -> 2 ext=0 this=000001B4F7590780
ReleaseInternal func '$beh2' type=0 before=2 ext=0 this=000001B4F7590780
AddRefInternal func '$beh8' type=0 -> 96 ext=0 this=000001B4F7599880
AddRefInternal func '$beh0' type=0 -> 96 ext=0 this=000001B4F7599380
AddRefInternal func '$beh2' type=0 -> 2 ext=0 this=000001B4F7599600
ReleaseInternal func '$beh2' type=0 before=2 ext=0 this=000001B4F7599600
AddRefInternal func '$beh8' type=0 -> 97 ext=0 this=000001B4F7599880
AddRefInternal func '$beh0' type=0 -> 97 ext=0 this=000001B4F7599380
AddRefInternal func '$beh2' type=0 -> 2 ext=0 this=000001B4F7599600
ReleaseInternal func '$beh2' type=0 before=2 ext=0 this=000001B4F7599600
AddRefInternal func '$beh8' type=0 -> 668 ext=0 this=000001B4F7590280
AddRefInternal func '$beh0' type=0 -> 668 ext=0 this=000001B4F7590500
AddRefInternal func '$beh2' type=0 -> 2 ext=0 this=000001B4F7590780
ReleaseInternal func '$beh2' type=0 before=2 ext=0 this=000001B4F7590780
AddRefInternal func '$beh8' type=0 -> 669 ext=0 this=000001B4F7590280
AddRefInternal func '$beh0' type=0 -> 669 ext=0 this=000001B4F7590500
AddRefInternal func '$beh2' type=0 -> 2 ext=0 this=000001B4F7590780
ReleaseInternal func '$beh2' type=0 before=2 ext=0 this=000001B4F7590780
AddRefInternal func '$beh8' type=0 -> 670 ext=0 this=000001B4F7590280
AddRefInternal func '$beh0' type=0 -> 670 ext=0 this=000001B4F7590500
AddRefInternal func '$beh2' type=0 -> 2 ext=0 this=000001B4F7590780
ReleaseInternal func '$beh2' type=0 before=2 ext=0 this=000001B4F7590780
AddRefInternal func '$beh8' type=0 -> 671 ext=0 this=000001B4F7590280
AddRefInternal func '$beh0' type=0 -> 671 ext=0 this=000001B4F7590500
AddRefInternal func '$beh2' type=0 -> 2 ext=0 this=000001B4F7590780
ReleaseInternal func '$beh2' type=0 before=2 ext=0 this=000001B4F7590780
AddRefInternal func '$beh8' type=0 -> 672 ext=0 this=000001B4F7590280
AddRefInternal func '$beh0' type=0 -> 672 ext=0 this=000001B4F7590500
AddRefInternal func '$beh2' type=0 -> 2 ext=0 this=000001B4F7590780
ReleaseInternal func '$beh2' type=0 before=2 ext=0 this=000001B4F7590780
AddRefInternal func '$beh8' type=0 -> 673 ext=0 this=000001B4F7590280
AddRefInternal func '$beh0' type=0 -> 673 ext=0 this=000001B4F7590500
AddRefInternal func '$beh2' type=0 -> 2 ext=0 this=000001B4F7590780
ReleaseInternal func '$beh2' type=0 before=2 ext=0 this=000001B4F7590780
AddRefInternal func '$beh8' type=0 -> 674 ext=0 this=000001B4F7590280
AddRefInternal func '$beh0' type=0 -> 674 ext=0 this=000001B4F7590500
AddRefInternal func '$beh2' type=0 -> 2 ext=0 this=000001B4F7590780
ReleaseInternal func '$beh2' type=0 before=2 ext=0 this=000001B4F7590780
AddRefInternal func '$beh8' type=0 -> 675 ext=0 this=000001B4F7590280
AddRefInternal func '$beh0' type=0 -> 675 ext=0 this=000001B4F7590500
AddRefInternal func '$beh2' type=0 -> 2 ext=0 this=000001B4F7590780
ReleaseInternal func '$beh2' type=0 before=2 ext=0 this=000001B4F7590780
AddRefInternal func '$beh8' type=0 -> 676 ext=0 this=000001B4F7590280
AddRefInternal func '$beh0' type=0 -> 676 ext=0 this=000001B4F7590500
AddRefInternal func '$beh2' type=0 -> 2 ext=0 this=000001B4F7590780
ReleaseInternal func '$beh2' type=0 before=2 ext=0 this=000001B4F7590780
AddRefInternal func '$beh8' type=0 -> 677 ext=0 this=000001B4F7590280
AddRefInternal func '$beh0' type=0 -> 677 ext=0 this=000001B4F7590500
AddRefInternal func '$beh2' type=0 -> 2 ext=0 this=000001B4F7590780
ReleaseInternal func '$beh2' type=0 before=2 ext=0 this=000001B4F7590780
AddRefInternal func '$beh8' type=0 -> 678 ext=0 this=000001B4F7590280
AddRefInternal func '$beh0' type=0 -> 678 ext=0 this=000001B4F7590500
AddRefInternal func '$beh2' type=0 -> 2 ext=0 this=000001B4F7590780
ReleaseInternal func '$beh2' type=0 before=2 ext=0 this=000001B4F7590780
AddRefInternal func '$beh8' type=0 -> 679 ext=0 this=000001B4F7590280
AddRefInternal func '$beh0' type=0 -> 679 ext=0 this=000001B4F7590500
AddRefInternal func '$beh2' type=0 -> 2 ext=0 this=000001B4F7590780
ReleaseInternal func '$beh2' type=0 before=2 ext=0 this=000001B4F7590780
AddRefInternal func '$beh8' type=0 -> 680 ext=0 this=000001B4F7590280
AddRefInternal func '$beh0' type=0 -> 680 ext=0 this=000001B4F7590500
AddRefInternal func '$beh2' type=0 -> 2 ext=0 this=000001B4F7590780
ReleaseInternal func '$beh2' type=0 before=2 ext=0 this=000001B4F7590780
AddRefInternal func '$beh8' type=0 -> 681 ext=0 this=000001B4F7590280
AddRefInternal func '$beh0' type=0 -> 681 ext=0 this=000001B4F7590500
AddRefInternal func '$beh2' type=0 -> 2 ext=0 this=000001B4F7590780
ReleaseInternal func '$beh2' type=0 before=2 ext=0 this=000001B4F7590780
AddRefInternal func '$beh8' type=0 -> 110 ext=0 this=000001B4F8211680
AddRefInternal func '$beh0' type=0 -> 110 ext=0 this=000001B4F8210F00
AddRefInternal func '$beh0' type=0 -> 110 ext=0 this=000001B4F8211180
AddRefInternal func '$beh0' type=0 -> 110 ext=0 this=000001B4F8211900
AddRefInternal func '$beh8' type=0 -> 682 ext=0 this=000001B4F7590280
AddRefInternal func '$beh0' type=0 -> 682 ext=0 this=000001B4F7590500
AddRefInternal func '$beh2' type=0 -> 2 ext=0 this=000001B4F7590780
ReleaseInternal func '$beh2' type=0 before=2 ext=0 this=000001B4F7590780
AddRefInternal func '$beh8' type=0 -> 125 ext=0 this=000001B4F821AC80
AddRefInternal func '$beh0' type=0 -> 125 ext=0 this=000001B4F821A500
AddRefInternal func '$beh0' type=0 -> 125 ext=0 this=000001B4F821A780
AddRefInternal func '$beh0' type=0 -> 125 ext=0 this=000001B4F821AF00
AddRefInternal func '$beh8' type=0 -> 683 ext=0 this=000001B4F7590280
AddRefInternal func '$beh0' type=0 -> 683 ext=0 this=000001B4F7590500
AddRefInternal func '$beh2' type=0 -> 2 ext=0 this=000001B4F7590780
ReleaseInternal func '$beh2' type=0 before=2 ext=0 this=000001B4F7590780
AddRefInternal func '$beh8' type=0 -> 684 ext=0 this=000001B4F7590280
AddRefInternal func '$beh0' type=0 -> 684 ext=0 this=000001B4F7590500
AddRefInternal func '$beh2' type=0 -> 2 ext=0 this=000001B4F7590780
ReleaseInternal func '$beh2' type=0 before=2 ext=0 this=000001B4F7590780
AddRefInternal func '$beh8' type=0 -> 27 ext=0 this=000001B4F7590C80
AddRefInternal func '$beh0' type=0 -> 27 ext=0 this=000001B4FC6BB180
AddRefInternal func '$beh0' type=0 -> 27 ext=0 this=000001B4FC6BB400
AddRefInternal func '$beh0' type=0 -> 27 ext=0 this=000001B4FC6BD200
AddRefInternal func '$beh0' type=0 -> 27 ext=0 this=000001B4FC6BD480
AddRefInternal func '$beh0' type=0 -> 27 ext=0 this=000001B4FC6BD700
AddRefInternal func '$beh2' type=0 -> 2 ext=0 this=000001B4FC6BB680
ReleaseInternal func '$beh2' type=0 before=2 ext=0 this=000001B4FC6BB680
AddRefInternal func '$beh8' type=0 -> 64 ext=0 this=000001B4F7590A00
AddRefInternal func '$beh0' type=0 -> 64 ext=0 this=000001B4FC6B7A80
AddRefInternal func '$beh0' type=0 -> 64 ext=0 this=000001B4FC6B7D00
AddRefInternal func '$beh0' type=0 -> 64 ext=0 this=000001B4FC6B9B00
AddRefInternal func '$beh0' type=0 -> 64 ext=0 this=000001B4FC6B9D80
AddRefInternal func '$beh2' type=0 -> 2 ext=0 this=000001B4FC6B7F80
ReleaseInternal func '$beh2' type=0 before=2 ext=0 this=000001B4FC6B7F80
AddRefInternal func '$beh8' type=0 -> 126 ext=0 this=000001B4F821AC80
AddRefInternal func '$beh0' type=0 -> 126 ext=0 this=000001B4F821A500
AddRefInternal func '$beh0' type=0 -> 126 ext=0 this=000001B4F821A780
AddRefInternal func '$beh0' type=0 -> 126 ext=0 this=000001B4F821AF00
AddRefInternal func '$beh8' type=0 -> 65 ext=0 this=000001B4F7590A00
AddRefInternal func '$beh0' type=0 -> 65 ext=0 this=000001B4FC6B7A80
AddRefInternal func '$beh0' type=0 -> 65 ext=0 this=000001B4FC6B7D00
AddRefInternal func '$beh0' type=0 -> 65 ext=0 this=000001B4FC6B9B00
AddRefInternal func '$beh0' type=0 -> 65 ext=0 this=000001B4FC6B9D80
AddRefInternal func '$beh2' type=0 -> 2 ext=0 this=000001B4FC6B7F80
ReleaseInternal func '$beh2' type=0 before=2 ext=0 this=000001B4FC6B7F80
AddRefInternal func '$beh8' type=0 -> 66 ext=0 this=000001B4F7590A00
AddRefInternal func '$beh0' type=0 -> 66 ext=0 this=000001B4FC6B7A80
AddRefInternal func '$beh0' type=0 -> 66 ext=0 this=000001B4FC6B7D00
AddRefInternal func '$beh0' type=0 -> 66 ext=0 this=000001B4FC6B9B00
AddRefInternal func '$beh0' type=0 -> 66 ext=0 this=000001B4FC6B9D80
AddRefInternal func '$beh2' type=0 -> 2 ext=0 this=000001B4FC6B7F80
ReleaseInternal func '$beh2' type=0 before=2 ext=0 this=000001B4FC6B7F80
AddRefInternal func '$beh8' type=0 -> 685 ext=0 this=000001B4F7590280
AddRefInternal func '$beh0' type=0 -> 685 ext=0 this=000001B4F7590500
AddRefInternal func '$beh2' type=0 -> 2 ext=0 this=000001B4F7590780
ReleaseInternal func '$beh2' type=0 before=2 ext=0 this=000001B4F7590780
AddRefInternal func '$beh8' type=0 -> 686 ext=0 this=000001B4F7590280
AddRefInternal func '$beh0' type=0 -> 686 ext=0 this=000001B4F7590500
AddRefInternal func '$beh2' type=0 -> 2 ext=0 this=000001B4F7590780
ReleaseInternal func '$beh2' type=0 before=2 ext=0 this=000001B4F7590780
AddRefInternal func '$beh8' type=0 -> 687 ext=0 this=000001B4F7590280
AddRefInternal func '$beh0' type=0 -> 687 ext=0 this=000001B4F7590500
AddRefInternal func '$beh2' type=0 -> 2 ext=0 this=000001B4F7590780
ReleaseInternal func '$beh2' type=0 before=2 ext=0 this=000001B4F7590780
AddRefInternal func '$beh8' type=0 -> 688 ext=0 this=000001B4F7590280
AddRefInternal func '$beh0' type=0 -> 688 ext=0 this=000001B4F7590500
AddRefInternal func '$beh2' type=0 -> 2 ext=0 this=000001B4F7590780
ReleaseInternal func '$beh2' type=0 before=2 ext=0 this=000001B4F7590780
AddRefInternal func '$beh8' type=0 -> 689 ext=0 this=000001B4F7590280
AddRefInternal func '$beh0' type=0 -> 689 ext=0 this=000001B4F7590500
AddRefInternal func '$beh2' type=0 -> 2 ext=0 this=000001B4F7590780
ReleaseInternal func '$beh2' type=0 before=2 ext=0 this=000001B4F7590780
AddRefInternal func '$beh8' type=0 -> 690 ext=0 this=000001B4F7590280
AddRefInternal func '$beh0' type=0 -> 690 ext=0 this=000001B4F7590500
AddRefInternal func '$beh2' type=0 -> 2 ext=0 this=000001B4F7590780
ReleaseInternal func '$beh2' type=0 before=2 ext=0 this=000001B4F7590780
AddRefInternal func '$beh8' type=0 -> 111 ext=0 this=000001B4F8211680
AddRefInternal func '$beh0' type=0 -> 111 ext=0 this=000001B4F8210F00
AddRefInternal func '$beh0' type=0 -> 111 ext=0 this=000001B4F8211180
AddRefInternal func '$beh0' type=0 -> 111 ext=0 this=000001B4F8211900
AddRefInternal func '$beh8' type=0 -> 691 ext=0 this=000001B4F7590280
AddRefInternal func '$beh0' type=0 -> 691 ext=0 this=000001B4F7590500
AddRefInternal func '$beh2' type=0 -> 2 ext=0 this=000001B4F7590780
ReleaseInternal func '$beh2' type=0 before=2 ext=0 this=000001B4F7590780
AddRefInternal func '$beh8' type=0 -> 692 ext=0 this=000001B4F7590280
AddRefInternal func '$beh0' type=0 -> 692 ext=0 this=000001B4F7590500
AddRefInternal func '$beh2' type=0 -> 2 ext=0 this=000001B4F7590780
ReleaseInternal func '$beh2' type=0 before=2 ext=0 this=000001B4F7590780
AddRefInternal func '$beh8' type=0 -> 67 ext=0 this=000001B4F7590A00
AddRefInternal func '$beh0' type=0 -> 67 ext=0 this=000001B4FC6B7A80
AddRefInternal func '$beh0' type=0 -> 67 ext=0 this=000001B4FC6B7D00
AddRefInternal func '$beh0' type=0 -> 67 ext=0 this=000001B4FC6B9B00
AddRefInternal func '$beh0' type=0 -> 67 ext=0 this=000001B4FC6B9D80
AddRefInternal func '$beh2' type=0 -> 2 ext=0 this=000001B4FC6B7F80
ReleaseInternal func '$beh2' type=0 before=2 ext=0 this=000001B4FC6B7F80
AddRefInternal func '$beh8' type=0 -> 693 ext=0 this=000001B4F7590280
AddRefInternal func '$beh0' type=0 -> 693 ext=0 this=000001B4F7590500
AddRefInternal func '$beh2' type=0 -> 2 ext=0 this=000001B4F7590780
ReleaseInternal func '$beh2' type=0 before=2 ext=0 this=000001B4F7590780
AddRefInternal func '$beh8' type=0 -> 25 ext=0 this=000001B4F821D480
AddRefInternal func '$beh0' type=0 -> 25 ext=0 this=000001B4F821CD00
AddRefInternal func '$beh0' type=0 -> 25 ext=0 this=000001B4F821CF80
AddRefInternal func '$beh0' type=0 -> 25 ext=0 this=000001B4F821D700
AddRefInternal func '$beh8' type=0 -> 694 ext=0 this=000001B4F7590280
AddRefInternal func '$beh0' type=0 -> 694 ext=0 this=000001B4F7590500
AddRefInternal func '$beh2' type=0 -> 2 ext=0 this=000001B4F7590780
ReleaseInternal func '$beh2' type=0 before=2 ext=0 this=000001B4F7590780
AddRefInternal func '$beh8' type=0 -> 695 ext=0 this=000001B4F7590280
AddRefInternal func '$beh0' type=0 -> 695 ext=0 this=000001B4F7590500
AddRefInternal func '$beh2' type=0 -> 2 ext=0 this=000001B4F7590780
ReleaseInternal func '$beh2' type=0 before=2 ext=0 this=000001B4F7590780
AddRefInternal func '$beh8' type=0 -> 696 ext=0 this=000001B4F7590280
AddRefInternal func '$beh0' type=0 -> 696 ext=0 this=000001B4F7590500
AddRefInternal func '$beh2' type=0 -> 2 ext=0 this=000001B4F7590780
ReleaseInternal func '$beh2' type=0 before=2 ext=0 this=000001B4F7590780
AddRefInternal func '$beh8' type=0 -> 697 ext=0 this=000001B4F7590280
AddRefInternal func '$beh0' type=0 -> 697 ext=0 this=000001B4F7590500
AddRefInternal func '$beh2' type=0 -> 2 ext=0 this=000001B4F7590780
ReleaseInternal func '$beh2' type=0 before=2 ext=0 this=000001B4F7590780
AddRefInternal func '$beh8' type=0 -> 698 ext=0 this=000001B4F7590280
AddRefInternal func '$beh0' type=0 -> 698 ext=0 this=000001B4F7590500
AddRefInternal func '$beh2' type=0 -> 2 ext=0 this=000001B4F7590780
ReleaseInternal func '$beh2' type=0 before=2 ext=0 this=000001B4F7590780
AddRefInternal func '$beh8' type=0 -> 699 ext=0 this=000001B4F7590280
AddRefInternal func '$beh0' type=0 -> 699 ext=0 this=000001B4F7590500
AddRefInternal func '$beh2' type=0 -> 2 ext=0 this=000001B4F7590780
ReleaseInternal func '$beh2' type=0 before=2 ext=0 this=000001B4F7590780
AddRefInternal func '$beh8' type=0 -> 700 ext=0 this=000001B4F7590280
AddRefInternal func '$beh0' type=0 -> 700 ext=0 this=000001B4F7590500
AddRefInternal func '$beh2' type=0 -> 2 ext=0 this=000001B4F7590780
ReleaseInternal func '$beh2' type=0 before=2 ext=0 this=000001B4F7590780
AddRefInternal func '$beh8' type=0 -> 112 ext=0 this=000001B4F8211680
AddRefInternal func '$beh0' type=0 -> 112 ext=0 this=000001B4F8210F00
AddRefInternal func '$beh0' type=0 -> 112 ext=0 this=000001B4F8211180
AddRefInternal func '$beh0' type=0 -> 112 ext=0 this=000001B4F8211900
AddRefInternal func '$beh8' type=0 -> 701 ext=0 this=000001B4F7590280
AddRefInternal func '$beh0' type=0 -> 701 ext=0 this=000001B4F7590500
AddRefInternal func '$beh2' type=0 -> 2 ext=0 this=000001B4F7590780
ReleaseInternal func '$beh2' type=0 before=2 ext=0 this=000001B4F7590780
AddRefInternal func '$beh8' type=0 -> 113 ext=0 this=000001B4F8211680
AddRefInternal func '$beh0' type=0 -> 113 ext=0 this=000001B4F8210F00
AddRefInternal func '$beh0' type=0 -> 113 ext=0 this=000001B4F8211180
AddRefInternal func '$beh0' type=0 -> 113 ext=0 this=000001B4F8211900
AddRefInternal func '$beh8' type=0 -> 702 ext=0 this=000001B4F7590280
AddRefInternal func '$beh0' type=0 -> 702 ext=0 this=000001B4F7590500
AddRefInternal func '$beh2' type=0 -> 2 ext=0 this=000001B4F7590780
ReleaseInternal func '$beh2' type=0 before=2 ext=0 this=000001B4F7590780
AddRefInternal func '$beh8' type=0 -> 114 ext=0 this=000001B4F8211680
AddRefInternal func '$beh0' type=0 -> 114 ext=0 this=000001B4F8210F00
AddRefInternal func '$beh0' type=0 -> 114 ext=0 this=000001B4F8211180
AddRefInternal func '$beh0' type=0 -> 114 ext=0 this=000001B4F8211900
AddRefInternal func '$beh8' type=0 -> 703 ext=0 this=000001B4F7590280
AddRefInternal func '$beh0' type=0 -> 703 ext=0 this=000001B4F7590500
AddRefInternal func '$beh2' type=0 -> 2 ext=0 this=000001B4F7590780
ReleaseInternal func '$beh2' type=0 before=2 ext=0 this=000001B4F7590780
AddRefInternal func '$beh8' type=0 -> 115 ext=0 this=000001B4F8211680
AddRefInternal func '$beh0' type=0 -> 115 ext=0 this=000001B4F8210F00
AddRefInternal func '$beh0' type=0 -> 115 ext=0 this=000001B4F8211180
AddRefInternal func '$beh0' type=0 -> 115 ext=0 this=000001B4F8211900
AddRefInternal func '$beh8' type=0 -> 704 ext=0 this=000001B4F7590280
AddRefInternal func '$beh0' type=0 -> 704 ext=0 this=000001B4F7590500
AddRefInternal func '$beh2' type=0 -> 2 ext=0 this=000001B4F7590780
ReleaseInternal func '$beh2' type=0 before=2 ext=0 this=000001B4F7590780
AddRefInternal func '$beh8' type=0 -> 705 ext=0 this=000001B4F7590280
AddRefInternal func '$beh0' type=0 -> 705 ext=0 this=000001B4F7590500
AddRefInternal func '$beh2' type=0 -> 2 ext=0 this=000001B4F7590780
ReleaseInternal func '$beh2' type=0 before=2 ext=0 this=000001B4F7590780
AddRefInternal func '$beh8' type=0 -> 116 ext=0 this=000001B4F8211680
AddRefInternal func '$beh0' type=0 -> 116 ext=0 this=000001B4F8210F00
AddRefInternal func '$beh0' type=0 -> 116 ext=0 this=000001B4F8211180
AddRefInternal func '$beh0' type=0 -> 116 ext=0 this=000001B4F8211900
AddRefInternal func '$beh8' type=0 -> 33 ext=0 this=000001B4F8215500
AddRefInternal func '$beh0' type=0 -> 33 ext=0 this=000001B4F8215000
AddRefInternal func '$beh2' type=0 -> 2 ext=0 this=000001B4F8215280
ReleaseInternal func '$beh2' type=0 before=2 ext=0 this=000001B4F8215280
AddRefInternal func '$beh8' type=0 -> 127 ext=0 this=000001B4F821AC80
AddRefInternal func '$beh0' type=0 -> 127 ext=0 this=000001B4F821A500
AddRefInternal func '$beh0' type=0 -> 127 ext=0 this=000001B4F821A780
AddRefInternal func '$beh0' type=0 -> 127 ext=0 this=000001B4F821AF00
AddRefInternal func '$beh8' type=0 -> 706 ext=0 this=000001B4F7590280
AddRefInternal func '$beh0' type=0 -> 706 ext=0 this=000001B4F7590500
AddRefInternal func '$beh2' type=0 -> 2 ext=0 this=000001B4F7590780
ReleaseInternal func '$beh2' type=0 before=2 ext=0 this=000001B4F7590780
AddRefInternal func '$beh8' type=0 -> 707 ext=0 this=000001B4F7590280
AddRefInternal func '$beh0' type=0 -> 707 ext=0 this=000001B4F7590500
AddRefInternal func '$beh2' type=0 -> 2 ext=0 this=000001B4F7590780
ReleaseInternal func '$beh2' type=0 before=2 ext=0 this=000001B4F7590780
AddRefInternal func '$beh8' type=0 -> 708 ext=0 this=000001B4F7590280
AddRefInternal func '$beh0' type=0 -> 708 ext=0 this=000001B4F7590500
AddRefInternal func '$beh2' type=0 -> 2 ext=0 this=000001B4F7590780
ReleaseInternal func '$beh2' type=0 before=2 ext=0 this=000001B4F7590780
AddRefInternal func '$beh8' type=0 -> 117 ext=0 this=000001B4F8211680
AddRefInternal func '$beh0' type=0 -> 117 ext=0 this=000001B4F8210F00
AddRefInternal func '$beh0' type=0 -> 117 ext=0 this=000001B4F8211180
AddRefInternal func '$beh0' type=0 -> 117 ext=0 this=000001B4F8211900
AddRefInternal func '$beh8' type=0 -> 709 ext=0 this=000001B4F7590280
AddRefInternal func '$beh0' type=0 -> 709 ext=0 this=000001B4F7590500
AddRefInternal func '$beh2' type=0 -> 2 ext=0 this=000001B4F7590780
ReleaseInternal func '$beh2' type=0 before=2 ext=0 this=000001B4F7590780
AddRefInternal func '$beh8' type=0 -> 710 ext=0 this=000001B4F7590280
AddRefInternal func '$beh0' type=0 -> 710 ext=0 this=000001B4F7590500
AddRefInternal func '$beh2' type=0 -> 2 ext=0 this=000001B4F7590780
ReleaseInternal func '$beh2' type=0 before=2 ext=0 this=000001B4F7590780
AddRefInternal func '$beh8' type=0 -> 128 ext=0 this=000001B4F821AC80
AddRefInternal func '$beh0' type=0 -> 128 ext=0 this=000001B4F821A500
AddRefInternal func '$beh0' type=0 -> 128 ext=0 this=000001B4F821A780
AddRefInternal func '$beh0' type=0 -> 128 ext=0 this=000001B4F821AF00
AddRefInternal func '$beh8' type=0 -> 711 ext=0 this=000001B4F7590280
AddRefInternal func '$beh0' type=0 -> 711 ext=0 this=000001B4F7590500
AddRefInternal func '$beh2' type=0 -> 2 ext=0 this=000001B4F7590780
ReleaseInternal func '$beh2' type=0 before=2 ext=0 this=000001B4F7590780
AddRefInternal func '$beh8' type=0 -> 26 ext=0 this=000001B4F821D480
AddRefInternal func '$beh0' type=0 -> 26 ext=0 this=000001B4F821CD00
AddRefInternal func '$beh0' type=0 -> 26 ext=0 this=000001B4F821CF80
AddRefInternal func '$beh0' type=0 -> 26 ext=0 this=000001B4F821D700
AddRefInternal func '$beh8' type=0 -> 712 ext=0 this=000001B4F7590280
AddRefInternal func '$beh0' type=0 -> 712 ext=0 this=000001B4F7590500
AddRefInternal func '$beh2' type=0 -> 2 ext=0 this=000001B4F7590780
ReleaseInternal func '$beh2' type=0 before=2 ext=0 this=000001B4F7590780
AddRefInternal func '$beh8' type=0 -> 713 ext=0 this=000001B4F7590280
AddRefInternal func '$beh0' type=0 -> 713 ext=0 this=000001B4F7590500
AddRefInternal func '$beh2' type=0 -> 2 ext=0 this=000001B4F7590780
ReleaseInternal func '$beh2' type=0 before=2 ext=0 this=000001B4F7590780
AddRefInternal func '$beh8' type=0 -> 714 ext=0 this=000001B4F7590280
AddRefInternal func '$beh0' type=0 -> 714 ext=0 this=000001B4F7590500
AddRefInternal func '$beh2' type=0 -> 2 ext=0 this=000001B4F7590780
ReleaseInternal func '$beh2' type=0 before=2 ext=0 this=000001B4F7590780
AddRefInternal func '$beh8' type=0 -> 715 ext=0 this=000001B4F7590280
AddRefInternal func '$beh0' type=0 -> 715 ext=0 this=000001B4F7590500
AddRefInternal func '$beh2' type=0 -> 2 ext=0 this=000001B4F7590780
ReleaseInternal func '$beh2' type=0 before=2 ext=0 this=000001B4F7590780
AddRefInternal func '$beh8' type=0 -> 716 ext=0 this=000001B4F7590280
AddRefInternal func '$beh0' type=0 -> 716 ext=0 this=000001B4F7590500
AddRefInternal func '$beh2' type=0 -> 2 ext=0 this=000001B4F7590780
ReleaseInternal func '$beh2' type=0 before=2 ext=0 this=000001B4F7590780
AddRefInternal func '$beh8' type=0 -> 717 ext=0 this=000001B4F7590280
AddRefInternal func '$beh0' type=0 -> 717 ext=0 this=000001B4F7590500
AddRefInternal func '$beh2' type=0 -> 2 ext=0 this=000001B4F7590780
ReleaseInternal func '$beh2' type=0 before=2 ext=0 this=000001B4F7590780
AddRefInternal func '$beh8' type=0 -> 718 ext=0 this=000001B4F7590280
AddRefInternal func '$beh0' type=0 -> 718 ext=0 this=000001B4F7590500
AddRefInternal func '$beh2' type=0 -> 2 ext=0 this=000001B4F7590780
ReleaseInternal func '$beh2' type=0 before=2 ext=0 this=000001B4F7590780
AddRefInternal func '$beh8' type=0 -> 719 ext=0 this=000001B4F7590280
AddRefInternal func '$beh0' type=0 -> 719 ext=0 this=000001B4F7590500
AddRefInternal func '$beh2' type=0 -> 2 ext=0 this=000001B4F7590780
ReleaseInternal func '$beh2' type=0 before=2 ext=0 this=000001B4F7590780
AddRefInternal func '$beh8' type=0 -> 720 ext=0 this=000001B4F7590280
AddRefInternal func '$beh0' type=0 -> 720 ext=0 this=000001B4F7590500
AddRefInternal func '$beh2' type=0 -> 2 ext=0 this=000001B4F7590780
ReleaseInternal func '$beh2' type=0 before=2 ext=0 this=000001B4F7590780
AddRefInternal func '$beh8' type=0 -> 721 ext=0 this=000001B4F7590280
AddRefInternal func '$beh0' type=0 -> 721 ext=0 this=000001B4F7590500
AddRefInternal func '$beh2' type=0 -> 2 ext=0 this=000001B4F7590780
ReleaseInternal func '$beh2' type=0 before=2 ext=0 this=000001B4F7590780
AddRefInternal func '$beh8' type=0 -> 722 ext=0 this=000001B4F7590280
AddRefInternal func '$beh0' type=0 -> 722 ext=0 this=000001B4F7590500
AddRefInternal func '$beh2' type=0 -> 2 ext=0 this=000001B4F7590780
ReleaseInternal func '$beh2' type=0 before=2 ext=0 this=000001B4F7590780
AddRefInternal func '$beh8' type=0 -> 723 ext=0 this=000001B4F7590280
AddRefInternal func '$beh0' type=0 -> 723 ext=0 this=000001B4F7590500
AddRefInternal func '$beh2' type=0 -> 2 ext=0 this=000001B4F7590780
ReleaseInternal func '$beh2' type=0 before=2 ext=0 this=000001B4F7590780
AddRefInternal func '$beh8' type=0 -> 724 ext=0 this=000001B4F7590280
AddRefInternal func '$beh0' type=0 -> 724 ext=0 this=000001B4F7590500
AddRefInternal func '$beh2' type=0 -> 2 ext=0 this=000001B4F7590780
ReleaseInternal func '$beh2' type=0 before=2 ext=0 this=000001B4F7590780
AddRefInternal func '$beh8' type=0 -> 725 ext=0 this=000001B4F7590280
AddRefInternal func '$beh0' type=0 -> 725 ext=0 this=000001B4F7590500
AddRefInternal func '$beh2' type=0 -> 2 ext=0 this=000001B4F7590780
ReleaseInternal func '$beh2' type=0 before=2 ext=0 this=000001B4F7590780
AddRefInternal func '$beh8' type=0 -> 726 ext=0 this=000001B4F7590280
AddRefInternal func '$beh0' type=0 -> 726 ext=0 this=000001B4F7590500
AddRefInternal func '$beh2' type=0 -> 2 ext=0 this=000001B4F7590780
ReleaseInternal func '$beh2' type=0 before=2 ext=0 this=000001B4F7590780
AddRefInternal func '$beh8' type=0 -> 727 ext=0 this=000001B4F7590280
AddRefInternal func '$beh0' type=0 -> 727 ext=0 this=000001B4F7590500
AddRefInternal func '$beh2' type=0 -> 2 ext=0 this=000001B4F7590780
ReleaseInternal func '$beh2' type=0 before=2 ext=0 this=000001B4F7590780
AddRefInternal func '$beh8' type=0 -> 728 ext=0 this=000001B4F7590280
AddRefInternal func '$beh0' type=0 -> 728 ext=0 this=000001B4F7590500
AddRefInternal func '$beh2' type=0 -> 2 ext=0 this=000001B4F7590780
ReleaseInternal func '$beh2' type=0 before=2 ext=0 this=000001B4F7590780
AddRefInternal func '$beh8' type=0 -> 729 ext=0 this=000001B4F7590280
AddRefInternal func '$beh0' type=0 -> 729 ext=0 this=000001B4F7590500
AddRefInternal func '$beh2' type=0 -> 2 ext=0 this=000001B4F7590780
ReleaseInternal func '$beh2' type=0 before=2 ext=0 this=000001B4F7590780
AddRefInternal func '$beh8' type=0 -> 730 ext=0 this=000001B4F7590280
AddRefInternal func '$beh0' type=0 -> 730 ext=0 this=000001B4F7590500
AddRefInternal func '$beh2' type=0 -> 2 ext=0 this=000001B4F7590780
ReleaseInternal func '$beh2' type=0 before=2 ext=0 this=000001B4F7590780
AddRefInternal func '$beh8' type=0 -> 129 ext=0 this=000001B4F821AC80
AddRefInternal func '$beh0' type=0 -> 129 ext=0 this=000001B4F821A500
AddRefInternal func '$beh0' type=0 -> 129 ext=0 this=000001B4F821A780
AddRefInternal func '$beh0' type=0 -> 129 ext=0 this=000001B4F821AF00
AddRefInternal func '$beh8' type=0 -> 731 ext=0 this=000001B4F7590280
AddRefInternal func '$beh0' type=0 -> 731 ext=0 this=000001B4F7590500
AddRefInternal func '$beh2' type=0 -> 2 ext=0 this=000001B4F7590780
ReleaseInternal func '$beh2' type=0 before=2 ext=0 this=000001B4F7590780
AddRefInternal func '$beh8' type=0 -> 732 ext=0 this=000001B4F7590280
AddRefInternal func '$beh0' type=0 -> 732 ext=0 this=000001B4F7590500
AddRefInternal func '$beh2' type=0 -> 2 ext=0 this=000001B4F7590780
ReleaseInternal func '$beh2' type=0 before=2 ext=0 this=000001B4F7590780
AddRefInternal func '$beh8' type=0 -> 733 ext=0 this=000001B4F7590280
AddRefInternal func '$beh0' type=0 -> 733 ext=0 this=000001B4F7590500
AddRefInternal func '$beh2' type=0 -> 2 ext=0 this=000001B4F7590780
ReleaseInternal func '$beh2' type=0 before=2 ext=0 this=000001B4F7590780
AddRefInternal func '$beh8' type=0 -> 734 ext=0 this=000001B4F7590280
AddRefInternal func '$beh0' type=0 -> 734 ext=0 this=000001B4F7590500
AddRefInternal func '$beh2' type=0 -> 2 ext=0 this=000001B4F7590780
ReleaseInternal func '$beh2' type=0 before=2 ext=0 this=000001B4F7590780
AddRefInternal func '$beh8' type=0 -> 735 ext=0 this=000001B4F7590280
AddRefInternal func '$beh0' type=0 -> 735 ext=0 this=000001B4F7590500
AddRefInternal func '$beh2' type=0 -> 2 ext=0 this=000001B4F7590780
ReleaseInternal func '$beh2' type=0 before=2 ext=0 this=000001B4F7590780
AddRefInternal func '$beh8' type=0 -> 736 ext=0 this=000001B4F7590280
AddRefInternal func '$beh0' type=0 -> 736 ext=0 this=000001B4F7590500
AddRefInternal func '$beh2' type=0 -> 2 ext=0 this=000001B4F7590780
ReleaseInternal func '$beh2' type=0 before=2 ext=0 this=000001B4F7590780
AddRefInternal func '$beh8' type=0 -> 737 ext=0 this=000001B4F7590280
AddRefInternal func '$beh0' type=0 -> 737 ext=0 this=000001B4F7590500
AddRefInternal func '$beh2' type=0 -> 2 ext=0 this=000001B4F7590780
ReleaseInternal func '$beh2' type=0 before=2 ext=0 this=000001B4F7590780
AddRefInternal func '$beh8' type=0 -> 738 ext=0 this=000001B4F7590280
AddRefInternal func '$beh0' type=0 -> 738 ext=0 this=000001B4F7590500
AddRefInternal func '$beh2' type=0 -> 2 ext=0 this=000001B4F7590780
ReleaseInternal func '$beh2' type=0 before=2 ext=0 this=000001B4F7590780
AddRefInternal func '$beh8' type=0 -> 739 ext=0 this=000001B4F7590280
AddRefInternal func '$beh0' type=0 -> 739 ext=0 this=000001B4F7590500
AddRefInternal func '$beh2' type=0 -> 2 ext=0 this=000001B4F7590780
ReleaseInternal func '$beh2' type=0 before=2 ext=0 this=000001B4F7590780
AddRefInternal func '$beh8' type=0 -> 740 ext=0 this=000001B4F7590280
AddRefInternal func '$beh0' type=0 -> 740 ext=0 this=000001B4F7590500
AddRefInternal func '$beh2' type=0 -> 2 ext=0 this=000001B4F7590780
ReleaseInternal func '$beh2' type=0 before=2 ext=0 this=000001B4F7590780
AddRefInternal func '$beh8' type=0 -> 741 ext=0 this=000001B4F7590280
AddRefInternal func '$beh0' type=0 -> 741 ext=0 this=000001B4F7590500
AddRefInternal func '$beh2' type=0 -> 2 ext=0 this=000001B4F7590780
ReleaseInternal func '$beh2' type=0 before=2 ext=0 this=000001B4F7590780
AddRefInternal func '$beh8' type=0 -> 742 ext=0 this=000001B4F7590280
AddRefInternal func '$beh0' type=0 -> 742 ext=0 this=000001B4F7590500
AddRefInternal func '$beh2' type=0 -> 2 ext=0 this=000001B4F7590780
ReleaseInternal func '$beh2' type=0 before=2 ext=0 this=000001B4F7590780
AddRefInternal func '$beh8' type=0 -> 68 ext=0 this=000001B4F7590A00
AddRefInternal func '$beh0' type=0 -> 68 ext=0 this=000001B4FC6B7A80
AddRefInternal func '$beh0' type=0 -> 68 ext=0 this=000001B4FC6B7D00
AddRefInternal func '$beh0' type=0 -> 68 ext=0 this=000001B4FC6B9B00
AddRefInternal func '$beh0' type=0 -> 68 ext=0 this=000001B4FC6B9D80
AddRefInternal func '$beh2' type=0 -> 2 ext=0 this=000001B4FC6B7F80
ReleaseInternal func '$beh2' type=0 before=2 ext=0 this=000001B4FC6B7F80
AddRefInternal func '$beh8' type=0 -> 69 ext=0 this=000001B4F7590A00
AddRefInternal func '$beh0' type=0 -> 69 ext=0 this=000001B4FC6B7A80
AddRefInternal func '$beh0' type=0 -> 69 ext=0 this=000001B4FC6B7D00
AddRefInternal func '$beh0' type=0 -> 69 ext=0 this=000001B4FC6B9B00
AddRefInternal func '$beh0' type=0 -> 69 ext=0 this=000001B4FC6B9D80
AddRefInternal func '$beh2' type=0 -> 2 ext=0 this=000001B4FC6B7F80
ReleaseInternal func '$beh2' type=0 before=2 ext=0 this=000001B4FC6B7F80
AddRefInternal func '$beh8' type=0 -> 743 ext=0 this=000001B4F7590280
AddRefInternal func '$beh0' type=0 -> 743 ext=0 this=000001B4F7590500
AddRefInternal func '$beh2' type=0 -> 2 ext=0 this=000001B4F7590780
ReleaseInternal func '$beh2' type=0 before=2 ext=0 this=000001B4F7590780
AddRefInternal func '$beh8' type=0 -> 744 ext=0 this=000001B4F7590280
AddRefInternal func '$beh0' type=0 -> 744 ext=0 this=000001B4F7590500
AddRefInternal func '$beh2' type=0 -> 2 ext=0 this=000001B4F7590780
ReleaseInternal func '$beh2' type=0 before=2 ext=0 this=000001B4F7590780
AddRefInternal func '$beh8' type=0 -> 130 ext=0 this=000001B4F821AC80
AddRefInternal func '$beh0' type=0 -> 130 ext=0 this=000001B4F821A500
AddRefInternal func '$beh0' type=0 -> 130 ext=0 this=000001B4F821A780
AddRefInternal func '$beh0' type=0 -> 130 ext=0 this=000001B4F821AF00
AddRefInternal func '$beh8' type=0 -> 745 ext=0 this=000001B4F7590280
AddRefInternal func '$beh0' type=0 -> 745 ext=0 this=000001B4F7590500
AddRefInternal func '$beh2' type=0 -> 2 ext=0 this=000001B4F7590780
ReleaseInternal func '$beh2' type=0 before=2 ext=0 this=000001B4F7590780
AddRefInternal func '$beh8' type=0 -> 746 ext=0 this=000001B4F7590280
AddRefInternal func '$beh0' type=0 -> 746 ext=0 this=000001B4F7590500
AddRefInternal func '$beh2' type=0 -> 2 ext=0 this=000001B4F7590780
ReleaseInternal func '$beh2' type=0 before=2 ext=0 this=000001B4F7590780
AddRefInternal func '$beh8' type=0 -> 131 ext=0 this=000001B4F821AC80
AddRefInternal func '$beh0' type=0 -> 131 ext=0 this=000001B4F821A500
AddRefInternal func '$beh0' type=0 -> 131 ext=0 this=000001B4F821A780
AddRefInternal func '$beh0' type=0 -> 131 ext=0 this=000001B4F821AF00
AddRefInternal func '$beh8' type=0 -> 132 ext=0 this=000001B4F821AC80
AddRefInternal func '$beh0' type=0 -> 132 ext=0 this=000001B4F821A500
AddRefInternal func '$beh0' type=0 -> 132 ext=0 this=000001B4F821A780
AddRefInternal func '$beh0' type=0 -> 132 ext=0 this=000001B4F821AF00
AddRefInternal func '$beh8' type=0 -> 70 ext=0 this=000001B4F7590A00
AddRefInternal func '$beh0' type=0 -> 70 ext=0 this=000001B4FC6B7A80
AddRefInternal func '$beh0' type=0 -> 70 ext=0 this=000001B4FC6B7D00
AddRefInternal func '$beh0' type=0 -> 70 ext=0 this=000001B4FC6B9B00
AddRefInternal func '$beh0' type=0 -> 70 ext=0 this=000001B4FC6B9D80
AddRefInternal func '$beh2' type=0 -> 2 ext=0 this=000001B4FC6B7F80
ReleaseInternal func '$beh2' type=0 before=2 ext=0 this=000001B4FC6B7F80
AddRefInternal func '$beh8' type=0 -> 71 ext=0 this=000001B4F7590A00
AddRefInternal func '$beh0' type=0 -> 71 ext=0 this=000001B4FC6B7A80
AddRefInternal func '$beh0' type=0 -> 71 ext=0 this=000001B4FC6B7D00
AddRefInternal func '$beh0' type=0 -> 71 ext=0 this=000001B4FC6B9B00
AddRefInternal func '$beh0' type=0 -> 71 ext=0 this=000001B4FC6B9D80
AddRefInternal func '$beh2' type=0 -> 2 ext=0 this=000001B4FC6B7F80
ReleaseInternal func '$beh2' type=0 before=2 ext=0 this=000001B4FC6B7F80
AddRefInternal func '$beh8' type=0 -> 98 ext=0 this=000001B4F7599880
AddRefInternal func '$beh0' type=0 -> 98 ext=0 this=000001B4F7599380
AddRefInternal func '$beh2' type=0 -> 2 ext=0 this=000001B4F7599600
ReleaseInternal func '$beh2' type=0 before=2 ext=0 this=000001B4F7599600
AddRefInternal func '$beh8' type=0 -> 99 ext=0 this=000001B4F7599880
AddRefInternal func '$beh0' type=0 -> 99 ext=0 this=000001B4F7599380
AddRefInternal func '$beh2' type=0 -> 2 ext=0 this=000001B4F7599600
ReleaseInternal func '$beh2' type=0 before=2 ext=0 this=000001B4F7599600
AddRefInternal func '$beh8' type=0 -> 747 ext=0 this=000001B4F7590280
AddRefInternal func '$beh0' type=0 -> 747 ext=0 this=000001B4F7590500
AddRefInternal func '$beh2' type=0 -> 2 ext=0 this=000001B4F7590780
ReleaseInternal func '$beh2' type=0 before=2 ext=0 this=000001B4F7590780
AddRefInternal func '$beh8' type=0 -> 748 ext=0 this=000001B4F7590280
AddRefInternal func '$beh0' type=0 -> 748 ext=0 this=000001B4F7590500
AddRefInternal func '$beh2' type=0 -> 2 ext=0 this=000001B4F7590780
ReleaseInternal func '$beh2' type=0 before=2 ext=0 this=000001B4F7590780
AddRefInternal func '$beh8' type=0 -> 118 ext=0 this=000001B4F8211680
AddRefInternal func '$beh0' type=0 -> 118 ext=0 this=000001B4F8210F00
AddRefInternal func '$beh0' type=0 -> 118 ext=0 this=000001B4F8211180
AddRefInternal func '$beh0' type=0 -> 118 ext=0 this=000001B4F8211900
AddRefInternal func '$beh8' type=0 -> 749 ext=0 this=000001B4F7590280
AddRefInternal func '$beh0' type=0 -> 749 ext=0 this=000001B4F7590500
AddRefInternal func '$beh2' type=0 -> 2 ext=0 this=000001B4F7590780
ReleaseInternal func '$beh2' type=0 before=2 ext=0 this=000001B4F7590780
AddRefInternal func '$beh8' type=0 -> 100 ext=0 this=000001B4F7599880
AddRefInternal func '$beh0' type=0 -> 100 ext=0 this=000001B4F7599380
AddRefInternal func '$beh2' type=0 -> 2 ext=0 this=000001B4F7599600
ReleaseInternal func '$beh2' type=0 before=2 ext=0 this=000001B4F7599600
AddRefInternal func '$beh8' type=0 -> 101 ext=0 this=000001B4F7599880
AddRefInternal func '$beh0' type=0 -> 101 ext=0 this=000001B4F7599380
AddRefInternal func '$beh2' type=0 -> 2 ext=0 this=000001B4F7599600
ReleaseInternal func '$beh2' type=0 before=2 ext=0 this=000001B4F7599600
AddRefInternal func '$beh8' type=0 -> 750 ext=0 this=000001B4F7590280
AddRefInternal func '$beh0' type=0 -> 750 ext=0 this=000001B4F7590500
AddRefInternal func '$beh2' type=0 -> 2 ext=0 this=000001B4F7590780
ReleaseInternal func '$beh2' type=0 before=2 ext=0 this=000001B4F7590780
AddRefInternal func '$beh8' type=0 -> 133 ext=0 this=000001B4F821AC80
AddRefInternal func '$beh0' type=0 -> 133 ext=0 this=000001B4F821A500
AddRefInternal func '$beh0' type=0 -> 133 ext=0 this=000001B4F821A780
AddRefInternal func '$beh0' type=0 -> 133 ext=0 this=000001B4F821AF00
AddRefInternal func '$beh8' type=0 -> 751 ext=0 this=000001B4F7590280
AddRefInternal func '$beh0' type=0 -> 751 ext=0 this=000001B4F7590500
AddRefInternal func '$beh2' type=0 -> 2 ext=0 this=000001B4F7590780
ReleaseInternal func '$beh2' type=0 before=2 ext=0 this=000001B4F7590780
AddRefInternal func '$beh8' type=0 -> 134 ext=0 this=000001B4F821AC80
AddRefInternal func '$beh0' type=0 -> 134 ext=0 this=000001B4F821A500
AddRefInternal func '$beh0' type=0 -> 134 ext=0 this=000001B4F821A780
AddRefInternal func '$beh0' type=0 -> 134 ext=0 this=000001B4F821AF00
AddRefInternal func '$beh8' type=0 -> 135 ext=0 this=000001B4F821AC80
AddRefInternal func '$beh0' type=0 -> 135 ext=0 this=000001B4F821A500
AddRefInternal func '$beh0' type=0 -> 135 ext=0 this=000001B4F821A780
AddRefInternal func '$beh0' type=0 -> 135 ext=0 this=000001B4F821AF00
AddRefInternal func '$beh8' type=0 -> 136 ext=0 this=000001B4F821AC80
AddRefInternal func '$beh0' type=0 -> 136 ext=0 this=000001B4F821A500
AddRefInternal func '$beh0' type=0 -> 136 ext=0 this=000001B4F821A780
AddRefInternal func '$beh0' type=0 -> 136 ext=0 this=000001B4F821AF00
AddRefInternal func '$beh8' type=0 -> 752 ext=0 this=000001B4F7590280
AddRefInternal func '$beh0' type=0 -> 752 ext=0 this=000001B4F7590500
AddRefInternal func '$beh2' type=0 -> 2 ext=0 this=000001B4F7590780
ReleaseInternal func '$beh2' type=0 before=2 ext=0 this=000001B4F7590780
AddRefInternal func '$beh8' type=0 -> 753 ext=0 this=000001B4F7590280
AddRefInternal func '$beh0' type=0 -> 753 ext=0 this=000001B4F7590500
AddRefInternal func '$beh2' type=0 -> 2 ext=0 this=000001B4F7590780
ReleaseInternal func '$beh2' type=0 before=2 ext=0 this=000001B4F7590780
AddRefInternal func '$beh8' type=0 -> 28 ext=0 this=000001B4F7590C80
AddRefInternal func '$beh0' type=0 -> 28 ext=0 this=000001B4FC6BB180
AddRefInternal func '$beh0' type=0 -> 28 ext=0 this=000001B4FC6BB400
AddRefInternal func '$beh0' type=0 -> 28 ext=0 this=000001B4FC6BD200
AddRefInternal func '$beh0' type=0 -> 28 ext=0 this=000001B4FC6BD480
AddRefInternal func '$beh0' type=0 -> 28 ext=0 this=000001B4FC6BD700
AddRefInternal func '$beh2' type=0 -> 2 ext=0 this=000001B4FC6BB680
ReleaseInternal func '$beh2' type=0 before=2 ext=0 this=000001B4FC6BB680
AddRefInternal func '$beh8' type=0 -> 754 ext=0 this=000001B4F7590280
AddRefInternal func '$beh0' type=0 -> 754 ext=0 this=000001B4F7590500
AddRefInternal func '$beh2' type=0 -> 2 ext=0 this=000001B4F7590780
ReleaseInternal func '$beh2' type=0 before=2 ext=0 this=000001B4F7590780
AddRefInternal func '$beh8' type=0 -> 755 ext=0 this=000001B4F7590280
AddRefInternal func '$beh0' type=0 -> 755 ext=0 this=000001B4F7590500
AddRefInternal func '$beh2' type=0 -> 2 ext=0 this=000001B4F7590780
ReleaseInternal func '$beh2' type=0 before=2 ext=0 this=000001B4F7590780
AddRefInternal func '$beh8' type=0 -> 29 ext=0 this=000001B4F7590C80
AddRefInternal func '$beh0' type=0 -> 29 ext=0 this=000001B4FC6BB180
AddRefInternal func '$beh0' type=0 -> 29 ext=0 this=000001B4FC6BB400
AddRefInternal func '$beh0' type=0 -> 29 ext=0 this=000001B4FC6BD200
AddRefInternal func '$beh0' type=0 -> 29 ext=0 this=000001B4FC6BD480
AddRefInternal func '$beh0' type=0 -> 29 ext=0 this=000001B4FC6BD700
AddRefInternal func '$beh2' type=0 -> 2 ext=0 this=000001B4FC6BB680
ReleaseInternal func '$beh2' type=0 before=2 ext=0 this=000001B4FC6BB680
AddRefInternal func '$beh8' type=0 -> 756 ext=0 this=000001B4F7590280
AddRefInternal func '$beh0' type=0 -> 756 ext=0 this=000001B4F7590500
AddRefInternal func '$beh2' type=0 -> 2 ext=0 this=000001B4F7590780
ReleaseInternal func '$beh2' type=0 before=2 ext=0 this=000001B4F7590780
AddRefInternal func '$beh8' type=0 -> 757 ext=0 this=000001B4F7590280
AddRefInternal func '$beh0' type=0 -> 757 ext=0 this=000001B4F7590500
AddRefInternal func '$beh2' type=0 -> 2 ext=0 this=000001B4F7590780
ReleaseInternal func '$beh2' type=0 before=2 ext=0 this=000001B4F7590780
AddRefInternal func '$beh8' type=0 -> 758 ext=0 this=000001B4F7590280
AddRefInternal func '$beh0' type=0 -> 758 ext=0 this=000001B4F7590500
AddRefInternal func '$beh2' type=0 -> 2 ext=0 this=000001B4F7590780
ReleaseInternal func '$beh2' type=0 before=2 ext=0 this=000001B4F7590780
AddRefInternal func '$beh8' type=0 -> 759 ext=0 this=000001B4F7590280
AddRefInternal func '$beh0' type=0 -> 759 ext=0 this=000001B4F7590500
AddRefInternal func '$beh2' type=0 -> 2 ext=0 this=000001B4F7590780
ReleaseInternal func '$beh2' type=0 before=2 ext=0 this=000001B4F7590780
AddRefInternal func '$beh8' type=0 -> 760 ext=0 this=000001B4F7590280
AddRefInternal func '$beh0' type=0 -> 760 ext=0 this=000001B4F7590500
AddRefInternal func '$beh2' type=0 -> 2 ext=0 this=000001B4F7590780
ReleaseInternal func '$beh2' type=0 before=2 ext=0 this=000001B4F7590780
AddRefInternal func '$beh8' type=0 -> 761 ext=0 this=000001B4F7590280
AddRefInternal func '$beh0' type=0 -> 761 ext=0 this=000001B4F7590500
AddRefInternal func '$beh2' type=0 -> 2 ext=0 this=000001B4F7590780
ReleaseInternal func '$beh2' type=0 before=2 ext=0 this=000001B4F7590780
AddRefInternal func '$beh8' type=0 -> 762 ext=0 this=000001B4F7590280
AddRefInternal func '$beh0' type=0 -> 762 ext=0 this=000001B4F7590500
AddRefInternal func '$beh2' type=0 -> 2 ext=0 this=000001B4F7590780
ReleaseInternal func '$beh2' type=0 before=2 ext=0 this=000001B4F7590780
AddRefInternal func '$beh8' type=0 -> 763 ext=0 this=000001B4F7590280
AddRefInternal func '$beh0' type=0 -> 763 ext=0 this=000001B4F7590500
AddRefInternal func '$beh2' type=0 -> 2 ext=0 this=000001B4F7590780
ReleaseInternal func '$beh2' type=0 before=2 ext=0 this=000001B4F7590780
AddRefInternal func '$beh8' type=0 -> 764 ext=0 this=000001B4F7590280
AddRefInternal func '$beh0' type=0 -> 764 ext=0 this=000001B4F7590500
AddRefInternal func '$beh2' type=0 -> 2 ext=0 this=000001B4F7590780
ReleaseInternal func '$beh2' type=0 before=2 ext=0 this=000001B4F7590780
AddRefInternal func '$beh8' type=0 -> 765 ext=0 this=000001B4F7590280
AddRefInternal func '$beh0' type=0 -> 765 ext=0 this=000001B4F7590500
AddRefInternal func '$beh2' type=0 -> 2 ext=0 this=000001B4F7590780
ReleaseInternal func '$beh2' type=0 before=2 ext=0 this=000001B4F7590780
AddRefInternal func '$beh8' type=0 -> 766 ext=0 this=000001B4F7590280
AddRefInternal func '$beh0' type=0 -> 766 ext=0 this=000001B4F7590500
AddRefInternal func '$beh2' type=0 -> 2 ext=0 this=000001B4F7590780
ReleaseInternal func '$beh2' type=0 before=2 ext=0 this=000001B4F7590780
AddRefInternal func '$beh8' type=0 -> 767 ext=0 this=000001B4F7590280
AddRefInternal func '$beh0' type=0 -> 767 ext=0 this=000001B4F7590500
AddRefInternal func '$beh2' type=0 -> 2 ext=0 this=000001B4F7590780
ReleaseInternal func '$beh2' type=0 before=2 ext=0 this=000001B4F7590780
AddRefInternal func '$beh8' type=0 -> 768 ext=0 this=000001B4F7590280
AddRefInternal func '$beh0' type=0 -> 768 ext=0 this=000001B4F7590500
AddRefInternal func '$beh2' type=0 -> 2 ext=0 this=000001B4F7590780
ReleaseInternal func '$beh2' type=0 before=2 ext=0 this=000001B4F7590780
AddRefInternal func '$beh8' type=0 -> 769 ext=0 this=000001B4F7590280
AddRefInternal func '$beh0' type=0 -> 769 ext=0 this=000001B4F7590500
AddRefInternal func '$beh2' type=0 -> 2 ext=0 this=000001B4F7590780
ReleaseInternal func '$beh2' type=0 before=2 ext=0 this=000001B4F7590780
AddRefInternal func '$beh8' type=0 -> 770 ext=0 this=000001B4F7590280
AddRefInternal func '$beh0' type=0 -> 770 ext=0 this=000001B4F7590500
AddRefInternal func '$beh2' type=0 -> 2 ext=0 this=000001B4F7590780
ReleaseInternal func '$beh2' type=0 before=2 ext=0 this=000001B4F7590780
AddRefInternal func '$beh8' type=0 -> 771 ext=0 this=000001B4F7590280
AddRefInternal func '$beh0' type=0 -> 771 ext=0 this=000001B4F7590500
AddRefInternal func '$beh2' type=0 -> 2 ext=0 this=000001B4F7590780
ReleaseInternal func '$beh2' type=0 before=2 ext=0 this=000001B4F7590780
AddRefInternal func '$beh8' type=0 -> 772 ext=0 this=000001B4F7590280
AddRefInternal func '$beh0' type=0 -> 772 ext=0 this=000001B4F7590500
AddRefInternal func '$beh2' type=0 -> 2 ext=0 this=000001B4F7590780
ReleaseInternal func '$beh2' type=0 before=2 ext=0 this=000001B4F7590780
AddRefInternal func '$beh8' type=0 -> 773 ext=0 this=000001B4F7590280
AddRefInternal func '$beh0' type=0 -> 773 ext=0 this=000001B4F7590500
AddRefInternal func '$beh2' type=0 -> 2 ext=0 this=000001B4F7590780
ReleaseInternal func '$beh2' type=0 before=2 ext=0 this=000001B4F7590780
AddRefInternal func '$beh8' type=0 -> 774 ext=0 this=000001B4F7590280
AddRefInternal func '$beh0' type=0 -> 774 ext=0 this=000001B4F7590500
AddRefInternal func '$beh2' type=0 -> 2 ext=0 this=000001B4F7590780
ReleaseInternal func '$beh2' type=0 before=2 ext=0 this=000001B4F7590780
AddRefInternal func '$beh8' type=0 -> 775 ext=0 this=000001B4F7590280
AddRefInternal func '$beh0' type=0 -> 775 ext=0 this=000001B4F7590500
AddRefInternal func '$beh2' type=0 -> 2 ext=0 this=000001B4F7590780
ReleaseInternal func '$beh2' type=0 before=2 ext=0 this=000001B4F7590780
AddRefInternal func '$beh8' type=0 -> 776 ext=0 this=000001B4F7590280
AddRefInternal func '$beh0' type=0 -> 776 ext=0 this=000001B4F7590500
AddRefInternal func '$beh2' type=0 -> 2 ext=0 this=000001B4F7590780
ReleaseInternal func '$beh2' type=0 before=2 ext=0 this=000001B4F7590780
AddRefInternal func '$beh8' type=0 -> 777 ext=0 this=000001B4F7590280
AddRefInternal func '$beh0' type=0 -> 777 ext=0 this=000001B4F7590500
AddRefInternal func '$beh2' type=0 -> 2 ext=0 this=000001B4F7590780
ReleaseInternal func '$beh2' type=0 before=2 ext=0 this=000001B4F7590780
AddRefInternal func '$beh8' type=0 -> 102 ext=0 this=000001B4F7599880
AddRefInternal func '$beh0' type=0 -> 102 ext=0 this=000001B4F7599380
AddRefInternal func '$beh2' type=0 -> 2 ext=0 this=000001B4F7599600
ReleaseInternal func '$beh2' type=0 before=2 ext=0 this=000001B4F7599600
AddRefInternal func '$beh8' type=0 -> 778 ext=0 this=000001B4F7590280
AddRefInternal func '$beh0' type=0 -> 778 ext=0 this=000001B4F7590500
AddRefInternal func '$beh2' type=0 -> 2 ext=0 this=000001B4F7590780
ReleaseInternal func '$beh2' type=0 before=2 ext=0 this=000001B4F7590780
AddRefInternal func '$beh8' type=0 -> 779 ext=0 this=000001B4F7590280
AddRefInternal func '$beh0' type=0 -> 779 ext=0 this=000001B4F7590500
AddRefInternal func '$beh2' type=0 -> 2 ext=0 this=000001B4F7590780
ReleaseInternal func '$beh2' type=0 before=2 ext=0 this=000001B4F7590780
AddRefInternal func '$beh8' type=0 -> 780 ext=0 this=000001B4F7590280
AddRefInternal func '$beh0' type=0 -> 780 ext=0 this=000001B4F7590500
AddRefInternal func '$beh2' type=0 -> 2 ext=0 this=000001B4F7590780
ReleaseInternal func '$beh2' type=0 before=2 ext=0 this=000001B4F7590780
AddRefInternal func '$beh8' type=0 -> 781 ext=0 this=000001B4F7590280
AddRefInternal func '$beh0' type=0 -> 781 ext=0 this=000001B4F7590500
AddRefInternal func '$beh2' type=0 -> 2 ext=0 this=000001B4F7590780
ReleaseInternal func '$beh2' type=0 before=2 ext=0 this=000001B4F7590780
AddRefInternal func '$beh8' type=0 -> 103 ext=0 this=000001B4F7599880
AddRefInternal func '$beh0' type=0 -> 103 ext=0 this=000001B4F7599380
AddRefInternal func '$beh2' type=0 -> 2 ext=0 this=000001B4F7599600
ReleaseInternal func '$beh2' type=0 before=2 ext=0 this=000001B4F7599600
AddRefInternal func '$beh8' type=0 -> 782 ext=0 this=000001B4F7590280
AddRefInternal func '$beh0' type=0 -> 782 ext=0 this=000001B4F7590500
AddRefInternal func '$beh2' type=0 -> 2 ext=0 this=000001B4F7590780
ReleaseInternal func '$beh2' type=0 before=2 ext=0 this=000001B4F7590780
AddRefInternal func '$beh8' type=0 -> 783 ext=0 this=000001B4F7590280
AddRefInternal func '$beh0' type=0 -> 783 ext=0 this=000001B4F7590500
AddRefInternal func '$beh2' type=0 -> 2 ext=0 this=000001B4F7590780
ReleaseInternal func '$beh2' type=0 before=2 ext=0 this=000001B4F7590780
AddRefInternal func '$beh8' type=0 -> 784 ext=0 this=000001B4F7590280
AddRefInternal func '$beh0' type=0 -> 784 ext=0 this=000001B4F7590500
AddRefInternal func '$beh2' type=0 -> 2 ext=0 this=000001B4F7590780
ReleaseInternal func '$beh2' type=0 before=2 ext=0 this=000001B4F7590780
AddRefInternal func '$beh8' type=0 -> 785 ext=0 this=000001B4F7590280
AddRefInternal func '$beh0' type=0 -> 785 ext=0 this=000001B4F7590500
AddRefInternal func '$beh2' type=0 -> 2 ext=0 this=000001B4F7590780
ReleaseInternal func '$beh2' type=0 before=2 ext=0 this=000001B4F7590780
AddRefInternal func '$beh8' type=0 -> 786 ext=0 this=000001B4F7590280
AddRefInternal func '$beh0' type=0 -> 786 ext=0 this=000001B4F7590500
AddRefInternal func '$beh2' type=0 -> 2 ext=0 this=000001B4F7590780
ReleaseInternal func '$beh2' type=0 before=2 ext=0 this=000001B4F7590780
AddRefInternal func '$beh8' type=0 -> 787 ext=0 this=000001B4F7590280
AddRefInternal func '$beh0' type=0 -> 787 ext=0 this=000001B4F7590500
AddRefInternal func '$beh2' type=0 -> 2 ext=0 this=000001B4F7590780
ReleaseInternal func '$beh2' type=0 before=2 ext=0 this=000001B4F7590780
AddRefInternal func '$beh8' type=0 -> 788 ext=0 this=000001B4F7590280
AddRefInternal func '$beh0' type=0 -> 788 ext=0 this=000001B4F7590500
AddRefInternal func '$beh2' type=0 -> 2 ext=0 this=000001B4F7590780
ReleaseInternal func '$beh2' type=0 before=2 ext=0 this=000001B4F7590780
AddRefInternal func '$beh8' type=0 -> 789 ext=0 this=000001B4F7590280
AddRefInternal func '$beh0' type=0 -> 789 ext=0 this=000001B4F7590500
AddRefInternal func '$beh2' type=0 -> 2 ext=0 this=000001B4F7590780
ReleaseInternal func '$beh2' type=0 before=2 ext=0 this=000001B4F7590780
AddRefInternal func '$beh8' type=0 -> 790 ext=0 this=000001B4F7590280
AddRefInternal func '$beh0' type=0 -> 790 ext=0 this=000001B4F7590500
AddRefInternal func '$beh2' type=0 -> 2 ext=0 this=000001B4F7590780
ReleaseInternal func '$beh2' type=0 before=2 ext=0 this=000001B4F7590780
AddRefInternal func '$beh8' type=0 -> 791 ext=0 this=000001B4F7590280
AddRefInternal func '$beh0' type=0 -> 791 ext=0 this=000001B4F7590500
AddRefInternal func '$beh2' type=0 -> 2 ext=0 this=000001B4F7590780
ReleaseInternal func '$beh2' type=0 before=2 ext=0 this=000001B4F7590780
AddRefInternal func '$beh8' type=0 -> 792 ext=0 this=000001B4F7590280
AddRefInternal func '$beh0' type=0 -> 792 ext=0 this=000001B4F7590500
AddRefInternal func '$beh2' type=0 -> 2 ext=0 this=000001B4F7590780
ReleaseInternal func '$beh2' type=0 before=2 ext=0 this=000001B4F7590780
AddRefInternal func '$beh8' type=0 -> 793 ext=0 this=000001B4F7590280
AddRefInternal func '$beh0' type=0 -> 793 ext=0 this=000001B4F7590500
AddRefInternal func '$beh2' type=0 -> 2 ext=0 this=000001B4F7590780
ReleaseInternal func '$beh2' type=0 before=2 ext=0 this=000001B4F7590780
AddRefInternal func '$beh8' type=0 -> 794 ext=0 this=000001B4F7590280
AddRefInternal func '$beh0' type=0 -> 794 ext=0 this=000001B4F7590500
AddRefInternal func '$beh2' type=0 -> 2 ext=0 this=000001B4F7590780
ReleaseInternal func '$beh2' type=0 before=2 ext=0 this=000001B4F7590780
AddRefInternal func '$beh8' type=0 -> 795 ext=0 this=000001B4F7590280
AddRefInternal func '$beh0' type=0 -> 795 ext=0 this=000001B4F7590500
AddRefInternal func '$beh2' type=0 -> 2 ext=0 this=000001B4F7590780
ReleaseInternal func '$beh2' type=0 before=2 ext=0 this=000001B4F7590780
AddRefInternal func '$beh8' type=0 -> 796 ext=0 this=000001B4F7590280
AddRefInternal func '$beh0' type=0 -> 796 ext=0 this=000001B4F7590500
AddRefInternal func '$beh2' type=0 -> 2 ext=0 this=000001B4F7590780
ReleaseInternal func '$beh2' type=0 before=2 ext=0 this=000001B4F7590780
AddRefInternal func '$beh8' type=0 -> 797 ext=0 this=000001B4F7590280
AddRefInternal func '$beh0' type=0 -> 797 ext=0 this=000001B4F7590500
AddRefInternal func '$beh2' type=0 -> 2 ext=0 this=000001B4F7590780
ReleaseInternal func '$beh2' type=0 before=2 ext=0 this=000001B4F7590780
AddRefInternal func '$beh8' type=0 -> 798 ext=0 this=000001B4F7590280
AddRefInternal func '$beh0' type=0 -> 798 ext=0 this=000001B4F7590500
AddRefInternal func '$beh2' type=0 -> 2 ext=0 this=000001B4F7590780
ReleaseInternal func '$beh2' type=0 before=2 ext=0 this=000001B4F7590780
AddRefInternal func '$beh8' type=0 -> 799 ext=0 this=000001B4F7590280
AddRefInternal func '$beh0' type=0 -> 799 ext=0 this=000001B4F7590500
AddRefInternal func '$beh2' type=0 -> 2 ext=0 this=000001B4F7590780
ReleaseInternal func '$beh2' type=0 before=2 ext=0 this=000001B4F7590780
AddRefInternal func '$beh8' type=0 -> 800 ext=0 this=000001B4F7590280
AddRefInternal func '$beh0' type=0 -> 800 ext=0 this=000001B4F7590500
AddRefInternal func '$beh2' type=0 -> 2 ext=0 this=000001B4F7590780
ReleaseInternal func '$beh2' type=0 before=2 ext=0 this=000001B4F7590780
AddRefInternal func '$beh8' type=0 -> 801 ext=0 this=000001B4F7590280
AddRefInternal func '$beh0' type=0 -> 801 ext=0 this=000001B4F7590500
AddRefInternal func '$beh2' type=0 -> 2 ext=0 this=000001B4F7590780
ReleaseInternal func '$beh2' type=0 before=2 ext=0 this=000001B4F7590780
AddRefInternal func '$beh8' type=0 -> 802 ext=0 this=000001B4F7590280
AddRefInternal func '$beh0' type=0 -> 802 ext=0 this=000001B4F7590500
AddRefInternal func '$beh2' type=0 -> 2 ext=0 this=000001B4F7590780
ReleaseInternal func '$beh2' type=0 before=2 ext=0 this=000001B4F7590780
AddRefInternal func '$beh8' type=0 -> 803 ext=0 this=000001B4F7590280
AddRefInternal func '$beh0' type=0 -> 803 ext=0 this=000001B4F7590500
AddRefInternal func '$beh2' type=0 -> 2 ext=0 this=000001B4F7590780
ReleaseInternal func '$beh2' type=0 before=2 ext=0 this=000001B4F7590780
AddRefInternal func '$beh8' type=0 -> 804 ext=0 this=000001B4F7590280
AddRefInternal func '$beh0' type=0 -> 804 ext=0 this=000001B4F7590500
AddRefInternal func '$beh2' type=0 -> 2 ext=0 this=000001B4F7590780
ReleaseInternal func '$beh2' type=0 before=2 ext=0 this=000001B4F7590780
AddRefInternal func '$beh8' type=0 -> 805 ext=0 this=000001B4F7590280
AddRefInternal func '$beh0' type=0 -> 805 ext=0 this=000001B4F7590500
AddRefInternal func '$beh2' type=0 -> 2 ext=0 this=000001B4F7590780
ReleaseInternal func '$beh2' type=0 before=2 ext=0 this=000001B4F7590780
AddRefInternal func '$beh8' type=0 -> 806 ext=0 this=000001B4F7590280
AddRefInternal func '$beh0' type=0 -> 806 ext=0 this=000001B4F7590500
AddRefInternal func '$beh2' type=0 -> 2 ext=0 this=000001B4F7590780
ReleaseInternal func '$beh2' type=0 before=2 ext=0 this=000001B4F7590780
AddRefInternal func '$beh8' type=0 -> 807 ext=0 this=000001B4F7590280
AddRefInternal func '$beh0' type=0 -> 807 ext=0 this=000001B4F7590500
AddRefInternal func '$beh2' type=0 -> 2 ext=0 this=000001B4F7590780
ReleaseInternal func '$beh2' type=0 before=2 ext=0 this=000001B4F7590780
AddRefInternal func '$beh8' type=0 -> 808 ext=0 this=000001B4F7590280
AddRefInternal func '$beh0' type=0 -> 808 ext=0 this=000001B4F7590500
AddRefInternal func '$beh2' type=0 -> 2 ext=0 this=000001B4F7590780
ReleaseInternal func '$beh2' type=0 before=2 ext=0 this=000001B4F7590780
AddRefInternal func '$beh8' type=0 -> 809 ext=0 this=000001B4F7590280
AddRefInternal func '$beh0' type=0 -> 809 ext=0 this=000001B4F7590500
AddRefInternal func '$beh2' type=0 -> 2 ext=0 this=000001B4F7590780
ReleaseInternal func '$beh2' type=0 before=2 ext=0 this=000001B4F7590780
AddRefInternal func '$beh8' type=0 -> 810 ext=0 this=000001B4F7590280
AddRefInternal func '$beh0' type=0 -> 810 ext=0 this=000001B4F7590500
AddRefInternal func '$beh2' type=0 -> 2 ext=0 this=000001B4F7590780
ReleaseInternal func '$beh2' type=0 before=2 ext=0 this=000001B4F7590780
AddRefInternal func '$beh8' type=0 -> 811 ext=0 this=000001B4F7590280
AddRefInternal func '$beh0' type=0 -> 811 ext=0 this=000001B4F7590500
AddRefInternal func '$beh2' type=0 -> 2 ext=0 this=000001B4F7590780
ReleaseInternal func '$beh2' type=0 before=2 ext=0 this=000001B4F7590780
AddRefInternal func '$beh8' type=0 -> 812 ext=0 this=000001B4F7590280
AddRefInternal func '$beh0' type=0 -> 812 ext=0 this=000001B4F7590500
AddRefInternal func '$beh2' type=0 -> 2 ext=0 this=000001B4F7590780
ReleaseInternal func '$beh2' type=0 before=2 ext=0 this=000001B4F7590780
AddRefInternal func '$beh8' type=0 -> 137 ext=0 this=000001B4F821AC80
AddRefInternal func '$beh0' type=0 -> 137 ext=0 this=000001B4F821A500
AddRefInternal func '$beh0' type=0 -> 137 ext=0 this=000001B4F821A780
AddRefInternal func '$beh0' type=0 -> 137 ext=0 this=000001B4F821AF00
AddRefInternal func '$beh8' type=0 -> 813 ext=0 this=000001B4F7590280
AddRefInternal func '$beh0' type=0 -> 813 ext=0 this=000001B4F7590500
AddRefInternal func '$beh2' type=0 -> 2 ext=0 this=000001B4F7590780
ReleaseInternal func '$beh2' type=0 before=2 ext=0 this=000001B4F7590780
AddRefInternal func '$beh8' type=0 -> 814 ext=0 this=000001B4F7590280
AddRefInternal func '$beh0' type=0 -> 814 ext=0 this=000001B4F7590500
AddRefInternal func '$beh2' type=0 -> 2 ext=0 this=000001B4F7590780
ReleaseInternal func '$beh2' type=0 before=2 ext=0 this=000001B4F7590780
AddRefInternal func '$beh8' type=0 -> 815 ext=0 this=000001B4F7590280
AddRefInternal func '$beh0' type=0 -> 815 ext=0 this=000001B4F7590500
AddRefInternal func '$beh2' type=0 -> 2 ext=0 this=000001B4F7590780
ReleaseInternal func '$beh2' type=0 before=2 ext=0 this=000001B4F7590780
AddRefInternal func '$beh8' type=0 -> 21 ext=0 this=000001B4F8213480
AddRefInternal func '$beh0' type=0 -> 21 ext=0 this=000001B4F8212A80
AddRefInternal func '$beh0' type=0 -> 21 ext=0 this=000001B4F8212D00
AddRefInternal func '$beh0' type=0 -> 21 ext=0 this=000001B4F8212F80
AddRefInternal func '$beh2' type=0 -> 2 ext=0 this=000001B4F8213200
ReleaseInternal func '$beh2' type=0 before=2 ext=0 this=000001B4F8213200
AddRefInternal func '$beh8' type=0 -> 22 ext=0 this=000001B4F8213480
AddRefInternal func '$beh0' type=0 -> 22 ext=0 this=000001B4F8212A80
AddRefInternal func '$beh0' type=0 -> 22 ext=0 this=000001B4F8212D00
AddRefInternal func '$beh0' type=0 -> 22 ext=0 this=000001B4F8212F80
AddRefInternal func '$beh2' type=0 -> 2 ext=0 this=000001B4F8213200
ReleaseInternal func '$beh2' type=0 before=2 ext=0 this=000001B4F8213200
AddRefInternal func '$beh8' type=0 -> 816 ext=0 this=000001B4F7590280
AddRefInternal func '$beh0' type=0 -> 816 ext=0 this=000001B4F7590500
AddRefInternal func '$beh2' type=0 -> 2 ext=0 this=000001B4F7590780
ReleaseInternal func '$beh2' type=0 before=2 ext=0 this=000001B4F7590780
AddRefInternal func '$beh8' type=0 -> 817 ext=0 this=000001B4F7590280
AddRefInternal func '$beh0' type=0 -> 817 ext=0 this=000001B4F7590500
AddRefInternal func '$beh2' type=0 -> 2 ext=0 this=000001B4F7590780
ReleaseInternal func '$beh2' type=0 before=2 ext=0 this=000001B4F7590780
AddRefInternal func '$beh8' type=0 -> 818 ext=0 this=000001B4F7590280
AddRefInternal func '$beh0' type=0 -> 818 ext=0 this=000001B4F7590500
AddRefInternal func '$beh2' type=0 -> 2 ext=0 this=000001B4F7590780
ReleaseInternal func '$beh2' type=0 before=2 ext=0 this=000001B4F7590780
AddRefInternal func '$beh8' type=0 -> 819 ext=0 this=000001B4F7590280
AddRefInternal func '$beh0' type=0 -> 819 ext=0 this=000001B4F7590500
AddRefInternal func '$beh2' type=0 -> 2 ext=0 this=000001B4F7590780
ReleaseInternal func '$beh2' type=0 before=2 ext=0 this=000001B4F7590780
AddRefInternal func '$beh8' type=0 -> 820 ext=0 this=000001B4F7590280
AddRefInternal func '$beh0' type=0 -> 820 ext=0 this=000001B4F7590500
AddRefInternal func '$beh2' type=0 -> 2 ext=0 this=000001B4F7590780
ReleaseInternal func '$beh2' type=0 before=2 ext=0 this=000001B4F7590780
AddRefInternal func '$beh8' type=0 -> 821 ext=0 this=000001B4F7590280
AddRefInternal func '$beh0' type=0 -> 821 ext=0 this=000001B4F7590500
AddRefInternal func '$beh2' type=0 -> 2 ext=0 this=000001B4F7590780
ReleaseInternal func '$beh2' type=0 before=2 ext=0 this=000001B4F7590780
AddRefInternal func '$beh8' type=0 -> 822 ext=0 this=000001B4F7590280
AddRefInternal func '$beh0' type=0 -> 822 ext=0 this=000001B4F7590500
AddRefInternal func '$beh2' type=0 -> 2 ext=0 this=000001B4F7590780
ReleaseInternal func '$beh2' type=0 before=2 ext=0 this=000001B4F7590780
AddRefInternal func '$beh8' type=0 -> 823 ext=0 this=000001B4F7590280
AddRefInternal func '$beh0' type=0 -> 823 ext=0 this=000001B4F7590500
AddRefInternal func '$beh2' type=0 -> 2 ext=0 this=000001B4F7590780
ReleaseInternal func '$beh2' type=0 before=2 ext=0 this=000001B4F7590780
AddRefInternal func '$beh8' type=0 -> 824 ext=0 this=000001B4F7590280
AddRefInternal func '$beh0' type=0 -> 824 ext=0 this=000001B4F7590500
AddRefInternal func '$beh2' type=0 -> 2 ext=0 this=000001B4F7590780
ReleaseInternal func '$beh2' type=0 before=2 ext=0 this=000001B4F7590780
AddRefInternal func '$beh8' type=0 -> 825 ext=0 this=000001B4F7590280
AddRefInternal func '$beh0' type=0 -> 825 ext=0 this=000001B4F7590500
AddRefInternal func '$beh2' type=0 -> 2 ext=0 this=000001B4F7590780
ReleaseInternal func '$beh2' type=0 before=2 ext=0 this=000001B4F7590780
AddRefInternal func '$beh8' type=0 -> 826 ext=0 this=000001B4F7590280
AddRefInternal func '$beh0' type=0 -> 826 ext=0 this=000001B4F7590500
AddRefInternal func '$beh2' type=0 -> 2 ext=0 this=000001B4F7590780
ReleaseInternal func '$beh2' type=0 before=2 ext=0 this=000001B4F7590780
AddRefInternal func '$beh8' type=0 -> 827 ext=0 this=000001B4F7590280
AddRefInternal func '$beh0' type=0 -> 827 ext=0 this=000001B4F7590500
AddRefInternal func '$beh2' type=0 -> 2 ext=0 this=000001B4F7590780
ReleaseInternal func '$beh2' type=0 before=2 ext=0 this=000001B4F7590780
AddRefInternal func '$beh8' type=0 -> 828 ext=0 this=000001B4F7590280
AddRefInternal func '$beh0' type=0 -> 828 ext=0 this=000001B4F7590500
AddRefInternal func '$beh2' type=0 -> 2 ext=0 this=000001B4F7590780
ReleaseInternal func '$beh2' type=0 before=2 ext=0 this=000001B4F7590780
AddRefInternal func '$beh8' type=0 -> 829 ext=0 this=000001B4F7590280
AddRefInternal func '$beh0' type=0 -> 829 ext=0 this=000001B4F7590500
AddRefInternal func '$beh2' type=0 -> 2 ext=0 this=000001B4F7590780
ReleaseInternal func '$beh2' type=0 before=2 ext=0 this=000001B4F7590780
AddRefInternal func '$beh8' type=0 -> 23 ext=0 this=000001B4F8213480
AddRefInternal func '$beh0' type=0 -> 23 ext=0 this=000001B4F8212A80
AddRefInternal func '$beh0' type=0 -> 23 ext=0 this=000001B4F8212D00
AddRefInternal func '$beh0' type=0 -> 23 ext=0 this=000001B4F8212F80
AddRefInternal func '$beh2' type=0 -> 2 ext=0 this=000001B4F8213200
ReleaseInternal func '$beh2' type=0 before=2 ext=0 this=000001B4F8213200
AddRefInternal func '$beh8' type=0 -> 27 ext=0 this=000001B4F821D480
AddRefInternal func '$beh0' type=0 -> 27 ext=0 this=000001B4F821CD00
AddRefInternal func '$beh0' type=0 -> 27 ext=0 this=000001B4F821CF80
AddRefInternal func '$beh0' type=0 -> 27 ext=0 this=000001B4F821D700
AddRefInternal func '$beh8' type=0 -> 138 ext=0 this=000001B4F821AC80
AddRefInternal func '$beh0' type=0 -> 138 ext=0 this=000001B4F821A500
AddRefInternal func '$beh0' type=0 -> 138 ext=0 this=000001B4F821A780
AddRefInternal func '$beh0' type=0 -> 138 ext=0 this=000001B4F821AF00
AddRefInternal func '$beh8' type=0 -> 830 ext=0 this=000001B4F7590280
AddRefInternal func '$beh0' type=0 -> 830 ext=0 this=000001B4F7590500
AddRefInternal func '$beh2' type=0 -> 2 ext=0 this=000001B4F7590780
ReleaseInternal func '$beh2' type=0 before=2 ext=0 this=000001B4F7590780
AddRefInternal func '$beh8' type=0 -> 28 ext=0 this=000001B4F821D480
AddRefInternal func '$beh0' type=0 -> 28 ext=0 this=000001B4F821CD00
AddRefInternal func '$beh0' type=0 -> 28 ext=0 this=000001B4F821CF80
AddRefInternal func '$beh0' type=0 -> 28 ext=0 this=000001B4F821D700
AddRefInternal func '$beh8' type=0 -> 29 ext=0 this=000001B4F821D480
AddRefInternal func '$beh0' type=0 -> 29 ext=0 this=000001B4F821CD00
AddRefInternal func '$beh0' type=0 -> 29 ext=0 this=000001B4F821CF80
AddRefInternal func '$beh0' type=0 -> 29 ext=0 this=000001B4F821D700
AddRefInternal func '$beh8' type=0 -> 30 ext=0 this=000001B4F821D480
AddRefInternal func '$beh0' type=0 -> 30 ext=0 this=000001B4F821CD00
AddRefInternal func '$beh0' type=0 -> 30 ext=0 this=000001B4F821CF80
AddRefInternal func '$beh0' type=0 -> 30 ext=0 this=000001B4F821D700
AddRefInternal func '$beh8' type=0 -> 31 ext=0 this=000001B4F821D480
AddRefInternal func '$beh0' type=0 -> 31 ext=0 this=000001B4F821CD00
AddRefInternal func '$beh0' type=0 -> 31 ext=0 this=000001B4F821CF80
AddRefInternal func '$beh0' type=0 -> 31 ext=0 this=000001B4F821D700
AddRefInternal func '$beh8' type=0 -> 831 ext=0 this=000001B4F7590280
AddRefInternal func '$beh0' type=0 -> 831 ext=0 this=000001B4F7590500
AddRefInternal func '$beh2' type=0 -> 2 ext=0 this=000001B4F7590780
ReleaseInternal func '$beh2' type=0 before=2 ext=0 this=000001B4F7590780
AddRefInternal func '$beh8' type=0 -> 119 ext=0 this=000001B4F8211680
AddRefInternal func '$beh0' type=0 -> 119 ext=0 this=000001B4F8210F00
AddRefInternal func '$beh0' type=0 -> 119 ext=0 this=000001B4F8211180
AddRefInternal func '$beh0' type=0 -> 119 ext=0 this=000001B4F8211900
AddRefInternal func '$beh8' type=0 -> 832 ext=0 this=000001B4F7590280
AddRefInternal func '$beh0' type=0 -> 832 ext=0 this=000001B4F7590500
AddRefInternal func '$beh2' type=0 -> 2 ext=0 this=000001B4F7590780
ReleaseInternal func '$beh2' type=0 before=2 ext=0 this=000001B4F7590780
AddRefInternal func '$beh8' type=0 -> 120 ext=0 this=000001B4F8211680
AddRefInternal func '$beh0' type=0 -> 120 ext=0 this=000001B4F8210F00
AddRefInternal func '$beh0' type=0 -> 120 ext=0 this=000001B4F8211180
AddRefInternal func '$beh0' type=0 -> 120 ext=0 this=000001B4F8211900
AddRefInternal func '$beh8' type=0 -> 833 ext=0 this=000001B4F7590280
AddRefInternal func '$beh0' type=0 -> 833 ext=0 this=000001B4F7590500
AddRefInternal func '$beh2' type=0 -> 2 ext=0 this=000001B4F7590780
ReleaseInternal func '$beh2' type=0 before=2 ext=0 this=000001B4F7590780
AddRefInternal func '$beh8' type=0 -> 121 ext=0 this=000001B4F8211680
AddRefInternal func '$beh0' type=0 -> 121 ext=0 this=000001B4F8210F00
AddRefInternal func '$beh0' type=0 -> 121 ext=0 this=000001B4F8211180
AddRefInternal func '$beh0' type=0 -> 121 ext=0 this=000001B4F8211900
AddRefInternal func '$beh8' type=0 -> 834 ext=0 this=000001B4F7590280
AddRefInternal func '$beh0' type=0 -> 834 ext=0 this=000001B4F7590500
AddRefInternal func '$beh2' type=0 -> 2 ext=0 this=000001B4F7590780
ReleaseInternal func '$beh2' type=0 before=2 ext=0 this=000001B4F7590780
AddRefInternal func '$beh8' type=0 -> 835 ext=0 this=000001B4F7590280
AddRefInternal func '$beh0' type=0 -> 835 ext=0 this=000001B4F7590500
AddRefInternal func '$beh2' type=0 -> 2 ext=0 this=000001B4F7590780
ReleaseInternal func '$beh2' type=0 before=2 ext=0 this=000001B4F7590780
AddRefInternal func '$beh8' type=0 -> 836 ext=0 this=000001B4F7590280
AddRefInternal func '$beh0' type=0 -> 836 ext=0 this=000001B4F7590500
AddRefInternal func '$beh2' type=0 -> 2 ext=0 this=000001B4F7590780
ReleaseInternal func '$beh2' type=0 before=2 ext=0 this=000001B4F7590780
AddRefInternal func '$beh8' type=0 -> 837 ext=0 this=000001B4F7590280
AddRefInternal func '$beh0' type=0 -> 837 ext=0 this=000001B4F7590500
AddRefInternal func '$beh2' type=0 -> 2 ext=0 this=000001B4F7590780
ReleaseInternal func '$beh2' type=0 before=2 ext=0 this=000001B4F7590780
AddRefInternal func '$beh8' type=0 -> 139 ext=0 this=000001B4F821AC80
AddRefInternal func '$beh0' type=0 -> 139 ext=0 this=000001B4F821A500
AddRefInternal func '$beh0' type=0 -> 139 ext=0 this=000001B4F821A780
AddRefInternal func '$beh0' type=0 -> 139 ext=0 this=000001B4F821AF00
AddRefInternal func '$beh8' type=0 -> 140 ext=0 this=000001B4F821AC80
AddRefInternal func '$beh0' type=0 -> 140 ext=0 this=000001B4F821A500
AddRefInternal func '$beh0' type=0 -> 140 ext=0 this=000001B4F821A780
AddRefInternal func '$beh0' type=0 -> 140 ext=0 this=000001B4F821AF00
AddRefInternal func '$beh8' type=0 -> 838 ext=0 this=000001B4F7590280
AddRefInternal func '$beh0' type=0 -> 838 ext=0 this=000001B4F7590500
AddRefInternal func '$beh2' type=0 -> 2 ext=0 this=000001B4F7590780
ReleaseInternal func '$beh2' type=0 before=2 ext=0 this=000001B4F7590780
AddRefInternal func '$beh8' type=0 -> 839 ext=0 this=000001B4F7590280
AddRefInternal func '$beh0' type=0 -> 839 ext=0 this=000001B4F7590500
AddRefInternal func '$beh2' type=0 -> 2 ext=0 this=000001B4F7590780
ReleaseInternal func '$beh2' type=0 before=2 ext=0 this=000001B4F7590780
AddRefInternal func '$beh8' type=0 -> 840 ext=0 this=000001B4F7590280
AddRefInternal func '$beh0' type=0 -> 840 ext=0 this=000001B4F7590500
AddRefInternal func '$beh2' type=0 -> 2 ext=0 this=000001B4F7590780
ReleaseInternal func '$beh2' type=0 before=2 ext=0 this=000001B4F7590780
AddRefInternal func '$beh8' type=0 -> 841 ext=0 this=000001B4F7590280
AddRefInternal func '$beh0' type=0 -> 841 ext=0 this=000001B4F7590500
AddRefInternal func '$beh2' type=0 -> 2 ext=0 this=000001B4F7590780
ReleaseInternal func '$beh2' type=0 before=2 ext=0 this=000001B4F7590780
AddRefInternal func '$beh8' type=0 -> 842 ext=0 this=000001B4F7590280
AddRefInternal func '$beh0' type=0 -> 842 ext=0 this=000001B4F7590500
AddRefInternal func '$beh2' type=0 -> 2 ext=0 this=000001B4F7590780
ReleaseInternal func '$beh2' type=0 before=2 ext=0 this=000001B4F7590780
AddRefInternal func '$beh8' type=0 -> 843 ext=0 this=000001B4F7590280
AddRefInternal func '$beh0' type=0 -> 843 ext=0 this=000001B4F7590500
AddRefInternal func '$beh2' type=0 -> 2 ext=0 this=000001B4F7590780
ReleaseInternal func '$beh2' type=0 before=2 ext=0 this=000001B4F7590780
AddRefInternal func '$beh8' type=0 -> 844 ext=0 this=000001B4F7590280
AddRefInternal func '$beh0' type=0 -> 844 ext=0 this=000001B4F7590500
AddRefInternal func '$beh2' type=0 -> 2 ext=0 this=000001B4F7590780
ReleaseInternal func '$beh2' type=0 before=2 ext=0 this=000001B4F7590780
AddRefInternal func '$beh8' type=0 -> 72 ext=0 this=000001B4F7590A00
AddRefInternal func '$beh0' type=0 -> 72 ext=0 this=000001B4FC6B7A80
AddRefInternal func '$beh0' type=0 -> 72 ext=0 this=000001B4FC6B7D00
AddRefInternal func '$beh0' type=0 -> 72 ext=0 this=000001B4FC6B9B00
AddRefInternal func '$beh0' type=0 -> 72 ext=0 this=000001B4FC6B9D80
AddRefInternal func '$beh2' type=0 -> 2 ext=0 this=000001B4FC6B7F80
ReleaseInternal func '$beh2' type=0 before=2 ext=0 this=000001B4FC6B7F80
AddRefInternal func '$beh8' type=0 -> 845 ext=0 this=000001B4F7590280
AddRefInternal func '$beh0' type=0 -> 845 ext=0 this=000001B4F7590500
AddRefInternal func '$beh2' type=0 -> 2 ext=0 this=000001B4F7590780
ReleaseInternal func '$beh2' type=0 before=2 ext=0 this=000001B4F7590780
AddRefInternal func '$beh8' type=0 -> 846 ext=0 this=000001B4F7590280
AddRefInternal func '$beh0' type=0 -> 846 ext=0 this=000001B4F7590500
AddRefInternal func '$beh2' type=0 -> 2 ext=0 this=000001B4F7590780
ReleaseInternal func '$beh2' type=0 before=2 ext=0 this=000001B4F7590780
AddRefInternal func '$beh8' type=0 -> 847 ext=0 this=000001B4F7590280
AddRefInternal func '$beh0' type=0 -> 847 ext=0 this=000001B4F7590500
AddRefInternal func '$beh2' type=0 -> 2 ext=0 this=000001B4F7590780
ReleaseInternal func '$beh2' type=0 before=2 ext=0 this=000001B4F7590780
AddRefInternal func '$beh8' type=0 -> 848 ext=0 this=000001B4F7590280
AddRefInternal func '$beh0' type=0 -> 848 ext=0 this=000001B4F7590500
AddRefInternal func '$beh2' type=0 -> 2 ext=0 this=000001B4F7590780
ReleaseInternal func '$beh2' type=0 before=2 ext=0 this=000001B4F7590780
AddRefInternal func '$beh8' type=0 -> 849 ext=0 this=000001B4F7590280
AddRefInternal func '$beh0' type=0 -> 849 ext=0 this=000001B4F7590500
AddRefInternal func '$beh2' type=0 -> 2 ext=0 this=000001B4F7590780
ReleaseInternal func '$beh2' type=0 before=2 ext=0 this=000001B4F7590780
AddRefInternal func '$beh8' type=0 -> 850 ext=0 this=000001B4F7590280
AddRefInternal func '$beh0' type=0 -> 850 ext=0 this=000001B4F7590500
AddRefInternal func '$beh2' type=0 -> 2 ext=0 this=000001B4F7590780
ReleaseInternal func '$beh2' type=0 before=2 ext=0 this=000001B4F7590780
AddRefInternal func '$beh8' type=0 -> 851 ext=0 this=000001B4F7590280
AddRefInternal func '$beh0' type=0 -> 851 ext=0 this=000001B4F7590500
AddRefInternal func '$beh2' type=0 -> 2 ext=0 this=000001B4F7590780
ReleaseInternal func '$beh2' type=0 before=2 ext=0 this=000001B4F7590780
AddRefInternal func '$beh8' type=0 -> 852 ext=0 this=000001B4F7590280
AddRefInternal func '$beh0' type=0 -> 852 ext=0 this=000001B4F7590500
AddRefInternal func '$beh2' type=0 -> 2 ext=0 this=000001B4F7590780
ReleaseInternal func '$beh2' type=0 before=2 ext=0 this=000001B4F7590780
AddRefInternal func '$beh8' type=0 -> 853 ext=0 this=000001B4F7590280
AddRefInternal func '$beh0' type=0 -> 853 ext=0 this=000001B4F7590500
AddRefInternal func '$beh2' type=0 -> 2 ext=0 this=000001B4F7590780
ReleaseInternal func '$beh2' type=0 before=2 ext=0 this=000001B4F7590780
AddRefInternal func '$beh8' type=0 -> 141 ext=0 this=000001B4F821AC80
AddRefInternal func '$beh0' type=0 -> 141 ext=0 this=000001B4F821A500
AddRefInternal func '$beh0' type=0 -> 141 ext=0 this=000001B4F821A780
AddRefInternal func '$beh0' type=0 -> 141 ext=0 this=000001B4F821AF00
AddRefInternal func '$beh8' type=0 -> 854 ext=0 this=000001B4F7590280
AddRefInternal func '$beh0' type=0 -> 854 ext=0 this=000001B4F7590500
AddRefInternal func '$beh2' type=0 -> 2 ext=0 this=000001B4F7590780
ReleaseInternal func '$beh2' type=0 before=2 ext=0 this=000001B4F7590780
AddRefInternal func '$beh8' type=0 -> 855 ext=0 this=000001B4F7590280
AddRefInternal func '$beh0' type=0 -> 855 ext=0 this=000001B4F7590500
AddRefInternal func '$beh2' type=0 -> 2 ext=0 this=000001B4F7590780
ReleaseInternal func '$beh2' type=0 before=2 ext=0 this=000001B4F7590780
AddRefInternal func '$beh8' type=0 -> 856 ext=0 this=000001B4F7590280
AddRefInternal func '$beh0' type=0 -> 856 ext=0 this=000001B4F7590500
AddRefInternal func '$beh2' type=0 -> 2 ext=0 this=000001B4F7590780
ReleaseInternal func '$beh2' type=0 before=2 ext=0 this=000001B4F7590780
AddRefInternal func '$beh8' type=0 -> 857 ext=0 this=000001B4F7590280
AddRefInternal func '$beh0' type=0 -> 857 ext=0 this=000001B4F7590500
AddRefInternal func '$beh2' type=0 -> 2 ext=0 this=000001B4F7590780
ReleaseInternal func '$beh2' type=0 before=2 ext=0 this=000001B4F7590780
AddRefInternal func '$beh8' type=0 -> 858 ext=0 this=000001B4F7590280
AddRefInternal func '$beh0' type=0 -> 858 ext=0 this=000001B4F7590500
AddRefInternal func '$beh2' type=0 -> 2 ext=0 this=000001B4F7590780
ReleaseInternal func '$beh2' type=0 before=2 ext=0 this=000001B4F7590780
AddRefInternal func '$beh8' type=0 -> 859 ext=0 this=000001B4F7590280
AddRefInternal func '$beh0' type=0 -> 859 ext=0 this=000001B4F7590500
AddRefInternal func '$beh2' type=0 -> 2 ext=0 this=000001B4F7590780
ReleaseInternal func '$beh2' type=0 before=2 ext=0 this=000001B4F7590780
AddRefInternal func '$beh8' type=0 -> 24 ext=0 this=000001B4F8213480
AddRefInternal func '$beh0' type=0 -> 24 ext=0 this=000001B4F8212A80
AddRefInternal func '$beh0' type=0 -> 24 ext=0 this=000001B4F8212D00
AddRefInternal func '$beh0' type=0 -> 24 ext=0 this=000001B4F8212F80
AddRefInternal func '$beh2' type=0 -> 2 ext=0 this=000001B4F8213200
ReleaseInternal func '$beh2' type=0 before=2 ext=0 this=000001B4F8213200
AddRefInternal func '$beh8' type=0 -> 25 ext=0 this=000001B4F8213480
AddRefInternal func '$beh0' type=0 -> 25 ext=0 this=000001B4F8212A80
AddRefInternal func '$beh0' type=0 -> 25 ext=0 this=000001B4F8212D00
AddRefInternal func '$beh0' type=0 -> 25 ext=0 this=000001B4F8212F80
AddRefInternal func '$beh2' type=0 -> 2 ext=0 this=000001B4F8213200
ReleaseInternal func '$beh2' type=0 before=2 ext=0 this=000001B4F8213200
AddRefInternal func '$beh8' type=0 -> 860 ext=0 this=000001B4F7590280
AddRefInternal func '$beh0' type=0 -> 860 ext=0 this=000001B4F7590500
AddRefInternal func '$beh2' type=0 -> 2 ext=0 this=000001B4F7590780
ReleaseInternal func '$beh2' type=0 before=2 ext=0 this=000001B4F7590780
AddRefInternal func '$beh8' type=0 -> 861 ext=0 this=000001B4F7590280
AddRefInternal func '$beh0' type=0 -> 861 ext=0 this=000001B4F7590500
AddRefInternal func '$beh2' type=0 -> 2 ext=0 this=000001B4F7590780
ReleaseInternal func '$beh2' type=0 before=2 ext=0 this=000001B4F7590780
AddRefInternal func '$beh8' type=0 -> 862 ext=0 this=000001B4F7590280
AddRefInternal func '$beh0' type=0 -> 862 ext=0 this=000001B4F7590500
AddRefInternal func '$beh2' type=0 -> 2 ext=0 this=000001B4F7590780
ReleaseInternal func '$beh2' type=0 before=2 ext=0 this=000001B4F7590780
AddRefInternal func '$beh8' type=0 -> 863 ext=0 this=000001B4F7590280
AddRefInternal func '$beh0' type=0 -> 863 ext=0 this=000001B4F7590500
AddRefInternal func '$beh2' type=0 -> 2 ext=0 this=000001B4F7590780
ReleaseInternal func '$beh2' type=0 before=2 ext=0 this=000001B4F7590780
AddRefInternal func '$beh8' type=0 -> 864 ext=0 this=000001B4F7590280
AddRefInternal func '$beh0' type=0 -> 864 ext=0 this=000001B4F7590500
AddRefInternal func '$beh2' type=0 -> 2 ext=0 this=000001B4F7590780
ReleaseInternal func '$beh2' type=0 before=2 ext=0 this=000001B4F7590780
AddRefInternal func '$beh8' type=0 -> 865 ext=0 this=000001B4F7590280
AddRefInternal func '$beh0' type=0 -> 865 ext=0 this=000001B4F7590500
AddRefInternal func '$beh2' type=0 -> 2 ext=0 this=000001B4F7590780
ReleaseInternal func '$beh2' type=0 before=2 ext=0 this=000001B4F7590780
AddRefInternal func '$beh8' type=0 -> 104 ext=0 this=000001B4F7599880
AddRefInternal func '$beh0' type=0 -> 104 ext=0 this=000001B4F7599380
AddRefInternal func '$beh2' type=0 -> 2 ext=0 this=000001B4F7599600
ReleaseInternal func '$beh2' type=0 before=2 ext=0 this=000001B4F7599600
AddRefInternal func '$beh8' type=0 -> 866 ext=0 this=000001B4F7590280
AddRefInternal func '$beh0' type=0 -> 866 ext=0 this=000001B4F7590500
AddRefInternal func '$beh2' type=0 -> 2 ext=0 this=000001B4F7590780
ReleaseInternal func '$beh2' type=0 before=2 ext=0 this=000001B4F7590780
AddRefInternal func '$beh8' type=0 -> 867 ext=0 this=000001B4F7590280
AddRefInternal func '$beh0' type=0 -> 867 ext=0 this=000001B4F7590500
AddRefInternal func '$beh2' type=0 -> 2 ext=0 this=000001B4F7590780
ReleaseInternal func '$beh2' type=0 before=2 ext=0 this=000001B4F7590780
AddRefInternal func '$beh8' type=0 -> 868 ext=0 this=000001B4F7590280
AddRefInternal func '$beh0' type=0 -> 868 ext=0 this=000001B4F7590500
AddRefInternal func '$beh2' type=0 -> 2 ext=0 this=000001B4F7590780
ReleaseInternal func '$beh2' type=0 before=2 ext=0 this=000001B4F7590780
AddRefInternal func '$beh8' type=0 -> 122 ext=0 this=000001B4F8211680
AddRefInternal func '$beh0' type=0 -> 122 ext=0 this=000001B4F8210F00
AddRefInternal func '$beh0' type=0 -> 122 ext=0 this=000001B4F8211180
AddRefInternal func '$beh0' type=0 -> 122 ext=0 this=000001B4F8211900
AddRefInternal func '$beh8' type=0 -> 869 ext=0 this=000001B4F7590280
AddRefInternal func '$beh0' type=0 -> 869 ext=0 this=000001B4F7590500
AddRefInternal func '$beh2' type=0 -> 2 ext=0 this=000001B4F7590780
ReleaseInternal func '$beh2' type=0 before=2 ext=0 this=000001B4F7590780
AddRefInternal func '$beh8' type=0 -> 142 ext=0 this=000001B4F821AC80
AddRefInternal func '$beh0' type=0 -> 142 ext=0 this=000001B4F821A500
AddRefInternal func '$beh0' type=0 -> 142 ext=0 this=000001B4F821A780
AddRefInternal func '$beh0' type=0 -> 142 ext=0 this=000001B4F821AF00
AddRefInternal func '$beh8' type=0 -> 870 ext=0 this=000001B4F7590280
AddRefInternal func '$beh0' type=0 -> 870 ext=0 this=000001B4F7590500
AddRefInternal func '$beh2' type=0 -> 2 ext=0 this=000001B4F7590780
ReleaseInternal func '$beh2' type=0 before=2 ext=0 this=000001B4F7590780
AddRefInternal func '$beh8' type=0 -> 871 ext=0 this=000001B4F7590280
AddRefInternal func '$beh0' type=0 -> 871 ext=0 this=000001B4F7590500
AddRefInternal func '$beh2' type=0 -> 2 ext=0 this=000001B4F7590780
ReleaseInternal func '$beh2' type=0 before=2 ext=0 this=000001B4F7590780
AddRefInternal func '$beh8' type=0 -> 872 ext=0 this=000001B4F7590280
AddRefInternal func '$beh0' type=0 -> 872 ext=0 this=000001B4F7590500
AddRefInternal func '$beh2' type=0 -> 2 ext=0 this=000001B4F7590780
ReleaseInternal func '$beh2' type=0 before=2 ext=0 this=000001B4F7590780
AddRefInternal func '$beh8' type=0 -> 105 ext=0 this=000001B4F7599880
AddRefInternal func '$beh0' type=0 -> 105 ext=0 this=000001B4F7599380
AddRefInternal func '$beh2' type=0 -> 2 ext=0 this=000001B4F7599600
ReleaseInternal func '$beh2' type=0 before=2 ext=0 this=000001B4F7599600
AddRefInternal func '$beh8' type=0 -> 123 ext=0 this=000001B4F8211680
AddRefInternal func '$beh0' type=0 -> 123 ext=0 this=000001B4F8210F00
AddRefInternal func '$beh0' type=0 -> 123 ext=0 this=000001B4F8211180
AddRefInternal func '$beh0' type=0 -> 123 ext=0 this=000001B4F8211900
AddRefInternal func '$beh8' type=0 -> 873 ext=0 this=000001B4F7590280
AddRefInternal func '$beh0' type=0 -> 873 ext=0 this=000001B4F7590500
AddRefInternal func '$beh2' type=0 -> 2 ext=0 this=000001B4F7590780
ReleaseInternal func '$beh2' type=0 before=2 ext=0 this=000001B4F7590780
AddRefInternal func '$beh8' type=0 -> 874 ext=0 this=000001B4F7590280
AddRefInternal func '$beh0' type=0 -> 874 ext=0 this=000001B4F7590500
AddRefInternal func '$beh2' type=0 -> 2 ext=0 this=000001B4F7590780
ReleaseInternal func '$beh2' type=0 before=2 ext=0 this=000001B4F7590780
AddRefInternal func '$beh8' type=0 -> 875 ext=0 this=000001B4F7590280
AddRefInternal func '$beh0' type=0 -> 875 ext=0 this=000001B4F7590500
AddRefInternal func '$beh2' type=0 -> 2 ext=0 this=000001B4F7590780
ReleaseInternal func '$beh2' type=0 before=2 ext=0 this=000001B4F7590780
AddRefInternal func '$beh8' type=0 -> 106 ext=0 this=000001B4F7599880
AddRefInternal func '$beh0' type=0 -> 106 ext=0 this=000001B4F7599380
AddRefInternal func '$beh2' type=0 -> 2 ext=0 this=000001B4F7599600
ReleaseInternal func '$beh2' type=0 before=2 ext=0 this=000001B4F7599600
AddRefInternal func '$beh8' type=0 -> 876 ext=0 this=000001B4F7590280
AddRefInternal func '$beh0' type=0 -> 876 ext=0 this=000001B4F7590500
AddRefInternal func '$beh2' type=0 -> 2 ext=0 this=000001B4F7590780
ReleaseInternal func '$beh2' type=0 before=2 ext=0 this=000001B4F7590780
AddRefInternal func '$beh8' type=0 -> 877 ext=0 this=000001B4F7590280
AddRefInternal func '$beh0' type=0 -> 877 ext=0 this=000001B4F7590500
AddRefInternal func '$beh2' type=0 -> 2 ext=0 this=000001B4F7590780
ReleaseInternal func '$beh2' type=0 before=2 ext=0 this=000001B4F7590780
AddRefInternal func '$beh8' type=0 -> 143 ext=0 this=000001B4F821AC80
AddRefInternal func '$beh0' type=0 -> 143 ext=0 this=000001B4F821A500
AddRefInternal func '$beh0' type=0 -> 143 ext=0 this=000001B4F821A780
AddRefInternal func '$beh0' type=0 -> 143 ext=0 this=000001B4F821AF00
AddRefInternal func '$beh8' type=0 -> 73 ext=0 this=000001B4F7590A00
AddRefInternal func '$beh0' type=0 -> 73 ext=0 this=000001B4FC6B7A80
AddRefInternal func '$beh0' type=0 -> 73 ext=0 this=000001B4FC6B7D00
AddRefInternal func '$beh0' type=0 -> 73 ext=0 this=000001B4FC6B9B00
AddRefInternal func '$beh0' type=0 -> 73 ext=0 this=000001B4FC6B9D80
AddRefInternal func '$beh2' type=0 -> 2 ext=0 this=000001B4FC6B7F80
ReleaseInternal func '$beh2' type=0 before=2 ext=0 this=000001B4FC6B7F80
AddRefInternal func '$beh8' type=0 -> 74 ext=0 this=000001B4F7590A00
AddRefInternal func '$beh0' type=0 -> 74 ext=0 this=000001B4FC6B7A80
AddRefInternal func '$beh0' type=0 -> 74 ext=0 this=000001B4FC6B7D00
AddRefInternal func '$beh0' type=0 -> 74 ext=0 this=000001B4FC6B9B00
AddRefInternal func '$beh0' type=0 -> 74 ext=0 this=000001B4FC6B9D80
AddRefInternal func '$beh2' type=0 -> 2 ext=0 this=000001B4FC6B7F80
ReleaseInternal func '$beh2' type=0 before=2 ext=0 this=000001B4FC6B7F80
AddRefInternal func '$beh8' type=0 -> 75 ext=0 this=000001B4F7590A00
AddRefInternal func '$beh0' type=0 -> 75 ext=0 this=000001B4FC6B7A80
AddRefInternal func '$beh0' type=0 -> 75 ext=0 this=000001B4FC6B7D00
AddRefInternal func '$beh0' type=0 -> 75 ext=0 this=000001B4FC6B9B00
AddRefInternal func '$beh0' type=0 -> 75 ext=0 this=000001B4FC6B9D80
AddRefInternal func '$beh2' type=0 -> 2 ext=0 this=000001B4FC6B7F80
ReleaseInternal func '$beh2' type=0 before=2 ext=0 this=000001B4FC6B7F80
AddRefInternal func '$beh8' type=0 -> 878 ext=0 this=000001B4F7590280
AddRefInternal func '$beh0' type=0 -> 878 ext=0 this=000001B4F7590500
AddRefInternal func '$beh2' type=0 -> 2 ext=0 this=000001B4F7590780
ReleaseInternal func '$beh2' type=0 before=2 ext=0 this=000001B4F7590780
AddRefInternal func '$beh8' type=0 -> 76 ext=0 this=000001B4F7590A00
AddRefInternal func '$beh0' type=0 -> 76 ext=0 this=000001B4FC6B7A80
AddRefInternal func '$beh0' type=0 -> 76 ext=0 this=000001B4FC6B7D00
AddRefInternal func '$beh0' type=0 -> 76 ext=0 this=000001B4FC6B9B00
AddRefInternal func '$beh0' type=0 -> 76 ext=0 this=000001B4FC6B9D80
AddRefInternal func '$beh2' type=0 -> 2 ext=0 this=000001B4FC6B7F80
ReleaseInternal func '$beh2' type=0 before=2 ext=0 this=000001B4FC6B7F80
AddRefInternal func '$beh8' type=0 -> 34 ext=0 this=000001B4F8215500
AddRefInternal func '$beh0' type=0 -> 34 ext=0 this=000001B4F8215000
AddRefInternal func '$beh2' type=0 -> 2 ext=0 this=000001B4F8215280
ReleaseInternal func '$beh2' type=0 before=2 ext=0 this=000001B4F8215280
AddRefInternal func '$beh8' type=0 -> 879 ext=0 this=000001B4F7590280
AddRefInternal func '$beh0' type=0 -> 879 ext=0 this=000001B4F7590500
AddRefInternal func '$beh2' type=0 -> 2 ext=0 this=000001B4F7590780
ReleaseInternal func '$beh2' type=0 before=2 ext=0 this=000001B4F7590780
AddRefInternal func '$beh8' type=0 -> 32 ext=0 this=000001B4F821D480
AddRefInternal func '$beh0' type=0 -> 32 ext=0 this=000001B4F821CD00
AddRefInternal func '$beh0' type=0 -> 32 ext=0 this=000001B4F821CF80
AddRefInternal func '$beh0' type=0 -> 32 ext=0 this=000001B4F821D700
AddRefInternal func '$beh8' type=0 -> 880 ext=0 this=000001B4F7590280
AddRefInternal func '$beh0' type=0 -> 880 ext=0 this=000001B4F7590500
AddRefInternal func '$beh2' type=0 -> 2 ext=0 this=000001B4F7590780
ReleaseInternal func '$beh2' type=0 before=2 ext=0 this=000001B4F7590780
AddRefInternal func '$beh8' type=0 -> 33 ext=0 this=000001B4F821D480
AddRefInternal func '$beh0' type=0 -> 33 ext=0 this=000001B4F821CD00
AddRefInternal func '$beh0' type=0 -> 33 ext=0 this=000001B4F821CF80
AddRefInternal func '$beh0' type=0 -> 33 ext=0 this=000001B4F821D700
AddRefInternal func '$beh8' type=0 -> 881 ext=0 this=000001B4F7590280
AddRefInternal func '$beh0' type=0 -> 881 ext=0 this=000001B4F7590500
AddRefInternal func '$beh2' type=0 -> 2 ext=0 this=000001B4F7590780
ReleaseInternal func '$beh2' type=0 before=2 ext=0 this=000001B4F7590780
AddRefInternal func '$beh8' type=0 -> 107 ext=0 this=000001B4F7599880
AddRefInternal func '$beh0' type=0 -> 107 ext=0 this=000001B4F7599380
AddRefInternal func '$beh2' type=0 -> 2 ext=0 this=000001B4F7599600
ReleaseInternal func '$beh2' type=0 before=2 ext=0 this=000001B4F7599600
AddRefInternal func '$beh8' type=0 -> 30 ext=0 this=000001B4F7590C80
AddRefInternal func '$beh0' type=0 -> 30 ext=0 this=000001B4FC6BB180
AddRefInternal func '$beh0' type=0 -> 30 ext=0 this=000001B4FC6BB400
AddRefInternal func '$beh0' type=0 -> 30 ext=0 this=000001B4FC6BD200
AddRefInternal func '$beh0' type=0 -> 30 ext=0 this=000001B4FC6BD480
AddRefInternal func '$beh0' type=0 -> 30 ext=0 this=000001B4FC6BD700
AddRefInternal func '$beh2' type=0 -> 2 ext=0 this=000001B4FC6BB680
ReleaseInternal func '$beh2' type=0 before=2 ext=0 this=000001B4FC6BB680
AddRefInternal func '$beh8' type=0 -> 108 ext=0 this=000001B4F7599880
AddRefInternal func '$beh0' type=0 -> 108 ext=0 this=000001B4F7599380
AddRefInternal func '$beh2' type=0 -> 2 ext=0 this=000001B4F7599600
ReleaseInternal func '$beh2' type=0 before=2 ext=0 this=000001B4F7599600
AddRefInternal func '$beh8' type=0 -> 109 ext=0 this=000001B4F7599880
AddRefInternal func '$beh0' type=0 -> 109 ext=0 this=000001B4F7599380
AddRefInternal func '$beh2' type=0 -> 2 ext=0 this=000001B4F7599600
ReleaseInternal func '$beh2' type=0 before=2 ext=0 this=000001B4F7599600
AddRefInternal func '$beh8' type=0 -> 110 ext=0 this=000001B4F7599880
AddRefInternal func '$beh0' type=0 -> 110 ext=0 this=000001B4F7599380
AddRefInternal func '$beh2' type=0 -> 2 ext=0 this=000001B4F7599600
ReleaseInternal func '$beh2' type=0 before=2 ext=0 this=000001B4F7599600
AddRefInternal func '$beh8' type=0 -> 882 ext=0 this=000001B4F7590280
AddRefInternal func '$beh0' type=0 -> 882 ext=0 this=000001B4F7590500
AddRefInternal func '$beh2' type=0 -> 2 ext=0 this=000001B4F7590780
ReleaseInternal func '$beh2' type=0 before=2 ext=0 this=000001B4F7590780
AddRefInternal func '$beh8' type=0 -> 883 ext=0 this=000001B4F7590280
AddRefInternal func '$beh0' type=0 -> 883 ext=0 this=000001B4F7590500
AddRefInternal func '$beh2' type=0 -> 2 ext=0 this=000001B4F7590780
ReleaseInternal func '$beh2' type=0 before=2 ext=0 this=000001B4F7590780
AddRefInternal func '$beh8' type=0 -> 884 ext=0 this=000001B4F7590280
AddRefInternal func '$beh0' type=0 -> 884 ext=0 this=000001B4F7590500
AddRefInternal func '$beh2' type=0 -> 2 ext=0 this=000001B4F7590780
ReleaseInternal func '$beh2' type=0 before=2 ext=0 this=000001B4F7590780
AddRefInternal func '$beh8' type=0 -> 885 ext=0 this=000001B4F7590280
AddRefInternal func '$beh0' type=0 -> 885 ext=0 this=000001B4F7590500
AddRefInternal func '$beh2' type=0 -> 2 ext=0 this=000001B4F7590780
ReleaseInternal func '$beh2' type=0 before=2 ext=0 this=000001B4F7590780
AddRefInternal func '$beh8' type=0 -> 111 ext=0 this=000001B4F7599880
AddRefInternal func '$beh0' type=0 -> 111 ext=0 this=000001B4F7599380
AddRefInternal func '$beh2' type=0 -> 2 ext=0 this=000001B4F7599600
ReleaseInternal func '$beh2' type=0 before=2 ext=0 this=000001B4F7599600
AddRefInternal func '$beh8' type=0 -> 112 ext=0 this=000001B4F7599880
AddRefInternal func '$beh0' type=0 -> 112 ext=0 this=000001B4F7599380
AddRefInternal func '$beh2' type=0 -> 2 ext=0 this=000001B4F7599600
ReleaseInternal func '$beh2' type=0 before=2 ext=0 this=000001B4F7599600
AddRefInternal func '$beh8' type=0 -> 886 ext=0 this=000001B4F7590280
AddRefInternal func '$beh0' type=0 -> 886 ext=0 this=000001B4F7590500
AddRefInternal func '$beh2' type=0 -> 2 ext=0 this=000001B4F7590780
ReleaseInternal func '$beh2' type=0 before=2 ext=0 this=000001B4F7590780
AddRefInternal func '$beh8' type=0 -> 887 ext=0 this=000001B4F7590280
AddRefInternal func '$beh0' type=0 -> 887 ext=0 this=000001B4F7590500
AddRefInternal func '$beh2' type=0 -> 2 ext=0 this=000001B4F7590780
ReleaseInternal func '$beh2' type=0 before=2 ext=0 this=000001B4F7590780
AddRefInternal func '$beh8' type=0 -> 888 ext=0 this=000001B4F7590280
AddRefInternal func '$beh0' type=0 -> 888 ext=0 this=000001B4F7590500
AddRefInternal func '$beh2' type=0 -> 2 ext=0 this=000001B4F7590780
ReleaseInternal func '$beh2' type=0 before=2 ext=0 this=000001B4F7590780
AddRefInternal func '$beh8' type=0 -> 889 ext=0 this=000001B4F7590280
AddRefInternal func '$beh0' type=0 -> 889 ext=0 this=000001B4F7590500
AddRefInternal func '$beh2' type=0 -> 2 ext=0 this=000001B4F7590780
ReleaseInternal func '$beh2' type=0 before=2 ext=0 this=000001B4F7590780
AddRefInternal func '$beh8' type=0 -> 890 ext=0 this=000001B4F7590280
AddRefInternal func '$beh0' type=0 -> 890 ext=0 this=000001B4F7590500
AddRefInternal func '$beh2' type=0 -> 2 ext=0 this=000001B4F7590780
ReleaseInternal func '$beh2' type=0 before=2 ext=0 this=000001B4F7590780
AddRefInternal func '$beh8' type=0 -> 891 ext=0 this=000001B4F7590280
AddRefInternal func '$beh0' type=0 -> 891 ext=0 this=000001B4F7590500
AddRefInternal func '$beh2' type=0 -> 2 ext=0 this=000001B4F7590780
ReleaseInternal func '$beh2' type=0 before=2 ext=0 this=000001B4F7590780
AddRefInternal func '$beh8' type=0 -> 892 ext=0 this=000001B4F7590280
AddRefInternal func '$beh0' type=0 -> 892 ext=0 this=000001B4F7590500
AddRefInternal func '$beh2' type=0 -> 2 ext=0 this=000001B4F7590780
ReleaseInternal func '$beh2' type=0 before=2 ext=0 this=000001B4F7590780
AddRefInternal func '$beh8' type=0 -> 124 ext=0 this=000001B4F8211680
AddRefInternal func '$beh0' type=0 -> 124 ext=0 this=000001B4F8210F00
AddRefInternal func '$beh0' type=0 -> 124 ext=0 this=000001B4F8211180
AddRefInternal func '$beh0' type=0 -> 124 ext=0 this=000001B4F8211900
AddRefInternal func '$beh8' type=0 -> 893 ext=0 this=000001B4F7590280
AddRefInternal func '$beh0' type=0 -> 893 ext=0 this=000001B4F7590500
AddRefInternal func '$beh2' type=0 -> 2 ext=0 this=000001B4F7590780
ReleaseInternal func '$beh2' type=0 before=2 ext=0 this=000001B4F7590780
AddRefInternal func '$beh8' type=0 -> 144 ext=0 this=000001B4F821AC80
AddRefInternal func '$beh0' type=0 -> 144 ext=0 this=000001B4F821A500
AddRefInternal func '$beh0' type=0 -> 144 ext=0 this=000001B4F821A780
AddRefInternal func '$beh0' type=0 -> 144 ext=0 this=000001B4F821AF00
AddRefInternal func '$beh8' type=0 -> 894 ext=0 this=000001B4F7590280
AddRefInternal func '$beh0' type=0 -> 894 ext=0 this=000001B4F7590500
AddRefInternal func '$beh2' type=0 -> 2 ext=0 this=000001B4F7590780
ReleaseInternal func '$beh2' type=0 before=2 ext=0 this=000001B4F7590780
AddRefInternal func '$beh8' type=0 -> 895 ext=0 this=000001B4F7590280
AddRefInternal func '$beh0' type=0 -> 895 ext=0 this=000001B4F7590500
AddRefInternal func '$beh2' type=0 -> 2 ext=0 this=000001B4F7590780
ReleaseInternal func '$beh2' type=0 before=2 ext=0 this=000001B4F7590780
AddRefInternal func '$beh8' type=0 -> 896 ext=0 this=000001B4F7590280
AddRefInternal func '$beh0' type=0 -> 896 ext=0 this=000001B4F7590500
AddRefInternal func '$beh2' type=0 -> 2 ext=0 this=000001B4F7590780
ReleaseInternal func '$beh2' type=0 before=2 ext=0 this=000001B4F7590780
AddRefInternal func '$beh8' type=0 -> 897 ext=0 this=000001B4F7590280
AddRefInternal func '$beh0' type=0 -> 897 ext=0 this=000001B4F7590500
AddRefInternal func '$beh2' type=0 -> 2 ext=0 this=000001B4F7590780
ReleaseInternal func '$beh2' type=0 before=2 ext=0 this=000001B4F7590780
AddRefInternal func '$beh8' type=0 -> 898 ext=0 this=000001B4F7590280
AddRefInternal func '$beh0' type=0 -> 898 ext=0 this=000001B4F7590500
AddRefInternal func '$beh2' type=0 -> 2 ext=0 this=000001B4F7590780
ReleaseInternal func '$beh2' type=0 before=2 ext=0 this=000001B4F7590780
AddRefInternal func '$beh8' type=0 -> 899 ext=0 this=000001B4F7590280
AddRefInternal func '$beh0' type=0 -> 899 ext=0 this=000001B4F7590500
AddRefInternal func '$beh2' type=0 -> 2 ext=0 this=000001B4F7590780
ReleaseInternal func '$beh2' type=0 before=2 ext=0 this=000001B4F7590780
AddRefInternal func '$beh8' type=0 -> 145 ext=0 this=000001B4F821AC80
AddRefInternal func '$beh0' type=0 -> 145 ext=0 this=000001B4F821A500
AddRefInternal func '$beh0' type=0 -> 145 ext=0 this=000001B4F821A780
AddRefInternal func '$beh0' type=0 -> 145 ext=0 this=000001B4F821AF00
AddRefInternal func '$beh8' type=0 -> 900 ext=0 this=000001B4F7590280
AddRefInternal func '$beh0' type=0 -> 900 ext=0 this=000001B4F7590500
AddRefInternal func '$beh2' type=0 -> 2 ext=0 this=000001B4F7590780
ReleaseInternal func '$beh2' type=0 before=2 ext=0 this=000001B4F7590780
AddRefInternal func '$beh8' type=0 -> 901 ext=0 this=000001B4F7590280
AddRefInternal func '$beh0' type=0 -> 901 ext=0 this=000001B4F7590500
AddRefInternal func '$beh2' type=0 -> 2 ext=0 this=000001B4F7590780
ReleaseInternal func '$beh2' type=0 before=2 ext=0 this=000001B4F7590780
AddRefInternal func '$beh8' type=0 -> 902 ext=0 this=000001B4F7590280
AddRefInternal func '$beh0' type=0 -> 902 ext=0 this=000001B4F7590500
AddRefInternal func '$beh2' type=0 -> 2 ext=0 this=000001B4F7590780
ReleaseInternal func '$beh2' type=0 before=2 ext=0 this=000001B4F7590780
AddRefInternal func '$beh8' type=0 -> 903 ext=0 this=000001B4F7590280
AddRefInternal func '$beh0' type=0 -> 903 ext=0 this=000001B4F7590500
AddRefInternal func '$beh2' type=0 -> 2 ext=0 this=000001B4F7590780
ReleaseInternal func '$beh2' type=0 before=2 ext=0 this=000001B4F7590780
AddRefInternal func '$beh8' type=0 -> 904 ext=0 this=000001B4F7590280
AddRefInternal func '$beh0' type=0 -> 904 ext=0 this=000001B4F7590500
AddRefInternal func '$beh2' type=0 -> 2 ext=0 this=000001B4F7590780
ReleaseInternal func '$beh2' type=0 before=2 ext=0 this=000001B4F7590780
AddRefInternal func '$beh8' type=0 -> 113 ext=0 this=000001B4F7599880
AddRefInternal func '$beh0' type=0 -> 113 ext=0 this=000001B4F7599380
AddRefInternal func '$beh2' type=0 -> 2 ext=0 this=000001B4F7599600
ReleaseInternal func '$beh2' type=0 before=2 ext=0 this=000001B4F7599600
AddRefInternal func '$beh8' type=0 -> 905 ext=0 this=000001B4F7590280
AddRefInternal func '$beh0' type=0 -> 905 ext=0 this=000001B4F7590500
AddRefInternal func '$beh2' type=0 -> 2 ext=0 this=000001B4F7590780
ReleaseInternal func '$beh2' type=0 before=2 ext=0 this=000001B4F7590780
AddRefInternal func '$beh8' type=0 -> 114 ext=0 this=000001B4F7599880
AddRefInternal func '$beh0' type=0 -> 114 ext=0 this=000001B4F7599380
AddRefInternal func '$beh2' type=0 -> 2 ext=0 this=000001B4F7599600
ReleaseInternal func '$beh2' type=0 before=2 ext=0 this=000001B4F7599600
AddRefInternal func '$beh8' type=0 -> 906 ext=0 this=000001B4F7590280
AddRefInternal func '$beh0' type=0 -> 906 ext=0 this=000001B4F7590500
AddRefInternal func '$beh2' type=0 -> 2 ext=0 this=000001B4F7590780
ReleaseInternal func '$beh2' type=0 before=2 ext=0 this=000001B4F7590780
AddRefInternal func '$beh8' type=0 -> 907 ext=0 this=000001B4F7590280
AddRefInternal func '$beh0' type=0 -> 907 ext=0 this=000001B4F7590500
AddRefInternal func '$beh2' type=0 -> 2 ext=0 this=000001B4F7590780
ReleaseInternal func '$beh2' type=0 before=2 ext=0 this=000001B4F7590780
AddRefInternal func '$beh8' type=0 -> 908 ext=0 this=000001B4F7590280
AddRefInternal func '$beh0' type=0 -> 908 ext=0 this=000001B4F7590500
AddRefInternal func '$beh2' type=0 -> 2 ext=0 this=000001B4F7590780
ReleaseInternal func '$beh2' type=0 before=2 ext=0 this=000001B4F7590780
AddRefInternal func '$beh8' type=0 -> 909 ext=0 this=000001B4F7590280
AddRefInternal func '$beh0' type=0 -> 909 ext=0 this=000001B4F7590500
AddRefInternal func '$beh2' type=0 -> 2 ext=0 this=000001B4F7590780
ReleaseInternal func '$beh2' type=0 before=2 ext=0 this=000001B4F7590780
AddRefInternal func '$beh8' type=0 -> 910 ext=0 this=000001B4F7590280
AddRefInternal func '$beh0' type=0 -> 910 ext=0 this=000001B4F7590500
AddRefInternal func '$beh2' type=0 -> 2 ext=0 this=000001B4F7590780
ReleaseInternal func '$beh2' type=0 before=2 ext=0 this=000001B4F7590780
AddRefInternal func '$beh8' type=0 -> 911 ext=0 this=000001B4F7590280
AddRefInternal func '$beh0' type=0 -> 911 ext=0 this=000001B4F7590500
AddRefInternal func '$beh2' type=0 -> 2 ext=0 this=000001B4F7590780
ReleaseInternal func '$beh2' type=0 before=2 ext=0 this=000001B4F7590780
AddRefInternal func '$beh8' type=0 -> 912 ext=0 this=000001B4F7590280
AddRefInternal func '$beh0' type=0 -> 912 ext=0 this=000001B4F7590500
AddRefInternal func '$beh2' type=0 -> 2 ext=0 this=000001B4F7590780
ReleaseInternal func '$beh2' type=0 before=2 ext=0 this=000001B4F7590780
AddRefInternal func '$beh8' type=0 -> 913 ext=0 this=000001B4F7590280
AddRefInternal func '$beh0' type=0 -> 913 ext=0 this=000001B4F7590500
AddRefInternal func '$beh2' type=0 -> 2 ext=0 this=000001B4F7590780
ReleaseInternal func '$beh2' type=0 before=2 ext=0 this=000001B4F7590780
AddRefInternal func '$beh8' type=0 -> 914 ext=0 this=000001B4F7590280
AddRefInternal func '$beh0' type=0 -> 914 ext=0 this=000001B4F7590500
AddRefInternal func '$beh2' type=0 -> 2 ext=0 this=000001B4F7590780
ReleaseInternal func '$beh2' type=0 before=2 ext=0 this=000001B4F7590780
AddRefInternal func '$beh8' type=0 -> 915 ext=0 this=000001B4F7590280
AddRefInternal func '$beh0' type=0 -> 915 ext=0 this=000001B4F7590500
AddRefInternal func '$beh2' type=0 -> 2 ext=0 this=000001B4F7590780
ReleaseInternal func '$beh2' type=0 before=2 ext=0 this=000001B4F7590780
AddRefInternal func '$beh8' type=0 -> 916 ext=0 this=000001B4F7590280
AddRefInternal func '$beh0' type=0 -> 916 ext=0 this=000001B4F7590500
AddRefInternal func '$beh2' type=0 -> 2 ext=0 this=000001B4F7590780
ReleaseInternal func '$beh2' type=0 before=2 ext=0 this=000001B4F7590780
AddRefInternal func '$beh8' type=0 -> 917 ext=0 this=000001B4F7590280
AddRefInternal func '$beh0' type=0 -> 917 ext=0 this=000001B4F7590500
AddRefInternal func '$beh2' type=0 -> 2 ext=0 this=000001B4F7590780
ReleaseInternal func '$beh2' type=0 before=2 ext=0 this=000001B4F7590780
AddRefInternal func '$beh8' type=0 -> 918 ext=0 this=000001B4F7590280
AddRefInternal func '$beh0' type=0 -> 918 ext=0 this=000001B4F7590500
AddRefInternal func '$beh2' type=0 -> 2 ext=0 this=000001B4F7590780
ReleaseInternal func '$beh2' type=0 before=2 ext=0 this=000001B4F7590780
AddRefInternal func '$beh8' type=0 -> 919 ext=0 this=000001B4F7590280
AddRefInternal func '$beh0' type=0 -> 919 ext=0 this=000001B4F7590500
AddRefInternal func '$beh2' type=0 -> 2 ext=0 this=000001B4F7590780
ReleaseInternal func '$beh2' type=0 before=2 ext=0 this=000001B4F7590780
AddRefInternal func '$beh8' type=0 -> 920 ext=0 this=000001B4F7590280
AddRefInternal func '$beh0' type=0 -> 920 ext=0 this=000001B4F7590500
AddRefInternal func '$beh2' type=0 -> 2 ext=0 this=000001B4F7590780
ReleaseInternal func '$beh2' type=0 before=2 ext=0 this=000001B4F7590780
AddRefInternal func '$beh8' type=0 -> 146 ext=0 this=000001B4F821AC80
AddRefInternal func '$beh0' type=0 -> 146 ext=0 this=000001B4F821A500
AddRefInternal func '$beh0' type=0 -> 146 ext=0 this=000001B4F821A780
AddRefInternal func '$beh0' type=0 -> 146 ext=0 this=000001B4F821AF00
AddRefInternal func '$beh8' type=0 -> 921 ext=0 this=000001B4F7590280
AddRefInternal func '$beh0' type=0 -> 921 ext=0 this=000001B4F7590500
AddRefInternal func '$beh2' type=0 -> 2 ext=0 this=000001B4F7590780
ReleaseInternal func '$beh2' type=0 before=2 ext=0 this=000001B4F7590780
AddRefInternal func '$beh8' type=0 -> 922 ext=0 this=000001B4F7590280
AddRefInternal func '$beh0' type=0 -> 922 ext=0 this=000001B4F7590500
AddRefInternal func '$beh2' type=0 -> 2 ext=0 this=000001B4F7590780
ReleaseInternal func '$beh2' type=0 before=2 ext=0 this=000001B4F7590780
AddRefInternal func '$beh8' type=0 -> 923 ext=0 this=000001B4F7590280
AddRefInternal func '$beh0' type=0 -> 923 ext=0 this=000001B4F7590500
AddRefInternal func '$beh2' type=0 -> 2 ext=0 this=000001B4F7590780
ReleaseInternal func '$beh2' type=0 before=2 ext=0 this=000001B4F7590780
AddRefInternal func '$beh8' type=0 -> 924 ext=0 this=000001B4F7590280
AddRefInternal func '$beh0' type=0 -> 924 ext=0 this=000001B4F7590500
AddRefInternal func '$beh2' type=0 -> 2 ext=0 this=000001B4F7590780
ReleaseInternal func '$beh2' type=0 before=2 ext=0 this=000001B4F7590780
AddRefInternal func '$beh8' type=0 -> 115 ext=0 this=000001B4F7599880
AddRefInternal func '$beh0' type=0 -> 115 ext=0 this=000001B4F7599380
AddRefInternal func '$beh2' type=0 -> 2 ext=0 this=000001B4F7599600
ReleaseInternal func '$beh2' type=0 before=2 ext=0 this=000001B4F7599600
AddRefInternal func '$beh8' type=0 -> 34 ext=0 this=000001B4F821D480
AddRefInternal func '$beh0' type=0 -> 34 ext=0 this=000001B4F821CD00
AddRefInternal func '$beh0' type=0 -> 34 ext=0 this=000001B4F821CF80
AddRefInternal func '$beh0' type=0 -> 34 ext=0 this=000001B4F821D700
AddRefInternal func '$beh8' type=0 -> 925 ext=0 this=000001B4F7590280
AddRefInternal func '$beh0' type=0 -> 925 ext=0 this=000001B4F7590500
AddRefInternal func '$beh2' type=0 -> 2 ext=0 this=000001B4F7590780
ReleaseInternal func '$beh2' type=0 before=2 ext=0 this=000001B4F7590780
AddRefInternal func '$beh8' type=0 -> 35 ext=0 this=000001B4F821D480
AddRefInternal func '$beh0' type=0 -> 35 ext=0 this=000001B4F821CD00
AddRefInternal func '$beh0' type=0 -> 35 ext=0 this=000001B4F821CF80
AddRefInternal func '$beh0' type=0 -> 35 ext=0 this=000001B4F821D700
AddRefInternal func '$beh8' type=0 -> 926 ext=0 this=000001B4F7590280
AddRefInternal func '$beh0' type=0 -> 926 ext=0 this=000001B4F7590500
AddRefInternal func '$beh2' type=0 -> 2 ext=0 this=000001B4F7590780
ReleaseInternal func '$beh2' type=0 before=2 ext=0 this=000001B4F7590780
AddRefInternal func '$beh8' type=0 -> 927 ext=0 this=000001B4F7590280
AddRefInternal func '$beh0' type=0 -> 927 ext=0 this=000001B4F7590500
AddRefInternal func '$beh2' type=0 -> 2 ext=0 this=000001B4F7590780
ReleaseInternal func '$beh2' type=0 before=2 ext=0 this=000001B4F7590780
AddRefInternal func '$beh8' type=0 -> 928 ext=0 this=000001B4F7590280
AddRefInternal func '$beh0' type=0 -> 928 ext=0 this=000001B4F7590500
AddRefInternal func '$beh2' type=0 -> 2 ext=0 this=000001B4F7590780
ReleaseInternal func '$beh2' type=0 before=2 ext=0 this=000001B4F7590780
AddRefInternal func '$beh8' type=0 -> 929 ext=0 this=000001B4F7590280
AddRefInternal func '$beh0' type=0 -> 929 ext=0 this=000001B4F7590500
AddRefInternal func '$beh2' type=0 -> 2 ext=0 this=000001B4F7590780
ReleaseInternal func '$beh2' type=0 before=2 ext=0 this=000001B4F7590780
AddRefInternal func '$beh8' type=0 -> 77 ext=0 this=000001B4F7590A00
AddRefInternal func '$beh0' type=0 -> 77 ext=0 this=000001B4FC6B7A80
AddRefInternal func '$beh0' type=0 -> 77 ext=0 this=000001B4FC6B7D00
AddRefInternal func '$beh0' type=0 -> 77 ext=0 this=000001B4FC6B9B00
AddRefInternal func '$beh0' type=0 -> 77 ext=0 this=000001B4FC6B9D80
AddRefInternal func '$beh2' type=0 -> 2 ext=0 this=000001B4FC6B7F80
ReleaseInternal func '$beh2' type=0 before=2 ext=0 this=000001B4FC6B7F80
AddRefInternal func '$beh8' type=0 -> 78 ext=0 this=000001B4F7590A00
AddRefInternal func '$beh0' type=0 -> 78 ext=0 this=000001B4FC6B7A80
AddRefInternal func '$beh0' type=0 -> 78 ext=0 this=000001B4FC6B7D00
AddRefInternal func '$beh0' type=0 -> 78 ext=0 this=000001B4FC6B9B00
AddRefInternal func '$beh0' type=0 -> 78 ext=0 this=000001B4FC6B9D80
AddRefInternal func '$beh2' type=0 -> 2 ext=0 this=000001B4FC6B7F80
ReleaseInternal func '$beh2' type=0 before=2 ext=0 this=000001B4FC6B7F80
AddRefInternal func '$beh8' type=0 -> 930 ext=0 this=000001B4F7590280
AddRefInternal func '$beh0' type=0 -> 930 ext=0 this=000001B4F7590500
AddRefInternal func '$beh2' type=0 -> 2 ext=0 this=000001B4F7590780
ReleaseInternal func '$beh2' type=0 before=2 ext=0 this=000001B4F7590780
AddRefInternal func '$beh8' type=0 -> 931 ext=0 this=000001B4F7590280
AddRefInternal func '$beh0' type=0 -> 931 ext=0 this=000001B4F7590500
AddRefInternal func '$beh2' type=0 -> 2 ext=0 this=000001B4F7590780
ReleaseInternal func '$beh2' type=0 before=2 ext=0 this=000001B4F7590780
AddRefInternal func '$beh0' type=0 -> 3 ext=0 this=000001B4F3898E80
AddRefInternal func '$beh0' type=0 -> 4 ext=0 this=000001B4F3898E80
AddRefInternal func '$beh0' type=0 -> 5 ext=0 this=000001B4F3898E80
AddRefInternal func '$beh0' type=0 -> 6 ext=0 this=000001B4F3898E80
AddRefInternal func '$beh0' type=0 -> 7 ext=0 this=000001B4F3898E80
AddRefInternal func '$beh0' type=0 -> 8 ext=0 this=000001B4F3898E80
AddRefInternal func '$beh0' type=0 -> 9 ext=0 this=000001B4F3898E80
AddRefInternal func '$beh0' type=0 -> 10 ext=0 this=000001B4F3898E80
AddRefInternal func '$beh0' type=0 -> 11 ext=0 this=000001B4F3898E80
AddRefInternal func '$beh0' type=0 -> 12 ext=0 this=000001B4F3898E80
AddRefInternal func '$beh0' type=0 -> 13 ext=0 this=000001B4F3898E80
AddRefInternal func '$beh0' type=0 -> 14 ext=0 this=000001B4F3898E80
AddRefInternal func '$beh0' type=0 -> 15 ext=0 this=000001B4F3898E80
AddRefInternal func '$beh0' type=0 -> 16 ext=0 this=000001B4F3898E80
AddRefInternal func '$beh0' type=0 -> 17 ext=0 this=000001B4F3898E80
AddRefInternal func '$beh0' type=0 -> 18 ext=0 this=000001B4F3898E80
AddRefInternal func '$beh0' type=0 -> 19 ext=0 this=000001B4F3898E80
AddRefInternal func '$beh0' type=0 -> 20 ext=0 this=000001B4F3898E80
AddRefInternal func '$beh0' type=0 -> 21 ext=0 this=000001B4F3898E80
AddRefInternal func '$beh0' type=0 -> 22 ext=0 this=000001B4F3898E80
AddRefInternal func '$beh0' type=0 -> 23 ext=0 this=000001B4F3898E80
AddRefInternal func '$beh0' type=0 -> 24 ext=0 this=000001B4F3898E80
AddRefInternal func '$beh0' type=0 -> 25 ext=0 this=000001B4F3898E80
AddRefInternal func '$beh0' type=0 -> 26 ext=0 this=000001B4F3898E80
AddRefInternal func '$beh0' type=0 -> 27 ext=0 this=000001B4F3898E80
AddRefInternal func '$beh0' type=0 -> 28 ext=0 this=000001B4F3898E80
AddRefInternal func '$beh0' type=0 -> 29 ext=0 this=000001B4F3898E80
AddRefInternal func '$beh0' type=0 -> 30 ext=0 this=000001B4F3898E80
AddRefInternal func '$beh0' type=0 -> 31 ext=0 this=000001B4F3898E80
AddRefInternal func '$beh0' type=0 -> 32 ext=0 this=000001B4F3898E80
AddRefInternal func '$beh0' type=0 -> 33 ext=0 this=000001B4F3898E80
AddRefInternal func '$beh0' type=0 -> 34 ext=0 this=000001B4F3898E80
AddRefInternal func '$beh0' type=0 -> 35 ext=0 this=000001B4F3898E80
AddRefInternal func '$beh0' type=0 -> 36 ext=0 this=000001B4F3898E80
AddRefInternal func '$beh0' type=0 -> 37 ext=0 this=000001B4F3898E80
AddRefInternal func '$beh0' type=0 -> 38 ext=0 this=000001B4F3898E80
AddRefInternal func '$beh0' type=0 -> 39 ext=0 this=000001B4F3898E80
AddRefInternal func '$beh0' type=0 -> 40 ext=0 this=000001B4F3898E80
AddRefInternal func '$beh0' type=0 -> 41 ext=0 this=000001B4F3898E80
AddRefInternal func '$beh0' type=0 -> 42 ext=0 this=000001B4F3898E80
AddRefInternal func '$beh0' type=0 -> 43 ext=0 this=000001B4F3898E80
AddRefInternal func '$beh0' type=0 -> 44 ext=0 this=000001B4F3898E80
AddRefInternal func '$beh0' type=0 -> 45 ext=0 this=000001B4F3898E80
AddRefInternal func '$beh0' type=0 -> 46 ext=0 this=000001B4F3898E80
AddRefInternal func '$beh0' type=0 -> 47 ext=0 this=000001B4F3898E80
AddRefInternal func '$beh0' type=0 -> 48 ext=0 this=000001B4F3898E80
AddRefInternal func '$beh0' type=0 -> 49 ext=0 this=000001B4F3898E80
AddRefInternal func '$beh0' type=0 -> 50 ext=0 this=000001B4F3898E80
AddRefInternal func '$beh0' type=0 -> 51 ext=0 this=000001B4F3898E80
AddRefInternal func '$beh0' type=0 -> 52 ext=0 this=000001B4F3898E80
AddRefInternal func '$beh0' type=0 -> 53 ext=0 this=000001B4F3898E80
AddRefInternal func '$beh0' type=0 -> 54 ext=0 this=000001B4F3898E80
AddRefInternal func '$beh0' type=0 -> 55 ext=0 this=000001B4F3898E80
AddRefInternal func '$beh0' type=0 -> 56 ext=0 this=000001B4F3898E80
AddRefInternal func '$beh0' type=0 -> 57 ext=0 this=000001B4F3898E80
AddRefInternal func '$beh0' type=0 -> 58 ext=0 this=000001B4F3898E80
AddRefInternal func '$beh0' type=0 -> 59 ext=0 this=000001B4F3898E80
AddRefInternal func '$beh0' type=0 -> 60 ext=0 this=000001B4F3898E80
AddRefInternal func '$beh0' type=0 -> 61 ext=0 this=000001B4F3898E80
AddRefInternal func '$beh0' type=0 -> 62 ext=0 this=000001B4F3898E80
AddRefInternal func '$beh0' type=0 -> 63 ext=0 this=000001B4F3898E80
AddRefInternal func '$beh0' type=0 -> 64 ext=0 this=000001B4F3898E80
AddRefInternal func '$beh0' type=0 -> 65 ext=0 this=000001B4F3898E80
AddRefInternal func '$beh0' type=0 -> 66 ext=0 this=000001B4F3898E80
AddRefInternal func '$beh0' type=0 -> 67 ext=0 this=000001B4F3898E80
AddRefInternal func '$beh0' type=0 -> 68 ext=0 this=000001B4F3898E80
AddRefInternal func '$beh0' type=0 -> 69 ext=0 this=000001B4F3898E80
AddRefInternal func '$beh0' type=0 -> 70 ext=0 this=000001B4F3898E80
AddRefInternal func '$beh0' type=0 -> 71 ext=0 this=000001B4F3898E80
AddRefInternal func '$beh0' type=0 -> 72 ext=0 this=000001B4F3898E80
AddRefInternal func '$beh0' type=0 -> 73 ext=0 this=000001B4F3898E80
AddRefInternal func '$beh0' type=0 -> 74 ext=0 this=000001B4F3898E80
AddRefInternal func '$beh0' type=0 -> 75 ext=0 this=000001B4F3898E80
AddRefInternal func '$beh0' type=0 -> 76 ext=0 this=000001B4F3898E80
AddRefInternal func '$beh0' type=0 -> 77 ext=0 this=000001B4F3898E80
AddRefInternal func '$beh0' type=0 -> 78 ext=0 this=000001B4F3898E80
AddRefInternal func '$beh0' type=0 -> 79 ext=0 this=000001B4F3898E80
AddRefInternal func '$beh0' type=0 -> 80 ext=0 this=000001B4F3898E80
AddRefInternal func '$beh0' type=0 -> 81 ext=0 this=000001B4F3898E80
AddRefInternal func '$beh0' type=0 -> 82 ext=0 this=000001B4F3898E80
AddRefInternal func '$beh0' type=0 -> 83 ext=0 this=000001B4F3898E80
AddRefInternal func '$beh0' type=0 -> 84 ext=0 this=000001B4F3898E80
AddRefInternal func '$beh0' type=0 -> 85 ext=0 this=000001B4F3898E80
AddRefInternal func '$beh0' type=0 -> 86 ext=0 this=000001B4F3898E80
AddRefInternal func '$beh0' type=0 -> 87 ext=0 this=000001B4F3898E80
AddRefInternal func '$beh0' type=0 -> 88 ext=0 this=000001B4F3898E80
AddRefInternal func '$beh0' type=0 -> 89 ext=0 this=000001B4F3898E80
AddRefInternal func '$beh0' type=0 -> 90 ext=0 this=000001B4F3898E80
AddRefInternal func '$beh0' type=0 -> 91 ext=0 this=000001B4F3898E80
AddRefInternal func '$beh0' type=0 -> 92 ext=0 this=000001B4F3898E80
AddRefInternal func '$beh0' type=0 -> 93 ext=0 this=000001B4F3898E80
AddRefInternal func '$beh0' type=0 -> 94 ext=0 this=000001B4F3898E80
AddRefInternal func '$beh0' type=0 -> 95 ext=0 this=000001B4F3898E80
AddRefInternal func '$beh0' type=0 -> 96 ext=0 this=000001B4F3898E80
AddRefInternal func '$beh0' type=0 -> 97 ext=0 this=000001B4F3898E80
AddRefInternal func '$beh0' type=0 -> 98 ext=0 this=000001B4F3898E80
AddRefInternal func '$beh0' type=0 -> 99 ext=0 this=000001B4F3898E80
AddRefInternal func '$beh0' type=0 -> 100 ext=0 this=000001B4F3898E80
AddRefInternal func '$beh0' type=0 -> 101 ext=0 this=000001B4F3898E80
AddRefInternal func '$beh0' type=0 -> 102 ext=0 this=000001B4F3898E80
AddRefInternal func '$beh0' type=0 -> 103 ext=0 this=000001B4F3898E80
ReleaseInternal func '$beh0' type=0 before=103 ext=0 this=000001B4F3898E80
ReleaseInternal func '$beh0' type=0 before=102 ext=0 this=000001B4F3898E80
ReleaseInternal func '$beh0' type=0 before=101 ext=0 this=000001B4F3898E80
ReleaseInternal func '$beh0' type=0 before=100 ext=0 this=000001B4F3898E80
ReleaseInternal func '$beh0' type=0 before=99 ext=0 this=000001B4F3898E80
ReleaseInternal func '$beh0' type=0 before=98 ext=0 this=000001B4F3898E80
ReleaseInternal func '$beh0' type=0 before=97 ext=0 this=000001B4F3898E80
ReleaseInternal func '$beh0' type=0 before=96 ext=0 this=000001B4F3898E80
ReleaseInternal func '$beh0' type=0 before=95 ext=0 this=000001B4F3898E80
ReleaseInternal func '$beh0' type=0 before=94 ext=0 this=000001B4F3898E80
ReleaseInternal func '$beh0' type=0 before=93 ext=0 this=000001B4F3898E80
ReleaseInternal func '$beh0' type=0 before=92 ext=0 this=000001B4F3898E80
ReleaseInternal func '$beh0' type=0 before=91 ext=0 this=000001B4F3898E80
ReleaseInternal func '$beh0' type=0 before=90 ext=0 this=000001B4F3898E80
ReleaseInternal func '$beh0' type=0 before=89 ext=0 this=000001B4F3898E80
ReleaseInternal func '$beh0' type=0 before=88 ext=0 this=000001B4F3898E80
ReleaseInternal func '$beh0' type=0 before=87 ext=0 this=000001B4F3898E80
ReleaseInternal func '$beh0' type=0 before=86 ext=0 this=000001B4F3898E80
ReleaseInternal func '$beh0' type=0 before=85 ext=0 this=000001B4F3898E80
ReleaseInternal func '$beh0' type=0 before=84 ext=0 this=000001B4F3898E80
ReleaseInternal func '$beh0' type=0 before=83 ext=0 this=000001B4F3898E80
ReleaseInternal func '$beh0' type=0 before=82 ext=0 this=000001B4F3898E80
ReleaseInternal func '$beh0' type=0 before=81 ext=0 this=000001B4F3898E80
ReleaseInternal func '$beh0' type=0 before=80 ext=0 this=000001B4F3898E80
ReleaseInternal func '$beh0' type=0 before=79 ext=0 this=000001B4F3898E80
ReleaseInternal func '$beh0' type=0 before=78 ext=0 this=000001B4F3898E80
AddRefInternal func '$beh8' type=0 -> 116 ext=0 this=000001B4F7599880
AddRefInternal func '$beh0' type=0 -> 116 ext=0 this=000001B4F7599380
AddRefInternal func '$beh2' type=0 -> 2 ext=0 this=000001B4F7599600
ReleaseInternal func '$beh2' type=0 before=2 ext=0 this=000001B4F7599600
ReleaseInternal func '$beh0' type=0 before=77 ext=0 this=000001B4F3898E80
ReleaseInternal func '$beh0' type=0 before=76 ext=0 this=000001B4F3898E80
ReleaseInternal func '$beh0' type=0 before=75 ext=0 this=000001B4F3898E80
ReleaseInternal func '$beh0' type=0 before=74 ext=0 this=000001B4F3898E80
ReleaseInternal func '$beh0' type=0 before=73 ext=0 this=000001B4F3898E80
ReleaseInternal func '$beh0' type=0 before=72 ext=0 this=000001B4F3898E80
ReleaseInternal func '$beh0' type=0 before=71 ext=0 this=000001B4F3898E80
ReleaseInternal func '$beh0' type=0 before=70 ext=0 this=000001B4F3898E80
ReleaseInternal func '$beh0' type=0 before=69 ext=0 this=000001B4F3898E80
ReleaseInternal func '$beh0' type=0 before=68 ext=0 this=000001B4F3898E80
ReleaseInternal func '$beh0' type=0 before=67 ext=0 this=000001B4F3898E80
ReleaseInternal func '$beh0' type=0 before=66 ext=0 this=000001B4F3898E80
ReleaseInternal func '$beh0' type=0 before=65 ext=0 this=000001B4F3898E80
ReleaseInternal func '$beh0' type=0 before=64 ext=0 this=000001B4F3898E80
ReleaseInternal func '$beh0' type=0 before=63 ext=0 this=000001B4F3898E80
AddRefInternal func '$beh8' type=0 -> 147 ext=0 this=000001B4F821AC80
AddRefInternal func '$beh0' type=0 -> 147 ext=0 this=000001B4F821A500
AddRefInternal func '$beh0' type=0 -> 147 ext=0 this=000001B4F821A780
AddRefInternal func '$beh0' type=0 -> 147 ext=0 this=000001B4F821AF00
ReleaseInternal func '$beh0' type=0 before=62 ext=0 this=000001B4F3898E80
ReleaseInternal func '$beh0' type=0 before=61 ext=0 this=000001B4F3898E80
ReleaseInternal func '$beh0' type=0 before=60 ext=0 this=000001B4F3898E80
ReleaseInternal func '$beh0' type=0 before=59 ext=0 this=000001B4F3898E80
ReleaseInternal func '$beh0' type=0 before=58 ext=0 this=000001B4F3898E80
ReleaseInternal func '$beh0' type=0 before=57 ext=0 this=000001B4F3898E80
ReleaseInternal func '$beh0' type=0 before=56 ext=0 this=000001B4F3898E80
ReleaseInternal func '$beh0' type=0 before=55 ext=0 this=000001B4F3898E80
ReleaseInternal func '$beh0' type=0 before=54 ext=0 this=000001B4F3898E80
ReleaseInternal func '$beh0' type=0 before=53 ext=0 this=000001B4F3898E80
ReleaseInternal func '$beh0' type=0 before=52 ext=0 this=000001B4F3898E80
ReleaseInternal func '$beh0' type=0 before=51 ext=0 this=000001B4F3898E80
ReleaseInternal func '$beh0' type=0 before=50 ext=0 this=000001B4F3898E80
ReleaseInternal func '$beh0' type=0 before=49 ext=0 this=000001B4F3898E80
ReleaseInternal func '$beh0' type=0 before=48 ext=0 this=000001B4F3898E80
ReleaseInternal func '$beh0' type=0 before=47 ext=0 this=000001B4F3898E80
ReleaseInternal func '$beh0' type=0 before=46 ext=0 this=000001B4F3898E80
ReleaseInternal func '$beh0' type=0 before=45 ext=0 this=000001B4F3898E80
ReleaseInternal func '$beh0' type=0 before=44 ext=0 this=000001B4F3898E80
ReleaseInternal func '$beh0' type=0 before=43 ext=0 this=000001B4F3898E80
ReleaseInternal func '$beh0' type=0 before=42 ext=0 this=000001B4F3898E80
ReleaseInternal func '$beh0' type=0 before=41 ext=0 this=000001B4F3898E80
ReleaseInternal func '$beh0' type=0 before=40 ext=0 this=000001B4F3898E80
ReleaseInternal func '$beh0' type=0 before=39 ext=0 this=000001B4F3898E80
ReleaseInternal func '$beh0' type=0 before=38 ext=0 this=000001B4F3898E80
ReleaseInternal func '$beh0' type=0 before=37 ext=0 this=000001B4F3898E80
ReleaseInternal func '$beh0' type=0 before=36 ext=0 this=000001B4F3898E80
ReleaseInternal func '$beh0' type=0 before=35 ext=0 this=000001B4F3898E80
ReleaseInternal func '$beh0' type=0 before=34 ext=0 this=000001B4F3898E80
ReleaseInternal func '$beh0' type=0 before=33 ext=0 this=000001B4F3898E80
ReleaseInternal func '$beh0' type=0 before=32 ext=0 this=000001B4F3898E80
ReleaseInternal func '$beh0' type=0 before=31 ext=0 this=000001B4F3898E80
ReleaseInternal func '$beh0' type=0 before=30 ext=0 this=000001B4F3898E80
ReleaseInternal func '$beh0' type=0 before=29 ext=0 this=000001B4F3898E80
ReleaseInternal func '$beh0' type=0 before=28 ext=0 this=000001B4F3898E80
ReleaseInternal func '$beh0' type=0 before=27 ext=0 this=000001B4F3898E80
ReleaseInternal func '$beh0' type=0 before=26 ext=0 this=000001B4F3898E80
ReleaseInternal func '$beh0' type=0 before=25 ext=0 this=000001B4F3898E80
ReleaseInternal func '$beh0' type=0 before=24 ext=0 this=000001B4F3898E80
ReleaseInternal func '$beh0' type=0 before=23 ext=0 this=000001B4F3898E80
ReleaseInternal func '$beh0' type=0 before=22 ext=0 this=000001B4F3898E80
ReleaseInternal func '$beh0' type=0 before=21 ext=0 this=000001B4F3898E80
ReleaseInternal func '$beh0' type=0 before=20 ext=0 this=000001B4F3898E80
ReleaseInternal func '$beh0' type=0 before=19 ext=0 this=000001B4F3898E80
ReleaseInternal func '$beh0' type=0 before=18 ext=0 this=000001B4F3898E80
ReleaseInternal func '$beh0' type=0 before=17 ext=0 this=000001B4F3898E80
ReleaseInternal func '$beh0' type=0 before=16 ext=0 this=000001B4F3898E80
ReleaseInternal func '$beh0' type=0 before=15 ext=0 this=000001B4F3898E80
ReleaseInternal func '$beh0' type=0 before=14 ext=0 this=000001B4F3898E80
ReleaseInternal func '$beh0' type=0 before=13 ext=0 this=000001B4F3898E80
ReleaseInternal func '$beh0' type=0 before=12 ext=0 this=000001B4F3898E80
ReleaseInternal func '$beh0' type=0 before=11 ext=0 this=000001B4F3898E80
ReleaseInternal func '$beh0' type=0 before=10 ext=0 this=000001B4F3898E80
ReleaseInternal func '$beh0' type=0 before=9 ext=0 this=000001B4F3898E80
ReleaseInternal func '$beh0' type=0 before=8 ext=0 this=000001B4F3898E80
ReleaseInternal func '$beh0' type=0 before=7 ext=0 this=000001B4F3898E80
ReleaseInternal func '$beh0' type=0 before=6 ext=0 this=000001B4F3898E80
ReleaseInternal func '$beh0' type=0 before=5 ext=0 this=000001B4F3898E80
ReleaseInternal func '$beh0' type=0 before=4 ext=0 this=000001B4F3898E80
ReleaseInternal func '$beh0' type=0 before=3 ext=0 this=000001B4F3898E80
ReleaseInternal func '$beh0' type=0 before=147 ext=0 this=000001B4F821A500
AddRefInternal func '$beh0' type=0 -> 2 ext=0 this=000001B501741180
AddRefInternal func '$beh0' type=0 -> 3 ext=0 this=000001B501741180
AddRefInternal func '$beh0' type=0 -> 4 ext=0 this=000001B501741180
AddRefInternal func '$beh0' type=0 -> 5 ext=0 this=000001B501741180
AddRefInternal func '$beh0' type=0 -> 6 ext=0 this=000001B501741180
AddRefInternal func '$beh0' type=0 -> 7 ext=0 this=000001B501741180
AddRefInternal func '$beh0' type=0 -> 8 ext=0 this=000001B501741180
AddRefInternal func '$beh0' type=0 -> 9 ext=0 this=000001B501741180
AddRefInternal func '$beh0' type=0 -> 10 ext=0 this=000001B501741180
AddRefInternal func '$beh0' type=0 -> 11 ext=0 this=000001B501741180
AddRefInternal func '$beh0' type=0 -> 12 ext=0 this=000001B501741180
AddRefInternal func '$beh0' type=0 -> 13 ext=0 this=000001B501741180
AddRefInternal func '$beh0' type=0 -> 14 ext=0 this=000001B501741180
AddRefInternal func '$beh0' type=0 -> 15 ext=0 this=000001B501741180
AddRefInternal func '$beh0' type=0 -> 16 ext=0 this=000001B501741180
AddRefInternal func '$beh0' type=0 -> 17 ext=0 this=000001B501741180
AddRefInternal func '$beh0' type=0 -> 18 ext=0 this=000001B501741180
AddRefInternal func '$beh0' type=0 -> 19 ext=0 this=000001B501741180
AddRefInternal func '$beh0' type=0 -> 20 ext=0 this=000001B501741180
AddRefInternal func '$beh0' type=0 -> 21 ext=0 this=000001B501741180
AddRefInternal func '$beh0' type=0 -> 22 ext=0 this=000001B501741180
AddRefInternal func '$beh0' type=0 -> 23 ext=0 this=000001B501741180
AddRefInternal func '$beh0' type=0 -> 24 ext=0 this=000001B501741180
AddRefInternal func '$beh0' type=0 -> 25 ext=0 this=000001B501741180
AddRefInternal func '$beh0' type=0 -> 2 ext=0 this=000001B4FC5E8E80
AddRefInternal func '$beh0' type=0 -> 26 ext=0 this=000001B501741180
AddRefInternal func '$beh0' type=0 -> 27 ext=0 this=000001B501741180
AddRefInternal func '$beh0' type=0 -> 28 ext=0 this=000001B501741180
AddRefInternal func '$beh0' type=0 -> 29 ext=0 this=000001B501741180
AddRefInternal func '$beh0' type=0 -> 30 ext=0 this=000001B501741180
AddRefInternal func '$beh0' type=0 -> 31 ext=0 this=000001B501741180
AddRefInternal func '$beh0' type=0 -> 32 ext=0 this=000001B501741180
AddRefInternal func '$beh0' type=0 -> 33 ext=0 this=000001B501741180
AddRefInternal func '$beh0' type=0 -> 34 ext=0 this=000001B501741180
AddRefInternal func '$beh0' type=0 -> 35 ext=0 this=000001B501741180
AddRefInternal func '$beh0' type=0 -> 36 ext=0 this=000001B501741180
AddRefInternal func '$beh0' type=0 -> 37 ext=0 this=000001B501741180
AddRefInternal func '$beh0' type=0 -> 38 ext=0 this=000001B501741180
AddRefInternal func '$beh0' type=0 -> 39 ext=0 this=000001B501741180
AddRefInternal func '$beh0' type=0 -> 40 ext=0 this=000001B501741180
AddRefInternal func '$beh0' type=0 -> 41 ext=0 this=000001B501741180
AddRefInternal func '$beh0' type=0 -> 42 ext=0 this=000001B501741180
AddRefInternal func '$beh0' type=0 -> 43 ext=0 this=000001B501741180
AddRefInternal func '$beh0' type=0 -> 44 ext=0 this=000001B501741180
AddRefInternal func '$beh0' type=0 -> 45 ext=0 this=000001B501741180
AddRefInternal func '$beh0' type=0 -> 46 ext=0 this=000001B501741180
AddRefInternal func '$beh0' type=0 -> 47 ext=0 this=000001B501741180
AddRefInternal func '$beh0' type=0 -> 48 ext=0 this=000001B501741180
AddRefInternal func '$beh0' type=0 -> 49 ext=0 this=000001B501741180
AddRefInternal func '$beh0' type=0 -> 50 ext=0 this=000001B501741180
ReleaseInternal func '$beh0' type=0 before=931 ext=0 this=000001B4F7590500
AddRefInternal func '$beh0' type=0 -> 2 ext=0 this=000001B4F7598700
AddRefInternal func '$beh2' type=0 -> 2 ext=0 this=000001B4F7598480
ReleaseInternal func '$beh2' type=0 before=2 ext=0 this=000001B4F7598480
AddRefInternal func '$beh0' type=0 -> 2 ext=0 this=000001B4F7597D00
AddRefInternal func '$beh2' type=0 -> 2 ext=0 this=000001B4F7597A80
ReleaseInternal func '$beh2' type=0 before=2 ext=0 this=000001B4F7597A80
AddRefInternal func '$beh0' type=0 -> 2 ext=0 this=000001B50174BE00
AddRefInternal func '$beh0' type=0 -> 3 ext=0 this=000001B4FC5E8E80
AddRefInternal func '$beh2' type=0 -> 2 ext=0 this=000001B4FC5E9100
AddRefInternal func '$beh2' type=0 -> 3 ext=0 this=000001B4FC5E9100
AddRefInternal func '$beh2' type=0 -> 2 ext=0 this=000001B50174B900
AddRefInternal func '$beh0' type=0 -> 4 ext=0 this=000001B4FC5E8E80
AddRefInternal func '$beh2' type=0 -> 4 ext=0 this=000001B4FC5E9100
AddRefInternal func '$beh2' type=0 -> 5 ext=0 this=000001B4FC5E9100
AddRefInternal func '$beh2' type=0 -> 6 ext=0 this=000001B4FC5E9100
AddRefInternal func '$beh2' type=0 -> 7 ext=0 this=000001B4FC5E9100
AddRefInternal func '$beh2' type=0 -> 2 ext=0 this=000001B4FBBE0C80
AddRefInternal func '$beh0' type=0 -> 2 ext=0 this=000001B4FC0A6900
AddRefInternal func '$beh0' type=0 -> 3 ext=0 this=000001B4FC0A6900
AddRefInternal func '$beh0' type=0 -> 4 ext=0 this=000001B4FC0A6900
AddRefInternal func '$beh0' type=0 -> 5 ext=0 this=000001B4FC0A6900
AddRefInternal func '$beh0' type=0 -> 6 ext=0 this=000001B4FC0A6900
AddRefInternal func '$beh0' type=0 -> 7 ext=0 this=000001B4FC0A6900
AddRefInternal func '$beh0' type=0 -> 8 ext=0 this=000001B4FC0A6900
AddRefInternal func '$beh0' type=0 -> 9 ext=0 this=000001B4FC0A6900
AddRefInternal func '$beh0' type=0 -> 10 ext=0 this=000001B4FC0A6900
AddRefInternal func '$beh0' type=0 -> 11 ext=0 this=000001B4FC0A6900
AddRefInternal func '$beh0' type=0 -> 5 ext=0 this=000001B4FC5E8E80
AddRefInternal func '$beh2' type=0 -> 8 ext=0 this=000001B4FC5E9100
AddRefInternal func '$beh2' type=0 -> 9 ext=0 this=000001B4FC5E9100
AddRefInternal func '$beh0' type=0 -> 12 ext=0 this=000001B4FC0A6900
AddRefInternal func '$beh0' type=0 -> 6 ext=0 this=000001B4FC5E8E80
AddRefInternal func '$beh2' type=0 -> 10 ext=0 this=000001B4FC5E9100
AddRefInternal func '$beh2' type=0 -> 11 ext=0 this=000001B4FC5E9100
AddRefInternal func '$beh0' type=0 -> 13 ext=0 this=000001B4FC0A6900
AddRefInternal func '$beh0' type=0 -> 14 ext=0 this=000001B4FC0A6900
AddRefInternal func '$beh0' type=0 -> 7 ext=0 this=000001B4FC5E8E80
AddRefInternal func '$beh2' type=0 -> 12 ext=0 this=000001B4FC5E9100
AddRefInternal func '$beh2' type=0 -> 13 ext=0 this=000001B4FC5E9100
ReleaseInternal func '$beh0' type=0 before=147 ext=0 this=000001B4F821AF00
AddRefInternal func '$beh0' type=0 -> 2 ext=0 this=000001B50174E600
AddRefInternal func '$beh0' type=0 -> 3 ext=0 this=000001B50174E600
AddRefInternal func '$beh0' type=0 -> 4 ext=0 this=000001B50174E600
AddRefInternal func '$beh0' type=0 -> 5 ext=0 this=000001B50174E600
AddRefInternal func '$beh0' type=0 -> 8 ext=0 this=000001B4FC5E8E80
AddRefInternal func '$beh2' type=0 -> 14 ext=0 this=000001B4FC5E9100
AddRefInternal func '$beh2' type=0 -> 15 ext=0 this=000001B4FC5E9100
AddRefInternal func '$beh0' type=0 -> 2 ext=0 this=000001B4F79CA500
AddRefInternal func '$beh0' type=0 -> 3 ext=0 this=000001B4F79CA500
AddRefInternal func '$beh0' type=0 -> 2 ext=0 this=000001B4FC56E880
AddRefInternal func '$beh0' type=0 -> 4 ext=0 this=000001B4F79CA500
AddRefInternal func '$beh0' type=0 -> 2 ext=0 this=000001B4F79CB400
AddRefInternal func '$beh0' type=0 -> 3 ext=0 this=000001B4F79CB400
AddRefInternal func '$beh0' type=0 -> 6 ext=0 this=000001B50174E600
AddRefInternal func '$beh0' type=0 -> 7 ext=0 this=000001B50174E600
AddRefInternal func '$beh2' type=0 -> 2 ext=0 this=000001B4F79CB680
AddRefInternal func '$beh2' type=0 -> 2 ext=0 this=000001B4F79CA780
AddRefInternal func '$beh0' type=0 -> 15 ext=0 this=000001B4FC0A6900
AddRefInternal func '$beh0' type=0 -> 16 ext=0 this=000001B4FC0A6900
AddRefInternal func '$beh0' type=0 -> 17 ext=0 this=000001B4FC0A6900
AddRefInternal func '$beh0' type=0 -> 2 ext=0 this=000001B4FC643E80
AddRefInternal func '$beh0' type=0 -> 18 ext=0 this=000001B4FC0A6900
AddRefInternal func '$beh0' type=0 -> 2 ext=0 this=000001B4FC5E8C00
AddRefInternal func '$beh2' type=0 -> 16 ext=0 this=000001B4FC5E9100
AddRefInternal func '$beh0' type=0 -> 19 ext=0 this=000001B4FC0A6900
AddRefInternal func '$beh0' type=0 -> 9 ext=0 this=000001B4FC5E8E80
AddRefInternal func '$beh2' type=0 -> 17 ext=0 this=000001B4FC5E9100
AddRefInternal func '$beh0' type=0 -> 3 ext=0 this=000001B4FC5E8C00
AddRefInternal func '$beh2' type=0 -> 18 ext=0 this=000001B4FC5E9100
AddRefInternal func '$beh2' type=0 -> 19 ext=0 this=000001B4FC5E9100
AddRefInternal func '$beh0' type=0 -> 20 ext=0 this=000001B4FC0A6900
AddRefInternal func '$beh0' type=0 -> 4 ext=0 this=000001B4FC5E8C00
AddRefInternal func '$beh2' type=0 -> 20 ext=0 this=000001B4FC5E9100
AddRefInternal func '$beh2' type=0 -> 21 ext=0 this=000001B4FC5E9100
AddRefInternal func '$beh0' type=0 -> 21 ext=0 this=000001B4FC0A6900
AddRefInternal func '$beh0' type=0 -> 5 ext=0 this=000001B4FC5E8C00
AddRefInternal func '$beh2' type=0 -> 22 ext=0 this=000001B4FC5E9100
AddRefInternal func '$beh2' type=0 -> 23 ext=0 this=000001B4FC5E9100
AddRefInternal func '$beh0' type=0 -> 22 ext=0 this=000001B4FC0A6900
AddRefInternal func '$beh0' type=0 -> 6 ext=0 this=000001B4FC5E8C00
AddRefInternal func '$beh2' type=0 -> 24 ext=0 this=000001B4FC5E9100
AddRefInternal func '$beh2' type=0 -> 25 ext=0 this=000001B4FC5E9100
AddRefInternal func '$beh0' type=0 -> 23 ext=0 this=000001B4FC0A6900
AddRefInternal func '$beh0' type=0 -> 7 ext=0 this=000001B4FC5E8C00
AddRefInternal func '$beh2' type=0 -> 26 ext=0 this=000001B4FC5E9100
AddRefInternal func '$beh2' type=0 -> 27 ext=0 this=000001B4FC5E9100
AddRefInternal func '$beh0' type=0 -> 24 ext=0 this=000001B4FC0A6900
AddRefInternal func '$beh0' type=0 -> 8 ext=0 this=000001B4FC5E8C00
AddRefInternal func '$beh2' type=0 -> 28 ext=0 this=000001B4FC5E9100
AddRefInternal func '$beh2' type=0 -> 29 ext=0 this=000001B4FC5E9100
AddRefInternal func '$beh0' type=0 -> 25 ext=0 this=000001B4FC0A6900
AddRefInternal func '$beh0' type=0 -> 9 ext=0 this=000001B4FC5E8C00
AddRefInternal func '$beh2' type=0 -> 30 ext=0 this=000001B4FC5E9100
AddRefInternal func '$beh2' type=0 -> 31 ext=0 this=000001B4FC5E9100
AddRefInternal func '$beh0' type=0 -> 26 ext=0 this=000001B4FC0A6900
AddRefInternal func '$beh0' type=0 -> 10 ext=0 this=000001B4FC5E8C00
AddRefInternal func '$beh2' type=0 -> 32 ext=0 this=000001B4FC5E9100
AddRefInternal func '$beh2' type=0 -> 33 ext=0 this=000001B4FC5E9100
AddRefInternal func '$beh0' type=0 -> 27 ext=0 this=000001B4FC0A6900
AddRefInternal func '$beh0' type=0 -> 10 ext=0 this=000001B4FC5E8E80
AddRefInternal func '$beh2' type=0 -> 34 ext=0 this=000001B4FC5E9100
AddRefInternal func '$beh2' type=0 -> 35 ext=0 this=000001B4FC5E9100
AddRefInternal func '$beh0' type=0 -> 11 ext=0 this=000001B4FC5E8C00
AddRefInternal func '$beh2' type=0 -> 36 ext=0 this=000001B4FC5E9100
AddRefInternal func '$beh2' type=0 -> 37 ext=0 this=000001B4FC5E9100
AddRefInternal func '$beh0' type=0 -> 28 ext=0 this=000001B4FC0A6900
AddRefInternal func '$beh0' type=0 -> 12 ext=0 this=000001B4FC5E8C00
AddRefInternal func '$beh2' type=0 -> 38 ext=0 this=000001B4FC5E9100
AddRefInternal func '$beh0' type=0 -> 29 ext=0 this=000001B4FC0A6900
AddRefInternal func '$beh0' type=0 -> 13 ext=0 this=000001B4FC5E8C00
AddRefInternal func '$beh2' type=0 -> 39 ext=0 this=000001B4FC5E9100
AddRefInternal func '$beh2' type=0 -> 40 ext=0 this=000001B4FC5E9100
AddRefInternal func '$beh0' type=0 -> 8 ext=0 this=000001B50174E600
AddRefInternal func '$beh0' type=0 -> 9 ext=0 this=000001B50174E600
AddRefInternal func '$beh0' type=0 -> 30 ext=0 this=000001B4FC0A6900
AddRefInternal func '$beh0' type=0 -> 31 ext=0 this=000001B4FC0A6900
AddRefInternal func '$beh0' type=0 -> 11 ext=0 this=000001B4FC5E8E80
AddRefInternal func '$beh2' type=0 -> 41 ext=0 this=000001B4FC5E9100
AddRefInternal func '$beh2' type=0 -> 42 ext=0 this=000001B4FC5E9100
AddRefInternal func '$beh0' type=0 -> 3 ext=0 this=000001B4FC643E80
AddRefInternal func '$beh0' type=0 -> 10 ext=0 this=000001B50174E600
AddRefInternal func '$beh0' type=0 -> 11 ext=0 this=000001B50174E600
AddRefInternal func '$beh0' type=0 -> 12 ext=0 this=000001B50174E600
AddRefInternal func '$beh0' type=0 -> 13 ext=0 this=000001B50174E600
AddRefInternal func '$beh0' type=0 -> 2 ext=0 this=000001B4F759E880
AddRefInternal func '$beh2' type=0 -> 2 ext=0 this=000001B4F759EB00
ReleaseInternal func '$beh2' type=0 before=2 ext=0 this=000001B4F759EB00
AddRefInternal func '$beh0' type=0 -> 2 ext=0 this=000001B4F759D200
AddRefInternal func '$beh2' type=0 -> 2 ext=0 this=000001B4F759D480
ReleaseInternal func '$beh2' type=0 before=2 ext=0 this=000001B4F759D480
AddRefInternal func '$beh0' type=0 -> 12 ext=0 this=000001B4FC5E8E80
AddRefInternal func '$beh2' type=0 -> 43 ext=0 this=000001B4FC5E9100
AddRefInternal func '$beh2' type=0 -> 44 ext=0 this=000001B4FC5E9100
AddRefInternal func '$beh2' type=0 -> 45 ext=0 this=000001B4FC5E9100
AddRefInternal func '$beh2' type=0 -> 46 ext=0 this=000001B4FC5E9100
AddRefInternal func '$beh2' type=0 -> 2 ext=0 this=000001B50174EB00
ReleaseInternal func '$beh0' type=0 before=116 ext=0 this=000001B4F7599380
AddRefInternal func '$beh0' type=0 -> 2 ext=0 this=000001B50174F500
ReleaseInternal func '$beh0' type=0 before=115 ext=0 this=000001B4F7599380
AddRefInternal func '$beh0' type=0 -> 3 ext=0 this=000001B4F759E880
AddRefInternal func '$beh2' type=0 -> 2 ext=0 this=000001B4F759EB00
ReleaseInternal func '$beh2' type=0 before=2 ext=0 this=000001B4F759EB00
AddRefInternal func '$beh0' type=0 -> 3 ext=0 this=000001B4F759D200
AddRefInternal func '$beh2' type=0 -> 2 ext=0 this=000001B4F759D480
ReleaseInternal func '$beh2' type=0 before=2 ext=0 this=000001B4F759D480
AddRefInternal func '$beh0' type=0 -> 2 ext=0 this=000001B50174FC80
AddRefInternal func '$beh0' type=0 -> 13 ext=0 this=000001B4FC5E8E80
AddRefInternal func '$beh2' type=0 -> 47 ext=0 this=000001B4FC5E9100
AddRefInternal func '$beh2' type=0 -> 48 ext=0 this=000001B4FC5E9100
AddRefInternal func '$beh2' type=0 -> 49 ext=0 this=000001B4FC5E9100
AddRefInternal func '$beh2' type=0 -> 50 ext=0 this=000001B4FC5E9100
AddRefInternal func '$beh2' type=0 -> 2 ext=0 this=000001B501329D80
AddRefInternal func '$beh0' type=0 -> 14 ext=0 this=000001B4FC5E8E80
AddRefInternal func '$beh2' type=0 -> 51 ext=0 this=000001B4FC5E9100
AddRefInternal func '$beh2' type=0 -> 3 ext=0 this=000001B501329D80
AddRefInternal func '$beh2' type=0 -> 2 ext=0 this=000001B4FF276680
AddRefInternal func '$beh0' type=0 -> 14 ext=0 this=000001B50174E600
AddRefInternal func '$beh0' type=0 -> 15 ext=0 this=000001B50174E600
AddRefInternal func '$beh2' type=0 -> 2 ext=0 this=000001B501142A80
AddRefInternal func '$beh0' type=0 -> 32 ext=0 this=000001B4FC0A6900
AddRefInternal func '$beh0' type=0 -> 15 ext=0 this=000001B4FC5E8E80
AddRefInternal func '$beh2' type=0 -> 52 ext=0 this=000001B4FC5E9100
AddRefInternal func '$beh2' type=0 -> 53 ext=0 this=000001B4FC5E9100
AddRefInternal func '$beh0' type=0 -> 4 ext=0 this=000001B4FC643E80
AddRefInternal func '$beh0' type=0 -> 2 ext=0 this=000001B4FC644600
AddRefInternal func '$beh0' type=0 -> 5 ext=0 this=000001B4FC643E80
AddRefInternal func '$beh0' type=0 -> 6 ext=0 this=000001B4FC643E80
AddRefInternal func '$beh0' type=0 -> 2 ext=0 this=000001B4FC644100
AddRefInternal func '$beh0' type=0 -> 16 ext=0 this=000001B50174E600
AddRefInternal func '$beh0' type=0 -> 17 ext=0 this=000001B50174E600
AddRefInternal func '$beh0' type=0 -> 33 ext=0 this=000001B4FC0A6900
AddRefInternal func '$beh0' type=0 -> 16 ext=0 this=000001B4FC5E8E80
AddRefInternal func '$beh2' type=0 -> 54 ext=0 this=000001B4FC5E9100
AddRefInternal func '$beh2' type=0 -> 55 ext=0 this=000001B4FC5E9100
AddRefInternal func '$beh0' type=0 -> 34 ext=0 this=000001B4FC0A6900
AddRefInternal func '$beh0' type=0 -> 17 ext=0 this=000001B4FC5E8E80
AddRefInternal func '$beh2' type=0 -> 56 ext=0 this=000001B4FC5E9100
AddRefInternal func '$beh2' type=0 -> 57 ext=0 this=000001B4FC5E9100
AddRefInternal func '$beh0' type=0 -> 35 ext=0 this=000001B4FC0A6900
AddRefInternal func '$beh0' type=0 -> 18 ext=0 this=000001B4FC5E8E80
AddRefInternal func '$beh2' type=0 -> 58 ext=0 this=000001B4FC5E9100
AddRefInternal func '$beh2' type=0 -> 59 ext=0 this=000001B4FC5E9100
AddRefInternal func '$beh0' type=0 -> 36 ext=0 this=000001B4FC0A6900
AddRefInternal func '$beh0' type=0 -> 19 ext=0 this=000001B4FC5E8E80
AddRefInternal func '$beh2' type=0 -> 60 ext=0 this=000001B4FC5E9100
AddRefInternal func '$beh2' type=0 -> 61 ext=0 this=000001B4FC5E9100
AddRefInternal func '$beh0' type=0 -> 18 ext=0 this=000001B50174E600
AddRefInternal func '$beh0' type=0 -> 19 ext=0 this=000001B50174E600
AddRefInternal func '$beh0' type=0 -> 3 ext=0 this=000001B4FC644100
AddRefInternal func '$beh0' type=0 -> 20 ext=0 this=000001B50174E600
AddRefInternal func '$beh0' type=0 -> 21 ext=0 this=000001B50174E600
AddRefInternal func '$beh0' type=0 -> 20 ext=0 this=000001B4FC5E8E80
AddRefInternal func '$beh0' type=0 -> 37 ext=0 this=000001B4FC0A6900
AddRefInternal func '$beh0' type=0 -> 21 ext=0 this=000001B4FC5E8E80
AddRefInternal func '$beh2' type=0 -> 62 ext=0 this=000001B4FC5E9100
AddRefInternal func '$beh2' type=0 -> 63 ext=0 this=000001B4FC5E9100
AddRefInternal func '$beh2' type=0 -> 64 ext=0 this=000001B4FC5E9100
AddRefInternal func '$beh0' type=0 -> 2 ext=0 this=000001B4FF65AF00
AddRefInternal func '$beh0' type=0 -> 22 ext=0 this=000001B50174E600
AddRefInternal func '$beh0' type=0 -> 23 ext=0 this=000001B50174E600
AddRefInternal func '$beh2' type=0 -> 65 ext=0 this=000001B4FC5E9100
AddRefInternal func '$beh2' type=0 -> 2 ext=0 this=000001B4FF65B180
AddRefInternal func '$beh2' type=0 -> 2 ext=0 this=000001B4FF669380
AddRefInternal func '$beh0' type=0 -> 2 ext=0 this=000001B4FF669600
AddRefInternal func '$beh0' type=0 -> 3 ext=0 this=000001B4FF669600
AddRefInternal func '$beh0' type=0 -> 4 ext=0 this=000001B4FF669600
AddRefInternal func '$beh2' type=0 -> 3 ext=0 this=000001B4FF669380
AddRefInternal func '$beh0' type=0 -> 38 ext=0 this=000001B4FC0A6900
AddRefInternal func '$beh0' type=0 -> 39 ext=0 this=000001B4FC0A6900
AddRefInternal func '$beh0' type=0 -> 24 ext=0 this=000001B50174E600
AddRefInternal func '$beh0' type=0 -> 25 ext=0 this=000001B50174E600
AddRefInternal func '$beh0' type=0 -> 22 ext=0 this=000001B4FC5E8E80
AddRefInternal func '$beh2' type=0 -> 66 ext=0 this=000001B4FC5E9100
AddRefInternal func '$beh2' type=0 -> 67 ext=0 this=000001B4FC5E9100
AddRefInternal func '$beh2' type=0 -> 2 ext=0 this=000001B4FC623200
AddRefInternal func '$beh0' type=0 -> 2 ext=0 this=000001B4F7859B00
AddRefInternal func '$beh0' type=0 -> 2 ext=0 this=000001B4F785A000
AddRefInternal func '$beh2' type=0 -> 2 ext=0 this=000001B4F7859D80
AddRefInternal func '$beh0' type=0 -> 3 ext=0 this=000001B4F7859B00
AddRefInternal func '$beh0' type=0 -> 3 ext=0 this=000001B4F785A000
AddRefInternal func '$beh0' type=0 -> 4 ext=0 this=000001B4F7859B00
AddRefInternal func '$beh0' type=0 -> 4 ext=0 this=000001B4F785A000
AddRefInternal func '$beh2' type=0 -> 3 ext=0 this=000001B4F7859D80
AddRefInternal func '$beh2' type=0 -> 4 ext=0 this=000001B4F7859D80
AddRefInternal func '$beh0' type=0 -> 7 ext=0 this=000001B4FC643E80
AddRefInternal func '$beh0' type=0 -> 3 ext=0 this=000001B4FC644600
AddRefInternal func '$beh0' type=0 -> 40 ext=0 this=000001B4FC0A6900
AddRefInternal func '$beh0' type=0 -> 41 ext=0 this=000001B4FC0A6900
AddRefInternal func '$beh0' type=0 -> 26 ext=0 this=000001B50174E600
AddRefInternal func '$beh0' type=0 -> 27 ext=0 this=000001B50174E600
AddRefInternal func '$beh0' type=0 -> 42 ext=0 this=000001B4FC0A6900
AddRefInternal func '$beh0' type=0 -> 43 ext=0 this=000001B4FC0A6900
AddRefInternal func '$beh0' type=0 -> 44 ext=0 this=000001B4FC0A6900
AddRefInternal func '$beh0' type=0 -> 45 ext=0 this=000001B4FC0A6900
AddRefInternal func '$beh0' type=0 -> 2 ext=0 this=000001B4FFE0A500
AddRefInternal func '$beh0' type=0 -> 46 ext=0 this=000001B4FC0A6900
AddRefInternal func '$beh0' type=0 -> 14 ext=0 this=000001B4FC5E8C00
AddRefInternal func '$beh2' type=0 -> 68 ext=0 this=000001B4FC5E9100
AddRefInternal func '$beh0' type=0 -> 47 ext=0 this=000001B4FC0A6900
AddRefInternal func '$beh0' type=0 -> 15 ext=0 this=000001B4FC5E8C00
AddRefInternal func '$beh2' type=0 -> 69 ext=0 this=000001B4FC5E9100
AddRefInternal func '$beh2' type=0 -> 2 ext=0 this=000001B4FFE0A780
AddRefInternal func '$beh0' type=0 -> 48 ext=0 this=000001B4FC0A6900
AddRefInternal func '$beh0' type=0 -> 3 ext=0 this=000001B4FFE0A500
AddRefInternal func '$beh0' type=0 -> 49 ext=0 this=000001B4FC0A6900
AddRefInternal func '$beh0' type=0 -> 16 ext=0 this=000001B4FC5E8C00
AddRefInternal func '$beh2' type=0 -> 70 ext=0 this=000001B4FC5E9100
AddRefInternal func '$beh2' type=0 -> 3 ext=0 this=000001B4FFE0A780
AddRefInternal func '$beh0' type=0 -> 28 ext=0 this=000001B50174E600
AddRefInternal func '$beh0' type=0 -> 29 ext=0 this=000001B50174E600
AddRefInternal func '$beh0' type=0 -> 5 ext=0 this=000001B4F7859B00
AddRefInternal func '$beh0' type=0 -> 5 ext=0 this=000001B4F785A000
AddRefInternal func '$beh2' type=0 -> 5 ext=0 this=000001B4F7859D80
AddRefInternal func '$beh0' type=0 -> 6 ext=0 this=000001B4F7859B00
AddRefInternal func '$beh0' type=0 -> 6 ext=0 this=000001B4F785A000
AddRefInternal func '$beh2' type=0 -> 6 ext=0 this=000001B4F7859D80
AddRefInternal func '$beh0' type=0 -> 50 ext=0 this=000001B4FC0A6900
AddRefInternal func '$beh0' type=0 -> 51 ext=0 this=000001B4FC0A6900
AddRefInternal func '$beh0' type=0 -> 30 ext=0 this=000001B50174E600
AddRefInternal func '$beh0' type=0 -> 31 ext=0 this=000001B50174E600
AddRefInternal func '$beh0' type=0 -> 52 ext=0 this=000001B4FC0A6900
AddRefInternal func '$beh0' type=0 -> 17 ext=0 this=000001B4FC5E8C00
AddRefInternal func '$beh2' type=0 -> 71 ext=0 this=000001B4FC5E9100
AddRefInternal func '$beh0' type=0 -> 53 ext=0 this=000001B4FC0A6900
AddRefInternal func '$beh0' type=0 -> 18 ext=0 this=000001B4FC5E8C00
AddRefInternal func '$beh2' type=0 -> 72 ext=0 this=000001B4FC5E9100
AddRefInternal func '$beh0' type=0 -> 32 ext=0 this=000001B50174E600
AddRefInternal func '$beh0' type=0 -> 33 ext=0 this=000001B50174E600
AddRefInternal func '$beh0' type=0 -> 34 ext=0 this=000001B50174E600
AddRefInternal func '$beh0' type=0 -> 35 ext=0 this=000001B50174E600
AddRefInternal func '$beh0' type=0 -> 19 ext=0 this=000001B4FC5E8C00
AddRefInternal func '$beh2' type=0 -> 73 ext=0 this=000001B4FC5E9100
AddRefInternal func '$beh0' type=0 -> 20 ext=0 this=000001B4FC5E8C00
AddRefInternal func '$beh2' type=0 -> 74 ext=0 this=000001B4FC5E9100
AddRefInternal func '$beh0' type=0 -> 54 ext=0 this=000001B4FC0A6900
AddRefInternal func '$beh0' type=0 -> 21 ext=0 this=000001B4FC5E8C00
AddRefInternal func '$beh2' type=0 -> 75 ext=0 this=000001B4FC5E9100
AddRefInternal func '$beh0' type=0 -> 55 ext=0 this=000001B4FC0A6900
AddRefInternal func '$beh0' type=0 -> 36 ext=0 this=000001B50174E600
AddRefInternal func '$beh0' type=0 -> 37 ext=0 this=000001B50174E600
AddRefInternal func '$beh0' type=0 -> 56 ext=0 this=000001B4FC0A6900
AddRefInternal func '$beh0' type=0 -> 22 ext=0 this=000001B4FC5E8C00
AddRefInternal func '$beh2' type=0 -> 76 ext=0 this=000001B4FC5E9100
AddRefInternal func '$beh0' type=0 -> 57 ext=0 this=000001B4FC0A6900
AddRefInternal func '$beh0' type=0 -> 23 ext=0 this=000001B4FC5E8C00
AddRefInternal func '$beh2' type=0 -> 77 ext=0 this=000001B4FC5E9100
AddRefInternal func '$beh0' type=0 -> 58 ext=0 this=000001B4FC0A6900
AddRefInternal func '$beh0' type=0 -> 24 ext=0 this=000001B4FC5E8C00
AddRefInternal func '$beh2' type=0 -> 78 ext=0 this=000001B4FC5E9100
AddRefInternal func '$beh0' type=0 -> 59 ext=0 this=000001B4FC0A6900
AddRefInternal func '$beh0' type=0 -> 25 ext=0 this=000001B4FC5E8C00
AddRefInternal func '$beh2' type=0 -> 79 ext=0 this=000001B4FC5E9100
AddRefInternal func '$beh0' type=0 -> 38 ext=0 this=000001B50174E600
AddRefInternal func '$beh0' type=0 -> 39 ext=0 this=000001B50174E600
AddRefInternal func '$beh0' type=0 -> 40 ext=0 this=000001B50174E600
AddRefInternal func '$beh0' type=0 -> 41 ext=0 this=000001B50174E600
AddRefInternal func '$beh0' type=0 -> 60 ext=0 this=000001B4FC0A6900
AddRefInternal func '$beh0' type=0 -> 26 ext=0 this=000001B4FC5E8C00
AddRefInternal func '$beh2' type=0 -> 80 ext=0 this=000001B4FC5E9100
AddRefInternal func '$beh0' type=0 -> 61 ext=0 this=000001B4FC0A6900
AddRefInternal func '$beh0' type=0 -> 27 ext=0 this=000001B4FC5E8C00
AddRefInternal func '$beh2' type=0 -> 81 ext=0 this=000001B4FC5E9100
AddRefInternal func '$beh0' type=0 -> 28 ext=0 this=000001B4FC5E8C00
AddRefInternal func '$beh2' type=0 -> 82 ext=0 this=000001B4FC5E9100
AddRefInternal func '$beh0' type=0 -> 29 ext=0 this=000001B4FC5E8C00
AddRefInternal func '$beh2' type=0 -> 83 ext=0 this=000001B4FC5E9100
AddRefInternal func '$beh0' type=0 -> 30 ext=0 this=000001B4FC5E8C00
AddRefInternal func '$beh2' type=0 -> 84 ext=0 this=000001B4FC5E9100
AddRefInternal func '$beh0' type=0 -> 42 ext=0 this=000001B50174E600
AddRefInternal func '$beh0' type=0 -> 43 ext=0 this=000001B50174E600
AddRefInternal func '$beh0' type=0 -> 44 ext=0 this=000001B50174E600
AddRefInternal func '$beh0' type=0 -> 45 ext=0 this=000001B50174E600
AddRefInternal func '$beh0' type=0 -> 31 ext=0 this=000001B4FC5E8C00
AddRefInternal func '$beh2' type=0 -> 85 ext=0 this=000001B4FC5E9100
ReleaseInternal func '$beh0' type=0 before=146 ext=0 this=000001B4F821AF00
ReleaseInternal func '$beh0' type=0 before=145 ext=0 this=000001B4F821AF00
AddRefInternal func '$beh0' type=0 -> 46 ext=0 this=000001B50174E600
AddRefInternal func '$beh0' type=0 -> 47 ext=0 this=000001B50174E600
AddRefInternal func '$beh0' type=0 -> 8 ext=0 this=000001B4FC643E80
AddRefInternal func '$beh0' type=0 -> 9 ext=0 this=000001B4FC643E80
AddRefInternal func '$beh0' type=0 -> 3 ext=0 this=000001B4FC56E880
AddRefInternal func '$beh2' type=0 -> 2 ext=0 this=000001B4FFE1B400
AddRefInternal func '$beh2' type=0 -> 3 ext=0 this=000001B4FFE1B400
ReleaseInternal func '$beh0' type=0 before=146 ext=0 this=000001B4F821A500
ReleaseInternal func '$beh0' type=0 before=144 ext=0 this=000001B4F821AF00
ReleaseInternal func '$beh0' type=0 before=145 ext=0 this=000001B4F821A500
AddRefInternal func '$beh0' type=0 -> 2 ext=0 this=000001B4FC5B8480
AddRefInternal func '$beh0' type=0 -> 10 ext=0 this=000001B4FC643E80
AddRefInternal func '$beh0' type=0 -> 4 ext=0 this=000001B4FC644600
AddRefInternal func '$beh0' type=0 -> 2 ext=0 this=000001B501771180
AddRefInternal func '$beh0' type=0 -> 48 ext=0 this=000001B50174E600
AddRefInternal func '$beh0' type=0 -> 2 ext=0 this=000001B501773480
AddRefInternal func '$beh0' type=0 -> 2 ext=0 this=000001B501772300
AddRefInternal func '$beh0' type=0 -> 4 ext=0 this=000001B4FC56E880
AddRefInternal func '$beh2' type=0 -> 4 ext=0 this=000001B4FFE1B400
AddRefInternal func '$beh2' type=0 -> 5 ext=0 this=000001B4FFE1B400
AddRefInternal func '$beh0' type=0 -> 5 ext=0 this=000001B4FC56E880
AddRefInternal func '$beh0' type=0 -> 6 ext=0 this=000001B4FC56E880
AddRefInternal func '$beh0' type=0 -> 7 ext=0 this=000001B4FC56E880
AddRefInternal func '$beh2' type=0 -> 6 ext=0 this=000001B4FFE1B400
AddRefInternal func '$beh2' type=0 -> 7 ext=0 this=000001B4FFE1B400
AddRefInternal func '$beh2' type=0 -> 8 ext=0 this=000001B4FFE1B400
AddRefInternal func '$beh2' type=0 -> 9 ext=0 this=000001B4FFE1B400
AddRefInternal func '$beh2' type=0 -> 10 ext=0 this=000001B4FFE1B400
AddRefInternal func '$beh0' type=0 -> 23 ext=0 this=000001B4FC5E8E80
ReleaseInternal func '$beh0' type=0 before=143 ext=0 this=000001B4F821AF00
AddRefInternal func '$beh0' type=0 -> 8 ext=0 this=000001B4FC56E880
AddRefInternal func '$beh0' type=0 -> 2 ext=0 this=000001B501772D00
AddRefInternal func '$beh0' type=0 -> 9 ext=0 this=000001B4FC56E880
AddRefInternal func '$beh2' type=0 -> 11 ext=0 this=000001B4FFE1B400
AddRefInternal func '$beh2' type=0 -> 12 ext=0 this=000001B4FFE1B400
AddRefInternal func '$beh2' type=0 -> 13 ext=0 this=000001B4FFE1B400
AddRefInternal func '$beh0' type=0 -> 49 ext=0 this=000001B50174E600
AddRefInternal func '$beh0' type=0 -> 50 ext=0 this=000001B50174E600
AddRef EXT func '$beh0' type=0 -> 1 int=23 this=000001B4FC5E8E80
AddRef EXT func '$beh2' type=0 -> 1 int=85 this=000001B4FC5E9100
Release EXT func '$beh0' type=0 before=1 int=23 this=000001B4FC5E8E80
Release EXT func '$beh2' type=0 before=1 int=85 this=000001B4FC5E9100
AddRefInternal func '$beh0' type=0 -> 2 ext=0 this=000001B548D4AA00
ReleaseInternal func 'F' type=1 before=1 ext=0 this=000001B548D4CA80
ReleaseInternal func 'Invoke' type=1 before=1 ext=0 this=000001B548D4C800
ReleaseInternal type 'Callback' before=1 ext=0 flags=0x1400005 this=000001B548C1D200
DELETE type 'Callback' this=000001B548C1D200
FuncdefType::DestroyInternal 'Callback' this=000001B548C1D200 engine=000001B54A0B5400 funcdef=000001B548D4C300 internal=0
ReleaseInternal func 'Callback' type=4 before=1 ext=0 this=000001B548D4C300
ReleaseInternal func 'Double' type=1 before=1 ext=0 this=000001B548D4C580
ReleaseInternal func '$dlgte' type=0 before=1 ext=0 this=000001B548D4BE00
