"StableId","OwnerStableId","Namespace","CallableKind","CanonicalDeclaration","RegisteredName","Behavior","ReturnType","ParameterCount","ParameterTypes","HasDefaultArguments","HasReferenceArguments","HasHandleArguments","Availability","UEFunctionPath","Origin","OriginModule","OriginPlugin","CppCallableDisplay","NativeFormKind","ExternalLinkage","ExpectedAbi","Disposition","ReviewStatus"
"002ef04c65b83aade18de5567c4147b796ab298462bc5972c05a41e99e9094c5","","UBlueprintSpringMathLibrary","global-function","float32 CubicInertializeApplyToAngle(float32 InAngle, float32 InAngleOffset, float32 InAngularVelocityOffset, float32 TimeSinceTransition, float32 BlendTime = 0.200000)","CubicInertializeApplyToAngle","","float32","5","float32;float32;float32;float32;float32","True","False","False","available","/Script/Engine.BlueprintSpringMathLibrary:CubicInertializeApplyToAngle","manual","Engine","","","","","","unclassified","pending-native-form-source-join"
"0078fe52510e7701d3b3d1328c39241dc94fecec26e3ba81143d483badab6d81","b7763e3f18c8656cfc1420ca00d93a10a259c1d343943632502ddc8a716da650","","method","float32 GetPlayerStartTime(AController Controller) const","GetPlayerStartTime","","float32","1","AController","False","False","True","available","/Script/Engine.GameStateBase:GetPlayerStartTime","manual","Engine","","","","","","unclassified","pending-native-form-source-join"
"00aa43ea19195fcae377900a05a68eec8ac1856f6007f6adbcbce144d5963114","4f8e7441dd6629847eb00d9f80705d20098ad235220d252c2a2c723530d64500","","method","FScriptTypedElementHandle PromoteElement(const FScriptTypedElementHandle&inout InElementHandle, UWorld OverrideWorld)","PromoteElement","","FScriptTypedElementHandle","2","FScriptTypedElementHandle;UWorld","False","True","True","available","/Script/Engine.TypedElementWorldInterface:PromoteElement","manual","Engine","","","","","","unclassified","pending-native-form-source-join"
"0133ff9d8dd586619bc296469a8a88613fa1cfa9e72a45c71f5c45fd5dbe393c","","UConstraintInstanceBlueprintLibrary","global-function","void SetLinearVelocityTarget(FConstraintInstanceAccessor&inout Accessor, const FVector&inout InVelTarget)","SetLinearVelocityTarget","","void","2","FConstraintInstanceAccessor;FVector","False","True","False","available","/Script/Engine.ConstraintInstanceBlueprintLibrary:SetLinearVelocityTarget","manual","Engine","","","","","","unclassified","pending-native-form-source-join"
"015185d919c7e7b0ea8feb3608767bbc880865cc30e164314d8fbe19ba819aef","4df085944005dd0da254f067eaae0f4b1a4be877051d3d0cd60138c4207cc987","","method","FTimecode GetDelayedTimecode() const","GetDelayedTimecode","","FTimecode","0","","False","False","False","available","/Script/Engine.TimecodeProvider:GetDelayedTimecode","manual","Engine","","","","","","unclassified","pending-native-form-source-join"
"01529bd267a63c2be41c9e4c60e1e9d4ff64a88173fefe053c60160cdf3d4605","fa24378319ef169d1149805ded22c404f691f2ea8b34352ec52aeaff336adb02","","method","int GetDisplayIndex() const","GetDisplayIndex","","int","0","","False","False","False","available","/Script/Engine.GameUserSettings:GetDisplayIndex","manual","Engine","","","","","","unclassified","pending-native-form-source-join"
"016cb8c497978d94de779f19da1fdbb2199db0dfd4ed5d72d06c8454f98258d7","","UBlueprintSpringMathLibrary","global-function","FRotator CubicInertializeApplyToRotator(FRotator InRotation, FRotator InRotationOffset, FVector InAngularVelocityOffset, float32 TimeSinceTransition, float32 BlendTime = 0.200000)","CubicInertializeApplyToRotator","","FRotator","5","FRotator;FRotator;FVector;float32;float32","True","False","False","available","/Script/Engine.BlueprintSpringMathLibrary:CubicInertializeApplyToRotator","manual","Engine","","","","","","unclassified","pending-native-form-source-join"
"018b2e142893ac7a8082b5b5bf1b6fe20267f846ad4b7879487db2d25627e69a","196d00ce68899768ad4f9f6ad88b0526803ac4b5bfb0e008fcef467d86d4f66f","","method","TMap<FName,FKeyMappingRow>& GetPlayerMappingRows() const","GetPlayerMappingRows","","TMap<FName,FKeyMappingRow>","0","","False","False","False","available","/Script/EnhancedInput.EnhancedPlayerMappableKeyProfile:GetPlayerMappingRows","manual","EnhancedInput","EnhancedInput","","","","","unclassified","pending-native-form-source-join"
"018f1f632fb0927d4f07433dcf60bb7dfb57a4d9518d55b184b018894a49cec5","f91d8d2b20d19e1ddc8ec6f6c2026570f2dfaf0e4ef10f72e4cb53e9d937682f","","method","void ExecuteTest(const UPCGNode InPCGNode, FDeterminismTestResult&inout InOutTestResult)","ExecuteTest","","void","2","const UPCGNode;FDeterminismTestResult","False","True","True","available","/Script/PCG.PCGDeterminismTestBlueprintBase:ExecuteTest","manual","PCG","PCG","","","","","unclassified","pending-native-form-source-join"
"01a35d405ddf3f76355ee28e9fc9ba9244ae7639c7750ccd555b5df104099e91","21d382cd7255d52cbb20566516d6b3ceb07797f145c23c7f2383421ca5d88295","","method","void Destruct()","Destruct","","void","0","","False","False","False","available","/Script/UMG.UserWidget:Destruct","manual","UMG","","","","","","unclassified","pending-native-form-source-join"
"01ad6713e659c4d3df13361d614d0f02e6d13d9bcc8e605b0e87eb74208ea05a","","UBTFunctionLibrary","global-function","float32 GetBlackboardValueAsFloat(UBTNode NodeOwner, const FBlackboardKeySelector&inout Key)","GetBlackboardValueAsFloat","","float32","2","UBTNode;FBlackboardKeySelector","False","True","True","available","/Script/AIModule.BTFunctionLibrary:GetBlackboardValueAsFloat","manual","AIModule","","","","","","unclassified","pending-native-form-source-join"
"01c9a081b2489dcd2592aa5a328446ed3ed4a27220dbb3a0d5425bcbe35a7c08","b0697b21743308261702f67329e44db0bc229dd72304c0d0f5c43e2adcf62eaf","","method","FInputActionKeyMapping[]& GetKeysForAction(FName ActionName)","GetKeysForAction","","FInputActionKeyMapping[]","1","FName","False","False","False","available","/Script/AngelscriptRuntime.PlayerInputScriptMixinLibrary:GetKeysForAction","manual","AngelscriptRuntime","Angelscript","","","","","unclassified","pending-native-form-source-join"
"01faffe55d167472a2145aae628ec8d45f32a5ec0457c145f0c7413df34e38d0","f0aca1eb8212b6ae105fbd2e8ce832acd1bbecadccf250fab8d979683cc5058a","","method","FBoneAnimationTrack& GetBoneTrackByIndex(int TrackIndex) const","GetBoneTrackByIndex","","FBoneAnimationTrack","1","int","False","False","False","available","/Script/Engine.AnimationDataModel:GetBoneTrackByIndex","manual","Engine","","","","","","unclassified","pending-native-form-source-join"
"020008063c7349d0ed652fd985099ccf8c547b20d42e33b34dab1941e80ac68f","1c63e38631f9e24b16de7e6806982018e3b614f211572565ce2702db73d16f97","","method","bool CanExecute(const FToolMenuContext&inout Context) const","CanExecute","","bool","1","FToolMenuContext","False","True","False","available","/Script/ToolMenus.ToolMenuEntryScript:CanExecute","manual","ToolMenus","","","","","","unclassified","pending-native-form-source-join"
"0237b2412d11fa7c8b682b4fe0bef403701fbc8af6f55cebde843f848ac44f85","25476ae48137cafccca9adc65f6f8ceaa43556d67e751a64c06db06b699f5a96","","method","void OnEntryReleased()","OnEntryReleased","","void","0","","False","False","False","available","/Script/UMG.UserListEntry:BP_OnEntryReleased","manual","UMG","","","","","","unclassified","pending-native-form-source-join"
"023811a7dead5d924476a096d97aa8b7f916f6374173277b3b782a0b76480957","e54395c8e8514953dfbf3fbeabf065860f6a71585f8f76b50ad0927920f7fcb1","","method","void SetTexture(UTexture InTexture)","SetTexture","","void","1","UTexture","False","False","True","available","/Script/Engine.StereoLayerComponent:SetTexture","manual","Engine","","","","","","unclassified","pending-native-form-source-join"
"0276d710f64ae630b78165ab0c25d394b048663590d8afa73f0d5b84ddc3c2eb","bf3903cbca18b0ef0db7f73b96343bf92fa98c3d9c680e1243c4009d3c3a936a","","method","void Init()","Init","","void","0","","False","False","False","available","/Script/Engine.GameInstance:ReceiveInit","manual","Engine","","","","","","unclassified","pending-native-form-source-join"
"02819b4b208caa762f6968170e30d326027a96a34147879829da39e60e68e3cc","","FTransform","global-function","FTransform MakeFromYX(const FVector&inout YAxis, const FVector&inout XAxis)","MakeFromYX","","FTransform","2","FVector;FVector","False","True","False","available","/Script/AngelscriptRuntime.AngelscriptFTransformLibrary:MakeFromYX","manual","AngelscriptRuntime","Angelscript","","","","","unclassified","pending-native-form-source-join"
"028af0372abd8fe725e96ca8589ab8f3d6f1a63d7e2f2873301fc50fdc164ed8","8408ed834089f0d30abf8476c0078c8637280efdb97766920767c790ba00fc66","","method","void AppendTagsToInputMode(const FGameplayTagContainer&inout TagsToAdd, const FModifyContextOptions&inout Options)","AppendTagsToInputMode","","void","2","FGameplayTagContainer;FModifyContextOptions","False","True","False","available","/Script/EnhancedInput.EnhancedInputSubsystemInterface:AppendTagsToInputMode","manual","EnhancedInput","EnhancedInput","","","","","unclassified","pending-native-form-source-join"
"02bb52a9c62774373c860c528b78c9ce7361dabd7eb46704c89d65c55b0c04db","","WidgetLibrary","global-function","FEventReply LockMouse(FEventReply&inout Reply, UWidget CapturingWidget)","LockMouse","","FEventReply","2","FEventReply;UWidget","False","True","True","available","/Script/UMG.WidgetBlueprintLibrary:LockMouse","manual","UMG","","","","","","unclassified","pending-native-form-source-join"
"02ff93ecd37285386f33460258c2c980684997e6ce966960754af8f302ad55c7","95c5bd2590e7410565721b207a1d17bc6be9388f92234c7eba4b0ba57a3a44b1","","method","bool SetCurveFlags(const FAnimationCurveIdentifier&inout CurveId, int Flags, bool bShouldTransact)","SetCurveFlags","","bool","3","FAnimationCurveIdentifier;int;bool","False","True","False","available","/Script/Engine.AnimationDataController:SetCurveFlags","manual","Engine","","","","","","unclassified","pending-native-form-source-join"
"030fb3dac4a7149e6644b533a7e645b0b3189b8355460ba2abfb805f3d8d3053","a048e09fab5b35c796657bb67d416dd5c79c96ad1914c69990329d6bc1e2dc7a","","method","void ClientStopForceFeedback(UForceFeedbackEffect ForceFeedbackEffect, FName Tag)","ClientStopForceFeedback","","void","2","UForceFeedbackEffect;FName","False","False","True","available","/Script/Engine.PlayerController:ClientStopForceFeedback","manual","Engine","","","","","","unclassified","pending-native-form-source-join"
"03290823b6d72cc0d2ee4571d1d99d90132e183eee3fdc6524f663a00de23b21","95c5bd2590e7410565721b207a1d17bc6be9388f92234c7eba4b0ba57a3a44b1","","method","void ResizePlayLength(float32 NewLength, float32 T0, float32 T1, bool bShouldTransact)","ResizePlayLength","","void","4","float32;float32;float32;bool","False","False","False","deprecated","/Script/Engine.AnimationDataController:ResizePlayLength","manual","Engine","","","","","","unclassified","pending-native-form-source-join"
"038cd804b6b8e34054e5615b621479858a5060930b7bbf0fe7f23038d0214cc6","857beee1e323b53bbcc34a4017f8871f21d9f3952b5e6515656dc391547abc23","","method","FString GetActiveReplayName() const","GetActiveReplayName","","FString","0","","False","False","False","available","/Script/Engine.ReplaySubsystem:GetActiveReplayName","manual","Engine","","","","","","unclassified","pending-native-form-source-join"
"03abd02e0a3310ff9dbdd8987b1aea3ea08f1e77fdeba72d2e3c6448376682be","93cb40407e6142bb73d2390bec05959d899ccd6f736f65d07f20a60120aee144","","method","void SetInterpolatedComponent(USceneComponent Component)","SetInterpolatedComponent","","void","1","USceneComponent","False","False","True","available","/Script/Engine.ProjectileMovementComponent:SetInterpolatedComponent","manual","Engine","","","","","","unclassified","pending-native-form-source-join"
"03b487683eb19d5b8c442fac20e1c8b6800b8eafdf6f78ca830e148f2e8f1aae","b15c5085eae7bf1c2f4e71775069fbb1e7c19d74b97cd211cb1909e4eaf4ea60","","method","bool ComponentHasTag(FName Tag) const","ComponentHasTag","","bool","1","FName","False","False","False","available","/Script/Engine.ActorComponent:ComponentHasTag","manual","Engine","","","","","","unclassified","pending-native-form-source-join"
"03f42c699cda733bd99abae8d660ec704a789c7f68479fc55d5c9e55f25982d8","","FTransform","global-function","FTransform ApplyRelative(const FTransform&inout ParentWorldTransform, const FTransform&inout ChildRelativeTransform)","ApplyRelative","","FTransform","2","FTransform;FTransform","False","True","False","available","/Script/AngelscriptRuntime.AngelscriptFTransformStaticLibrary:ApplyRelative","manual","AngelscriptRuntime","Angelscript","","","","","unclassified","pending-native-form-source-join"
"04217391d044a1fd4d0a1fe89749957b739dadf3daad4c83777b26587339650c","","UBlueprintSpringMathLibrary","global-function","float32 SpringCharacterStoppingTime(float32 InitialVelocity, float32 SmoothingTime = 0.200000, float32 VelocityThreshold = 1.000000)","SpringCharacterStoppingTime","","float32","3","float32;float32;float32","True","False","False","available","/Script/Engine.BlueprintSpringMathLibrary:SpringCharacterStoppingTime","manual","Engine","","","","","","unclassified","pending-native-form-source-join"
"04b277276bb7a757d769840f595883b7c7c68a5b92bc57acd41cdec603e20d47","","UAISense_Prediction","global-function","void RequestControllerPredictionEvent(AAIController Requestor, AActor PredictedActor, float32 PredictionTime)","RequestControllerPredictionEvent","","void","3","AAIController;AActor;float32","False","False","True","available","/Script/AIModule.AISense_Prediction:RequestControllerPredictionEvent","manual","AIModule","","","","","","unclassified","pending-native-form-source-join"
"04cca06921118b75cdccf2407125826ec97431e185a31f341bd7655c77d0e9fc","8fb03d2805f10d52065d1c65e9dcd91b4549d6c486b24f525bcd3787c984fb66","","method","bool HasAssets(FName PackagePath, bool bRecursive) const","HasAssets","","bool","2","FName;bool","False","False","False","available","/Script/AssetRegistry.AssetRegistry:HasAssets","manual","AssetRegistry","","","","","","unclassified","pending-native-form-source-join"
"05424980af8af3ebd234d18eb87310120ab4be5c12938db452a81dd9449d35da","2b73f44d1b313ba2ee6485b71ae99ed84f44d68dad7eba3b1bae38eb04bf8e4c","","method","void GetCurves(FNamedCurveValue[]&inout OutValues) const","GetCurves","","void","1","FNamedCurveValue[]","False","True","False","available","/Script/Engine.CurveSourceInterface:GetCurves","manual","Engine","","","","","","unclassified","pending-native-form-source-join"
"055154b2ea0450021bd0c08ac7f48e9bcbda49b1deb122a5dd155aab3c4d97fc","963d40ad58971f34b1657ec6842fc5b633ddb71446375851d53091403c53936c","","method","void OnMatchReceivedTurn(FString Match, bool bDidBecomeActive)","OnMatchReceivedTurn","","void","2","FString;bool","False","False","False","available","/Script/OnlineSubsystem.TurnBasedMatchInterface:OnMatchReceivedTurn","manual","OnlineSubsystem","OnlineSubsystem","","","","","unclassified","pending-native-form-source-join"
"05877d6f1b547b46c06ca995cf7b83c7fe5aae6feab3250c7f00bcab254a87a8","f133cb39882c99f854780ad55b06c9c9ffffd57d223e6f4a7088eb655962fb64","","method","void ServerRPCBufferInput(UAsyncPhysicsData AsyncPhysicsData)","ServerRPCBufferInput","","void","1","UAsyncPhysicsData","False","False","True","available","/Script/Engine.AsyncPhysicsInputComponent:ServerRPCBufferInput","manual","Engine","","","","","","unclassified","pending-native-form-source-join"
"05e79009b27bca568675b9457019a32f4b7e0cdba26dc5e17c764b086a295713","8408ed834089f0d30abf8476c0078c8637280efdb97766920767c790ba00fc66","","method","void StartContinuousInputInjectionForPlayerMapping(FName MappingName, FInputActionValue RawValue, const UInputModifier[]&inout Modifiers, const UInputTrigger[]&inout Triggers)","StartContinuousInputInjectionForPlayerMapping","","void","4","FName;FInputActionValue;UInputModifier[];UInputTrigger[]","False","True","False","available","/Script/EnhancedInput.EnhancedInputSubsystemInterface:StartContinuousInputInjectionForPlayerMapping","manual","EnhancedInput","EnhancedInput","","","","","unclassified","pending-native-form-source-join"
"05f7bcdface3f197973d3f0c916fbe62396b9e9db34384c63e4f232501901f4d","4f8e7441dd6629847eb00d9f80705d20098ad235220d252c2a2c723530d64500","","method","ULevel GetOwnerLevel(const FScriptTypedElementHandle&inout InElementHandle)","GetOwnerLevel","","ULevel","1","FScriptTypedElementHandle","False","True","False","available","/Script/Engine.TypedElementWorldInterface:GetOwnerLevel","manual","Engine","","","","","","unclassified","pending-native-form-source-join"
"06062b1070ccb21739625abb0419492a7f240464e3353b4574ce5c2b6e3bfd0a","fa24378319ef169d1149805ded22c404f691f2ea8b34352ec52aeaff336adb02","","method","float32 GetRecommendedResolutionScale()","GetRecommendedResolutionScale","","float32","0","","False","False","False","available","/Script/Engine.GameUserSettings:GetRecommendedResolutionScale","manual","Engine","","","","","","unclassified","pending-native-form-source-join"
"0609f1969b68457ef537fed1efd17fbed20561618e115416fc72b7cde94d73b9","f114739dad8eec28fa480409a4fe844f0d95d53ddc54fb1dd0d2b1c16ec0a9d7","","method","bool SetBlendSpacePosition(int TrackIndex, int LayerIndex, FVector2f Position)","SetBlendSpacePosition","","bool","3","int;int;FVector2f","False","False","False","available","/Script/Engine.AnimSequenceTransformProviderDataInstance:SetBlendSpacePosition","manual","Engine","","","","","","unclassified","pending-native-form-source-join"
"0634dd7b8c192bd90cd5ec7058f7e6491e8da5a08a2fd7af527bf28a54da4983","8fb03d2805f10d52065d1c65e9dcd91b4549d6c486b24f525bcd3787c984fb66","","method","bool GetInMemoryAssets(const FARFilter&inout Filter, FAssetData[]&inout OutAssetData, bool bSkipARFilteredAssets) const","GetInMemoryAssets","","bool","3","FARFilter;FAssetData[];bool","False","True","False","available","/Script/AssetRegistry.AssetRegistry:GetInMemoryAssets","manual","AssetRegistry","","","","","","unclassified","pending-native-form-source-join"
"0668914fa7f98df402c58c38f2970396df04ea85dabb93e122596c2f6cd98ca9","007407070d537aea378c9ee140af80e502832e07a1e35b08b48a3eaeb55bdc4a","","method","void ServerReceiveDeltaSourceInputFrame(uint Index, int Frame)","ServerReceiveDeltaSourceInputFrame","","void","2","uint;int","False","False","False","available","/Script/Engine.NetworkPhysicsComponent:ServerReceiveDeltaSourceInputFrame","manual","Engine","","","","","","unclassified","pending-native-form-source-join"
"0681fb0e215c31b9f6ffd77817e677f2a4113e1cdbef1f47cb9733e7d87f894a","","PrimitiveComponentUtilities","global-function","void AddVisibilityOwnerActor(AActor Actor, AActor Owner, bool bRecursivelyIncludeAttachedActors)","AddVisibilityOwnerActor","","void","3","AActor;AActor;bool","False","False","True","available","/Script/Engine.PrimitiveComponentUtilities:AddVisibilityOwnerActor","manual","Engine","","","","","","unclassified","pending-native-form-source-join"
"06b2d61b1df3d186e47d110a049971e517ebdb1d958ce5f4241f2106689e68af","aafc390ad2b6c616d8283f777abbedbc3ae249211d1cba37623650a093bb90ea","","method","void EnableDebugDrawing(bool bShouldDrawDebugData, FLinearColor PathColor = FLinearColor ( 1.000000 , 1.000000 , 1.000000 , 1.000000 ))","EnableDebugDrawing","","void","2","bool;FLinearColor","True","False","False","available","/Script/NavigationSystem.NavigationPath:EnableDebugDrawing","manual","NavigationSystem","","","","","","unclassified","pending-native-form-source-join"
"06e1adaa729205883f42e6ec3f28b8f6a4b752d6e582c37e23100e193114e754","7c512897178e856205f0b20d178f0ad05e330e5254fab86dd63c95149a5893b4","","method","void OnSelectionChanged(bool bIsSelected)","OnSelectionChanged","","void","1","bool","False","False","False","available","/Script/ControlRig.ControlRigShapeActor:OnSelectionChanged","manual","ControlRig","ControlRig","","","","","unclassified","pending-native-form-source-join"
"06f587f0ca9d84f1313c5dc76e41d9d4f01a7458642d56a777c3e9ae3eb7c7be","5351c4ffe82bbb28d1a84ba46be8b8b08876e3a366f59925a2568dc5b35e1c9c","","method","void OnRestartPlayer(AController NewPlayer)","OnRestartPlayer","","void","1","AController","False","False","True","available","/Script/Engine.GameModeBase:K2_OnRestartPlayer","manual","Engine","","","","","","unclassified","pending-native-form-source-join"
"07113e7cd46a7093b1b2a525fc099b4056cd613e6513f2e78a6b3046127fe23d","a048e09fab5b35c796657bb67d416dd5c79c96ad1914c69990329d6bc1e2dc7a","","method","void ClientSetCameraMode(FName NewCamMode)","ClientSetCameraMode","","void","1","FName","False","False","False","available","/Script/Engine.PlayerController:ClientSetCameraMode","manual","Engine","","","","","","unclassified","pending-native-form-source-join"
"07157c06c36456ad49c7e39217e4f566cb378e7800856b55152fb05e98d9282c","1b02d55ea768fb4596386f9a397c6c5338994b1e50b0f72797b558cac16368f7","","method","bool OnRemove(AActor MyTarget, const FGameplayCueParameters&inout Parameters) const","OnRemove","","bool","2","AActor;FGameplayCueParameters","False","True","True","available","/Script/GameplayAbilities.GameplayCueNotify_Static:OnRemove","manual","GameplayAbilities","GameplayAbilities","","","","","unclassified","pending-native-form-source-join"
"071f62ec6e9a010d5912199c6d643ea47cf658c8bf243e341b1b90037b0166b4","0f57e00920afd6a1a9a1258c938a2ce2620b2cd11c885c6355f0447d3358f499","","method","void SetbBlockingHit(bool bIsBlocking)","SetbBlockingHit","","void","1","bool","False","False","False","available","/Script/AngelscriptRuntime.AngelscriptHitResultLibrary:SetbBlockingHit","manual","AngelscriptRuntime","Angelscript","","","","","unclassified","pending-native-form-source-join"
"073e9f82c0f066a96de84bc94c17451ed31c8f31320ff5bc4cfd0d4f292224a1","ce03e8ad9e753f7ce0833b6dfcc8edbd7020df289398d04827f0cffed55f159e","","method","void AssertNotSame(const UObject Expected, const UObject Actual, FString Message)","AssertNotSame","","void","3","const UObject;const UObject;FString","False","False","True","available","/Script/AngelscriptRuntime.LatentAutomationCommandClientExecutor:AssertNotSame","manual","AngelscriptRuntime","Angelscript","","","","","unclassified","pending-native-form-source-join"
"078b248d7e7c38f76f0f1209c8fbc7a7c2b9f007fa7ed73ebb139560f450d03e","93cb40407e6142bb73d2390bec05959d899ccd6f736f65d07f20a60120aee144","","method","void SetVelocityInLocalSpace(FVector NewVelocity)","SetVelocityInLocalSpace","","void","1","FVector","False","False","False","available","/Script/Engine.ProjectileMovementComponent:SetVelocityInLocalSpace","manual","Engine","","","","","","unclassified","pending-native-form-source-join"
"07d07315169df69d49c5c0b0682d0f651160bde307dcd5a7d4cd4d1523251a82","4f8e7441dd6629847eb00d9f80705d20098ad235220d252c2a2c723530d64500","","method","bool CanMoveElement(const FScriptTypedElementHandle&inout InElementHandle, ETypedElementWorldType InWorldType)","CanMoveElement","","bool","2","FScriptTypedElementHandle;ETypedElementWorldType","False","True","False","available","/Script/Engine.TypedElementWorldInterface:CanMoveElement","manual","Engine","","","","","","unclassified","pending-native-form-source-join"
"08347fd7342684809ff158426e2c4367f2e3e5c6e9ade0571332b40386fa26d0","","Math","global-function","int WrapIndex(int Value, int Min, int Max)","WrapIndex","","int","3","int;int;int","False","False","False","available","/Script/AngelscriptRuntime.AngelscriptMathLibrary:WrapIndex","manual","AngelscriptRuntime","Angelscript","","","","","unclassified","pending-native-form-source-join"
"085ac2ac2daff064747a88fd7f648ce0fed1ab33578896e639ea635135fc4066","","UBTFunctionLibrary","global-function","void ClearBlackboardValueAsVector(UBTNode NodeOwner, const FBlackboardKeySelector&inout Key)","ClearBlackboardValueAsVector","","void","2","UBTNode;FBlackboardKeySelector","False","True","True","deprecated","/Script/AIModule.BTFunctionLibrary:ClearBlackboardValueAsVector","manual","AIModule","","","","","","unclassified","pending-native-form-source-join"
"08d4f100ecf2712e17752c25e4fa00749b24756446e5e5abafbb7ddfed3c1e6e","0f57e00920afd6a1a9a1258c938a2ce2620b2cd11c885c6355f0447d3358f499","","method","bool GetbStartPenetrating() const","GetbStartPenetrating","","bool","0","","False","False","False","available","/Script/AngelscriptRuntime.AngelscriptHitResultLibrary:GetbStartPenetrating","manual","AngelscriptRuntime","Angelscript","","","","","unclassified","pending-native-form-source-join"
"08e9bbb06aba81d5622cbfeefdfb255b168bdc257a1144fc94b7467394b603a9","","UInputDeviceLibrary","global-function","EInputDeviceConnectionState GetInputDeviceConnectionState(FInputDeviceId DeviceId)","GetInputDeviceConnectionState","","EInputDeviceConnectionState","1","FInputDeviceId","False","False","False","available","/Script/Engine.InputDeviceLibrary:GetInputDeviceConnectionState","manual","Engine","","","","","","unclassified","pending-native-form-source-join"
"09180860ff115689428a8dfd70479686fbe086fc7d3251264429eff4b267ea3e","e011f334706a89e0bfd8ba157c644d60cb8ca3822c6464a43b899743e94b3430","","method","FRotator3f TransformRotation(const FRotator3f&inout R) const","TransformRotation","","FRotator3f","1","FRotator3f","False","True","False","available","/Script/AngelscriptRuntime.AngelscriptFTransform3fLibrary:TransformRotation","manual","AngelscriptRuntime","Angelscript","","","","","unclassified","pending-native-form-source-join"
"09562ccf29944fbee4bc3ec9684a9741a33f35ad4d54d06d0e46c77962cbf451","4df085944005dd0da254f067eaae0f4b1a4be877051d3d0cd60138c4207cc987","","method","bool FetchTimecode(FQualifiedFrameTime&inout OutFrameTime)","FetchTimecode","","bool","1","FQualifiedFrameTime","False","True","False","available","/Script/Engine.TimecodeProvider:FetchTimecode","manual","Engine","","","","","","unclassified","pending-native-form-source-join"
"096492a1749a0fd056ccff2a4cfd5cd8893a0d535b87967adf48f8ae4f0d1e49","66e8fa3eb6d39fd7ac2555adb43e2e561982b10b1716182fefc8953400ac14b8","","method","FScriptTypedElementHandle[] PasteElements(UTypedElementSelectionSet SelectionSet, UWorld World, const FTypedElementPasteOptions&inout PasteOption)","PasteElements","","FScriptTypedElementHandle[]","3","UTypedElementSelectionSet;UWorld;FTypedElementPasteOptions","False","True","True","available","/Script/Engine.TypedElementCommonActions:K2_PasteElements","manual","Engine","","","","","","unclassified","pending-native-form-source-join"
"099ad0f69bf248374c63a42d420d4aa766dc7443f4fa5f43a34e45eb82d7df6e","ce03e8ad9e753f7ce0833b6dfcc8edbd7020df289398d04827f0cffed55f159e","","method","void ServerAssertFalse(bool bExpression, FString Message)","ServerAssertFalse","","void","2","bool;FString","False","False","False","available","/Script/AngelscriptRuntime.LatentAutomationCommandClientExecutor:ServerAssertFalse","manual","AngelscriptRuntime","Angelscript","","","","","unclassified","pending-native-form-source-join"
"09c94c01350f30e1cfdf09d01a61061820f1e7b4605d644152b0459b62672e81","37d3caf17e79de34aeba05029e3a80e50c00667f251ab624d817b1e42deabe06","","method","float32 GetMaxSpeedForNavMovement() const","GetMaxSpeedForNavMovement","","float32","0","","False","False","False","available","/Script/Engine.NavMovementInterface:GetMaxSpeedForNavMovement","manual","Engine","","","","","","unclassified","pending-native-form-source-join"
"09cdcb2803d2d0c4fb4c4dbd6fe30c3ffafaf0c9bcc51775dc3d39f812659ca7","07e6ab7f0b39cb2ddeb6518256adc8ab61caefe3d5a485fac2d45547adb2973d","","method","void OnTick()","OnTick","","void","0","","False","False","False","available","/Script/MovieSceneCapture.UserDefinedCaptureProtocol:OnTick","manual","MovieSceneCapture","","","","","","unclassified","pending-native-form-source-join"
"09ed695dea3743fd0e47007ee6b9e35e31100b79a4abbe5d71ad8e10f4a901ea","801788eccde01ef4326d9743f85d3f44d9d957486768be101028a0fdcb116b06","","method","FVector3f GetUpVector() const","GetUpVector","","FVector3f","0","","False","False","False","available","/Script/AngelscriptRuntime.AngelscriptFRotator3fLibrary:GetUpVector","manual","AngelscriptRuntime","Angelscript","","","","","unclassified","pending-native-form-source-join"
"0a164287a3ccd69a5c76a0c7251c3198f6c6c7cac50472fed0ea5206e31a6baf","21d382cd7255d52cbb20566516d6b3ceb07797f145c23c7f2383421ca5d88295","","method","FEventReply OnPreviewMouseButtonDown(FGeometry MyGeometry, const FPointerEvent&inout MouseEvent)","OnPreviewMouseButtonDown","","FEventReply","2","FGeometry;FPointerEvent","False","True","False","available","/Script/UMG.UserWidget:OnPreviewMouseButtonDown","manual","UMG","","","","","","unclassified","pending-native-form-source-join"
"0a2ebb9b749b22ed34fd3a5da484242a673d2d5b868e44c9a28da206084d1852","","UBTFunctionLibrary","global-function","FString GetBlackboardValueAsString(UBTNode NodeOwner, const FBlackboardKeySelector&inout Key)","GetBlackboardValueAsString","","FString","2","UBTNode;FBlackboardKeySelector","False","True","True","available","/Script/AIModule.BTFunctionLibrary:GetBlackboardValueAsString","manual","AIModule","","","","","","unclassified","pending-native-form-source-join"
"0a85b59463f156a4e6d8c0a7df38c462b5ac5da5a3317b7495cd95c5d4968c92","","UConstraintInstanceBlueprintLibrary","global-function","void SetAngularDriveMode(FConstraintInstanceAccessor&inout Accessor, EAngularDriveMode DriveMode)","SetAngularDriveMode","","void","2","FConstraintInstanceAccessor;EAngularDriveMode","False","True","False","available","/Script/Engine.ConstraintInstanceBlueprintLibrary:SetAngularDriveMode","manual","Engine","","","","","","unclassified","pending-native-form-source-join"
"0a8d36394c6fe9e436dc77f1b0d02ad4cda03fe27f80e1e4c56d8e4b71a1c82d","07e6ab7f0b39cb2ddeb6518256adc8ab61caefe3d5a485fac2d45547adb2973d","","method","void OnCaptureFrame()","OnCaptureFrame","","void","0","","False","False","False","available","/Script/MovieSceneCapture.UserDefinedCaptureProtocol:OnCaptureFrame","manual","MovieSceneCapture","","","","","","unclassified","pending-native-form-source-join"
"0abcdf893cb962371bc564f806f548bd774bbdd7cbba7d1800a096a66fc36d4b","061c90b40526e6537347bd4f5817dbd2e124e0a07d2267c5a3ab507b0c2662ae","","method","bool CanJumpInternal() const","CanJumpInternal","","bool","0","","False","False","False","available","/Script/Engine.Character:CanJumpInternal","manual","Engine","","","","","","unclassified","pending-native-form-source-join"
"0ad7d4d846f9b32e9e6eca2ed3ec4201b2de4111f7efad6bde1a89dcc18d1e48","f114739dad8eec28fa480409a4fe844f0d95d53ddc54fb1dd0d2b1c16ec0a9d7","","method","FAnimSequenceTrackPosition GetPosition(int TrackIndex, int LayerIndex) const","GetPosition","","FAnimSequenceTrackPosition","2","int;int","False","False","False","available","/Script/Engine.AnimSequenceTransformProviderDataInstance:GetPosition","manual","Engine","","","","","","unclassified","pending-native-form-source-join"
"0af5738faa43a0b1f1ed88fa4e4f47ba25f8d2d368e99d1c1aa2f4c626c3d3ba","38db8d3836b23b02f5b6964f879d62766dd9aefe824407443f98887f5d9846f9","","method","void Tick(float32 DeltaTime)","Tick","","void","1","float32","False","False","False","available","/Script/AngelscriptRuntime.ScriptWorldSubsystem:BP_Tick","manual","AngelscriptRuntime","Angelscript","","","","","unclassified","pending-native-form-source-join"
"0b1e5a9bdcb887e8f480e9784b8cda19c22b23c78a17442574c2d306ffbc7aab","a048e09fab5b35c796657bb67d416dd5c79c96ad1914c69990329d6bc1e2dc7a","","method","void ServerSetSpectatorLocation(FVector NewLoc, FRotator NewRot)","ServerSetSpectatorLocation","","void","2","FVector;FRotator","False","False","False","available","/Script/Engine.PlayerController:ServerSetSpectatorLocation","manual","Engine","","","","","","unclassified","pending-native-form-source-join"
"0b299d4863e8bef49469adecc8b92f4257df93e5f5e9b92a99da1d74b71b6543","a048e09fab5b35c796657bb67d416dd5c79c96ad1914c69990329d6bc1e2dc7a","","method","void ClientStopCameraShake(TSubclassOf<UCameraShakeBase> Shake, bool bImmediately = true)","ClientStopCameraShake","","void","2","TSubclassOf<UCameraShakeBase>;bool","True","False","False","available","/Script/Engine.PlayerController:ClientStopCameraShake","manual","Engine","","","","","","unclassified","pending-native-form-source-join"
"0bb50a51ecbc38573408cd46fd88da083d22f490d0387da6a64e7056305283d7","1c63e38631f9e24b16de7e6806982018e3b614f211572565ce2702db73d16f97","","method","ECheckBoxState GetCheckState(const FToolMenuContext&inout Context) const","GetCheckState","","ECheckBoxState","1","FToolMenuContext","False","True","False","available","/Script/ToolMenus.ToolMenuEntryScript:GetCheckState","manual","ToolMenus","","","","","","unclassified","pending-native-form-source-join"
"0bb698aa770c6c72585e79de1f5d4403e459aa3fe011bee33ae48967fbba1411","a048e09fab5b35c796657bb67d416dd5c79c96ad1914c69990329d6bc1e2dc7a","","method","void SetViewTargetWithBlend(AActor NewViewTarget, float32 BlendTime = 0.0, EViewTargetBlendFunction BlendFunc = EViewTargetBlendFunction :: VTBlend_Linear, float32 BlendExp = 0.0, bool bLockOutgoing = false)","SetViewTargetWithBlend","","void","5","AActor;float32;EViewTargetBlendFunction;float32;bool","True","False","True","available","/Script/Engine.PlayerController:SetViewTargetWithBlend","manual","Engine","","","","","","unclassified","pending-native-form-source-join"
"0be2e363964a82eeab3dc816244727165ed79a18a6e876a5039bb42b8926e6e2","","SlateLibrary","global-function","void AbsoluteToViewport(const UObject WorldContextObject, FVector2D AbsoluteDesktopCoordinate, FVector2D&inout PixelPosition, FVector2D&inout ViewportPosition)","AbsoluteToViewport","","void","4","const UObject;FVector2D;FVector2D;FVector2D","False","True","True","available","/Script/UMG.SlateBlueprintLibrary:AbsoluteToViewport","manual","UMG","","","","","","unclassified","pending-native-form-source-join"
"0c5117d044b02a2c43f223240febd11913ba07e0aa58fb88ee3377dc2a5f61f5","fb0d0e69d455f41eb245c1bd16b08ee5ea1da3aa0a0c7605bb09b76168f08b34","","method","void AfterAll()","AfterAll","","void","0","","False","False","False","available","/Script/AngelscriptRuntime.AngelscriptTestSuite:AfterAll","manual","AngelscriptRuntime","Angelscript","","","","","unclassified","pending-native-form-source-join"
"0c5ddc6e912326a0700ab2959e3bb5547926d178c54834989134f62f2bc8aa84","25476ae48137cafccca9adc65f6f8ceaa43556d67e751a64c06db06b699f5a96","","method","void OnEntryDragOverChanged(bool bIsDraggingOver)","OnEntryDragOverChanged","","void","1","bool","False","False","False","available","/Script/UMG.UserListEntry:BP_OnEntryDragOverChanged","manual","UMG","","","","","","unclassified","pending-native-form-source-join"
"0c7a6deca386cddf90f2982d83225e878faaefa5b64f9b66a0b884e46046c860","f133cb39882c99f854780ad55b06c9c9ffffd57d223e6f4a7088eb655962fb64","","method","const UAsyncPhysicsData GetDataToConsume() const","GetDataToConsume","","const UAsyncPhysicsData","0","","False","False","False","available","/Script/Engine.AsyncPhysicsInputComponent:GetDataToConsume","manual","Engine","","","","","","unclassified","pending-native-form-source-join"
"0c81addefc7d3a1e84cc0c1e95e6780570c9f7f47ba9b3c186a9ba007feae255","a048e09fab5b35c796657bb67d416dd5c79c96ad1914c69990329d6bc1e2dc7a","","method","void ClientWasKicked(const FText&inout KickReason)","ClientWasKicked","","void","1","FText","False","True","False","available","/Script/Engine.PlayerController:ClientWasKicked","manual","Engine","","","","","","unclassified","pending-native-form-source-join"
"0ccee6c990ad1500d42d1200d2b6c777c83c7c1f48e44435d8d23841c0815a1c","8408ed834089f0d30abf8476c0078c8637280efdb97766920767c790ba00fc66","","method","void UpdateValueOfContinuousInputInjectionForAction(const UInputAction Action, FInputActionValue RawValue)","UpdateValueOfContinuousInputInjectionForAction","","void","2","const UInputAction;FInputActionValue","False","False","True","available","/Script/EnhancedInput.EnhancedInputSubsystemInterface:UpdateValueOfContinuousInputInjectionForAction","manual","EnhancedInput","EnhancedInput","","","","","unclassified","pending-native-form-source-join"
"0ce43914d8c0cd58e7ae636b9f386bf0d1e5880a7efbb8fb4167a280cecf930c","af0688d485eba5c4d2a0106fc749de5d8b69f47cd3ed42dbd885ba95d61ff6fa","","method","void EvaluateDeviceProperty(FPlatformUserId PlatformUser, FInputDeviceId DeviceId, float32 DeltaTime, float32 Duration)","EvaluateDeviceProperty","","void","4","FPlatformUserId;FInputDeviceId;float32;float32","False","False","False","available","/Script/Engine.InputDeviceProperty:EvaluateDeviceProperty","manual","Engine","","","","","","unclassified","pending-native-form-source-join"
"0ce81784bfd58341c2c57a60e963224683915d8a53e283c6b4c9e472d4f9d765","","UWidgetLayoutLibrary","global-function","UHorizontalBoxSlot SlotAsHorizontalBoxSlot(UWidget Widget)","SlotAsHorizontalBoxSlot","","UHorizontalBoxSlot","1","UWidget","False","False","True","available","/Script/UMG.WidgetLayoutLibrary:SlotAsHorizontalBoxSlot","manual","UMG","","","","","","unclassified","pending-native-form-source-join"
"0d267749220a71c16d9a89008b8f17e6c9a6071d448d3a41f25483bbdfd2bc9a","f88b10fd3d4e2ea6f9d9b27c793046bd270eabe86896bab418bf955351325506","","method","void Initialize(const FTransform&inout InLandscapeTransform, const FIntPoint&inout InLandscapeSize, const FIntPoint&inout InLandscapeRenderTargetSize)","Initialize","","void","3","FTransform;FIntPoint;FIntPoint","False","True","False","available","/Script/Landscape.LandscapeBlueprintBrushBase:Initialize","manual","Landscape","","","","","","unclassified","pending-native-form-source-join"
"0d316ee25d6cd4f2d2b2549687f637bd4724d73926158293bf4287958851dbda","a048e09fab5b35c796657bb67d416dd5c79c96ad1914c69990329d6bc1e2dc7a","","method","void ServerUnmutePlayer(FUniqueNetIdRepl PlayerId)","ServerUnmutePlayer","","void","1","FUniqueNetIdRepl","False","False","False","available","/Script/Engine.PlayerController:ServerUnmutePlayer","manual","Engine","","","","","","unclassified","pending-native-form-source-join"
"0d419e85d34c908a5ff3e424cacd526285d57eda6e84fb659ccde74c5d452484","","UBlueprintSpringMathLibrary","global-function","void DeadBlendTransitionVector(FVector&inout InOutValueTransition, FVector&inout InOutVelocityTransition, FVector InSrcValue, FVector InSrcVelocity, float32 TimeSinceTransition, float32 BlendTime = 0.200000, float32 SmoothingTime = 0.200000)","DeadBlendTransitionVector","","void","7","FVector;FVector;FVector;FVector;float32;float32;float32","True","True","False","available","/Script/Engine.BlueprintSpringMathLibrary:DeadBlendTransitionVector","manual","Engine","","","","","","unclassified","pending-native-form-source-join"
"0d56df65c483bf4946fbd45b62f45f76d0ed8af3168a6d078e76afca457b369d","","FTransform","global-function","FTransform MakeFromZX(const FVector&inout ZAxis, const FVector&inout XAxis)","MakeFromZX","","FTransform","2","FVector;FVector","False","True","False","available","/Script/AngelscriptRuntime.AngelscriptFTransformLibrary:MakeFromZX","manual","AngelscriptRuntime","Angelscript","","","","","unclassified","pending-native-form-source-join"
"0d59478b80fa2d989f7fca2472ff04f6553d7d102b7c9c2efe7bf4b47c0dc53b","","WidgetLibrary","global-function","UDragDropOperation GetDragDroppingContent()","GetDragDroppingContent","","UDragDropOperation","0","","False","False","False","available","/Script/UMG.WidgetBlueprintLibrary:GetDragDroppingContent","manual","UMG","","","","","","unclassified","pending-native-form-source-join"
"0d86c3cf031ce48dbf3673e27adb42fadab0a8d2f02d4aaa7395ce03bf160e69","02590f39a5726d13aa1628f777897340c97e4c9b8ec407378167ac3f47b1e974","","method","void SetVerticalAlignment(EVerticalAlignment InVerticalAlignment)","SetVerticalAlignment","","void","1","EVerticalAlignment","False","False","False","available","/Script/UMG.WindowTitleBarAreaSlot:SetVerticalAlignment","manual","UMG","","","","","","unclassified","pending-native-form-source-join"
"0db6b95bd56c954479aa7924c349d9b5db656d1ecd4d68b3e70630f20b9bb4a0","11dabff3ebe856ce7caa89795572004898ad948fcfcf0ccffb022dd91ce01ec4","","method","void SetTargetRotation(FRotator NewRotation)","SetTargetRotation","","void","1","FRotator","False","False","False","available","/Script/Engine.PhysicsHandleComponent:SetTargetRotation","manual","Engine","","","","","","unclassified","pending-native-form-source-join"
"0dcb4b674fedf94c6f4f4fcedcbb335506f0015b2653c35ee9a9c0152d9d341e","0b39ef8f4c38a19b1d728008a77e29cf99bb8a184e8fde1e6bdcd2be36d48e10","","method","void MatchAndSet(FPCGContext&inout Context, const UPCGPointMatchAndSetSettings InSettings, const UPCGPointData InPointData, UPCGPointData OutPointData) const","MatchAndSet","","void","4","FPCGContext;const UPCGPointMatchAndSetSettings;const UPCGPointData;UPCGPointData","False","True","True","available","/Script/PCG.PCGMatchAndSetBase:MatchAndSet","manual","PCG","PCG","","","","","unclassified","pending-native-form-source-join"
"0dd3d804937d90afc7b95d15cc0fd59153b4a38f1d559d4f450a185b473d06f3","fa24378319ef169d1149805ded22c404f691f2ea8b34352ec52aeaff336adb02","","method","void ResetToCurrentSettings()","ResetToCurrentSettings","","void","0","","False","False","False","available","/Script/Engine.GameUserSettings:ResetToCurrentSettings","manual","Engine","","","","","","unclassified","pending-native-form-source-join"
"0e19907c84796eac7d046d36caac7f500ed3e29dfd1e3aab273e2f75aa1004d0","","UPluginBlueprintLibrary","global-function","bool GetPluginContentDir(FString PluginName, FString&inout OutContentDir)","GetPluginContentDir","","bool","2","FString;FString","False","True","False","available","/Script/Engine.PluginBlueprintLibrary:GetPluginContentDir","manual","Engine","","","","","","unclassified","pending-native-form-source-join"
"0e3aa541ca9a557347a65bd94429d07868c95fb77c843fb56df634d9e1cfb6c8","25dd3cbe668c863bb38b40f640a8460326d4cce5e93de6ffeb5938782b7cb13b","","method","void ActivateAbility()","ActivateAbility","","void","0","","False","False","False","available","/Script/GameplayAbilities.GameplayAbility:K2_ActivateAbility","manual","GameplayAbilities","GameplayAbilities","","","","","unclassified","pending-native-form-source-join"
"0e504761cde04401b7ad1eb062d3e53f938a4f81c9fe1c9d76ba47f23b8a318e","1aca421e6f7c00f1ea632e000b10c07b29fbd697efd918f41f99c21d407cff20","","method","void OverrideWith(APlayerState OldPlayerState)","OverrideWith","","void","1","APlayerState","False","False","True","available","/Script/Engine.PlayerState:ReceiveOverrideWith","manual","Engine","","","","","","unclassified","pending-native-form-source-join"
"0eb377ce254b8eea8b71037707539d067431e633fd737de6a5512ab6d2d4628a","6c209a9c09297820472fd09ebffb6ec8db0c910c82a19313dcbb743f3ad7f792","","method","void ServerToggleAILogging()","ServerToggleAILogging","","void","0","","False","False","False","available","/Script/Engine.CheatManager:ServerToggleAILogging","manual","Engine","","","","","","unclassified","pending-native-form-source-join"
"0ebabef91e5caca58391c77880e2ac82e2c8b2ff306e7b6f68a5230fba046e5e","196d00ce68899768ad4f9f6ad88b0526803ac4b5bfb0e008fcef467d86d4f66f","","method","void SetDisplayName(const FText&inout NewDisplayName)","SetDisplayName","","void","1","FText","False","True","False","available","/Script/EnhancedInput.EnhancedPlayerMappableKeyProfile:SetDisplayName","manual","EnhancedInput","EnhancedInput","","","","","unclassified","pending-native-form-source-join"
"0f14fdde77622866549629b62526a32f77c475a27efc486f10ea338426348398","608e7e7c4ee55f85b068d102478b12fb104ba357ad55abe9f75465cbfd4127b7","","method","void SetBoneScaleByName(FName BoneName, FVector InScale3D, EBoneSpaces BoneSpace)","SetBoneScaleByName","","void","3","FName;FVector;EBoneSpaces","False","False","False","available","/Script/Engine.PoseableMeshComponent:SetBoneScaleByName","manual","Engine","","","","","","unclassified","pending-native-form-source-join"
"0f1a4309db6a8aba59b0ba2b9b95b1d726b65421dbbfb32f52cc19ccc6d5b2e3","1c63e38631f9e24b16de7e6806982018e3b614f211572565ce2702db73d16f97","","method","FText GetLabel(const FToolMenuContext&inout Context) const","GetLabel","","FText","1","FToolMenuContext","False","True","False","available","/Script/ToolMenus.ToolMenuEntryScript:GetLabel","manual","ToolMenus","","","","","","unclassified","pending-native-form-source-join"
"0f1a944b91d1921d5864e6cc5fa34ba4af41a16cae8243f61720ea062270082d","07e6ab7f0b39cb2ddeb6518256adc8ab61caefe3d5a485fac2d45547adb2973d","","method","void OnWarmUp()","OnWarmUp","","void","0","","False","False","False","available","/Script/MovieSceneCapture.UserDefinedCaptureProtocol:OnWarmUp","manual","MovieSceneCapture","","","","","","unclassified","pending-native-form-source-join"
"0f56007c99c7750ca74ecc22a14799f4636b2a7ca3a765aa9e5744dadbeb7913","","UBlueprintSpringMathLibrary","global-function","void CriticalSpringDampAngle(float32&inout InOutAngle, float32&inout InOutAngularVelocity, const float32&inout TargetAngle, float32 DeltaTime, float32 SmoothingTime = 0.200000)","CriticalSpringDampAngle","","void","5","float32;float32;float32;float32;float32","True","True","False","available","/Script/Engine.BlueprintSpringMathLibrary:CriticalSpringDampAngle","manual","Engine","","","","","","unclassified","pending-native-form-source-join"
"0f5f0f7deddb0a47c6f1737a0cf1fa4df12b1e8887026d90e5bcbb2a69c99345","","UGameplayStatics","global-function","UAudioComponent SpawnSound2D(const UObject WorldContextObject, USoundBase Sound, float32 VolumeMultiplier = 1.000000, float32 PitchMultiplier = 1.000000, float32 StartTime = 0.000000, USoundConcurrency ConcurrencySettings = nullptr, bool bPersistAcrossLevelTransition = false, bool bAutoDestroy = true)","SpawnSound2D","","UAudioComponent","8","const UObject;USoundBase;float32;float32;float32;USoundConcurrency;bool;bool","True","False","True","available","/Script/Engine.GameplayStatics:SpawnSound2D","manual","Engine","","","","","","unclassified","pending-native-form-source-join"
"0f7c6dc77c565b05d2410d569b445703c07fff177d4e4eca32d6f2ec819ec705","","UBlueprintSpringMathLibrary","global-function","void SpringInertializeTransitionVector2D(FVector2D&inout InOutValueOffset, FVector2D&inout InOutVelocityOffset, FVector2D InSrcValue, FVector2D InSrcVelocity, FVector2D InDstValue, FVector2D InDstVelocity, float32 TimeSinceTransition, float32 SmoothingTime = 0.200000)","SpringInertializeTransitionVector2D","","void","8","FVector2D;FVector2D;FVector2D;FVector2D;FVector2D;FVector2D;float32;float32","True","True","False","available","/Script/Engine.BlueprintSpringMathLibrary:SpringInertializeTransitionVector2D","manual","Engine","","","","","","unclassified","pending-native-form-source-join"
"0f8866358d997c328fadc0f532832ebe92c926718a84efb1b14246b06a251f8b","4b234073e4131692a708413e0cd443beaf9252bb3165c3887bb4059999301b1c","","method","float32 GetLength()","GetLength","","float32","0","","False","False","False","available","/Script/Engine.AnimSingleNodeInstance:GetLength","manual","Engine","","","","","","unclassified","pending-native-form-source-join"
"0f8a556c5fe7b18f428f7c97a99a75c32a26c7a2e83be3d33bf820c829811bd2","8e1debbbe83408b8a87af8e8cf80803c8fc7d6cae6e4fefb8970214e62249321","","method","void RemoveDisplayDelegate(int IndexToRemove)","RemoveDisplayDelegate","","void","1","int","False","False","False","available","/Script/Engine.ViewportStatsSubsystem:RemoveDisplayDelegate","manual","Engine","","","","","","unclassified","pending-native-form-source-join"
"0fa66d9a870d7f6825985d0b91621f509a2110188dbca853d055b8e1fe0dc29a","","WidgetLibrary","global-function","bool IsDragDropping()","IsDragDropping","","bool","0","","False","False","False","available","/Script/UMG.WidgetBlueprintLibrary:IsDragDropping","manual","UMG","","","","","","unclassified","pending-native-form-source-join"
"0fad8808a8618aff92ea741878dd5bf308d11b50df6a61d3eb6f96f1f8823c08","f9daf0264e987ba2ce78881edbe2deec2ad9aff95dab69c0d9e7a0d5d4a37c26","","method","void ClientReservationResponse(ESpectatorReservationResult ReservationResponse)","ClientReservationResponse","","void","1","ESpectatorReservationResult","False","False","False","available","/Script/OnlineSubsystemUtils.SpectatorBeaconClient:ClientReservationResponse","manual","OnlineSubsystemUtils","OnlineSubsystemUtils","","","","","unclassified","pending-native-form-source-join"
"101255a060c374dff6777b36784f7d6e8b182b74d5547648ad59c425fab767af","","UAnimNotifyStateMachineInspectionLibrary","global-function","bool IsTriggeredByState(const FAnimNotifyEventReference&inout EventReference, UAnimInstance AnimInstance, FName StateName)","IsTriggeredByState","","bool","3","FAnimNotifyEventReference;UAnimInstance;FName","False","True","True","available","/Script/Engine.AnimNotifyStateMachineInspectionLibrary:IsTriggeredByState","manual","Engine","","","","","","unclassified","pending-native-form-source-join"
"104449d5a048b7f3421d7561974abf77e1d8873678c8cb1acad6d4b1e8443a67","8408ed834089f0d30abf8476c0078c8637280efdb97766920767c790ba00fc66","","method","bool HasMappingContext(const UInputMappingContext MappingContext, int&inout OutFoundPriority) const","HasMappingContext","","bool","2","const UInputMappingContext;int","False","True","True","available","/Script/EnhancedInput.EnhancedInputSubsystemInterface:HasMappingContext","manual","EnhancedInput","EnhancedInput","","","","","unclassified","pending-native-form-source-join"
"10580d8490d4dc9e98a7c251d335c9d25c03f5a40281ac0e683bf8e6aa00d363","e397244109f21450e3f5cd68040f81224f3537db603a046823e9a44f19809c2e","","method","bool SelectElement(const FScriptTypedElementHandle&inout InElementHandle, FScriptTypedElementListProxy InSelectionSet, const FTypedElementSelectionOptions&inout InSelectionOptions)","SelectElement","","bool","3","FScriptTypedElementHandle;FScriptTypedElementListProxy;FTypedElementSelectionOptions","False","True","False","available","/Script/TypedElementRuntime.TypedElementSelectionInterface:SelectElement","manual","TypedElementRuntime","","","","","","unclassified","pending-native-form-source-join"
"1080da9c11785fa3deef57db45d1de3c8cbb382afeca422ca498f079e34362d0","82b49778050438b5a27d8b1df094f6d3b772d4216282a4dc80a142446a746688","","method","void RemoveAllDebugStrings()","RemoveAllDebugStrings","","void","0","","False","False","False","available","/Script/Engine.HUD:RemoveAllDebugStrings","manual","Engine","","","","","","unclassified","pending-native-form-source-join"
"1082f61099f69b35534af0d3065dbafc186bc6a495a97845ee9b79ae030aa5d0","","UBTFunctionLibrary","global-function","void StartUsingExternalEvent(UBTNode NodeOwner, AActor OwningActor)","StartUsingExternalEvent","","void","2","UBTNode;AActor","False","False","True","deprecated","/Script/AIModule.BTFunctionLibrary:StartUsingExternalEvent","manual","AIModule","","","","","","unclassified","pending-native-form-source-join"
"10834157714cf85ea81cc759c528fecc363d3309fc1bbfe391230c320b1940f6","","UConstraintInstanceBlueprintLibrary","global-function","void GetLinearDriveParams(FConstraintInstanceAccessor&inout Accessor, float32&inout OutPositionStrength, float32&inout OutVelocityStrength, float32&inout OutForceLimit)","GetLinearDriveParams","","void","4","FConstraintInstanceAccessor;float32;float32;float32","False","True","False","available","/Script/Engine.ConstraintInstanceBlueprintLibrary:GetLinearDriveParams","manual","Engine","","","","","","unclassified","pending-native-form-source-join"
"109e2f8c6613ff4ea69e59b2a2f9b7574d05ab02be7fbaf1d622de7c6662b949","","UConstraintInstanceBlueprintLibrary","global-function","void SetDisableCollision(FConstraintInstanceAccessor&inout Accessor, bool bDisableCollision)","SetDisableCollision","","void","2","FConstraintInstanceAccessor;bool","False","True","False","available","/Script/Engine.ConstraintInstanceBlueprintLibrary:SetDisableCollision","manual","Engine","","","","","","unclassified","pending-native-form-source-join"
"10c5047ab4bd1bb7f0fcc068bd1b78c338d706a2687ee8ffd4c4c1e268e9ed51","d9531c8fad8dfcfe5d18dcee6327b5831ef050ae4f76e71c1c742ede19173f83","","method","bool IsBotControlled() const","IsBotControlled","","bool","0","","False","False","False","available","/Script/Engine.Pawn:IsBotControlled","manual","Engine","","","","","","unclassified","pending-native-form-source-join"
"10fd80e74d74c00ca1620bbbd688bf8db8a1542ce1d75b2a62d78b976a5eec7d","196d00ce68899768ad4f9f6ad88b0526803ac4b5bfb0e008fcef467d86d4f66f","","method","int GetMappingNamesForKey(const FKey&inout InKey, FName[]&inout OutMappingNames) const","GetMappingNamesForKey","","int","2","FKey;FName[]","False","True","False","available","/Script/EnhancedInput.EnhancedPlayerMappableKeyProfile:GetMappingNamesForKey","manual","EnhancedInput","EnhancedInput","","","","","unclassified","pending-native-form-source-join"
"110402bd41f5748a8b722bcb64f2132675a83a77234bb340f6b252ef922d8915","","WidgetLibrary","global-function","FEventReply EndDragDrop(FEventReply&inout Reply)","EndDragDrop","","FEventReply","1","FEventReply","False","True","False","available","/Script/UMG.WidgetBlueprintLibrary:EndDragDrop","manual","UMG","","","","","","unclassified","pending-native-form-source-join"
"11282fd82d88e9b2dcf2fdc080a3453ce0084940b67b2cf1746e98a5a91b8678","a2d1a5f352f4cac01bc4fedc3e39c7274efc7aae83183f9ebafb58df9ab26227","","method","bool OnWantsReRunCheck() const","OnWantsReRunCheck","","bool","0","","False","False","False","available","/Script/FunctionalTesting.FunctionalTest:OnWantsReRunCheck","manual","FunctionalTesting","","","","","","unclassified","pending-native-form-source-join"
"112cb32666b82cca3e145afe3561c9b013528c9e29ed397f555f771287aee32d","6e9dcc4f18691047675fdf57eab25aa058a26b825c43334757a1d3be615ff8ea","","method","int GetPlatformUserIndex() const","GetPlatformUserIndex","","int","0","","False","False","False","available","/Script/Engine.LocalPlayerSaveGame:GetPlatformUserIndex","manual","Engine","","","","","","unclassified","pending-native-form-source-join"
"116c73150338b0c64e3941ff6429a17904ca6c6b38718ddb0c328f922fd38bc0","","FTransform","global-function","FTransform MakeFromYZ(const FVector&inout YAxis, const FVector&inout ZAxis)","MakeFromYZ","","FTransform","2","FVector;FVector","False","True","False","available","/Script/AngelscriptRuntime.AngelscriptFTransformLibrary:MakeFromYZ","manual","AngelscriptRuntime","Angelscript","","","","","unclassified","pending-native-form-source-join"
"1179e4fc4232e99bd781aecb69cbe600a95752e22afd3304b58b3d0f107caabe","fa24378319ef169d1149805ded22c404f691f2ea8b34352ec52aeaff336adb02","","method","bool IsVSyncDirty() const","IsVSyncDirty","","bool","0","","False","False","False","available","/Script/Engine.GameUserSettings:IsVSyncDirty","manual","Engine","","","","","","unclassified","pending-native-form-source-join"
"118841e2708fe66b401073766cb47604840a74e7e74dfd2153d93177d7028d53","9c17a49779346891bb3f8949fbd1c45b202dbf0f858f13883b85f158746266e5","","method","float32 GetEntryWidth() const","GetEntryWidth","","float32","0","","False","False","False","available","/Script/UMG.TileView:GetEntryWidth","manual","UMG","","","","","","unclassified","pending-native-form-source-join"
"118b407f60e06f143d5091806b93c9c56a95576b8fefca079667c73f3cd46894","","FQuat4f","global-function","FQuat4f MakeFromY(const FVector3f&inout YAxis)","MakeFromY","","FQuat4f","1","FVector3f","False","True","False","available","/Script/AngelscriptRuntime.AngelscriptFQuat4fLibrary:MakeFromY","manual","AngelscriptRuntime","Angelscript","","","","","unclassified","pending-native-form-source-join"
"11a7b012df078f6198b7e13e1cae756923c084b48fd6f219be01a058ab45d4f6","9a7b3fd2b3bbfcb9d2cfda93028cd369b393ecd70a9869ef5f4adbda7667822b","","method","UEnum GetAnimationStateEnum()","GetAnimationStateEnum","","UEnum","0","","False","False","False","available","/Script/AnimationSharing.AnimationSharingStateProcessor:GetAnimationStateEnum","manual","AnimationSharing","AnimationSharing","","","","","unclassified","pending-native-form-source-join"
"11b81456ec9973ac4b71886a712595d08bb9b91d7a73d03c8ec9aca6fee5f2f6","5a8e3615aa69dd13f32d83636e5d653d8a25f9f1267baa726b4bbb01b520cfe6","","method","void Tick(AActor OwnerActor, float32 DeltaSeconds)","Tick","","void","2","AActor;float32","False","False","True","available","/Script/AIModule.BTService_BlueprintBase:ReceiveTick","manual","AIModule","","","","","","unclassified","pending-native-form-source-join"
"11db59871b72b1e63a75049c26700a5c2d2ec1b57f3c174f63450275c8ac47df","608e7e7c4ee55f85b068d102478b12fb104ba357ad55abe9f75465cbfd4127b7","","method","void CopyPoseFromSkeletalComponent(USkeletalMeshComponent InComponentToCopy)","CopyPoseFromSkeletalComponent","","void","1","USkeletalMeshComponent","False","False","True","available","/Script/Engine.PoseableMeshComponent:CopyPoseFromSkeletalComponent","manual","Engine","","","","","","unclassified","pending-native-form-source-join"
"120d753da9f5e1ef587da817979eed8e0ddd9126998f12e7fd4ebfbf26049417","","InternationalizationLibrary","global-function","FString GetCurrentLanguage()","GetCurrentLanguage","","FString","0","","False","False","False","available","/Script/Engine.KismetInternationalizationLibrary:GetCurrentLanguage","manual","Engine","","","","","","unclassified","pending-native-form-source-join"
"1233d0ef1ccf98730978ac2c53ba4251eb2cea9d0841744f579d8c4227cc7673","","Script","global-function","FString GetNameOfGlobalVariableBeingInitialized()","GetNameOfGlobalVariableBeingInitialized","","FString","0","","False","False","False","available","/Script/AngelscriptRuntime.AngelscriptScriptLibrary:GetNameOfGlobalVariableBeingInitialized","manual","AngelscriptRuntime","Angelscript","","","","","unclassified","pending-native-form-source-join"
"12342a11b8d1220df487e8f2740bf0b06db5684954fcb00a4639a6a4ecc23200","","UBlueprintSpringMathLibrary","global-function","void SpringInertializeTransitionScale(FVector&inout InOutScaleOffset, FVector&inout InOutScalarVelocityOffset, FVector InSrcScale, FVector InSrcScalarVelocity, FVector InDstScale, FVector InDstScalarVelocity, float32 TimeSinceTransition, float32 SmoothingTime = 0.200000)","SpringInertializeTransitionScale","","void","8","FVector;FVector;FVector;FVector;FVector;FVector;float32;float32","True","True","False","available","/Script/Engine.BlueprintSpringMathLibrary:SpringInertializeTransitionScale","manual","Engine","","","","","","unclassified","pending-native-form-source-join"
"12579d1a2660d798a3700063742bae08d2423109699906d27ae5b6a722f93ac2","","UConstraintInstanceBlueprintLibrary","global-function","void SetAngularVelocityDriveTwistAndSwing(FConstraintInstanceAccessor&inout Accessor, bool bEnableTwistDrive, bool bEnableSwingDrive)","SetAngularVelocityDriveTwistAndSwing","","void","3","FConstraintInstanceAccessor;bool;bool","False","True","False","available","/Script/Engine.ConstraintInstanceBlueprintLibrary:SetAngularVelocityDriveTwistAndSwing","manual","Engine","","","","","","unclassified","pending-native-form-source-join"
"12722b0860d4f4ad8f42c1327ea7f20a1613cc81809a9987e2017aa76a1010fe","","PlatformLibrary","global-function","EScreenOrientation GetDeviceOrientation()","GetDeviceOrientation","","EScreenOrientation","0","","False","False","False","available","/Script/Engine.BlueprintPlatformLibrary:GetDeviceOrientation","manual","Engine","","","","","","unclassified","pending-native-form-source-join"
"127dc1e628539ae1caad86c0fcb2650dd09060404fba90e878914354243d7351","608e7e7c4ee55f85b068d102478b12fb104ba357ad55abe9f75465cbfd4127b7","","method","void SetBoneLocationByName(FName BoneName, FVector InLocation, EBoneSpaces BoneSpace)","SetBoneLocationByName","","void","3","FName;FVector;EBoneSpaces","False","False","False","available","/Script/Engine.PoseableMeshComponent:SetBoneLocationByName","manual","Engine","","","","","","unclassified","pending-native-form-source-join"
"127e6c50026f5e147ec4b3b70e866afbc88a68fee0c717deac76cada5e0d5b91","fa24378319ef169d1149805ded22c404f691f2ea8b34352ec52aeaff336adb02","","method","void SetAudioQualityLevel(int QualityLevel)","SetAudioQualityLevel","","void","1","int","False","False","False","available","/Script/Engine.GameUserSettings:SetAudioQualityLevel","manual","Engine","","","","","","unclassified","pending-native-form-source-join"
"12a29dddcb7238afb29c3514d1deba67a6e67fb93275e3e12c7d6210a4e3c93e","37bcc56137e6a420e62cf2e07774f8ab1bda170a82945a2ae8428f275ae4117a","","method","FVector ConstrainToPlane(const FVector&inout PlaneUp) const","ConstrainToPlane","","FVector","1","FVector","False","True","False","available","/Script/AngelscriptRuntime.AngelscriptFVectorMixinLibrary:ConstrainToPlane","manual","AngelscriptRuntime","Angelscript","","","","","unclassified","pending-native-form-source-join"
"12a6f5c874f7bc7df04797edebde26931d8374c7ebd141394680c233133676da","fa24378319ef169d1149805ded22c404f691f2ea8b34352ec52aeaff336adb02","","method","int GetLandscapeQuality() const","GetLandscapeQuality","","int","0","","False","False","False","available","/Script/Engine.GameUserSettings:GetLandscapeQuality","manual","Engine","","","","","","unclassified","pending-native-form-source-join"
"12b1cc8e0c37f542fa7649fe2ddbebdb6789d28661941fb2cb9f43fc6d4a7293","061c90b40526e6537347bd4f5817dbd2e124e0a07d2267c5a3ab507b0c2662ae","","method","void ServerMoveDual(float32 TimeStamp0, FVector InAccel0, uint8 PendingFlags, uint View0, float32 TimeStamp, FVector InAccel, FVector ClientLoc, uint8 NewFlags, uint8 ClientRoll, uint View, UPrimitiveComponent ClientMovementBase, FName ClientBaseBoneName, uint8 ClientMovementMode)","ServerMoveDual","","void","13","float32;FVector;uint8;uint;float32;FVector;FVector;uint8;uint8;uint;UPrimitiveComponent;FName;uint8","False","False","True","available","/Script/Engine.Character:ServerMoveDual","manual","Engine","","","","","","unclassified","pending-native-form-source-join"
"12c2122bc719a8fccd975ae5e807185b5b101cd90d4a1f541d843d81974e3124","5a8e3615aa69dd13f32d83636e5d653d8a25f9f1267baa726b4bbb01b520cfe6","","method","void TickAI(AAIController OwnerController, APawn ControlledPawn, float32 DeltaSeconds)","TickAI","","void","3","AAIController;APawn;float32","False","False","True","available","/Script/AIModule.BTService_BlueprintBase:ReceiveTickAI","manual","AIModule","","","","","","unclassified","pending-native-form-source-join"
"12e259de09f6316971fb06bb954879cb31b19938600f1ef04e68cb4903ff749a","","UGameplayStatics","global-function","void PlaySound2D(const UObject WorldContextObject, USoundBase Sound, float32 VolumeMultiplier = 1.000000, float32 PitchMultiplier = 1.000000, float32 StartTime = 0.000000, USoundConcurrency ConcurrencySettings = nullptr, const AActor OwningActor = nullptr, bool bIsUISound = true)","PlaySound2D","","void","8","const UObject;USoundBase;float32;float32;float32;USoundConcurrency;const AActor;bool","True","False","True","available","/Script/Engine.GameplayStatics:PlaySound2D","manual","Engine","","","","","","unclassified","pending-native-form-source-join"
"12ef1208ca90f092a5f3119d4d5a305069cb6e1ea1e4678fd3d4efdd6838291d","6e9dcc4f18691047675fdf57eab25aa058a26b825c43334757a1d3be615ff8ea","","method","FString GetSaveSlotName() const","GetSaveSlotName","","FString","0","","False","False","False","available","/Script/Engine.LocalPlayerSaveGame:GetSaveSlotName","manual","Engine","","","","","","unclassified","pending-native-form-source-join"
"12f75926790b2f2c86ff8cab706777fcefe5550bed1d7af5b86f28f99cf14893","e79731b5adbffddf1d9cec9129f08c3b8e65d6c8cdcaacc654c4e7162dc85a69","","method","void RunCameraDirector(float32 DeltaTime, UObject EvaluationContextOwner, const FBlueprintCameraDirectorEvaluationParams&inout Params)","RunCameraDirector","","void","3","float32;UObject;FBlueprintCameraDirectorEvaluationParams","False","True","True","available","/Script/GameplayCameras.BlueprintCameraDirectorEvaluator:RunCameraDirector","manual","GameplayCameras","GameplayCameras","","","","","unclassified","pending-native-form-source-join"
"130d47cb77bf079dd0eeeb71942b490fce4bbeae43aee564ebef5f9f24604e36","","UConstraintInstanceBlueprintLibrary","global-function","void GetLinearPositionDrive(FConstraintInstanceAccessor&inout Accessor, bool&inout bOutEnableDriveX, bool&inout bOutEnableDriveY, bool&inout bOutEnableDriveZ)","GetLinearPositionDrive","","void","4","FConstraintInstanceAccessor;bool;bool;bool","False","True","False","available","/Script/Engine.ConstraintInstanceBlueprintLibrary:GetLinearPositionDrive","manual","Engine","","","","","","unclassified","pending-native-form-source-join"
"13fe54ac4ae2b3b07fc0c72973e70e81bb3fd33c069eb2d7cb58b7552ad7bf48","96931ae7d5bfd12ce8910bb783d53314694ed9004397348fbb63ebae7c210b67","","method","void ReceiveParticleData(const FBasicParticleData[]&inout Data, UNiagaraSystem NiagaraSystem, const FVector&inout SimulationPositionOffset)","ReceiveParticleData","","void","3","FBasicParticleData[];UNiagaraSystem;FVector","False","True","True","available","/Script/Niagara.NiagaraParticleCallbackHandler:ReceiveParticleData","manual","Niagara","Niagara","","","","","unclassified","pending-native-form-source-join"
"144b3465db61a7340c079cc679ee04fc2af757938ecfe71569c55b90c1cc4ef7","07e6ab7f0b39cb2ddeb6518256adc8ab61caefe3d5a485fac2d45547adb2973d","","method","void OnPixelsReceived(const FCapturedPixels&inout Pixels, const FCapturedPixelsID&inout ID, FFrameMetrics FrameMetrics)","OnPixelsReceived","","void","3","FCapturedPixels;FCapturedPixelsID;FFrameMetrics","False","True","False","available","/Script/MovieSceneCapture.UserDefinedCaptureProtocol:OnPixelsReceived","manual","MovieSceneCapture","","","","","","unclassified","pending-native-form-source-join"
"145195f99c864ad9bbd1c4f1bf22346e6fabcf41e1a8bedcf0c98361f6833308","","UGameplayStatics","global-function","bool DoesSaveGameExist(FString SlotName, int UserIndex)","DoesSaveGameExist","","bool","2","FString;int","False","False","False","available","/Script/Engine.GameplayStatics:DoesSaveGameExist","manual","Engine","","","","","","unclassified","pending-native-form-source-join"
"148e52e47ba33bc71bb6f22d3e89d3c2bfbc6ec6ff47afd90efcbb855179a982","fa24378319ef169d1149805ded22c404f691f2ea8b34352ec52aeaff336adb02","","method","void SetOverallScalabilityLevel(int Value)","SetOverallScalabilityLevel","","void","1","int","False","False","False","available","/Script/Engine.GameUserSettings:SetOverallScalabilityLevel","manual","Engine","","","","","","unclassified","pending-native-form-source-join"
"14984d08cecf6ad075c185fe410d74b5c6ff7b26fe12f361a7d066ba48747e50","07e6ab7f0b39cb2ddeb6518256adc8ab61caefe3d5a485fac2d45547adb2973d","","method","bool OnCanFinalize() const","OnCanFinalize","","bool","0","","False","False","False","available","/Script/MovieSceneCapture.UserDefinedCaptureProtocol:OnCanFinalize","manual","MovieSceneCapture","","","","","","unclassified","pending-native-form-source-join"
"14ad428973a5c4e36475a36b6d50172bce2b7338336c207d32d413afe3b4b683","fa24378319ef169d1149805ded22c404f691f2ea8b34352ec52aeaff336adb02","","method","void SetFrameRateLimit(float32 NewLimit)","SetFrameRateLimit","","void","1","float32","False","False","False","available","/Script/Engine.GameUserSettings:SetFrameRateLimit","manual","Engine","","","","","","unclassified","pending-native-form-source-join"
"14c49e1902d94041339f7f76acb387d88190991f71095b31f5dbdbea31040c89","95c5bd2590e7410565721b207a1d17bc6be9388f92234c7eba4b0ba57a3a44b1","","method","bool AddAttribute(const FAnimationAttributeIdentifier&inout AttributeIdentifier, bool bShouldTransact)","AddAttribute","","bool","2","FAnimationAttributeIdentifier;bool","False","True","False","available","/Script/Engine.AnimationDataController:AddAttribute","manual","Engine","","","","","","unclassified","pending-native-form-source-join"
"14f2e3ad03e05a2c2ebcfc2e3e9b6860920ee7551d8e9c90c2af2a2e7fac0418","","USubsystemLibrary","global-function","UObject GetEngineSubsystem(UClass Class)","GetEngineSubsystem","","UObject","1","UClass","False","False","True","available","/Script/AngelscriptRuntime.SubsystemLibrary:GetEngineSubsystem","manual","AngelscriptRuntime","Angelscript","","","","","unclassified","pending-native-form-source-join"
"14f7ff50f2dca2e9fcb80916f0cef22630d5bba49e7f23c1bd25fe04ebefcc77","","UConstraintInstanceBlueprintLibrary","global-function","void SetOrientationDriveSLERP(FConstraintInstanceAccessor&inout Accessor, bool bEnableSLERP)","SetOrientationDriveSLERP","","void","2","FConstraintInstanceAccessor;bool","False","True","False","available","/Script/Engine.ConstraintInstanceBlueprintLibrary:SetOrientationDriveSLERP","manual","Engine","","","","","","unclassified","pending-native-form-source-join"
"150ba70339aac77199aa79030f9ca8c23b3677f5019bef01a713935dc6cbc82e","","UConstraintInstanceBlueprintLibrary","global-function","void GetAngularOrientationTarget(FConstraintInstanceAccessor&inout Accessor, FRotator&inout OutPosTarget)","GetAngularOrientationTarget","","void","2","FConstraintInstanceAccessor;FRotator","False","True","False","available","/Script/Engine.ConstraintInstanceBlueprintLibrary:GetAngularOrientationTarget","manual","Engine","","","","","","unclassified","pending-native-form-source-join"
"150ebe5099f1bd1d03a48a993e647688b265b9f1abde0206017439942831b03e","877242e59f270f3007210bf5cd3764d6f9178a314708334fc1089e9ccdd2d912","","method","FRotator GetControlRotation() const","GetControlRotation","","FRotator","0","","False","False","False","available","/Script/Engine.Controller:GetControlRotation","manual","Engine","","","","","","unclassified","pending-native-form-source-join"
"1527316ab700577a34007febf0eb966a9e2210370c414184aecc2012e26238a4","","UAngelscriptCacheDiagnosticsLibrary","global-function","bool GetCacheStatusJson(FString&inout OutStatusJson, FString&inout OutError)","GetCacheStatusJson","","bool","2","FString;FString","False","True","False","available","/Script/AngelscriptRuntime.AngelscriptCacheDiagnosticsLibrary:GetCacheStatusJson","manual","AngelscriptRuntime","Angelscript","","","","","unclassified","pending-native-form-source-join"
"153ebb1e5c95a3d15a5a2f9d4c41193ea9c18136181771a561345790e43fd1b7","5fac7644503053c91e90254fd3a15c51ba01595bc14a4f2c33e87a7bbda7198b","","method","bool IsWaitingOnAvatar() const","IsWaitingOnAvatar","","bool","0","","False","False","False","available","/Script/AngelscriptGAS.AngelscriptAbilityTask:BP_IsWaitingOnAvatar","manual","AngelscriptGAS","AngelscriptGAS","","","","","unclassified","pending-native-form-source-join"
"15687f67140906353fd999a370be7d776f2ceeb4f37912aca8506179fb9fd78c","25dd3cbe668c863bb38b40f640a8460326d4cce5e93de6ffeb5938782b7cb13b","","method","bool ShouldAbilityRespondToEvent(FGameplayAbilityActorInfo ActorInfo, FGameplayEventData Payload) const","ShouldAbilityRespondToEvent","","bool","2","FGameplayAbilityActorInfo;FGameplayEventData","False","False","False","available","/Script/GameplayAbilities.GameplayAbility:K2_ShouldAbilityRespondToEvent","manual","GameplayAbilities","GameplayAbilities","","","","","unclassified","pending-native-form-source-join"
"157f4fc2f56f0c169a16008fe0eeef2255b5cff764f3beaf7cf408b7b22523e7","96c1ca86fd81336d18760b6b3cfe696ae406b4f2bf9c909d621ad6b52109336a","","method","FTransform GetTransform() const","GetTransform","","FTransform","0","","False","False","False","available","/Script/Engine.MovementInterface:GetTransform","manual","Engine","","","","","","unclassified","pending-native-form-source-join"
"1632db2bc6ca6b3592521c6dcc151bf66b65f2c9f6538d33f7aba17ad6f9c5ad","","UGameplayStatics","global-function","bool DeprojectSceneCaptureComponentToWorld(USceneCaptureComponent2D SceneCaptureComponent2D, const FVector2D&inout TargetUV, FVector&inout WorldPosition, FVector&inout WorldDirection)","DeprojectSceneCaptureComponentToWorld","","bool","4","USceneCaptureComponent2D;FVector2D;FVector;FVector","False","True","True","available","/Script/Engine.GameplayStatics:DeprojectSceneCaptureComponentToWorld","manual","Engine","","","","","","unclassified","pending-native-form-source-join"
"164f08ffeae64e40212ff5782b6973936234ce38618a7045dd3f4b15de1acd72","09aff05850bb3b4d9e98c6663427f2c90168a2acb25da163c3456ffe87822f03","","method","void SetRootShakePattern(UCameraShakePattern InPattern)","SetRootShakePattern","","void","1","UCameraShakePattern","False","False","True","available","/Script/Engine.CameraShakeBase:SetRootShakePattern","manual","Engine","","","","","","unclassified","pending-native-form-source-join"
"166d9b1e9ad5b82518625fc0b18b11c22982c84c6e60a478e717efe46ce7c034","a048e09fab5b35c796657bb67d416dd5c79c96ad1914c69990329d6bc1e2dc7a","","method","void ClientRepObjRef(UObject Object)","ClientRepObjRef","","void","1","UObject","False","False","True","available","/Script/Engine.PlayerController:ClientRepObjRef","manual","Engine","","","","","","unclassified","pending-native-form-source-join"
"1671849beae451f63ae7042a7bd28a9ebcbab8fdf636f2a2c54818be56408280","","UBTFunctionLibrary","global-function","void SetBlackboardValueAsEnum(UBTNode NodeOwner, const FBlackboardKeySelector&inout Key, uint8 Value)","SetBlackboardValueAsEnum","","void","3","UBTNode;FBlackboardKeySelector;uint8","False","True","True","available","/Script/AIModule.BTFunctionLibrary:SetBlackboardValueAsEnum","manual","AIModule","","","","","","unclassified","pending-native-form-source-join"
"16815346d9146d8a7fce782bdb812cf6c5ad78020d2c62128088db2354aa6f99","9dd728209834c4c02036508adcbbc22ac253bfafa67a96c31482939c39c8e488","","method","void ProvideLocationsSet(UObject QuerierObject, AActor QuerierActor, FVector[]&inout ResultingLocationSet) const","ProvideLocationsSet","","void","3","UObject;AActor;FVector[]","False","True","True","available","/Script/AIModule.EnvQueryContext_BlueprintBase:ProvideLocationsSet","manual","AIModule","","","","","","unclassified","pending-native-form-source-join"
"168b5b706b6304f8c83c5f7758a9351663ad5ac9370e4bacb4ecba9c3459ae2a","af0688d485eba5c4d2a0106fc749de5d8b69f47cd3ed42dbd885ba95d61ff6fa","","method","void ResetDeviceProperty(FPlatformUserId PlatformUser, FInputDeviceId DeviceId, bool bForceReset)","ResetDeviceProperty","","void","3","FPlatformUserId;FInputDeviceId;bool","False","False","False","available","/Script/Engine.InputDeviceProperty:ResetDeviceProperty","manual","Engine","","","","","","unclassified","pending-native-form-source-join"
"1698184a881cb230fac9ba221f5c59b3f84fca96903caed6c23b3761d61aadb6","a6aa67985a5e65d2276dd4d90be7ddbd8156210ef5aba5f40d929026aa763364","","method","void ScriptedExecutePostImportPipeline(const UInterchangeBaseNodeContainer BaseNodeContainer, FString FactoryNodeKey, UObject CreatedAsset, bool bIsAReimport)","ScriptedExecutePostImportPipeline","","void","4","const UInterchangeBaseNodeContainer;FString;UObject;bool","False","False","True","available","/Script/InterchangeCore.InterchangePipelineBase:ScriptedExecutePostImportPipeline","manual","InterchangeCore","","","","","","unclassified","pending-native-form-source-join"
"16f2cc38857acf7aa96972cef6d71c2fe4fcf01ae4b53e7527bba2d3912693fd","196d00ce68899768ad4f9f6ad88b0526803ac4b5bfb0e008fcef467d86d4f66f","","method","void ResetMappingToDefault(FName InMappingName)","ResetMappingToDefault","","void","1","FName","False","False","False","available","/Script/EnhancedInput.EnhancedPlayerMappableKeyProfile:ResetMappingToDefault","manual","EnhancedInput","EnhancedInput","","","","","unclassified","pending-native-form-source-join"
"170d535fc030eb29bcfe6149d35d61f6aacbd3dc27495150dd7925388a0f8f97","b15c5085eae7bf1c2f4e71775069fbb1e7c19d74b97cd211cb1909e4eaf4ea60","","method","void Activate(bool bReset = false)","Activate","","void","1","bool","True","False","False","available","/Script/Engine.ActorComponent:Activate","manual","Engine","","","","","","unclassified","pending-native-form-source-join"
"17592f017f9b1020ff27889f9541d52b7cae62de76593c922e6b909de04654f2","21d382cd7255d52cbb20566516d6b3ceb07797f145c23c7f2383421ca5d88295","","method","void OnDragDetected(FGeometry MyGeometry, const FPointerEvent&inout PointerEvent, UDragDropOperation&inout Operation)","OnDragDetected","","void","3","FGeometry;FPointerEvent;UDragDropOperation","False","True","True","available","/Script/UMG.UserWidget:OnDragDetected","manual","UMG","","","","","","unclassified","pending-native-form-source-join"
"175b2c5821cb5316bdd9d6ad02cfd7a7a3ababa346f75c667bb8f24aa64b6d5a","a048e09fab5b35c796657bb67d416dd5c79c96ad1914c69990329d6bc1e2dc7a","","method","void ClientRetryClientRestart(APawn NewPawn)","ClientRetryClientRestart","","void","1","APawn","False","False","True","available","/Script/Engine.PlayerController:ClientRetryClientRestart","manual","Engine","","","","","","unclassified","pending-native-form-source-join"
"17721871e78e7fc109cb6e66c9630eb069d692a3e286dbc3a63bdaf471c96bc5","aafc390ad2b6c616d8283f777abbedbc3ae249211d1cba37623650a093bb90ea","","method","float GetPathCost() const","GetPathCost","","float","0","","False","False","False","available","/Script/NavigationSystem.NavigationPath:GetPathCost","manual","NavigationSystem","","","","","","unclassified","pending-native-form-source-join"
"17728d8f449936c8615d48ae8ac1c0f4a86a22e77bfaba0ba4b2931e8dc9fa4a","","WidgetLibrary","global-function","void GetAllWidgetsOfClass(const UObject WorldContextObject, UUserWidget[]&inout FoundWidgets, TSubclassOf<UUserWidget> WidgetClass, bool TopLevelOnly = true)","GetAllWidgetsOfClass","","void","4","const UObject;UUserWidget[];TSubclassOf<UUserWidget>;bool","True","True","True","available","/Script/UMG.WidgetBlueprintLibrary:GetAllWidgetsOfClass","manual","UMG","","","","","","unclassified","pending-native-form-source-join"
"177e225c7b898e0a7a7af0d1cb0387672bab58d58d1e5df9ac9f640f87f63e88","1510531a5493cf1f6cb9388855f4ef227dc2c758b09a9e14921e04ba78685d61","","method","UObject GetBoundObjectForSequencer(UObject ResolvedObject)","GetBoundObjectForSequencer","","UObject","1","UObject","False","False","True","available","/Script/MovieScene.MovieSceneBoundObjectProxy:BP_GetBoundObjectForSequencer","manual","MovieScene","","","","","","unclassified","pending-native-form-source-join"
"17a0dfe14ece804ed8248c467758f32db6d9215391c09fc8baf88ff6185518ac","","UConstraintInstanceBlueprintLibrary","global-function","void SetOrientationDriveTwistAndSwing(FConstraintInstanceAccessor&inout Accessor, bool bEnableTwistDrive, bool bEnableSwingDrive)","SetOrientationDriveTwistAndSwing","","void","3","FConstraintInstanceAccessor;bool;bool","False","True","False","available","/Script/Engine.ConstraintInstanceBlueprintLibrary:SetOrientationDriveTwistAndSwing","manual","Engine","","","","","","unclassified","pending-native-form-source-join"
"17bbe6386f6da2629912bd617f597ad711f0115f0c25927b03c447086eebc3fa","","WidgetLibrary","global-function","void SetInputMode_UIOnlyEx(APlayerController PlayerController, UWidget InWidgetToFocus = nullptr, EMouseLockMode InMouseLockMode = EMouseLockMode :: DoNotLock, bool bFlushInput = false)","SetInputMode_UIOnlyEx","","void","4","APlayerController;UWidget;EMouseLockMode;bool","True","False","True","available","/Script/UMG.WidgetBlueprintLibrary:SetInputMode_UIOnlyEx","manual","UMG","","","","","","unclassified","pending-native-form-source-join"
"17fcd706d8841aab0f0b0be1bd17bb3dc7fb941941d9015a362a70c3d18d0611","","UConstraintInstanceBlueprintLibrary","global-function","void SetAngularVelocityTarget(FConstraintInstanceAccessor&inout Accessor, const FVector&inout InVelTarget)","SetAngularVelocityTarget","","void","2","FConstraintInstanceAccessor;FVector","False","True","False","available","/Script/Engine.ConstraintInstanceBlueprintLibrary:SetAngularVelocityTarget","manual","Engine","","","","","","unclassified","pending-native-form-source-join"
"1826d518f03158062bbd5a5c6e83b86634a6655647b3bc47d575fe019fc6dfc4","4f8e7441dd6629847eb00d9f80705d20098ad235220d252c2a2c723530d64500","","method","bool CanDuplicateElement(const FScriptTypedElementHandle&inout InElementHandle)","CanDuplicateElement","","bool","1","FScriptTypedElementHandle","False","True","False","available","/Script/Engine.TypedElementWorldInterface:CanDuplicateElement","manual","Engine","","","","","","unclassified","pending-native-form-source-join"
"18543e71f0fd7aeae2ebed22f2004b83f7a4ddef830bf6b48b0440617e928c11","07e6ab7f0b39cb2ddeb6518256adc8ab61caefe3d5a485fac2d45547adb2973d","","method","void OnBeginFinalize()","OnBeginFinalize","","void","0","","False","False","False","available","/Script/MovieSceneCapture.UserDefinedCaptureProtocol:OnBeginFinalize","manual","MovieSceneCapture","","","","","","unclassified","pending-native-form-source-join"
"185f5c2254bddc4b0e6a29a6a8aa16dca4f48690372a3755132bebb98ca8b539","25476ae48137cafccca9adc65f6f8ceaa43556d67e751a64c06db06b699f5a96","","method","void OnEndEntryDropOperation(bool bSuccess)","OnEndEntryDropOperation","","void","1","bool","False","False","False","available","/Script/UMG.UserListEntry:BP_OnEndEntryDropOperation","manual","UMG","","","","","","unclassified","pending-native-form-source-join"
"18759c9c43ff71008fd0c6bda71f5dd0e1ebeaf55c548fdc4589880bd31080ff","af227d35a24db9f5ce01b0ebcf9f55bd104b5cf86322c7403be4d525e4a5041b","","method","void RadialDamage(float32 DamageReceived, const UDamageType DamageType, FVector Origin, const FHitResult&inout HitInfo, AController InstigatedBy, AActor DamageCauser)","RadialDamage","","void","6","float32;const UDamageType;FVector;FHitResult;AController;AActor","False","True","True","available","/Script/Engine.Actor:ReceiveRadialDamage","manual","Engine","","","","","","unclassified","pending-native-form-source-join"
"18c174546081607cf9be65dcccc7e86e4e42c84e1741ed491a12ceb7bc879134","","URuntimeCurveLinearColorMixinLibrary","global-function","void AddDefaultKey(FRuntimeCurveLinearColor&inout Target, float32 InTime, FLinearColor InColor)","AddDefaultKey","","void","3","FRuntimeCurveLinearColor;float32;FLinearColor","False","True","False","available","/Script/AngelscriptRuntime.RuntimeCurveLinearColorMixinLibrary:AddDefaultKey","manual","AngelscriptRuntime","Angelscript","","","","","unclassified","pending-native-form-source-join"
"18cf134aba9e7b788975f18f68602c4b1effffc66314c736cd26bb2d16882e6b","96c1ca86fd81336d18760b6b3cfe696ae406b4f2bf9c909d621ad6b52109336a","","method","UObject GetUpdatedObject() const","GetUpdatedObject","","UObject","0","","False","False","False","available","/Script/Engine.MovementInterface:GetUpdatedObject","manual","Engine","","","","","","unclassified","pending-native-form-source-join"
"18d486e687c56a2bf73c84f186f7a0e73e554adfb8524d9e53e76000b27f614b","4f8e7441dd6629847eb00d9f80705d20098ad235220d252c2a2c723530d64500","","method","FScriptTypedElementHandle DuplicateElement(const FScriptTypedElementHandle&inout InElementHandle, UWorld InWorld, const FVector&inout InLocationOffset)","DuplicateElement","","FScriptTypedElementHandle","3","FScriptTypedElementHandle;UWorld;FVector","False","True","True","available","/Script/Engine.TypedElementWorldInterface:DuplicateElement","manual","Engine","","","","","","unclassified","pending-native-form-source-join"
"18eafaf90a4e456066057d6ccae91b03ececff31486fbb3d6a7adb6e2fb5a1b7","","FTransform3f","global-function","FTransform3f MakeFromZY(const FVector3f&inout ZAxis, const FVector3f&inout YAxis)","MakeFromZY","","FTransform3f","2","FVector3f;FVector3f","False","True","False","available","/Script/AngelscriptRuntime.AngelscriptFTransform3fLibrary:MakeFromZY","manual","AngelscriptRuntime","Angelscript","","","","","unclassified","pending-native-form-source-join"
"191a78e909fc67a8c3d2e804382fb83151fd42e6488d8310f3fe68a90d0aee94","7869253eddf5b00fb693ad27ae93b19cd7dbd34d1938d8a1385d82433348137f","","method","void SetUserTag(FName InUserTag)","SetUserTag","","void","1","FName","False","False","False","deprecated","/Script/UMG.UMGSequencePlayer:SetUserTag","manual","UMG","","","","","","unclassified","pending-native-form-source-join"
"19279f3a1f02306e51c5ade394bb63f2fe4b07b564748188d5ad53a650aa8aca","","FQuat4f","global-function","FQuat4f MakeFromZY(const FVector3f&inout ZAxis, const FVector3f&inout YAxis)","MakeFromZY","","FQuat4f","2","FVector3f;FVector3f","False","True","False","available","/Script/AngelscriptRuntime.AngelscriptFQuat4fLibrary:MakeFromZY","manual","AngelscriptRuntime","Angelscript","","","","","unclassified","pending-native-form-source-join"
"1982200111f785940319cb326907a78b993286fc82ed674d3436a049c0d7699c","","SlateLibrary","global-function","float32 TransformScalarLocalToAbsolute(const FGeometry&inout Geometry, float32 LocalScalar)","TransformScalarLocalToAbsolute","","float32","2","FGeometry;float32","False","True","False","deprecated","/Script/UMG.SlateBlueprintLibrary:TransformScalarLocalToAbsolute","manual","UMG","","","","","","unclassified","pending-native-form-source-join"
"199f3ea0299dc9e549e6533790a43ac644613538a2b66574127bc5aaa2a96fcb","","UAnimNotifyMirrorInspectionLibrary","global-function","const UMirrorDataTable GetMirrorDataTable(const FAnimNotifyEventReference&inout EventReference)","GetMirrorDataTable","","const UMirrorDataTable","1","FAnimNotifyEventReference","False","True","False","available","/Script/Engine.AnimNotifyMirrorInspectionLibrary:GetMirrorDataTable","manual","Engine","","","","","","unclassified","pending-native-form-source-join"
"19bff196232c3a169a701981b2a081e78351935a4d6a9cbe66c3b43565d5fddd","221735b2ef09d2dff90eada6b7ac0853d3139484f79de08dd996d968d950a15e","","method","bool IsLoaded() const","IsLoaded","","bool","0","","False","False","False","available","/Script/Engine.LevelInstanceInterface:IsLoaded","manual","Engine","","","","","","unclassified","pending-native-form-source-join"
"19e572b8469edbfdc78796eb8fa1333d6187c47e95d62d0c39bcad7bfa579a20","","FRotator","global-function","FRotator GetRelative(const FRotator&inout ParentWorldRotation, const FRotator&inout ChildWorldRotation)","GetRelative","","FRotator","2","FRotator;FRotator","False","True","False","available","/Script/AngelscriptRuntime.AngelscriptFRotatorStaticLibrary:GetRelative","manual","AngelscriptRuntime","Angelscript","","","","","unclassified","pending-native-form-source-join"
"19e7010f9eb75ed3305b7be20a6c6b8f8e6f6531d079a9d437aaad4770253703","95c5bd2590e7410565721b207a1d17bc6be9388f92234c7eba4b0ba57a3a44b1","","method","bool RemoveCurveKey(const FAnimationCurveIdentifier&inout CurveId, float32 Time, bool bShouldTransact)","RemoveCurveKey","","bool","3","FAnimationCurveIdentifier;float32;bool","False","True","False","available","/Script/Engine.AnimationDataController:RemoveCurveKey","manual","Engine","","","","","","unclassified","pending-native-form-source-join"
"19ffe46709e7bd3eb5037bec17d9113f05d2a1455c59750f04aa4fe316c3d79a","6bffd1732cf488f360666775155ba0393bfb1b059aa8c53f08cc7046bcad49ba","","method","void BindAxisKey(const FName&inout AxisKey, const FInputAxisHandlerDynamicSignature&inout Delegate = FInputAxisHandlerDynamicSignature ( ))","BindAxisKey","","void","2","FName;FInputAxisHandlerDynamicSignature","True","True","False","available","/Script/AngelscriptRuntime.InputComponentScriptMixinLibrary:BindAxisKey","manual","AngelscriptRuntime","Angelscript","","","","","unclassified","pending-native-form-source-join"
"1a2b4945947c4493846f042b9bedb907c80487823e3b24995c8187b7129921f5","","UConstraintInstanceBlueprintLibrary","global-function","void GetAngularVelocityDriveSLERP(FConstraintInstanceAccessor&inout Accessor, bool&inout bOutEnableSLERP)","GetAngularVelocityDriveSLERP","","void","2","FConstraintInstanceAccessor;bool","False","True","False","available","/Script/Engine.ConstraintInstanceBlueprintLibrary:GetAngularVelocityDriveSLERP","manual","Engine","","","","","","unclassified","pending-native-form-source-join"
"1a44ae460fa0b344cc0e1eb416d85a72f1119b16211fb189176e83efeb5cbc77","","UGameplayStatics","global-function","bool SetActiveSpatialPluginByName(const UObject WorldContextObject, FName InPluginName)","SetActiveSpatialPluginByName","","bool","2","const UObject;FName","False","False","True","available","/Script/Engine.GameplayStatics:SetActiveSpatialPluginByName","manual","Engine","","","","","","unclassified","pending-native-form-source-join"
"1a597f2adb5dc3ee911678f756a59931d4ad698f7fc651dfc4bb87bd2b4aaf2f","a048e09fab5b35c796657bb67d416dd5c79c96ad1914c69990329d6bc1e2dc7a","","method","void ClientPlaySound(USoundBase Sound, float32 VolumeMultiplier, float32 PitchMultiplier)","ClientPlaySound","","void","3","USoundBase;float32;float32","False","False","True","available","/Script/Engine.PlayerController:ClientPlaySound","manual","Engine","","","","","","unclassified","pending-native-form-source-join"
"1aad96d6ab5ece5d2aed9378b308e634bfc6a5b34ee03d7fc22cfa2fb3b2ae8d","98291aca18f7071f5cff18a02f8b9a2f0b9f68f9e7ec11827ee6c8465fdf4232","","method","FQuat[] GetRotationalKeys() const","GetRotationalKeys","","FQuat[]","0","","False","False","False","available","/Script/Engine.RawAnimSequenceTrackExtensions:GetRotationalKeys","manual","Engine","","","","","","unclassified","pending-native-form-source-join"
"1b0229bb92499332d279431177d67f719b679e1aa4b554e160b1f00277893e99","","UBlueprintSpringMathLibrary","global-function","float32 DeadBlendApplyToFloat(float32 InValue, float32 InValueTransition, float32 InVelocityTransition, float32 TimeSinceTransition, float32 BlendTime = 0.200000, float32 SmoothingTime = 0.200000)","DeadBlendApplyToFloat","","float32","6","float32;float32;float32;float32;float32;float32","True","False","False","available","/Script/Engine.BlueprintSpringMathLibrary:DeadBlendApplyToFloat","manual","Engine","","","","","","unclassified","pending-native-form-source-join"
"1b255b40bd9d6fc9b9ff13604b94f8a4572c3edf7a867bc94a7e7cac4f48bb08","a048e09fab5b35c796657bb67d416dd5c79c96ad1914c69990329d6bc1e2dc7a","","method","void ClientTeamMessage(APlayerState SenderPlayerState, FString S, FName Type, float32 MsgLifeTime)","ClientTeamMessage","","void","4","APlayerState;FString;FName;float32","False","False","True","available","/Script/Engine.PlayerController:ClientTeamMessage","manual","Engine","","","","","","unclassified","pending-native-form-source-join"
"1b391c9504088f3e9271b2e70f4cb1f50a6f5c8fbac7a1fd09dd3121f6bce06f","","UInputDeviceLibrary","global-function","APlayerController GetPlayerControllerFromInputDevice(FInputDeviceId DeviceId)","GetPlayerControllerFromInputDevice","","APlayerController","1","FInputDeviceId","False","False","False","available","/Script/Engine.InputDeviceLibrary:GetPlayerControllerFromInputDevice","manual","Engine","","","","","","unclassified","pending-native-form-source-join"
"1b5d8c5cf572678674af83e3ad85d2620a732ccb83641e906c01e79257aace24","d5f2882870ba27b7a3f7373307ff48f7eb09ea60cf295620ee4afec13f6e3dcf","","method","void RemoveComponentFromCluster(UPrimitiveComponent InComponent)","RemoveComponentFromCluster","","void","1","UPrimitiveComponent","False","False","True","available","/Script/Engine.ClusterUnionComponent:RemoveComponentFromCluster","manual","Engine","","","","","","unclassified","pending-native-form-source-join"
"1b6d7e6721248cae5bbe9b957a1d196bdc5f7c2e884da727f093bb58822086d9","","WidgetLibrary","global-function","void SetInputMode_GameAndUIEx(APlayerController PlayerController, UWidget InWidgetToFocus = nullptr, EMouseLockMode InMouseLockMode = EMouseLockMode :: DoNotLock, bool bHideCursorDuringCapture = true, bool bFlushInput = false)","SetInputMode_GameAndUIEx","","void","5","APlayerController;UWidget;EMouseLockMode;bool;bool","True","False","True","available","/Script/UMG.WidgetBlueprintLibrary:SetInputMode_GameAndUIEx","manual","UMG","","","","","","unclassified","pending-native-form-source-join"
"1b957f96c5dbdd65b7d63f15458f6e0207a7de44e9535d13687f2f9a82b3b899","35d29f5a35fcaf8f82f55b61b32dd1252884337241f47a38d3eb51e25267801e","","method","void ServerCurrentMontageSetNextSectionName(UAnimSequenceBase ClientAnimation, float32 ClientPosition, FName SectionName, FName NextSectionName)","ServerCurrentMontageSetNextSectionName","","void","4","UAnimSequenceBase;float32;FName;FName","False","False","True","available","/Script/GameplayAbilities.AbilitySystemComponent:ServerCurrentMontageSetNextSectionName","manual","GameplayAbilities","GameplayAbilities","","","","","unclassified","pending-native-form-source-join"
"1b9b10506dc3cad03fdb759c37d0b4eafd755629cea7ca6a4eb107776a2c0e99","a048e09fab5b35c796657bb67d416dd5c79c96ad1914c69990329d6bc1e2dc7a","","method","void ServerViewNextPlayer()","ServerViewNextPlayer","","void","0","","False","False","False","available","/Script/Engine.PlayerController:ServerViewNextPlayer","manual","Engine","","","","","","unclassified","pending-native-form-source-join"
"1ba8784acdfcf6cf5bb7330cb514a627ef302842c3c380f6299b981afede4134","f88b10fd3d4e2ea6f9d9b27c793046bd270eabe86896bab418bf955351325506","","method","void GetBlueprintRenderDependencies(UObject[]&inout OutStreamableAssets)","GetBlueprintRenderDependencies","","void","1","UObject[]","False","True","False","available","/Script/Landscape.LandscapeBlueprintBrushBase:GetBlueprintRenderDependencies","manual","Landscape","","","","","","unclassified","pending-native-form-source-join"
"1bc472122e1428bafe5bec401af33ad1afe886eeab304262687288a32a16b139","","UBlueprintSpringMathLibrary","global-function","void TrackVelocityTransform(FTransform&inout InOutValue, FSpringTransformVelocity&inout InOutVelocity, FTransform InValue, float32 DeltaTime)","TrackVelocityTransform","","void","4","FTransform;FSpringTransformVelocity;FTransform;float32","False","True","False","available","/Script/Engine.BlueprintSpringMathLibrary:TrackVelocityTransform","manual","Engine","","","","","","unclassified","pending-native-form-source-join"
"1c05e3a06168100d9f8518efec07a4c57b4b15b449e0b5d217eb0ae3230676d1","37bcc56137e6a420e62cf2e07774f8ab1bda170a82945a2ae8428f275ae4117a","","method","float AngularDistance(const FVector&inout B) const","AngularDistance","","float","1","FVector","False","True","False","available","/Script/AngelscriptRuntime.AngelscriptFVectorMixinLibrary:AngularDistance","manual","AngelscriptRuntime","Angelscript","","","","","unclassified","pending-native-form-source-join"
"1c4d879d232a9822d42b4b02cd3a8b1b8368d6c80fc49275d9dcf7c235a1f039","5351c4ffe82bbb28d1a84ba46be8b8b08876e3a366f59925a2568dc5b35e1c9c","","method","void OnChangeName(AController Other, FString NewName, bool bNameChange)","OnChangeName","","void","3","AController;FString;bool","False","False","True","available","/Script/Engine.GameModeBase:K2_OnChangeName","manual","Engine","","","","","","unclassified","pending-native-form-source-join"
"1c872a7fdc1f6a1fff1916542b5e26646364859690b117541409058076d6c7ca","fa24378319ef169d1149805ded22c404f691f2ea8b34352ec52aeaff336adb02","","method","void SetVisualEffectQuality(int Value)","SetVisualEffectQuality","","void","1","int","False","False","False","available","/Script/Engine.GameUserSettings:SetVisualEffectQuality","manual","Engine","","","","","","unclassified","pending-native-form-source-join"
"1c9e533af075f3baa5e09dcc9f42cb5db856d8677f1863ee60ee0fa3089ede97","","UGameplayStatics","global-function","UAudioComponent CreateSound2D(const UObject WorldContextObject, USoundBase Sound, float32 VolumeMultiplier = 1.000000, float32 PitchMultiplier = 1.000000, float32 StartTime = 0.000000, USoundConcurrency ConcurrencySettings = nullptr, bool bPersistAcrossLevelTransition = false, bool bAutoDestroy = true)","CreateSound2D","","UAudioComponent","8","const UObject;USoundBase;float32;float32;float32;USoundConcurrency;bool;bool","True","False","True","available","/Script/Engine.GameplayStatics:CreateSound2D","manual","Engine","","","","","","unclassified","pending-native-form-source-join"
"1ca4e2a6ab945eb82ba634414644675b45ab6f64c60ada28fbe804bb2fb1d815","66e8fa3eb6d39fd7ac2555adb43e2e561982b10b1716182fefc8953400ac14b8","","method","FScriptTypedElementHandle[] PasteNormalizedElementsFromString(const FScriptTypedElementListProxy&inout ElementList, UWorld World, const FTypedElementPasteOptions&inout PasteOption, FString InputString)","PasteNormalizedElementsFromString","","FScriptTypedElementHandle[]","4","FScriptTypedElementListProxy;UWorld;FTypedElementPasteOptions;FString","False","True","True","available","/Script/Engine.TypedElementCommonActions:PasteNormalizedElementsFromString","manual","Engine","","","","","","unclassified","pending-native-form-source-join"
"1cb20269e7af24a1904dcab641e9be68039e5feb0108760f105661828f76b40e","f9daf0264e987ba2ce78881edbe2deec2ad9aff95dab69c0d9e7a0d5d4a37c26","","method","void ClientSendReservationUpdates(int NumRemainingReservations)","ClientSendReservationUpdates","","void","1","int","False","False","False","available","/Script/OnlineSubsystemUtils.SpectatorBeaconClient:ClientSendReservationUpdates","manual","OnlineSubsystemUtils","OnlineSubsystemUtils","","","","","unclassified","pending-native-form-source-join"
"1ceae2449df7c37d194f40cf4793795e588d44e2d9724c222d8cb9318ea2ef0c","21d382cd7255d52cbb20566516d6b3ceb07797f145c23c7f2383421ca5d88295","","method","FEventReply OnMouseButtonDoubleClick(FGeometry InMyGeometry, const FPointerEvent&inout InMouseEvent)","OnMouseButtonDoubleClick","","FEventReply","2","FGeometry;FPointerEvent","False","True","False","available","/Script/UMG.UserWidget:OnMouseButtonDoubleClick","manual","UMG","","","","","","unclassified","pending-native-form-source-join"
"1d717f714e77ca25bb6c7061202b3845f3584df7b3e5e098b09978f78f85827c","d3c26b09cb69440ef5cea48b8cd2bb16451c461ce4aa3cafa3d573c20dfad90d","","method","void BlueprintBeginPlay()","BlueprintBeginPlay","","void","0","","False","False","False","available","/Script/Engine.AnimInstance:BlueprintBeginPlay","manual","Engine","","","","","","unclassified","pending-native-form-source-join"
"1d7cf8a3b2e54dc0f5e5a978b17caaa59b831095ba4bf55027a5e3cfb263c78f","eb9db4974c2c84b3de7248f0dcc19ddbe9fe5a895134ac9ee72db3e7aec44cbf","","method","FCurveKeyHandle AddAutoCurveKey(float32 InTime, float32 InValue)","AddAutoCurveKey","","FCurveKeyHandle","2","float32;float32","False","False","False","available","/Script/AngelscriptRuntime.RuntimeFloatCurveMixinLibrary:AddAutoCurveKey","manual","AngelscriptRuntime","Angelscript","","","","","unclassified","pending-native-form-source-join"
"1d94b10f5f86a4244e976eeedb2235d9d40c36a6964b854dfeef0af722d4a63c","fa24378319ef169d1149805ded22c404f691f2ea8b34352ec52aeaff336adb02","","method","void SetMaximumHDRDisplayNits(int DisplayNits)","SetMaximumHDRDisplayNits","","void","1","int","False","False","False","available","/Script/Engine.GameUserSettings:SetMaximumHDRDisplayNits","manual","Engine","","","","","","unclassified","pending-native-form-source-join"
"1db8fa3176479dbc0671527dcf2295661883727134a61c9c6bd65b69dc1a1ca6","061c90b40526e6537347bd4f5817dbd2e124e0a07d2267c5a3ab507b0c2662ae","","method","void OnWalkingOffLedge(const FVector&inout PreviousFloorImpactNormal, const FVector&inout PreviousFloorContactNormal, const FVector&inout PreviousLocation, float32 TimeDelta)","OnWalkingOffLedge","","void","4","FVector;FVector;FVector;float32","False","True","False","available","/Script/Engine.Character:OnWalkingOffLedge","manual","Engine","","","","","","unclassified","pending-native-form-source-join"
"1e18e0ddbf5c980dea53cacd82caa6e8db72297a7918c9f10251d9f480966fae","93cb40407e6142bb73d2390bec05959d899ccd6f736f65d07f20a60120aee144","","method","bool IsInterpolationComplete() const","IsInterpolationComplete","","bool","0","","False","False","False","available","/Script/Engine.ProjectileMovementComponent:IsInterpolationComplete","manual","Engine","","","","","","unclassified","pending-native-form-source-join"
"1e1f3143b96c3f3691aab0bec050b405f0ef0778a3430ce2ec2691d243979213","37d3caf17e79de34aeba05029e3a80e50c00667f251ab624d817b1e42deabe06","","method","bool IsFalling() const","IsFalling","","bool","0","","False","False","False","available","/Script/Engine.NavMovementInterface:IsFalling","manual","Engine","","","","","","unclassified","pending-native-form-source-join"
"1e3fb8c7eccf844e89750c2889b58adecf960601ceb945a9940ce60cbc4eb578","","InternationalizationLibrary","global-function","FString GetLocalizedLanguage()","GetLocalizedLanguage","","FString","0","","False","False","False","available","/Script/Engine.KismetInternationalizationLibrary:GetLocalizedLanguage","manual","Engine","","","","","","unclassified","pending-native-form-source-join"
"1e4db2d7df7f0e6bed56b1815f8a1cafbeab8b9af7da4681f64032c9e11753bf","","WidgetLibrary","global-function","FEventReply DetectDragIfPressed(const FPointerEvent&inout PointerEvent, UWidget WidgetDetectingDrag, FKey DragKey)","DetectDragIfPressed","","FEventReply","3","FPointerEvent;UWidget;FKey","False","True","True","available","/Script/UMG.WidgetBlueprintLibrary:DetectDragIfPressed","manual","UMG","","","","","","unclassified","pending-native-form-source-join"
"1e4db3d6df208248ca9ccb27d9e030ae6b5dff77c8bc60c916bfd5440309228d","a048e09fab5b35c796657bb67d416dd5c79c96ad1914c69990329d6bc1e2dc7a","","method","void ClientSpawnGenericCameraLensEffect(TSubclassOf<AActor> LensEffectEmitterClass)","ClientSpawnGenericCameraLensEffect","","void","1","TSubclassOf<AActor>","False","False","False","available","/Script/Engine.PlayerController:ClientSpawnGenericCameraLensEffect","manual","Engine","","","","","","unclassified","pending-native-form-source-join"
"1e56d07b0dbbf77a93a369c3972511f9dcbf0df78f49b92189983d9720296677","877242e59f270f3007210bf5cd3764d6f9178a314708334fc1089e9ccdd2d912","","method","void SetControlRotation(const FRotator&inout NewRotation)","SetControlRotation","","void","1","FRotator","False","True","False","available","/Script/Engine.Controller:SetControlRotation","manual","Engine","","","","","","unclassified","pending-native-form-source-join"
"1e58a478c163e304d7919e64d480c0b24c74c70c7156a4069132b79e32215018","4b234073e4131692a708413e0cd443beaf9252bb3165c3887bb4059999301b1c","","method","void SetPlaying(bool bIsPlaying)","SetPlaying","","void","1","bool","False","False","False","available","/Script/Engine.AnimSingleNodeInstance:SetPlaying","manual","Engine","","","","","","unclassified","pending-native-form-source-join"
"1e66a1fd4f917e1108e6d81da49650ac80d93e151756bbf10a25219efeb518c2","8fb03d2805f10d52065d1c65e9dcd91b4549d6c486b24f525bcd3787c984fb66","","method","void ScanFilesSynchronous(const FString[]&inout InFilePaths, bool bForceRescan)","ScanFilesSynchronous","","void","2","FString[];bool","False","True","False","available","/Script/AssetRegistry.AssetRegistry:ScanFilesSynchronous","manual","AssetRegistry","","","","","","unclassified","pending-native-form-source-join"
"1e6b7bd330dbca8e73fe51378a5999895fb6f8da81b0b88441b3dad88d11dc8a","66e8fa3eb6d39fd7ac2555adb43e2e561982b10b1716182fefc8953400ac14b8","","method","FScriptTypedElementHandle[] DuplicateSelectedElements(const UTypedElementSelectionSet SelectionSet, UWorld World, const FVector&inout LocationOffset)","DuplicateSelectedElements","","FScriptTypedElementHandle[]","3","const UTypedElementSelectionSet;UWorld;FVector","False","True","True","available","/Script/Engine.TypedElementCommonActions:K2_DuplicateSelectedElements","manual","Engine","","","","","","unclassified","pending-native-form-source-join"
"1e88e3fd8b339c98f05bab9a8f07132d956b37871dd5947e77eb44ee02bbbe22","a048e09fab5b35c796657bb67d416dd5c79c96ad1914c69990329d6bc1e2dc7a","","method","void ClientMutePlayer(FUniqueNetIdRepl PlayerId)","ClientMutePlayer","","void","1","FUniqueNetIdRepl","False","False","False","available","/Script/Engine.PlayerController:ClientMutePlayer","manual","Engine","","","","","","unclassified","pending-native-form-source-join"
"1eae0d17468b667d5f71906bf842563a3b76f6b2d19c9aa396e3955b79d5587b","","UGameplayStatics","global-function","float GetTimeSeconds(const UObject WorldContextObject = __WorldContext ( ))","GetTimeSeconds","","float","1","const UObject","True","False","True","available","/Script/Engine.GameplayStatics:GetTimeSeconds","manual","Engine","","","","","","unclassified","pending-native-form-source-join"
"1ecf58260f1b7215bb5a5b3281e61cae20c8b3b1c4f6a16c4d81ccd750d04201","d3c26b09cb69440ef5cea48b8cd2bb16451c461ce4aa3cafa3d573c20dfad90d","","method","void BlueprintThreadSafeUpdateAnimation(float32 DeltaTime)","BlueprintThreadSafeUpdateAnimation","","void","1","float32","False","False","False","available","/Script/Engine.AnimInstance:BlueprintThreadSafeUpdateAnimation","manual","Engine","","","","","","unclassified","pending-native-form-source-join"
"1f1c65e1c9d32b2b5a4b5c627709ed1a79627cd341e038abd87456a265fa4871","82b49778050438b5a27d8b1df094f6d3b772d4216282a4dc80a142446a746688","","method","void RemoveDebugText(AActor SrcActor, bool bLeaveDurationText)","RemoveDebugText","","void","2","AActor;bool","False","False","True","available","/Script/Engine.HUD:RemoveDebugText","manual","Engine","","","","","","unclassified","pending-native-form-source-join"
"1f1c900dca6c00018f618f129eb5c80c46a648d2d62deb3364a5c1efa2c929a2","c95f0db7bcacf8830e775c79cf299664fcce64e41a8cde810e3b957ddc183b65","","method","void Tick(AActor OwnerActor, float32 DeltaSeconds)","Tick","","void","2","AActor;float32","False","False","True","available","/Script/AIModule.BTTask_BlueprintBase:ReceiveTick","manual","AIModule","","","","","","unclassified","pending-native-form-source-join"
"1f810b68b7b2d875dbfc784e88aad4f427b2bfd73cbdac3be6ed2875c7b33306","95c5bd2590e7410565721b207a1d17bc6be9388f92234c7eba4b0ba57a3a44b1","","method","bool DuplicateCurve(const FAnimationCurveIdentifier&inout CopyCurveId, const FAnimationCurveIdentifier&inout NewCurveId, bool bShouldTransact)","DuplicateCurve","","bool","3","FAnimationCurveIdentifier;FAnimationCurveIdentifier;bool","False","True","False","available","/Script/Engine.AnimationDataController:DuplicateCurve","manual","Engine","","","","","","unclassified","pending-native-form-source-join"
"1f85fdea1c429342385c51c12ab4a36f57e1068d21039269ecfa183a3fefa65b","fa24378319ef169d1149805ded22c404f691f2ea8b34352ec52aeaff336adb02","","method","void SetFullscreenMode(EWindowMode InFullscreenMode)","SetFullscreenMode","","void","1","EWindowMode","False","False","False","available","/Script/Engine.GameUserSettings:SetFullscreenMode","manual","Engine","","","","","","unclassified","pending-native-form-source-join"
"1fd6f5afe5499a57890f35a2c8c847001e004004760a17c054ad07861b14d68f","48c1111f70539cbd6d1285d6bc2c25f4629fe1bf1442d7fdc4750982eff660e1","","method","void SetVectorCurve(UCurveVector NewVectorCurve, FName VectorTrackName)","SetVectorCurve","","void","2","UCurveVector;FName","False","False","True","available","/Script/Engine.TimelineComponent:SetVectorCurve","manual","Engine","","","","","","unclassified","pending-native-form-source-join"
"1fe5097746c63656cb02bafc48eec953ebac8b983cd0f0bfabae4676329743d0","8408ed834089f0d30abf8476c0078c8637280efdb97766920767c790ba00fc66","","method","void RemoveTagsFromInputMode(const FGameplayTagContainer&inout TagsToRemove, const FModifyContextOptions&inout Options)","RemoveTagsFromInputMode","","void","2","FGameplayTagContainer;FModifyContextOptions","False","True","False","available","/Script/EnhancedInput.EnhancedInputSubsystemInterface:RemoveTagsFromInputMode","manual","EnhancedInput","EnhancedInput","","","","","unclassified","pending-native-form-source-join"
"2058d44623394780a8cd1805d4b2da19ea743f8ac35ab37a944fecbd1572b2a7","","InternationalizationLibrary","global-function","FString GetCurrentLocale()","GetCurrentLocale","","FString","0","","False","False","False","available","/Script/Engine.KismetInternationalizationLibrary:GetCurrentLocale","manual","Engine","","","","","","unclassified","pending-native-form-source-join"
"207b24ea90c69081adfc89a20f8d4d6286ab9f306d76c3f0a8a5c463a94d716a","02590f39a5726d13aa1628f777897340c97e4c9b8ec407378167ac3f47b1e974","","method","void SetHorizontalAlignment(EHorizontalAlignment InHorizontalAlignment)","SetHorizontalAlignment","","void","1","EHorizontalAlignment","False","False","False","available","/Script/UMG.WindowTitleBarAreaSlot:SetHorizontalAlignment","manual","UMG","","","","","","unclassified","pending-native-form-source-join"
"2091abe98718bc112fe73ad59cee86249db2d25c6626f23db3df6bcc9dc026d3","","UBlueprintSpringMathLibrary","global-function","FVector DampVector(const FVector&inout Value, const FVector&inout Target, float32 DeltaTime, float32 SmoothingTime = 0.200000)","DampVector","","FVector","4","FVector;FVector;float32;float32","True","True","False","available","/Script/Engine.BlueprintSpringMathLibrary:DampVector","manual","Engine","","","","","","unclassified","pending-native-form-source-join"
"20a4e509531db99b5d81fdcd404c74d53928f7c13cf329d515ee2a6ce9459113","a3b66db2d596b4b2819bef7022bbcd1353f5507b8c579266d184db7d8cf1ff70","","method","void SetHorizontalAlignment(EHorizontalAlignment InHorizontalAlignment)","SetHorizontalAlignment","","void","1","EHorizontalAlignment","False","False","False","available","/Script/UMG.OverlaySlot:SetHorizontalAlignment","manual","UMG","","","","","","unclassified","pending-native-form-source-join"
"20a86ae7a87f1afbf271f3493adb8f8c67c0957a9a06d5c5ac9dbcb24083640f","","UBlueprintSpringMathLibrary","global-function","FVector SpringInertializeApplyToScale(FVector InScale, FVector InScaleOffset, FVector InScalarVelocityOffset, float32 TimeSinceTransition, float32 SmoothingTime = 0.200000)","SpringInertializeApplyToScale","","FVector","5","FVector;FVector;FVector;float32;float32","True","False","False","available","/Script/Engine.BlueprintSpringMathLibrary:SpringInertializeApplyToScale","manual","Engine","","","","","","unclassified","pending-native-form-source-join"
"20ad5bd0343a14c453ba47833779d88cf34ed35c3b1ef3f80565142adcd447c8","c375565b8bc7d59a45f79269d328bdba586eff989b4afbdd7e9653e56dffb86e","","method","void SetFloatParameter(FName InName, float32 InFloat)","SetFloatParameter","","void","2","FName;float32","False","False","False","available","/Script/AudioExtensions.AudioParameterControllerInterface:SetFloatParameter","manual","AudioExtensions","","","","","","unclassified","pending-native-form-source-join"
"20db93bcc107a2c0d4098a96e42869e6899993a95ccabfe4ddece933686f50a5","","WidgetLibrary","global-function","FSlateBrush MakeBrushFromMaterial(UMaterialInterface Material, int Width = 32, int Height = 32)","MakeBrushFromMaterial","","FSlateBrush","3","UMaterialInterface;int;int","True","False","True","available","/Script/UMG.WidgetBlueprintLibrary:MakeBrushFromMaterial","manual","UMG","","","","","","unclassified","pending-native-form-source-join"
"20e920dee43604b4553e2c33d87e339f1bfe9508da6521858573ce820900663c","","UGameplayStatics","global-function","bool Blueprint_PredictProjectilePath_Advanced(const UObject WorldContextObject, const FPredictProjectilePathParams&inout PredictParams, FPredictProjectilePathResult&inout PredictResult)","Blueprint_PredictProjectilePath_Advanced","","bool","3","const UObject;FPredictProjectilePathParams;FPredictProjectilePathResult","False","True","True","available","/Script/Engine.GameplayStatics:Blueprint_PredictProjectilePath_Advanced","manual","Engine","","","","","","unclassified","pending-native-form-source-join"
"2105fc23ebd4903820d2e1e8af880d90a66b2d08b146c0743a583a1875b6a1d5","061c90b40526e6537347bd4f5817dbd2e124e0a07d2267c5a3ab507b0c2662ae","","method","void UpdateCustomMovement(float32 DeltaTime)","UpdateCustomMovement","","void","1","float32","False","False","False","available","/Script/Engine.Character:K2_UpdateCustomMovement","manual","Engine","","","","","","unclassified","pending-native-form-source-join"
"2164c9c30cf4b854b25ad09895d0b3f2e25cda9f449842634ed52ce122e8e37f","f0aca1eb8212b6ae105fbd2e8ce832acd1bbecadccf250fab8d979683cc5058a","","method","void GetBoneTrackNames(FName[]&inout OutNames) const","GetBoneTrackNames","","void","1","FName[]","False","True","False","available","/Script/Engine.AnimationDataModel:GetBoneTrackNames","manual","Engine","","","","","","unclassified","pending-native-form-source-join"
"218bcf750dc9ab86b7f2f296632558917ac5a06dc011f1de2ce827f3921749e8","e2fc3530efd11e2ff1f287b9612ef6f0dbb7dbb058d11d444146936fc43dd4f0","","method","void SetSensingUpdatesEnabled(bool bEnabled)","SetSensingUpdatesEnabled","","void","1","bool","False","False","False","available","/Script/AIModule.PawnSensingComponent:SetSensingUpdatesEnabled","manual","AIModule","","","","","","unclassified","pending-native-form-source-join"
"21bb66389a4a7cf3bad630180f22ee0bca0131f3953848ec4dbfe45c07fc65f5","","UBlueprintSpringMathLibrary","global-function","FVector DampScale(const FVector&inout Scale, const FVector&inout TargetScale, float32 DeltaTime, float32 SmoothingTime = 0.200000)","DampScale","","FVector","4","FVector;FVector;float32;float32","True","True","False","available","/Script/Engine.BlueprintSpringMathLibrary:DampScale","manual","Engine","","","","","","unclassified","pending-native-form-source-join"
"21c143968bc320e1f2fe347f200bcd02c10043e28ed3c6bb92a3296d453233b3","101cc1a48ebe2ceea513aec9480d048b0e764d83151acf1586894b100ddf5dfd","","method","void OnRecurring(AActor Target, const FGameplayCueParameters&inout Parameters, const FGameplayCueNotify_SpawnResult&inout SpawnResults)","OnRecurring","","void","3","AActor;FGameplayCueParameters;FGameplayCueNotify_SpawnResult","False","True","True","available","/Script/GameplayAbilities.GameplayCueNotify_Looping:OnRecurring","manual","GameplayAbilities","GameplayAbilities","","","","","unclassified","pending-native-form-source-join"
"21c7f85e60d201a42b133aca76df3046ea58781606945ef6a1fec45abc1e7329","7500b633e643de75590fa98d9105059dc4e402a1d1aee18ab54acab1550d837f","","method","void Generate(bool bForce)","Generate","","void","1","bool","False","False","False","available","/Script/PCG.PCGComponent:Generate","manual","PCG","PCG","","","","","unclassified","pending-native-form-source-join"
"21d83d7430f0a380debb68a0165b6b8f68167d9dbbb804bc59deb4f7192cc17b","fa24378319ef169d1149805ded22c404f691f2ea8b34352ec52aeaff336adb02","","method","void RunHardwareBenchmark(int WorkScale = 10, float32 CPUMultiplier = 1.000000, float32 GPUMultiplier = 1.000000)","RunHardwareBenchmark","","void","3","int;float32;float32","True","False","False","available","/Script/Engine.GameUserSettings:RunHardwareBenchmark","manual","Engine","","","","","","unclassified","pending-native-form-source-join"
"21e500e866e447d243f46fd5321f00c081ba39adea55b6addecdc11ec26a0c5f","1faf72d570c983d905cca55e0035e5894a0d04627821af98056987712c374fb4","","method","void OnFunctionalTestingComplete()","OnFunctionalTestingComplete","","void","0","","False","False","False","available","/Script/FunctionalTesting.PhasedAutomationActorBase:OnFunctionalTestingComplete","manual","FunctionalTesting","","","","","","unclassified","pending-native-form-source-join"
"2222b324abf4f7b03c68ef3582d88863f87b56e0e397d11c6c0e2a6c30944b16","95c5bd2590e7410565721b207a1d17bc6be9388f92234c7eba4b0ba57a3a44b1","","method","void UpdateCurveNamesFromSkeleton(const USkeleton Skeleton, ERawCurveTrackTypes SupportedCurveType, bool bShouldTransact)","UpdateCurveNamesFromSkeleton","","void","3","const USkeleton;ERawCurveTrackTypes;bool","False","False","True","deprecated","/Script/Engine.AnimationDataController:UpdateCurveNamesFromSkeleton","manual","Engine","","","","","","unclassified","pending-native-form-source-join"
"224fafbd0021ac068ccd98a864a1b81c43a8d1a2859385928133a1d426ce3a08","4281c020654d89195c0724e24d30f849fa3d1f6540841ae713584f4d70850afd","","method","void OnPreForwardsSolve(UControlRigComponent Component)","OnPreForwardsSolve","","void","1","UControlRigComponent","False","False","True","available","/Script/ControlRig.ControlRigComponent:OnPreForwardsSolve","manual","ControlRig","ControlRig","","","","","unclassified","pending-native-form-source-join"
"225c89a476a5f77e3c43e0c0fa7d49833bab59afddfd7875625bc647dbf337c9","b4040670765ebd4cb3d41291ec1905e636d41fd2c920d9e07b675492cca40fc3","","method","bool ShouldCreateSubsystem(UObject Outer) const","ShouldCreateSubsystem","","bool","1","UObject","False","False","True","available","/Script/AngelscriptRuntime.ScriptGameInstanceSubsystem:BP_ShouldCreateSubsystem","manual","AngelscriptRuntime","Angelscript","","","","","unclassified","pending-native-form-source-join"
"226939e2b0cb8f6942a34b102db38b44acbdaa0ca454846ddefdb80d766b740c","","UGameplayStatics","global-function","bool HasOption(FString Options, FString InKey)","HasOption","","bool","2","FString;FString","False","False","False","available","/Script/Engine.GameplayStatics:HasOption","manual","Engine","","","","","","unclassified","pending-native-form-source-join"
"22d3a1b42f3a3d0675fc974c352f7bfc6ed2e60649e438e720b1f28920f4fa51","21d382cd7255d52cbb20566516d6b3ceb07797f145c23c7f2383421ca5d88295","","method","FEventReply OnAnalogValueChanged(FGeometry MyGeometry, FAnalogInputEvent InAnalogInputEvent)","OnAnalogValueChanged","","FEventReply","2","FGeometry;FAnalogInputEvent","False","False","False","available","/Script/UMG.UserWidget:OnAnalogValueChanged","manual","UMG","","","","","","unclassified","pending-native-form-source-join"
"23117a92060b1b00004c0c19404e9057bc3cad2c77a733841ab6eda30cb2ef28","62f422d0f954ea11dcb80ccd6dcbb9345d905f88381c71c0ded9d2aacc0560f3","","method","void PointLoopInitialize(const UPCGBasePointData InputPointData, UPCGBasePointData OutputPointData)","PointLoopInitialize","","void","2","const UPCGBasePointData;UPCGBasePointData","False","False","True","available","/Script/PCG.PCGBlueprintPointProcessorElement:PointLoopInitialize","manual","PCG","PCG","","","","","unclassified","pending-native-form-source-join"
"231b75be24071eddef8374f68a10ab50fe5db7ed656b4a88a2b02d179fa64a33","068198afa84d7780512208e5dc28daf6e0dbae69c51293df1afba11b6609bddb","","method","void ServerEnableReplicationToConnection(bool bEnable)","ServerEnableReplicationToConnection","","void","1","bool","False","False","False","available","/Script/Engine.NoPawnPlayerController:ServerEnableReplicationToConnection","manual","Engine","","","","","","unclassified","pending-native-form-source-join"
"231dd979258e8e9ebaef8a734724cb129c289700adc86fa4a360eb2b96c0296a","4281c020654d89195c0724e24d30f849fa3d1f6540841ae713584f4d70850afd","","method","void OnPostInitialize(UControlRigComponent Component)","OnPostInitialize","","void","1","UControlRigComponent","False","False","True","available","/Script/ControlRig.ControlRigComponent:OnPostInitialize","manual","ControlRig","ControlRig","","","","","unclassified","pending-native-form-source-join"
"231e97f984388ffa75ab809f8af4419cb1e5a6dc996eda47b1e7e67872bb92f9","48c1111f70539cbd6d1285d6bc2c25f4629fe1bf1442d7fdc4750982eff660e1","","method","void SetLooping(bool bNewLooping)","SetLooping","","void","1","bool","False","False","False","available","/Script/Engine.TimelineComponent:SetLooping","manual","Engine","","","","","","unclassified","pending-native-form-source-join"
"23262d8c6bf7dbc38b72558893f9654f653ea20c9c7675233c7a7ba4f6baf689","af227d35a24db9f5ce01b0ebcf9f55bd104b5cf86322c7403be4d525e4a5041b","","method","void SetActorTickInterval(float32 TickInterval)","SetActorTickInterval","","void","1","float32","False","False","False","available","/Script/Engine.Actor:SetActorTickInterval","manual","Engine","","","","","","unclassified","pending-native-form-source-join"
"232ae696fc5e0e1757004893b923c15b7c83aa2ab38841f4e85135d76af5c370","98291aca18f7071f5cff18a02f8b9a2f0b9f68f9e7ec11827ee6c8465fdf4232","","method","FVector[] GetPositionalKeys() const","GetPositionalKeys","","FVector[]","0","","False","False","False","available","/Script/Engine.RawAnimSequenceTrackExtensions:GetPositionalKeys","manual","Engine","","","","","","unclassified","pending-native-form-source-join"
"2341e421fc3722cdd427abf87bcbfea5a6dc89e5e3eb5a0f1c3f6cbb26fd56c8","e54395c8e8514953dfbf3fbeabf065860f6a71585f8f76b50ad0927920f7fcb1","","method","UTexture GetTexture() const","GetTexture","","UTexture","0","","False","False","False","available","/Script/Engine.StereoLayerComponent:GetTexture","manual","Engine","","","","","","unclassified","pending-native-form-source-join"
"2349cafd1a2efa76c0f75a16a7f287a29c374d0c9b7b5cb107e8f3d2340a54c6","3e2f4ef72c4255d57829091814d381cfdd629142546cb02ebc82d51725ea015c","","method","FDateTime GetCurrentDateTime() const","GetCurrentDateTime","","FDateTime","0","","False","False","False","available","/Script/NamingTokens.NamingTokens:GetCurrentDateTime","manual","NamingTokens","NamingTokens","","","","","unclassified","pending-native-form-source-join"
"234b6b0b9ff010720da29110981cca91a0505e472677fdc1c0d850e0be24dbb7","","UGameplayStatics","global-function","UAudioComponent SpawnDialogue2D(const UObject WorldContextObject, UDialogueWave Dialogue, const FDialogueContext&inout Context, float32 VolumeMultiplier = 1.000000, float32 PitchMultiplier = 1.000000, float32 StartTime = 0.000000, bool bAutoDestroy = true)","SpawnDialogue2D","","UAudioComponent","7","const UObject;UDialogueWave;FDialogueContext;float32;float32;float32;bool","True","True","True","available","/Script/Engine.GameplayStatics:SpawnDialogue2D","manual","Engine","","","","","","unclassified","pending-native-form-source-join"
"237b5d71ecdc42e3a01994df86ef9cca346248e9631fb3b8e27219bfb0f2694c","f74721f09f90f9d2fd42080348abfd0142a697aa03ba592fe9231fcbb0d9ed69","","method","void GenerateGerstnerWaves(FGerstnerWave[]&inout OutWaves) const","GenerateGerstnerWaves","","void","1","FGerstnerWave[]","False","True","False","available","/Script/Water.GerstnerWaterWaveGeneratorBase:GenerateGerstnerWaves","manual","Water","Water","","","","","unclassified","pending-native-form-source-join"
"23bb90aef7fc82f6a693e573b5aae7b815ad6225f237f292fa8a206d1c231214","","FTransform","global-function","FTransform MakeFromXY(const FVector&inout XAxis, const FVector&inout YAxis)","MakeFromXY","","FTransform","2","FVector;FVector","False","True","False","available","/Script/AngelscriptRuntime.AngelscriptFTransformLibrary:MakeFromXY","manual","AngelscriptRuntime","Angelscript","","","","","unclassified","pending-native-form-source-join"
"23bfeb0300797ba6745a4f2dfb51a735ae11f7072e3855ff36dbea2519d05598","2ac177360e3efac0e8a29bc70733e99c02937f18aeb5f334fa0254580f25d642","","method","UAssetUserData GetAssetUserDataOfClass(TSubclassOf<UAssetUserData> InUserDataClass)","GetAssetUserDataOfClass","","UAssetUserData","1","TSubclassOf<UAssetUserData>","False","False","False","available","/Script/Engine.Interface_AssetUserData:GetAssetUserDataOfClass","manual","Engine","","","","","","unclassified","pending-native-form-source-join"
"240392a109d0e8b251b8c188d8ebb2de6640c670d2fda2d0a6b6e48cc73af93e","c20244b47ee8508006d90b0eb2fff6802cbb4dfa9fab6cc140fbcd05be77de57","","method","void Tick(AActor OwnerActor, float32 DeltaSeconds)","Tick","","void","2","AActor;float32","False","False","True","available","/Script/AIModule.BTDecorator_BlueprintBase:ReceiveTick","manual","AIModule","","","","","","unclassified","pending-native-form-source-join"
"2416bcf57896765d9bfa6e310b71de9a9ee1164f2d8fa5b419cfb7d257203524","39cb973d05d8085ad37bb26adc1a74cb06aa0c10800b6ec5fec40eacc3bcff1e","","method","EMovieSceneConditionCheckFrequency GetCheckFrequency() const","GetCheckFrequency","","EMovieSceneConditionCheckFrequency","0","","False","False","False","available","/Script/MovieScene.MovieSceneCondition:BP_GetCheckFrequency","manual","MovieScene","","","","","","unclassified","pending-native-form-source-join"
"2439ba93e6adc75eb473ee3a28eef888fc5f2b22aefdc0bf893e9a2931786644","","USubsystemLibrary","global-function","UObject GetGameInstanceSubsystem(UClass Class)","GetGameInstanceSubsystem","","UObject","1","UClass","False","False","True","available","/Script/AngelscriptRuntime.SubsystemLibrary:GetGameInstanceSubsystem","manual","AngelscriptRuntime","Angelscript","","","","","unclassified","pending-native-form-source-join"
"247cbb3e773ef536b00ccfa46c8a264d6e0fc79494dedc1ad9a40a96fd9cf934","c20244b47ee8508006d90b0eb2fff6802cbb4dfa9fab6cc140fbcd05be77de57","","method","bool PerformConditionCheck(AActor OwnerActor)","PerformConditionCheck","","bool","1","AActor","False","False","True","available","/Script/AIModule.BTDecorator_BlueprintBase:PerformConditionCheck","manual","AIModule","","","","","","unclassified","pending-native-form-source-join"
"249abe64026413f2d43db5ec7386c3a243c611c4abfa8c7faff2d23054e942eb","eb9db4974c2c84b3de7248f0dcc19ddbe9fe5a895134ac9ee72db3e7aec44cbf","","method","FCurveKeyHandle AddCurveKey(float32 InTime, float32 InValue)","AddCurveKey","","FCurveKeyHandle","2","float32;float32","False","False","False","available","/Script/AngelscriptRuntime.RuntimeFloatCurveMixinLibrary:AddCurveKey","manual","AngelscriptRuntime","Angelscript","","","","","unclassified","pending-native-form-source-join"
"24cb8e20f2e8d635ddf7928e5cab75aba143dd8a8107c14a1dc1e6fa5c7caeb9","a086339b14da8662bbe6ee307a3aea170c150fc45d2a04313fac8dda35f92fdd","","method","void RPC_OnFinishPlaybackEvent(FFrameTime StoppedTime, int NewSerialNumber)","RPC_OnFinishPlaybackEvent","","void","2","FFrameTime;int","False","False","False","available","/Script/MovieScene.MovieSceneSequencePlayer:RPC_OnFinishPlaybackEvent","manual","MovieScene","","","","","","unclassified","pending-native-form-source-join"
"24d2b7b9711fae5fa798f3d465d7842fc2e58331ae8951b3ed870e9f998e7ee2","b0697b21743308261702f67329e44db0bc229dd72304c0d0f5c43e2adcf62eaf","","method","void SetMouseSensitivity(float32 Sensitivity)","SetMouseSensitivity","","void","1","float32","False","False","False","available","/Script/AngelscriptRuntime.PlayerInputScriptMixinLibrary:SetMouseSensitivity","manual","AngelscriptRuntime","Angelscript","","","","","unclassified","pending-native-form-source-join"
"24f336c25ca1987a2e7ca57ebe1396dfed697a2fa4de723dc89807187440a575","93cb40407e6142bb73d2390bec05959d899ccd6f736f65d07f20a60120aee144","","method","bool IsVelocityUnderSimulationThreshold() const","IsVelocityUnderSimulationThreshold","","bool","0","","False","False","False","available","/Script/Engine.ProjectileMovementComponent:IsVelocityUnderSimulationThreshold","manual","Engine","","","","","","unclassified","pending-native-form-source-join"
"250f5f08abb22e0e7e4ebbad178ee21970593948a6a6f07bb6652c6e1544f9a9","66e8fa3eb6d39fd7ac2555adb43e2e561982b10b1716182fefc8953400ac14b8","","method","bool CopySelectedElementsToString(UTypedElementSelectionSet SelectionSet, FString&inout OutputString)","CopySelectedElementsToString","","bool","2","UTypedElementSelectionSet;FString","False","True","True","available","/Script/Engine.TypedElementCommonActions:CopySelectedElementsToString","manual","Engine","","","","","","unclassified","pending-native-form-source-join"
"251d4780615349fa2a81328a4dda3e0b894d900e6e815430dabaf2f8ba466ae9","af227d35a24db9f5ce01b0ebcf9f55bd104b5cf86322c7403be4d525e4a5041b","","method","void OnBecomeViewTarget(APlayerController PC)","OnBecomeViewTarget","","void","1","APlayerController","False","False","True","available","/Script/Engine.Actor:K2_OnBecomeViewTarget","manual","Engine","","","","","","unclassified","pending-native-form-source-join"
"2538da44343297890855e9b37496b00c89901049f318998d8f0ab2672e8f67f7","48c1111f70539cbd6d1285d6bc2c25f4629fe1bf1442d7fdc4750982eff660e1","","method","void ReverseFromEnd()","ReverseFromEnd","","void","0","","False","False","False","available","/Script/Engine.TimelineComponent:ReverseFromEnd","manual","Engine","","","","","","unclassified","pending-native-form-source-join"
"255145b7a384afc7e3c3bcfffe3356cfdac5b1a8e2616086c46517a841963691","37d3caf17e79de34aeba05029e3a80e50c00667f251ab624d817b1e42deabe06","","method","bool IsMovingOnGround() const","IsMovingOnGround","","bool","0","","False","False","False","available","/Script/Engine.NavMovementInterface:IsMovingOnGround","manual","Engine","","","","","","unclassified","pending-native-form-source-join"
"256301aa6e1c4cd217b74bc4a1b9ffdb94b9451e986757c90590ead58c5a094e","e397244109f21450e3f5cd68040f81224f3537db603a046823e9a44f19809c2e","","method","bool CanSelectElement(const FScriptTypedElementHandle&inout InElementHandle, const FTypedElementSelectionOptions&inout InSelectionOptions)","CanSelectElement","","bool","2","FScriptTypedElementHandle;FTypedElementSelectionOptions","False","True","False","available","/Script/TypedElementRuntime.TypedElementSelectionInterface:CanSelectElement","manual","TypedElementRuntime","","","","","","unclassified","pending-native-form-source-join"
"25d918f9c9e855b4b22ea2194c749e362e2156893f3a572f520091f726bf8ea9","a6aa67985a5e65d2276dd4d90be7ddbd8156210ef5aba5f40d929026aa763364","","method","void ScriptedExecutePipeline(UInterchangeBaseNodeContainer BaseNodeContainer, const UInterchangeSourceData[]&inout SourceDatas, FString ContentBasePath)","ScriptedExecutePipeline","","void","3","UInterchangeBaseNodeContainer;UInterchangeSourceData[];FString","False","True","True","available","/Script/InterchangeCore.InterchangePipelineBase:ScriptedExecutePipeline","manual","InterchangeCore","","","","","","unclassified","pending-native-form-source-join"
"25fab86a4f7ceffd8fc3cc740d4bd8923f2ce797ecb5d6d1963576a5c8ce157e","e38ef7ea0f66c8623c024d02acd9c7cb508adde716218283bd4a3eb213c78049","","method","void Update(float32 DeltaTime)","Update","","void","1","float32","False","False","False","available","/Script/Engine.AnimatedSparseVolumeTextureController:Update","manual","Engine","","","","","","unclassified","pending-native-form-source-join"
"263bee0bc008cc12f6b720623493b7d8c21d56e0e29036e499d35e813a634ce3","109477db91baeeb1ee4f14bd636c28565424c1d041dd46338be68fe4417d6dfd","","method","void SetMaximumGustAmount(float32 InNewMaxGust)","SetMaximumGustAmount","","void","1","float32","False","False","False","available","/Script/Engine.WindDirectionalSourceComponent:SetMaximumGustAmount","manual","Engine","","","","","","unclassified","pending-native-form-source-join"
"26713375b1c08e9dd0aa25f4a4f3414096776aa38edcd28b817d45a07e46317b","","UGameplayStatics","global-function","USaveGame LoadGameFromSlot(FString SlotName, int UserIndex)","LoadGameFromSlot","","USaveGame","2","FString;int","False","False","False","available","/Script/Engine.GameplayStatics:LoadGameFromSlot","manual","Engine","","","","","","unclassified","pending-native-form-source-join"
"269d06e446de7a041a5d4b89a0588a8cac42cc1088f5f07895dc64d40656ca2c","6635e66d151ec49f6b338925ba52f6e2fe281f21d55bb59d19a28771729a2812","","method","void DoItemGeneration(const FVector[]&inout ContextLocations) const","DoItemGeneration","","void","1","FVector[]","False","True","False","available","/Script/AIModule.EnvQueryGenerator_BlueprintBase:DoItemGeneration","manual","AIModule","","","","","","unclassified","pending-native-form-source-join"
"269e42884e6c89ed0f70ffef9b35ff83369c3a3045fdacc89bf2d9519dbca10f","48c1111f70539cbd6d1285d6bc2c25f4629fe1bf1442d7fdc4750982eff660e1","","method","bool IsLooping() const","IsLooping","","bool","0","","False","False","False","available","/Script/Engine.TimelineComponent:IsLooping","manual","Engine","","","","","","unclassified","pending-native-form-source-join"
"26a177f611e46777a49375f501ac174a97192b9a9a7c4f7dfb44232b129bc6b6","7bdc779a0fee927b856a6c6bc30ff77dc2c598184d40bc40787b8392b97759e2","","method","void CallOrRegister_OnCompletedInitialScan(UObject Object, const FName&inout FunctionName)","CallOrRegister_OnCompletedInitialScan","","void","2","UObject;FName","False","True","True","available","/Script/AngelscriptRuntime.AssetManagerMixinLibrary:CallOrRegister_OnCompletedInitialScan","manual","AngelscriptRuntime","Angelscript","","","","","unclassified","pending-native-form-source-join"
"26b0d2cc020bccb15e618eadac4174dc216646da3736de0c6671ec3680c9c66c","","UGameplayStatics","global-function","float GetUnpausedTimeSeconds(const UObject WorldContextObject = __WorldContext ( ))","GetUnpausedTimeSeconds","","float","1","const UObject","True","False","True","available","/Script/Engine.GameplayStatics:GetUnpausedTimeSeconds","manual","Engine","","","","","","unclassified","pending-native-form-source-join"
"26c3e659bb291a73d9739255435b9e047e953855030edd55f330effd0c4157b5","007407070d537aea378c9ee140af80e502832e07a1e35b08b48a3eaeb55bdc4a","","method","void ServerReceiveDeltaSourceStateFrame(uint Index, int Frame)","ServerReceiveDeltaSourceStateFrame","","void","2","uint;int","False","False","False","available","/Script/Engine.NetworkPhysicsComponent:ServerReceiveDeltaSourceStateFrame","manual","Engine","","","","","","unclassified","pending-native-form-source-join"
"26d578a358c618f333db928e816f052cf15baab976768b7e89985cddb22bd030","","PrimitiveComponentUtilities","global-function","void SetOnlyVisibleToOwner(AActor Actor, bool bNewOnlyOwnerSee, bool bRecursivelyIncludeAttachedActors)","SetOnlyVisibleToOwner","","void","3","AActor;bool;bool","False","False","True","available","/Script/Engine.PrimitiveComponentUtilities:SetOnlyVisibleToOwner","manual","Engine","","","","","","unclassified","pending-native-form-source-join"
"26e60747a14a673e973e0740be3abbbd5eaf49cfb687fa3e7b4d9a2fc1187ee4","5351c4ffe82bbb28d1a84ba46be8b8b08876e3a366f59925a2568dc5b35e1c9c","","method","void OnSwapPlayerControllers(APlayerController OldPC, APlayerController NewPC)","OnSwapPlayerControllers","","void","2","APlayerController;APlayerController","False","False","True","available","/Script/Engine.GameModeBase:K2_OnSwapPlayerControllers","manual","Engine","","","","","","unclassified","pending-native-form-source-join"
"26ff2652cf2c9d5da2553f13c43059073f4dcabcd0b2eb32be5c0fd89653c458","37bcc56137e6a420e62cf2e07774f8ab1bda170a82945a2ae8428f275ae4117a","","method","FVector GetSafeNormal2D(const FVector&inout UpDirection, float Tolerance, const FVector&inout ResultIfZero) const","GetSafeNormal2D","","FVector","3","FVector;float;FVector","False","True","False","available","/Script/AngelscriptRuntime.AngelscriptFVectorMixinLibrary:GetSafeNormal2D","manual","AngelscriptRuntime","Angelscript","","","","","unclassified","pending-native-form-source-join"
"273d73364e713b1f757a7aeee64bce9a31700ec8af24145300976bf00d5c45a7","fa24378319ef169d1149805ded22c404f691f2ea8b34352ec52aeaff336adb02","","method","float32 GetResolutionScaleNormalized() const","GetResolutionScaleNormalized","","float32","0","","False","False","False","available","/Script/Engine.GameUserSettings:GetResolutionScaleNormalized","manual","Engine","","","","","","unclassified","pending-native-form-source-join"
"27529a0b59f5c5363d50b0fa3215fed438a9c383b3b84b65aa9dbb50ff302d63","","UBlueprintSpringMathLibrary","global-function","float32 SpringInertializeApplyToFloat(float32 InValue, float32 InValueOffset, float32 InVelocityOffset, float32 TimeSinceTransition, float32 SmoothingTime = 0.200000)","SpringInertializeApplyToFloat","","float32","5","float32;float32;float32;float32;float32","True","False","False","available","/Script/Engine.BlueprintSpringMathLibrary:SpringInertializeApplyToFloat","manual","Engine","","","","","","unclassified","pending-native-form-source-join"
"27637821e2e04dd42d4035ff152e346334f42781e92924005a8175a1175b4836","66e8fa3eb6d39fd7ac2555adb43e2e561982b10b1716182fefc8953400ac14b8","","method","bool CopySelectedElements(UTypedElementSelectionSet SelectionSet)","CopySelectedElements","","bool","1","UTypedElementSelectionSet","False","False","True","available","/Script/Engine.TypedElementCommonActions:CopySelectedElements","manual","Engine","","","","","","unclassified","pending-native-form-source-join"
"276cc0a6858067c8ecddf5b7cf61a2a6170bd43a5024eee0675c5c847cf0f0d4","a048e09fab5b35c796657bb67d416dd5c79c96ad1914c69990329d6bc1e2dc7a","","method","void ClientTravelInternal(FString URL, ETravelType TravelType, bool bSeamless, FGuid MapPackageGuid)","ClientTravelInternal","","void","4","FString;ETravelType;bool;FGuid","False","False","False","available","/Script/Engine.PlayerController:ClientTravelInternal","manual","Engine","","","","","","unclassified","pending-native-form-source-join"
"278db47d4690f6ebc732753a381d3f58b2a9dc23eeb539e6ed9398ceb91db635","a048e09fab5b35c796657bb67d416dd5c79c96ad1914c69990329d6bc1e2dc7a","","method","void PushInputComponent(UInputComponent Component)","PushInputComponent","","void","1","UInputComponent","False","False","True","available","/Script/AngelscriptRuntime.PlayerControllerInputScriptMixinLibrary:PushInputComponent","manual","AngelscriptRuntime","Angelscript","","","","","unclassified","pending-native-form-source-join"
"279f6fce034fb4fa1bc6c3e11a7b796b756f826c231e629de639f7d7725a71c5","061c90b40526e6537347bd4f5817dbd2e124e0a07d2267c5a3ab507b0c2662ae","","method","void ServerMoveNoBase(float32 TimeStamp, FVector InAccel, FVector ClientLoc, uint8 CompressedMoveFlags, uint8 ClientRoll, uint View, uint8 ClientMovementMode)","ServerMoveNoBase","","void","7","float32;FVector;FVector;uint8;uint8;uint;uint8","False","False","False","available","/Script/Engine.Character:ServerMoveNoBase","manual","Engine","","","","","","unclassified","pending-native-form-source-join"
"27d519dcf7fa8c7961c41d4fbd5f0f0f62b9ce1024e9b37ed065ce88ffcc5ea6","fa24378319ef169d1149805ded22c404f691f2ea8b34352ec52aeaff336adb02","","method","int GetLastConfirmedDisplayIndex() const","GetLastConfirmedDisplayIndex","","int","0","","False","False","False","available","/Script/Engine.GameUserSettings:GetLastConfirmedDisplayIndex","manual","Engine","","","","","","unclassified","pending-native-form-source-join"
"27d80363c1cb5b33bac00d99fef67062de25ddf0697163344d9bbf70574f71f8","93cb40407e6142bb73d2390bec05959d899ccd6f736f65d07f20a60120aee144","","method","void MoveInterpolationTarget(const FVector&inout NewLocation, const FRotator&inout NewRotation)","MoveInterpolationTarget","","void","2","FVector;FRotator","False","True","False","available","/Script/Engine.ProjectileMovementComponent:MoveInterpolationTarget","manual","Engine","","","","","","unclassified","pending-native-form-source-join"
"27e8e7ddb956fc0517a61a749bc498f13cc9ccd8f0008c24b59bd1ea83a5ad05","af227d35a24db9f5ce01b0ebcf9f55bd104b5cf86322c7403be4d525e4a5041b","","method","void EndPlay(EEndPlayReason EndPlayReason)","EndPlay","","void","1","EEndPlayReason","False","False","False","available","/Script/Engine.Actor:ReceiveEndPlay","manual","Engine","","","","","","unclassified","pending-native-form-source-join"
"281f375a5b1b4822afe0f9ff565f3e9bbb8bbf7e969d320b0b7aa56efed86735","","UConstraintInstanceBlueprintLibrary","global-function","void GetAngularBreakable(FConstraintInstanceAccessor&inout Accessor, bool&inout bAngularBreakable, float32&inout AngularBreakThreshold)","GetAngularBreakable","","void","3","FConstraintInstanceAccessor;bool;float32","False","True","False","available","/Script/Engine.ConstraintInstanceBlueprintLibrary:GetAngularBreakable","manual","Engine","","","","","","unclassified","pending-native-form-source-join"
"281f91e641beb43b81aeea958e36edf98656e01bfdf10f435f47a3f7cb5c24c3","a048e09fab5b35c796657bb67d416dd5c79c96ad1914c69990329d6bc1e2dc7a","","method","void ClientAckTimeDilation(float32 TimeDilation, int ServerStep)","ClientAckTimeDilation","","void","2","float32;int","False","False","False","available","/Script/Engine.PlayerController:ClientAckTimeDilation","manual","Engine","","","","","","unclassified","pending-native-form-source-join"
"282ac2e20bdeb841b3aaf8ea67bb6e62e074d12d5eb2fa57945dd54c9a115654","fa24378319ef169d1149805ded22c404f691f2ea8b34352ec52aeaff336adb02","","method","int GetGlobalIlluminationQuality() const","GetGlobalIlluminationQuality","","int","0","","False","False","False","available","/Script/Engine.GameUserSettings:GetGlobalIlluminationQuality","manual","Engine","","","","","","unclassified","pending-native-form-source-join"
"28493082e502cbc66e976efce692e5a71010ee811345bcbda7ee41715adbe74e","48c1111f70539cbd6d1285d6bc2c25f4629fe1bf1442d7fdc4750982eff660e1","","method","void SetTimelineLength(float32 NewLength)","SetTimelineLength","","void","1","float32","False","False","False","available","/Script/Engine.TimelineComponent:SetTimelineLength","manual","Engine","","","","","","unclassified","pending-native-form-source-join"
"287ed3095b39488188611e0d86a449ba140751ceb59ff2f993daf8b0d6a52b8a","","UBlueprintSpringMathLibrary","global-function","float32 SpringCharacterSmoothingTimeFromMaximumAcceleration(float32 InitialVelocity, float32 TargetVelocity, float32 MaximumAcceleration)","SpringCharacterSmoothingTimeFromMaximumAcceleration","","float32","3","float32;float32;float32","False","False","False","available","/Script/Engine.BlueprintSpringMathLibrary:SpringCharacterSmoothingTimeFromMaximumAcceleration","manual","Engine","","","","","","unclassified","pending-native-form-source-join"
"28eb76dda749401f37ad92768d8a1092ce4398678fdd87ded0b20d6e75832f96","","UGameplayStatics","global-function","FIntVector GetWorldOriginLocation(const UObject WorldContextObject = __WorldContext ( ))","GetWorldOriginLocation","","FIntVector","1","const UObject","True","False","True","available","/Script/Engine.GameplayStatics:GetWorldOriginLocation","manual","Engine","","","","","","unclassified","pending-native-form-source-join"
"28fb8967f2feef5ccb14cdf23e165c071b1f915dd306b927bed48e9a222fc88d","48c1111f70539cbd6d1285d6bc2c25f4629fe1bf1442d7fdc4750982eff660e1","","method","void SetPlaybackPosition(float32 NewPosition, bool bFireEvents, bool bFireUpdate = true)","SetPlaybackPosition","","void","3","float32;bool;bool","True","False","False","available","/Script/Engine.TimelineComponent:SetPlaybackPosition","manual","Engine","","","","","","unclassified","pending-native-form-source-join"
"29174f33703bfcb6c9b4020745fe60aab7b3b57cb0fcb83c493b5bf40223f8df","","UBlueprintSpringMathLibrary","global-function","FQuat CubicInertializeApplyToQuat(FQuat InRotation, FQuat InRotationOffset, FVector InAngularVelocityOffset, float32 TimeSinceTransition, float32 BlendTime = 0.200000)","CubicInertializeApplyToQuat","","FQuat","5","FQuat;FQuat;FVector;float32;float32","True","False","False","available","/Script/Engine.BlueprintSpringMathLibrary:CubicInertializeApplyToQuat","manual","Engine","","","","","","unclassified","pending-native-form-source-join"
"291923635b6e119f43973574d1f3ce12894383e7e006d6c70ec79ecb7d2f617b","27ddad6fedf9b8f7de9094a8b871547cb583cd27bb8201d52384c0d6916b16c2","","method","void SetNewLine(bool InForceNewLine)","SetNewLine","","void","1","bool","False","False","False","available","/Script/UMG.WrapBoxSlot:SetNewLine","manual","UMG","","","","","","unclassified","pending-native-form-source-join"
"2923a87ba419586309ce8cbb1ebef7fddfc9d0d86eb47d8972b0eb160658895b","95c5bd2590e7410565721b207a1d17bc6be9388f92234c7eba4b0ba57a3a44b1","","method","bool SetCurveComment(const FAnimationCurveIdentifier&inout CurveId, FString Comment, bool bShouldTransact)","SetCurveComment","","bool","3","FAnimationCurveIdentifier;FString;bool","False","True","False","available","/Script/Engine.AnimationDataController:SetCurveComment","manual","Engine","","","","","","unclassified","pending-native-form-source-join"
"292d7e43a95e885ed0af23e1183a4e990efeb88a84a3afb3b5ae8c1ec4f5a88c","a048e09fab5b35c796657bb67d416dd5c79c96ad1914c69990329d6bc1e2dc7a","","method","void ClientUnmutePlayers(const FUniqueNetIdRepl[]&inout PlayerIds)","ClientUnmutePlayers","","void","1","FUniqueNetIdRepl[]","False","True","False","available","/Script/Engine.PlayerController:ClientUnmutePlayers","manual","Engine","","","","","","unclassified","pending-native-form-source-join"
"293430e58ffce2548010b6c0daf266cbc0b241b471b2186d5c62549f91c06c26","339a778a47b28d90a21f75037fa86472d09260ad9f9b63803ea7592f3e560150","","method","UObject[] ImportAssetsWithDialog(FString DestinationPath)","ImportAssetsWithDialog","","UObject[]","1","FString","False","False","False","available","/Script/AssetTools.AssetTools:ImportAssetsWithDialog","manual","AssetTools","","","","","","unclassified","pending-native-form-source-join"
"296fba16b802f061e6ad6d175e7127a3132c06f0c6c7f64dbd5d2dc7f28a54c7","0f57e00920afd6a1a9a1258c938a2ce2620b2cd11c885c6355f0447d3358f499","","method","bool GetbBlockingHit() const","GetbBlockingHit","","bool","0","","False","False","False","available","/Script/AngelscriptRuntime.AngelscriptHitResultLibrary:GetbBlockingHit","manual","AngelscriptRuntime","Angelscript","","","","","unclassified","pending-native-form-source-join"
"297140f0540c426187ae8917600aec15f8f67f19f6e309376a180e32e2f5649f","abf73796a44b7720aec99f689293c11d1394f589f456deaff3243a9c6776dfac","","method","FString GetActiveKeyProfileId() const","GetActiveKeyProfileId","","FString","0","","False","False","False","available","/Script/EnhancedInput.EnhancedInputUserSettings:GetActiveKeyProfileId","manual","EnhancedInput","EnhancedInput","","","","","unclassified","pending-native-form-source-join"
"29a14ad57cda73d351c004d6b6a9f686c7030933cdcd7cf6b02ace894419d043","e72266ef590b39a0d7c9a04061e56492357f679277179b594761949892f5fdc9","","method","bool OnBurst(AActor MyTarget, const FGameplayCueParameters&inout Parameters)","OnBurst","","bool","2","AActor;FGameplayCueParameters","False","True","True","available","/Script/GameplayAbilities.GameplayCueNotify_Actor:OnActive","manual","GameplayAbilities","GameplayAbilities","","","","","unclassified","pending-native-form-source-join"
"29a7c7631f65e1800a66ba30dda1e10470a1938030aebdd6bfd68ae0a6eac6f7","","UBlueprintSpringMathLibrary","global-function","void CubicInertializeTransitionTransform(FTransform&inout InOutTransformOffset, FSpringTransformVelocity&inout InOutVelocityOffset, FTransform InSrcTransform, FSpringTransformVelocity InSrcVelocity, FTransform InDstTransform, FSpringTransformVelocity InDstVelocity, float32 TimeSinceTransition, float32 BlendTime = 0.200000)","CubicInertializeTransitionTransform","","void","8","FTransform;FSpringTransformVelocity;FTransform;FSpringTransformVelocity;FTransform;FSpringTransformVelocity;float32;float32","True","True","False","available","/Script/Engine.BlueprintSpringMathLibrary:CubicInertializeTransitionTransform","manual","Engine","","","","","","unclassified","pending-native-form-source-join"
"29bbae1e19c960e57d6a783df40c1bfcb17c3e115e87673ccd1a8fee113ce89f","","UGameplayStatics","global-function","float GetWorldDeltaSeconds(const UObject WorldContextObject = __WorldContext ( ))","GetWorldDeltaSeconds","","float","1","const UObject","True","False","True","available","/Script/Engine.GameplayStatics:GetWorldDeltaSeconds","manual","Engine","","","","","","unclassified","pending-native-form-source-join"
"29c0c4ee9dfd25fe663e89283338207b1e7df4cd224644249a0c71180c5e3fd2","","UBlueprintSpringMathLibrary","global-function","void VelocitySpringCharacterUpdate(FVector&inout InOutPosition, FVector&inout InOutVelocity, FVector&inout InOutVelocityIntermediate, FVector&inout InOutAcceleration, const FVector&inout TargetVelocity, float32 DeltaTime, float32 SmoothingTime = 0.200000, float32 MaxAcceleration = 1.000000)","VelocitySpringCharacterUpdate","","void","8","FVector;FVector;FVector;FVector;FVector;float32;float32;float32","True","True","False","available","/Script/Engine.BlueprintSpringMathLibrary:VelocitySpringCharacterUpdate","manual","Engine","","","","","","unclassified","pending-native-form-source-join"
"29dbb5c0983070547c619c022e7176a0cada12c1a80037218f790efe9fb804c8","5c073f49a3528fc3f95ff1d0ef7861db827a4fd5e78b89a6b16fea4c72ff59a0","","method","void SetupCharacterInput(UInputComponent PlayerInputComponent)","SetupCharacterInput","","void","1","UInputComponent","False","False","True","available","/Script/AngelscriptGAS.AngelscriptGASCharacter:SetupCharacterInput","manual","AngelscriptGAS","AngelscriptGAS","","","","","unclassified","pending-native-form-source-join"
"29e07f4941d551c5d11aa7fb80ed0c434b9b13732b876e867989c5736e15bd3e","11dabff3ebe856ce7caa89795572004898ad948fcfcf0ccffb022dd91ce01ec4","","method","void SetTargetLocation(FVector NewLocation)","SetTargetLocation","","void","1","FVector","False","False","False","available","/Script/Engine.PhysicsHandleComponent:SetTargetLocation","manual","Engine","","","","","","unclassified","pending-native-form-source-join"
"29ed7f4689d1b20966bfeaa0d1b962950513f38769f382929ecfd5db111eb3c9","82b49778050438b5a27d8b1df094f6d3b772d4216282a4dc80a142446a746688","","method","void HitBoxClick(FName BoxName)","HitBoxClick","","void","1","FName","False","False","False","available","/Script/Engine.HUD:ReceiveHitBoxClick","manual","Engine","","","","","","unclassified","pending-native-form-source-join"
"29fd65cc4cdaa3a72228e7b25868a5a3a96d633cae56d67e180b8967a698dfb2","","Script","global-function","FString GetModuleNameOfGlobalVariableBeingInitialized()","GetModuleNameOfGlobalVariableBeingInitialized","","FString","0","","False","False","False","available","/Script/AngelscriptRuntime.AngelscriptScriptLibrary:GetModuleNameOfGlobalVariableBeingInitialized","manual","AngelscriptRuntime","Angelscript","","","","","unclassified","pending-native-form-source-join"
"2a12bb24277b9cbfa3e5241f6f7ac0a747f90cc682d35fcfbca3254b9d4ebb4c","061c90b40526e6537347bd4f5817dbd2e124e0a07d2267c5a3ab507b0c2662ae","","method","void OnEndCrouch(float32 HalfHeightAdjust, float32 ScaledHalfHeightAdjust)","OnEndCrouch","","void","2","float32;float32","False","False","False","available","/Script/Engine.Character:K2_OnEndCrouch","manual","Engine","","","","","","unclassified","pending-native-form-source-join"
"2a291395b8e318082b96a91980441638beca85dc0814cf9235bbad04048d95c7","21d382cd7255d52cbb20566516d6b3ceb07797f145c23c7f2383421ca5d88295","","method","bool OnDragOver(FGeometry MyGeometry, FPointerEvent PointerEvent, UDragDropOperation Operation)","OnDragOver","","bool","3","FGeometry;FPointerEvent;UDragDropOperation","False","False","True","available","/Script/UMG.UserWidget:OnDragOver","manual","UMG","","","","","","unclassified","pending-native-form-source-join"
"2a35f7c9031551e0cd5e3438feafcf06d696cb46b63bdf2abda3e595ca4dae57","e54395c8e8514953dfbf3fbeabf065860f6a71585f8f76b50ad0927920f7fcb1","","method","void SetEquirectProps(FEquirectProps InEquirectProps)","SetEquirectProps","","void","1","FEquirectProps","False","False","False","deprecated","/Script/Engine.StereoLayerComponent:SetEquirectProps","manual","Engine","","","","","","unclassified","pending-native-form-source-join"
"2a4d12783159fa013de8c19115d7d2beb52cba3e1da99f002f276a7422f4ba62","","FTransform","global-function","FTransform MakeFromZY(const FVector&inout ZAxis, const FVector&inout YAxis)","MakeFromZY","","FTransform","2","FVector;FVector","False","True","False","available","/Script/AngelscriptRuntime.AngelscriptFTransformLibrary:MakeFromZY","manual","AngelscriptRuntime","Angelscript","","","","","unclassified","pending-native-form-source-join"
"2a72583f36285afaaf815ed125e8c776b65d7403cae7760b2aac68a9f51c2927","af227d35a24db9f5ce01b0ebcf9f55bd104b5cf86322c7403be4d525e4a5041b","","method","FVector GetActorLocation() const","GetActorLocation","","FVector","0","","False","False","False","available","/Script/Engine.Actor:K2_GetActorLocation","manual","Engine","","","","","","unclassified","pending-native-form-source-join"
"2a79a0a98a6547a85075903b4340b122896d6c6d2a0eb462bc60ad24fbaf29a4","2ac177360e3efac0e8a29bc70733e99c02937f18aeb5f334fa0254580f25d642","","method","bool HasAssetUserDataOfClass(TSubclassOf<UAssetUserData> InUserDataClass)","HasAssetUserDataOfClass","","bool","1","TSubclassOf<UAssetUserData>","False","False","False","available","/Script/Engine.Interface_AssetUserData:HasAssetUserDataOfClass","manual","Engine","","","","","","unclassified","pending-native-form-source-join"
"2aaaee3997f9a2fb7e26e741b4042734565cba948d91befa32331188ce0a3976","","FQuat","global-function","FQuat ApplyRelative(const FQuat&inout ParentWorldRotation, const FQuat&inout ChildRelativeRotation)","ApplyRelative","","FQuat","2","FQuat;FQuat","False","True","False","available","/Script/AngelscriptRuntime.AngelscriptFQuatStaticLibrary:ApplyRelative","manual","AngelscriptRuntime","Angelscript","","","","","unclassified","pending-native-form-source-join"
"2ab7cf5c9e1ef3b7f4c286dcead91b8a5ddc70761205900de1731a2341a8e8d0","eb9db4974c2c84b3de7248f0dcc19ddbe9fe5a895134ac9ee72db3e7aec44cbf","","method","FCurveKeyHandle AddConstantCurveKey(float32 InTime, float32 InValue)","AddConstantCurveKey","","FCurveKeyHandle","2","float32;float32","False","False","False","available","/Script/AngelscriptRuntime.RuntimeFloatCurveMixinLibrary:AddConstantCurveKey","manual","AngelscriptRuntime","Angelscript","","","","","unclassified","pending-native-form-source-join"
"2ab885c9a39f8540fb4319f1877a3edee242798555dbfc9dadf1041a37d7e5b9","","UConstraintInstanceBlueprintLibrary","global-function","void SetAngularLimits(FConstraintInstanceAccessor&inout Accessor, EAngularConstraintMotion Swing1MotionType, float32 Swing1LimitAngle, EAngularConstraintMotion Swing2MotionType, float32 Swing2LimitAngle, EAngularConstraintMotion TwistMotionType, float32 TwistLimitAngle)","SetAngularLimits","","void","7","FConstraintInstanceAccessor;EAngularConstraintMotion;float32;EAngularConstraintMotion;float32;EAngularConstraintMotion;float32","False","True","False","available","/Script/Engine.ConstraintInstanceBlueprintLibrary:SetAngularLimits","manual","Engine","","","","","","unclassified","pending-native-form-source-join"
"2abfe47645aed69f96fa476f4a7c1e4189c5b9dadfcdf82ded993afb4713b471","ce03e8ad9e753f7ce0833b6dfcc8edbd7020df289398d04827f0cffed55f159e","","method","void ServerLatentCommandClientChecked()","ServerLatentCommandClientChecked","","void","0","","False","False","False","available","/Script/AngelscriptRuntime.LatentAutomationCommandClientExecutor:ServerLatentCommandClientChecked","manual","AngelscriptRuntime","Angelscript","","","","","unclassified","pending-native-form-source-join"
"2ac16d3fef4e124fe0a8cf637600895357ec0a665283fbc88ce6e8e94e3c4240","5351c4ffe82bbb28d1a84ba46be8b8b08876e3a366f59925a2568dc5b35e1c9c","","method","void OnPostLogin(APlayerController NewPlayer)","OnPostLogin","","void","1","APlayerController","False","False","True","available","/Script/Engine.GameModeBase:K2_PostLogin","manual","Engine","","","","","","unclassified","pending-native-form-source-join"
"2aeebf0b5aedde34e09033d98e6587c3bb3c9f58dd656f4fe0b966b707734bc7","","FQuat","global-function","FQuat MakeDeltaRotationFromAngularVelocity(const FVector&inout AngularVelocity, float32 DeltaTime)","MakeDeltaRotationFromAngularVelocity","","FQuat","2","FVector;float32","False","True","False","available","/Script/AngelscriptRuntime.AngelscriptFQuatStaticLibrary:MakeDeltaRotationFromAngularVelocity","manual","AngelscriptRuntime","Angelscript","","","","","unclassified","pending-native-form-source-join"
"2b8a8f05d32f030759b6622a1bd4460dda515a12c0b79e0d83fd5c6fbad4a5e8","","UGameplayStatics","global-function","FVector RebaseZeroOriginOntoLocal(UObject WorldContextObject, FVector WorldLocation)","RebaseZeroOriginOntoLocal","","FVector","2","UObject;FVector","False","False","True","available","/Script/Engine.GameplayStatics:RebaseZeroOriginOntoLocal","manual","Engine","","","","","","unclassified","pending-native-form-source-join"
"2b955e5dedf7bec71fa70480c21612ee821001d0a976cbbfdd473dbafac070fe","6c8eb79f6e5cc4f6eba87c30db73030d9249c2733f493092366cbc6cf7c41a69","","method","bool EqualEqual_InputDeviceId(FInputDeviceId B)","EqualEqual_InputDeviceId","","bool","1","FInputDeviceId","False","False","False","available","/Script/Engine.InputDeviceLibrary:EqualEqual_InputDeviceId","manual","Engine","","","","","","unclassified","pending-native-form-source-join"
"2bb5f3585975589aaed9072e53067fcad417823da206b0810e1335b722cd39ab","ce03e8ad9e753f7ce0833b6dfcc8edbd7020df289398d04827f0cffed55f159e","","method","void ServerAssertNull(const UObject Object, FString Message)","ServerAssertNull","","void","2","const UObject;FString","False","False","True","available","/Script/AngelscriptRuntime.LatentAutomationCommandClientExecutor:ServerAssertNull","manual","AngelscriptRuntime","Angelscript","","","","","unclassified","pending-native-form-source-join"
"2bb8bcddfcbcb990f6ea8af59f23a3bbe199db0068a5fa9469870a4f85d33b84","5351c4ffe82bbb28d1a84ba46be8b8b08876e3a366f59925a2568dc5b35e1c9c","","method","bool MustSpectate(APlayerController NewPlayerController) const","MustSpectate","","bool","1","APlayerController","False","False","True","available","/Script/Engine.GameModeBase:MustSpectate","manual","Engine","","","","","","unclassified","pending-native-form-source-join"
"2bcb64237357e12724658c41397d6c8e4f3eab3c1f62be670dfc52fd2867da0a","","UConstraintInstanceBlueprintLibrary","global-function","void GetAngularDriveMode(FConstraintInstanceAccessor&inout Accessor, EAngularDriveMode&inout OutDriveMode)","GetAngularDriveMode","","void","2","FConstraintInstanceAccessor;EAngularDriveMode","False","True","False","available","/Script/Engine.ConstraintInstanceBlueprintLibrary:GetAngularDriveMode","manual","Engine","","","","","","unclassified","pending-native-form-source-join"
"2be97d75b3b1e67f0a0c340cca6016df3dadaae911f26ae9ae948fc58648767e","7bdc779a0fee927b856a6c6bc30ff77dc2c598184d40bc40787b8392b97759e2","","method","FPrimaryAssetId GetPrimaryAssetIdForObject(UObject Object)","GetPrimaryAssetIdForObject","","FPrimaryAssetId","1","UObject","False","False","True","available","/Script/AngelscriptRuntime.AssetManagerMixinLibrary:GetPrimaryAssetIdForObject","manual","AngelscriptRuntime","Angelscript","","","","","unclassified","pending-native-form-source-join"
"2bf0b2bd51d11bdce36b2590ab1e34ecd5a7ebdabc8fbde2ade6b1cae2cc4330","fa24378319ef169d1149805ded22c404f691f2ea8b34352ec52aeaff336adb02","","method","void SetToDefaults()","SetToDefaults","","void","0","","False","False","False","available","/Script/Engine.GameUserSettings:SetToDefaults","manual","Engine","","","","","","unclassified","pending-native-form-source-join"
"2bf5c4c78f2826b560745d7f08823c1d6418d830faee1a2e65c7291e82971892","82b49778050438b5a27d8b1df094f6d3b772d4216282a4dc80a142446a746688","","method","APlayerController GetOwningPlayerController() const","GetOwningPlayerController","","APlayerController","0","","False","False","False","available","/Script/Engine.HUD:GetOwningPlayerController","manual","Engine","","","","","","unclassified","pending-native-form-source-join"
"2c1c1d4821b14c718430f7f685bd5827385690c86ec8070b91942a8ce57196af","","UBlueprintSpringMathLibrary","global-function","void CubicInertializeTransitionAngle(float32&inout InOutAngleOffset, float32&inout InOutAngularVelocityOffset, float32 InSrcAngle, float32 InSrcAngularVelocity, float32 InDstAngle, float32 InDstAngularVelocity, float32 TimeSinceTransition, float32 BlendTime = 0.200000)","CubicInertializeTransitionAngle","","void","8","float32;float32;float32;float32;float32;float32;float32;float32","True","True","False","available","/Script/Engine.BlueprintSpringMathLibrary:CubicInertializeTransitionAngle","manual","Engine","","","","","","unclassified","pending-native-form-source-join"
"2c79267fbe117b905032ebfe21d7c2735cc51c2e033a32b7c41c969ae5ae1cb3","42d4abe93ec578dc541b493b76a5a1f73aa8cf703a83df8d4ac456d74e3c9f2e","","method","bool NotEqual_PlatformUserId(FPlatformUserId B)","NotEqual_PlatformUserId","","bool","1","FPlatformUserId","False","False","False","available","/Script/Engine.InputDeviceLibrary:NotEqual_PlatformUserId","manual","Engine","","","","","","unclassified","pending-native-form-source-join"
"2cecbabcb2bca7bbb2a130c433742c8bdc5af0ab5a57a7c90129f6bddaaaa476","339a778a47b28d90a21f75037fa86472d09260ad9f9b63803ea7592f3e560150","","method","void BeginAdvancedCopyPackages(const FName[]&inout InputNamesToCopy, FString TargetPath, const FAdvancedCopyCompletedEvent&inout OnCopyComplete = FAdvancedCopyCompletedEvent ( )) const","BeginAdvancedCopyPackages","","void","3","FName[];FString;FAdvancedCopyCompletedEvent","True","True","False","available","/Script/AssetTools.AssetTools:BeginAdvancedCopyPackages","manual","AssetTools","","","","","","unclassified","pending-native-form-source-join"
"2d005e4d4e172fc4831bdb1e4ba4882cdf0216e6d83adfbba2550bd27af423da","22f0aa2ae5c2941e8436109af0ac0903f97ff5625a4d15fd4101e1bafde97065","","method","void AddInputVector(FVector WorldVector, bool bForce = false)","AddInputVector","","void","2","FVector;bool","True","False","False","available","/Script/Engine.PawnMovementComponent:AddInputVector","manual","Engine","","","","","","unclassified","pending-native-form-source-join"
"2d1bb3ae46c4e1c3848a5be5478a59393f5c0f8862624f8c0d87225fb4ac35b4","95c5bd2590e7410565721b207a1d17bc6be9388f92234c7eba4b0ba57a3a44b1","","method","void SetNumberOfFrames(FFrameNumber NewLengthInFrames, bool bShouldTransact)","SetNumberOfFrames","","void","2","FFrameNumber;bool","False","False","False","available","/Script/Engine.AnimationDataController:SetNumberOfFrames","manual","Engine","","","","","","unclassified","pending-native-form-source-join"
"2d37543732251df7eeb913c530aa49e4d45b4053c73f0bc9e0e5c8f346cec0aa","7bdc779a0fee927b856a6c6bc30ff77dc2c598184d40bc40787b8392b97759e2","","method","bool GetPrimaryAssetIdList(FPrimaryAssetType PrimaryAssetType, FPrimaryAssetId[]&inout PrimaryAssetIdList)","GetPrimaryAssetIdList","","bool","2","FPrimaryAssetType;FPrimaryAssetId[]","False","True","False","available","/Script/AngelscriptRuntime.AssetManagerMixinLibrary:GetPrimaryAssetIdList","manual","AngelscriptRuntime","Angelscript","","","","","unclassified","pending-native-form-source-join"
"2d422093f1d3325a437b392a0cbabc92254a0a70aaa291af41fbc476c49a4b5b","aafc390ad2b6c616d8283f777abbedbc3ae249211d1cba37623650a093bb90ea","","method","bool IsValid() const","IsValid","","bool","0","","False","False","False","available","/Script/NavigationSystem.NavigationPath:IsValid","manual","NavigationSystem","","","","","","unclassified","pending-native-form-source-join"
"2d51ec1225124b8379bea66e25a4048bad1fd95b9b86b058c58bae828a192de4","f60519035adef97968cb4c3e8887b3a6faa8b598236b3fbd765053f809c771a1","","method","bool IsValidIndex(int TrackIndex) const","IsValidIndex","","bool","1","int","False","False","False","available","/Script/Engine.AnimRuntimeTransformProviderData:IsValidIndex","manual","Engine","","","","","","unclassified","pending-native-form-source-join"
"2d552f8da637dc5ec6ad0cfd306d113e8b6c0d1294eaec362c6c1d76eaae05da","f0aca1eb8212b6ae105fbd2e8ce832acd1bbecadccf250fab8d979683cc5058a","","method","FFrameRate GetFrameRate() const","GetFrameRate","","FFrameRate","0","","False","False","False","available","/Script/Engine.AnimationDataModel:GetFrameRate","manual","Engine","","","","","","unclassified","pending-native-form-source-join"
"2d67dd4108ca7842bb8efd381fec401dff85a23864aeedd9371bfeb717d17f36","95c5bd2590e7410565721b207a1d17bc6be9388f92234c7eba4b0ba57a3a44b1","","method","bool SetCurveFlag(const FAnimationCurveIdentifier&inout CurveId, EAnimAssetCurveFlags Flag, bool bState, bool bShouldTransact)","SetCurveFlag","","bool","4","FAnimationCurveIdentifier;EAnimAssetCurveFlags;bool;bool","False","True","False","available","/Script/Engine.AnimationDataController:SetCurveFlag","manual","Engine","","","","","","unclassified","pending-native-form-source-join"
"2d8ad334fed66c1183130e336af540efc643908bffecfc67bac64dbd9030a0e4","d7793535bef26ccaecc3fb366c04600bde2d9947f851bb7d47a0a9879adfe788","","method","float AsSeconds() const","AsSeconds","","float","0","","False","False","False","available","/Script/AngelscriptRuntime.AngelscriptFrameTimeMixinLibrary:AsSeconds","manual","AngelscriptRuntime","Angelscript","","","","","unclassified","pending-native-form-source-join"
"2d919425364c74e10b14a0be784b8dd9c8aedb08f9a47ff2ad76e75d8c842f02","e54395c8e8514953dfbf3fbeabf065860f6a71585f8f76b50ad0927920f7fcb1","","method","FBox2D GetUVRect() const","GetUVRect","","FBox2D","0","","False","False","False","available","/Script/Engine.StereoLayerComponent:GetUVRect","manual","Engine","","","","","","unclassified","pending-native-form-source-join"
"2d9c70a67dd78066df95c6e7d52772b6794d6cd370638c196f358c0c4c77019d","","UGameUserSettings","global-function","FIntPoint GetDefaultResolution()","GetDefaultResolution","","FIntPoint","0","","False","False","False","available","/Script/Engine.GameUserSettings:GetDefaultResolution","manual","Engine","","","","","","unclassified","pending-native-form-source-join"
"2dc22f5025dcfa43001fef8e848ae19b08d94f22d152e80048a1425560c1c9e4","eb9db4974c2c84b3de7248f0dcc19ddbe9fe5a895134ac9ee72db3e7aec44cbf","","method","void SetPostInfinityExtrap(ERichCurveExtrapolation Extrapolation)","SetPostInfinityExtrap","","void","1","ERichCurveExtrapolation","False","False","False","available","/Script/AngelscriptRuntime.RuntimeFloatCurveMixinLibrary:SetPostInfinityExtrap","manual","AngelscriptRuntime","Angelscript","","","","","unclassified","pending-native-form-source-join"
"2dfd668e0010902b3ba6a0386c8a9ddf05aa80a54b7afdadcb3543d4affbde6a","1459aeee77456b259eec65d3c93c821e51379be0e872cc927e1d51c42442bb66","","method","float32 OnUpdate(const UAISenseEvent[]&inout EventsToProcess)","OnUpdate","","float32","1","UAISenseEvent[]","False","True","False","available","/Script/AIModule.AISense_Blueprint:OnUpdate","manual","AIModule","","","","","","unclassified","pending-native-form-source-join"
"2e762659c633bacf4811b8c97c5fa99dbbc871854b4bb3f0487d5d20f480158c","061c90b40526e6537347bd4f5817dbd2e124e0a07d2267c5a3ab507b0c2662ae","","method","void ClientAckGoodMove(float32 TimeStamp)","ClientAckGoodMove","","void","1","float32","False","False","False","available","/Script/Engine.Character:ClientAckGoodMove","manual","Engine","","","","","","unclassified","pending-native-form-source-join"
"2e82ae3362621e2cede61daaf0459bfa86d67128962c401b68c71270aa78b888","11dabff3ebe856ce7caa89795572004898ad948fcfcf0ccffb022dd91ce01ec4","","method","void SetLinearStiffness(float32 NewLinearStiffness)","SetLinearStiffness","","void","1","float32","False","False","False","available","/Script/Engine.PhysicsHandleComponent:SetLinearStiffness","manual","Engine","","","","","","unclassified","pending-native-form-source-join"
"2ea2f1d92eb12fd8b269727cf402cdd71c56d3a91190cf72f36207dcf7a2f693","ceb5d4189bc77a0c658b8b62f69ce2fb80e3d0b61ea5c12cc82f1a156fda9fd9","","method","bool ScriptRunAssetExportTask(UAssetExportTask Task)","ScriptRunAssetExportTask","","bool","1","UAssetExportTask","False","False","True","available","/Script/Engine.Exporter:ScriptRunAssetExportTask","manual","Engine","","","","","","unclassified","pending-native-form-source-join"
"2eaad43bb007deb4aa47d36792ad5ed583ff6eef001af50b1cd607569d77e579","fa24378319ef169d1149805ded22c404f691f2ea8b34352ec52aeaff336adb02","","method","EWindowMode GetFullscreenMode() const","GetFullscreenMode","","EWindowMode","0","","False","False","False","available","/Script/Engine.GameUserSettings:GetFullscreenMode","manual","Engine","","","","","","unclassified","pending-native-form-source-join"
"2eaf5897f51e665aac1f9b9cfbfb72e9fc693a3ffe89dd2cc2c4974e9a5fc5e9","3f53fcefd467a1b0f6f8e849a3aab4dae72b05622d56758e2cef0c803797e94a","","method","void ClientPing()","ClientPing","","void","0","","False","False","False","available","/Script/OnlineSubsystemUtils.TestBeaconClient:ClientPing","manual","OnlineSubsystemUtils","OnlineSubsystemUtils","","","","","unclassified","pending-native-form-source-join"
"2f05f179260a17d785a0cf0086d41cae4e32635d32d1d3171a9a8cdabe322350","7394d5fa67d40991e30a15aaa08d190dd56fd4d7dcbf0f6e895351f89c684fd4","","method","float32 Dist2D(const FVector3f&inout Other, const FVector3f&inout UpDirection) const","Dist2D","","float32","2","FVector3f;FVector3f","False","True","False","available","/Script/AngelscriptRuntime.AngelscriptFVector3fMixinLibrary:Dist2D","manual","AngelscriptRuntime","Angelscript","","","","","unclassified","pending-native-form-source-join"
"2f2b281bbc4bfee0df05e501551e214bad5bf0cd3b58898c4b79e3714bab4100","8408ed834089f0d30abf8476c0078c8637280efdb97766920767c790ba00fc66","","method","FEnhancedActionKeyMapping[] GetAllPlayerMappableActionKeyMappings() const","GetAllPlayerMappableActionKeyMappings","","FEnhancedActionKeyMapping[]","0","","False","False","False","available","/Script/EnhancedInput.EnhancedInputSubsystemInterface:GetAllPlayerMappableActionKeyMappings","manual","EnhancedInput","EnhancedInput","","","","","unclassified","pending-native-form-source-join"
"2f52a3e8b87ef7544b85915fe427489ac87a4987c040cf0ef9fb25be87045420","8408ed834089f0d30abf8476c0078c8637280efdb97766920767c790ba00fc66","","method","void RemoveTagFromInputMode(const FGameplayTag&inout TagToRemove, const FModifyContextOptions&inout Options)","RemoveTagFromInputMode","","void","2","FGameplayTag;FModifyContextOptions","False","True","False","available","/Script/EnhancedInput.EnhancedInputSubsystemInterface:RemoveTagFromInputMode","manual","EnhancedInput","EnhancedInput","","","","","unclassified","pending-native-form-source-join"
"2f64fd98419d3fd6d6fbc3a61de84f709198f26fe7e322c4555bad2bcc4ab75e","84e8e60a97c77753e87b2f1625204d301b6f478e43671df6226832fee5dee615","","method","void OnObjectUnboundBySequencer(UMovieSceneSequencePlayer Player, FMovieSceneObjectBindingID BindingID)","OnObjectUnboundBySequencer","","void","2","UMovieSceneSequencePlayer;FMovieSceneObjectBindingID","False","False","True","available","/Script/MovieScene.MovieSceneBindingEventReceiverInterface:OnObjectUnboundBySequencer","manual","MovieScene","","","","","","unclassified","pending-native-form-source-join"
"2f87183e352c1a692f05977815fb9d5a40990670598de48f10f457cb29b19122","abf73796a44b7720aec99f689293c11d1394f589f456deaff3243a9c6776dfac","","method","void ResetKeyProfileToDefault(const FGameplayTag&inout ProfileId, FGameplayTagContainer&inout FailureReason)","ResetKeyProfileToDefault","","void","2","FGameplayTag;FGameplayTagContainer","False","True","False","available","/Script/EnhancedInput.EnhancedInputUserSettings:ResetKeyProfileToDefault","manual","EnhancedInput","EnhancedInput","","","","","unclassified","pending-native-form-source-join"
"2f9347126bff14262163264917637407673f3f03b1adc6231e8211eaebab2ca5","e8f2dfcb09c303abca3f717db459b6e36d8a46fe8c86d2ef39f532a2a8f9d9b0","","method","void LevelReset()","LevelReset","","void","0","","False","False","False","available","/Script/Engine.LevelScriptActor:LevelReset","manual","Engine","","","","","","unclassified","pending-native-form-source-join"
"2fd32c411b708991ceebc0c12c466bfa3c8b2edf93207d2c16a051fe1dbb35c7","","WidgetLibrary","global-function","UMaterialInstanceDynamic GetDynamicMaterial(FSlateBrush&inout Brush)","GetDynamicMaterial","","UMaterialInstanceDynamic","1","FSlateBrush","False","True","False","available","/Script/UMG.WidgetBlueprintLibrary:GetDynamicMaterial","manual","UMG","","","","","","unclassified","pending-native-form-source-join"
"3039d0eed6ae38b3097b599e04c50546652418971988b18b84a8899bda8b4b6d","37d3caf17e79de34aeba05029e3a80e50c00667f251ab624d817b1e42deabe06","","method","bool IsFlying() const","IsFlying","","bool","0","","False","False","False","available","/Script/Engine.NavMovementInterface:IsFlying","manual","Engine","","","","","","unclassified","pending-native-form-source-join"
"30570780f7ae9e4cce5023b848c32c2ddeb52806e3a494687e92de52cf1a2def","","UGameplayStatics","global-function","bool ProjectWorldToScreen(APlayerController Player, const FVector&inout WorldPosition, FVector2D&inout ScreenPosition, bool bPlayerViewportRelative = false)","ProjectWorldToScreen","","bool","4","APlayerController;FVector;FVector2D;bool","True","True","True","available","/Script/Engine.GameplayStatics:ProjectWorldToScreen","manual","Engine","","","","","","unclassified","pending-native-form-source-join"
"3078c059cdc9e4898f6db37279c5ab4832a24d895695b35ae831a20597eefef7","4159abbd91461ceba2726bc46a803f8fce04f34112fe9e88b20342e21594e437","","method","FString DescribeOnClient() const","DescribeOnClient","","FString","0","","False","False","False","available","/Script/AngelscriptRuntime.LatentAutomationCommand:DescribeOnClient","manual","AngelscriptRuntime","Angelscript","","","","","unclassified","pending-native-form-source-join"
"309b29af363515183851091d3e3110275d57b61936246e91b4573be92bc4c626","","UInputDeviceLibrary","global-function","bool IsInputDeviceMappedToUnpairedUser(FInputDeviceId InputDevice)","IsInputDeviceMappedToUnpairedUser","","bool","1","FInputDeviceId","False","False","False","available","/Script/Engine.InputDeviceLibrary:IsInputDeviceMappedToUnpairedUser","manual","Engine","","","","","","unclassified","pending-native-form-source-join"
"30a514d5b62e2d983928c8680596d12b87821b1493a968f45c06bbb9a857ffb1","","UBlueprintSpringMathLibrary","global-function","float32 CubicInertializeApplyToFloat(float32 InValue, float32 InValueOffset, float32 InVelocityOffset, float32 TimeSinceTransition, float32 BlendTime = 0.200000)","CubicInertializeApplyToFloat","","float32","5","float32;float32;float32;float32;float32","True","False","False","available","/Script/Engine.BlueprintSpringMathLibrary:CubicInertializeApplyToFloat","manual","Engine","","","","","","unclassified","pending-native-form-source-join"
"30adf0dcefdacfde53dc7a860b698213e8956afb85050a864d5649ecc4737b28","abf73796a44b7720aec99f689293c11d1394f589f456deaff3243a9c6776dfac","","method","bool RegisterInputMappingContexts(const TSet<UInputMappingContext>&inout MappingContexts)","RegisterInputMappingContexts","","bool","1","TSet<UInputMappingContext>","False","True","False","available","/Script/EnhancedInput.EnhancedInputUserSettings:RegisterInputMappingContexts","manual","EnhancedInput","EnhancedInput","","","","","unclassified","pending-native-form-source-join"
"30af27f0ec8115c8e0c52465ae633b0e3c154a225614cee5daebfe363520c808","4f8e7441dd6629847eb00d9f80705d20098ad235220d252c2a2c723530d64500","","method","bool CanPromoteElement(const FScriptTypedElementHandle&inout InElementHandle)","CanPromoteElement","","bool","1","FScriptTypedElementHandle","False","True","False","available","/Script/Engine.TypedElementWorldInterface:CanPromoteElement","manual","Engine","","","","","","unclassified","pending-native-form-source-join"
"31112aad6ac481b655b936932342051d4168bd7c1ec025288c0398a81167ebf4","","WidgetLibrary","global-function","FEventReply ClearUserFocus(FEventReply&inout Reply, bool bInAllUsers = false)","ClearUserFocus","","FEventReply","2","FEventReply;bool","True","True","False","available","/Script/UMG.WidgetBlueprintLibrary:ClearUserFocus","manual","UMG","","","","","","unclassified","pending-native-form-source-join"
"311fd4266be58f6260d9bf3df8debf21f0119cc6c11ee709d1402254e4010097","fa24378319ef169d1149805ded22c404f691f2ea8b34352ec52aeaff336adb02","","method","bool SupportsHDRDisplayOutput() const","SupportsHDRDisplayOutput","","bool","0","","False","False","False","available","/Script/Engine.GameUserSettings:SupportsHDRDisplayOutput","manual","Engine","","","","","","unclassified","pending-native-form-source-join"
"3131af8bef7e22e07618a2ca63b180e9566db67f74afa59992c6abdff604afe7","d5f2882870ba27b7a3f7373307ff48f7eb09ea60cf295620ee4afec13f6e3dcf","","method","void AddComponentToCluster(UPrimitiveComponent InComponent, const int[]&inout BoneIds, bool bRebuildGeometry = true)","AddComponentToCluster","","void","3","UPrimitiveComponent;int[];bool","True","True","True","available","/Script/Engine.ClusterUnionComponent:AddComponentToCluster","manual","Engine","","","","","","unclassified","pending-native-form-source-join"
"31600779b098a66e920c6681561e6451655b388e221185432025ee21de4d2c45","","UPhysicsFieldStatics","global-function","float32 EvalPhysicsScalarField(const UObject WorldContextObject, const FVector&inout WorldPosition, EFieldScalarType ScalarType)","EvalPhysicsScalarField","","float32","3","const UObject;FVector;EFieldScalarType","False","True","True","available","/Script/Engine.PhysicsFieldStatics:EvalPhysicsScalarField","manual","Engine","","","","","","unclassified","pending-native-form-source-join"
"316162d780ea500354006d17e14d46a2790534c30a13cfd849cd04d5395d80b7","e79731b5adbffddf1d9cec9129f08c3b8e65d6c8cdcaacc654c4e7162dc85a69","","method","FName AddChildEvaluationContext(UObject ChildEvaluationContextOwner)","AddChildEvaluationContext","","FName","1","UObject","False","False","True","available","/Script/GameplayCameras.BlueprintCameraDirectorEvaluator:AddChildEvaluationContext","manual","GameplayCameras","GameplayCameras","","","","","unclassified","pending-native-form-source-join"
"31a3f1e767ab49c62c93caaf2f4a58440ed4e789fba752a3991196dc1e83e89d","","UConstraintInstanceBlueprintLibrary","global-function","void GetOrientationDriveSLERP(FConstraintInstanceAccessor&inout Accessor, bool&inout bOutEnableSLERP)","GetOrientationDriveSLERP","","void","2","FConstraintInstanceAccessor;bool","False","True","False","available","/Script/Engine.ConstraintInstanceBlueprintLibrary:GetOrientationDriveSLERP","manual","Engine","","","","","","unclassified","pending-native-form-source-join"
"31d3c67b2b83136e2035f71fb14962a575de44c20c1058444c0b423567fe402f","7c512897178e856205f0b20d178f0ad05e330e5254fab86dd63c95149a5893b4","","method","void OnTransformChanged(const FTransform&inout NewTransform)","OnTransformChanged","","void","1","FTransform","False","True","False","available","/Script/ControlRig.ControlRigShapeActor:OnTransformChanged","manual","ControlRig","ControlRig","","","","","unclassified","pending-native-form-source-join"
"31d54a64cd45c798e0ef7fc18833014334952813cf4049b89597056ab92f20ba","","UBlueprintSpringMathLibrary","global-function","float32 SpringCharacterSmoothingTimeFromTurningTime(float32 TargetAngle, float32 TurningTime = 1.000000, float32 AngleThreshold = 5.000000)","SpringCharacterSmoothingTimeFromTurningTime","","float32","3","float32;float32;float32","True","False","False","available","/Script/Engine.BlueprintSpringMathLibrary:SpringCharacterSmoothingTimeFromTurningTime","manual","Engine","","","","","","unclassified","pending-native-form-source-join"
"31fd939733ad04d305cee90a7fbd68eaae8a75b79f04aa202b0305eb13d6a5f0","","PlatformLibrary","global-function","void CancelLocalNotification(FString ActivationEvent)","CancelLocalNotification","","void","1","FString","False","False","False","available","/Script/Engine.BlueprintPlatformLibrary:CancelLocalNotification","manual","Engine","","","","","","unclassified","pending-native-form-source-join"
"32166021208338bd77d89c60a8c87ea37f0fd2911c30204fc42c88b22007d96b","9dd728209834c4c02036508adcbbc22ac253bfafa67a96c31482939c39c8e488","","method","void ProvideActorsSet(UObject QuerierObject, AActor QuerierActor, AActor[]&inout ResultingActorsSet) const","ProvideActorsSet","","void","3","UObject;AActor;AActor[]","False","True","True","available","/Script/AIModule.EnvQueryContext_BlueprintBase:ProvideActorsSet","manual","AIModule","","","","","","unclassified","pending-native-form-source-join"
"324ece34402ae3f60bbd1444293d1e08262195968297f2d2116e53f56c93f21e","a048e09fab5b35c796657bb67d416dd5c79c96ad1914c69990329d6bc1e2dc7a","","method","void ServerRestartPlayer()","ServerRestartPlayer","","void","0","","False","False","False","available","/Script/Engine.PlayerController:ServerRestartPlayer","manual","Engine","","","","","","unclassified","pending-native-form-source-join"
"3274aaf5968b08deb872b4fbc52d4970806604ea2c738d5970676db5c0bf9159","a048e09fab5b35c796657bb67d416dd5c79c96ad1914c69990329d6bc1e2dc7a","","method","void ClientSetCameraFade(bool bEnableFading, FColor FadeColor, FVector2D FadeAlpha, float32 FadeTime, bool bFadeAudio, bool bHoldWhenFinished)","ClientSetCameraFade","","void","6","bool;FColor;FVector2D;float32;bool;bool","False","False","False","available","/Script/Engine.PlayerController:ClientSetCameraFade","manual","Engine","","","","","","unclassified","pending-native-form-source-join"
"329483746219078d688afa88a5ac404e4765dc57bb88668616079d8a4632c4f0","","InternationalizationLibrary","global-function","FString GetCultureDisplayName(FString Culture, bool Localized = true)","GetCultureDisplayName","","FString","2","FString;bool","True","False","False","available","/Script/Engine.KismetInternationalizationLibrary:GetCultureDisplayName","manual","Engine","","","","","","unclassified","pending-native-form-source-join"
"3298c2b6fc4e19810a7d85fc17cdbdfecc7d9fe96b2aad09da0a86c5a666ffdc","c01f69dc85551cf5d89484bc5682609aaf62fba8adfe3e91dce30755c6a39897","","method","bool IsFinished() const","IsFinished","","bool","0","","False","False","False","available","/Script/EngineCameras.LegacyCameraShake:ReceiveIsFinished","manual","EngineCameras","EngineCameras","","","","","unclassified","pending-native-form-source-join"
"32a92ac9828e55a408fa35a814eecabacaec76de064f1133558c11bb1a74163e","ce03e8ad9e753f7ce0833b6dfcc8edbd7020df289398d04827f0cffed55f159e","","method","void AssertNull(const UObject Object, FString Message)","AssertNull","","void","2","const UObject;FString","False","False","True","available","/Script/AngelscriptRuntime.LatentAutomationCommandClientExecutor:AssertNull","manual","AngelscriptRuntime","Angelscript","","","","","unclassified","pending-native-form-source-join"
"32c7033ed3aa9b11f2df710be71913537c06124e04e76977e61fe700296d9672","857beee1e323b53bbcc34a4017f8871f21d9f3952b5e6515656dc391547abc23","","method","float32 GetReplayTotalTime() const","GetReplayTotalTime","","float32","0","","False","False","False","available","/Script/Engine.ReplaySubsystem:GetReplayTotalTime","manual","Engine","","","","","","unclassified","pending-native-form-source-join"
"332bba06d5bf0cbd94edf8d40cf0a5327017e80d7832cf72f13ef637cfb511f5","","UGameplayStatics","global-function","FVector TransformWorldToFirstPerson(const FMinimalViewInfo&inout ViewInfo, const FVector&inout WorldPosition, bool bIgnoreFirstPersonScale)","TransformWorldToFirstPerson","","FVector","3","FMinimalViewInfo;FVector;bool","False","True","False","available","/Script/Engine.GameplayStatics:TransformWorldToFirstPerson","manual","Engine","","","","","","unclassified","pending-native-form-source-join"
"3334352f16a0b6dae4dc875d98a22484cf5a4da453b7d2b3e1972c647e4cb3d6","","UBlueprintSpringMathLibrary","global-function","void SpringCharacterUpdate(FVector&inout InOutPosition, FVector&inout InOutVelocity, FVector&inout InOutAcceleration, const FVector&inout TargetVelocity, float32 DeltaTime, float32 SmoothingTime = 0.200000)","SpringCharacterUpdate","","void","6","FVector;FVector;FVector;FVector;float32;float32","True","True","False","available","/Script/Engine.BlueprintSpringMathLibrary:SpringCharacterUpdate","manual","Engine","","","","","","unclassified","pending-native-form-source-join"
"33685b6f8501f9b12ff51dd82b88c807640ba3c4d594f691d759e8d8121d7fd7","c0bb55b31b172af739ea5a3161cf385fce49e56d3e6b543cf9b759a260180619","","method","EPCGSettingsType NodeTypeOverride() const","NodeTypeOverride","","EPCGSettingsType","0","","False","False","False","available","/Script/PCG.PCGBlueprintBaseElement:NodeTypeOverride","manual","PCG","PCG","","","","","unclassified","pending-native-form-source-join"
"338118c3e2dded2f3a9abdd095afa08be92def7fc650b2f6f876ad7a387f4dec","431d2849412ca6baa701e3c0de3502530a4cf83539e5e246a4a5ce271a6abf0f","","method","FAssetData[] GetAllReferencedAssetDatas(const FScriptTypedElementHandle&inout InElementHandle)","GetAllReferencedAssetDatas","","FAssetData[]","1","FScriptTypedElementHandle","False","True","False","available","/Script/TypedElementRuntime.TypedElementAssetDataInterface:GetAllReferencedAssetDatas","manual","TypedElementRuntime","","","","","","unclassified","pending-native-form-source-join"
"338992606d4f311fd1aeea62f81fa6d66cc7ac2a5374ac3bfd21bf5959599336","11dabff3ebe856ce7caa89795572004898ad948fcfcf0ccffb022dd91ce01ec4","","method","void SetAngularDamping(float32 NewAngularDamping)","SetAngularDamping","","void","1","float32","False","False","False","available","/Script/Engine.PhysicsHandleComponent:SetAngularDamping","manual","Engine","","","","","","unclassified","pending-native-form-source-join"
"33bbcf24845458815291429f3003874560ddab417016b92b7c1b7996717f7a27","","UGameplayStatics","global-function","void BreakHitResult(const FHitResult&inout Hit, bool&inout bBlockingHit, bool&inout bInitialOverlap, float32&inout Time, float32&inout Distance, FVector&inout Location, FVector&inout ImpactPoint, FVector&inout Normal, FVector&inout ImpactNormal, UPhysicalMaterial&inout PhysMat, AActor&inout HitActor, UPrimitiveComponent&inout HitComponent, FName&inout HitBoneName, FName&inout BoneName, int&inout HitItem, int&inout ElementIndex, int&inout FaceIndex, FVector&inout TraceStart, FVector&inout TraceEnd)","BreakHitResult","","void","19","FHitResult;bool;bool;float32;float32;FVector;FVector;FVector;FVector;UPhysicalMaterial;AActor;UPrimitiveComponent;FName;FName;int;int;int;FVector;FVector","False","True","True","available","/Script/Engine.GameplayStatics:BreakHitResult","manual","Engine","","","","","","unclassified","pending-native-form-source-join"
"33bfa9038d21617711714f8b79171999abe12a9e21d1c2cd46b3f53694e6c524","","UGameplayStatics","global-function","bool Blueprint_PredictProjectilePath_ByTraceChannel(const UObject WorldContextObject, FHitResult&inout OutHit, FVector[]&inout OutPathPositions, FVector&inout OutLastTraceDestination, FVector StartPos, FVector LaunchVelocity, bool bTracePath, float32 ProjectileRadius, ECollisionChannel TraceChannel, bool bTraceComplex, const AActor[]&inout ActorsToIgnore, EDrawDebugTrace DrawDebugType, float32 DrawDebugTime, float32 SimFrequency = 15.000000, float32 MaxSimTime = 2.000000, float32 OverrideGravityZ = 0.000000)","Blueprint_PredictProjectilePath_ByTraceChannel","","bool","16","const UObject;FHitResult;FVector[];FVector;FVector;FVector;bool;float32;ECollisionChannel;bool;AActor[];EDrawDebugTrace;float32;float32;float32;float32","True","True","True","available","/Script/Engine.GameplayStatics:Blueprint_PredictProjectilePath_ByTraceChannel","manual","Engine","","","","","","unclassified","pending-native-form-source-join"
"33e05eea487318753db3365293c5137bd26927bf08907d69fd636350aa6ebac9","f0aca1eb8212b6ae105fbd2e8ce832acd1bbecadccf250fab8d979683cc5058a","","method","int GetBoneTrackIndex(const FBoneAnimationTrack&inout Track) const","GetBoneTrackIndex","","int","1","FBoneAnimationTrack","False","True","False","available","/Script/Engine.AnimationDataModel:GetBoneTrackIndex","manual","Engine","","","","","","unclassified","pending-native-form-source-join"
"342395433826d88a08ae97d716ec83d30e06394206aee9bf8061944795fab810","c375565b8bc7d59a45f79269d328bdba586eff989b4afbdd7e9653e56dffb86e","","method","void SetObjectArrayParameter(FName InName, const UObject[]&inout InValue)","SetObjectArrayParameter","","void","2","FName;UObject[]","False","True","False","available","/Script/AudioExtensions.AudioParameterControllerInterface:SetObjectArrayParameter","manual","AudioExtensions","","","","","","unclassified","pending-native-form-source-join"
"34281adce4a85d87a061af8b967b432db0670c6042229ec7a092ee2ef4b8be42","c95f0db7bcacf8830e775c79cf299664fcce64e41a8cde810e3b957ddc183b65","","method","void ExecuteAI(AAIController OwnerController, APawn ControlledPawn)","ExecuteAI","","void","2","AAIController;APawn","False","False","True","available","/Script/AIModule.BTTask_BlueprintBase:ReceiveExecuteAI","manual","AIModule","","","","","","unclassified","pending-native-form-source-join"
"348d5019015148bf57b1bed0ac532a75acc81e759f2e5d34cff9c829d0f76afc","","UPhysicsObjectBlueprintLibrary","global-function","void ApplyRadialImpulse(UPrimitiveComponent Component, FVector Origin, float32 Radius, float32 Strength, ERadialImpulseFalloff Falloff, bool bApplyStrain, float32 Strain, bool bVelChange = false, float32 MinValue = 0.000000, float32 MaxValue = 1.000000)","ApplyRadialImpulse","","void","10","UPrimitiveComponent;FVector;float32;float32;ERadialImpulseFalloff;bool;float32;bool;float32;float32","True","False","True","available","/Script/Engine.PhysicsObjectBlueprintLibrary:ApplyRadialImpulse","manual","Engine","","","","","","unclassified","pending-native-form-source-join"
"34a4eb30ed9b6d829ad627e375909eef4b2a3e53f2147caf9d0f3c005d7ff51b","d9e10957a8ae9ff44422cdef46b25ffaaa03e90ff1580a8e3183dc41c84a8e25","","method","bool HasAnyMatchingGameplayTags(const FGameplayTagContainer&inout TagContainer) const","HasAnyMatchingGameplayTags","","bool","1","FGameplayTagContainer","False","True","False","available","/Script/GameplayTags.GameplayTagAssetInterface:HasAnyMatchingGameplayTags","manual","GameplayTags","","","","","","unclassified","pending-native-form-source-join"
"34cb00394db47c99c35fbdd4169910c1dd44c754438743b79722753f9a7e5f2f","a2d1a5f352f4cac01bc4fedc3e39c7274efc7aae83183f9ebafb58df9ab26227","","method","AActor[] DebugGatherRelevantActors() const","DebugGatherRelevantActors","","AActor[]","0","","False","False","False","available","/Script/FunctionalTesting.FunctionalTest:DebugGatherRelevantActors","manual","FunctionalTesting","","","","","","unclassified","pending-native-form-source-join"
"34e295bec5f74e560d044b6a267189ca845bd4b7d03b6d5dab27c842a9028089","1c79669514996fc855ac41341817992f0e13c3b94bcc368153e785c2e3196df7","","method","void SetCustomizableObjectInstanceUsage(UCustomizableObjectInstanceUsage CustomizableObjectInstanceUsage)","SetCustomizableObjectInstanceUsage","","void","1","UCustomizableObjectInstanceUsage","False","False","True","available","/Script/CustomizableObject.DGGUI:SetCustomizableObjectInstanceUsage","manual","CustomizableObject","Mutable","","","","","unclassified","pending-native-form-source-join"
"34f24af8efc38f18e9cb7c134ac323e13cd48fdd7b595a0994f488062d155fbb","3e2f4ef72c4255d57829091814d381cfdd629142546cb02ebc82d51725ea015c","","method","void OnPreEvaluate(const FNamingTokensEvaluationData&inout InEvaluationData)","OnPreEvaluate","","void","1","FNamingTokensEvaluationData","False","True","False","available","/Script/NamingTokens.NamingTokens:OnPreEvaluate","manual","NamingTokens","NamingTokens","","","","","unclassified","pending-native-form-source-join"
"350a14bdae5cfd9347cf4f1faab0650f179e2495f38a95b6c72b72a3af747370","608e7e7c4ee55f85b068d102478b12fb104ba357ad55abe9f75465cbfd4127b7","","method","void SetBoneTransformByName(FName BoneName, const FTransform&inout InTransform, EBoneSpaces BoneSpace)","SetBoneTransformByName","","void","3","FName;FTransform;EBoneSpaces","False","True","False","available","/Script/Engine.PoseableMeshComponent:SetBoneTransformByName","manual","Engine","","","","","","unclassified","pending-native-form-source-join"
"351e68194c57386f1b45a300b3fc7cabf9d10906837933796fcd6660a91af8af","fa24378319ef169d1149805ded22c404f691f2ea8b34352ec52aeaff336adb02","","method","bool IsDynamicResolutionDirty() const","IsDynamicResolutionDirty","","bool","0","","False","False","False","available","/Script/Engine.GameUserSettings:IsDynamicResolutionDirty","manual","Engine","","","","","","unclassified","pending-native-form-source-join"
"356abb67f525297a73039e27941c531f987a85cda2d52888b89ca59780c71fe1","","UVOIPTalker","global-function","UVOIPTalker CreateTalkerForPlayer(APlayerState OwningState)","CreateTalkerForPlayer","","UVOIPTalker","1","APlayerState","False","False","True","available","/Script/Engine.VOIPTalker:CreateTalkerForPlayer","manual","Engine","","","","","","unclassified","pending-native-form-source-join"
"35848aec39718a43a19fdc6d9b4d1ad426f37be9ae617c442c99c21902de088d","95c34cb0dcd911c4a08a9b0133d653fd1effd2e440de48554ddd75ebaf11b11c","","method","bool MarkAsTested(const FScriptTypedElementHandle&inout InElementHandle)","MarkAsTested","","bool","1","FScriptTypedElementHandle","False","True","False","available","/Script/TypedElementFramework.TestTypedElementInterfaceB:MarkAsTested","manual","TypedElementFramework","","","","","","unclassified","pending-native-form-source-join"
"35fb10bc94737fac425f2b77be787d20cac18ce96ff676757d6b84d9378bd169","af227d35a24db9f5ce01b0ebcf9f55bd104b5cf86322c7403be4d525e4a5041b","","method","void ActorOnInputTouchEnter(ETouchIndex FingerIndex)","ActorOnInputTouchEnter","","void","1","ETouchIndex","False","False","False","available","/Script/Engine.Actor:ReceiveActorOnInputTouchEnter","manual","Engine","","","","","","unclassified","pending-native-form-source-join"
"360f776ce714d11c6a575b2574f2c3162da391749ef6214e4d4c45ffdaca4e68","f114739dad8eec28fa480409a4fe844f0d95d53ddc54fb1dd0d2b1c16ec0a9d7","","method","bool SetBlendSpaceData(int TrackIndex, int LayerIndex, const FAnimSequenceTrackBlendSpaceData&inout Data)","SetBlendSpaceData","","bool","3","int;int;FAnimSequenceTrackBlendSpaceData","False","True","False","available","/Script/Engine.AnimSequenceTransformProviderDataInstance:SetBlendSpaceData","manual","Engine","","","","","","unclassified","pending-native-form-source-join"
"3613475471b14ffc1b81b8d0b75b10bf159f5edc0a3b3de36bf3cd3814519af8","21d382cd7255d52cbb20566516d6b3ceb07797f145c23c7f2383421ca5d88295","","method","FEventReply OnKeyChar(FGeometry MyGeometry, FCharacterEvent InCharacterEvent)","OnKeyChar","","FEventReply","2","FGeometry;FCharacterEvent","False","False","False","available","/Script/UMG.UserWidget:OnKeyChar","manual","UMG","","","","","","unclassified","pending-native-form-source-join"
"3626d27f9c0cd17c4c3389805ef04ae8e5ba1f754ece3818da39ee02c362e698","fa24378319ef169d1149805ded22c404f691f2ea8b34352ec52aeaff336adb02","","method","bool IsScreenResolutionDirty() const","IsScreenResolutionDirty","","bool","0","","False","False","False","available","/Script/Engine.GameUserSettings:IsScreenResolutionDirty","manual","Engine","","","","","","unclassified","pending-native-form-source-join"
"36316a4f27d434e7fc72f778adfbddcf8b50f31a225dc2d0a76b6951e9258b0e","bdfd6fc9b0cd4f63c56bc1f16a1f982e1dafe5169120628f7fc28111a0656728","","method","void SetVerticalAlignment(EVerticalAlignment InVerticalAlignment)","SetVerticalAlignment","","void","1","EVerticalAlignment","False","False","False","available","/Script/UMG.SizeBoxSlot:SetVerticalAlignment","manual","UMG","","","","","","unclassified","pending-native-form-source-join"
"36347f8fcf1ea58d63a460a93f49fd7a88335f53e453df16f3572591d98b9029","857beee1e323b53bbcc34a4017f8871f21d9f3952b5e6515656dc391547abc23","","method","bool IsPlaying() const","IsPlaying","","bool","0","","False","False","False","available","/Script/Engine.ReplaySubsystem:IsPlaying","manual","Engine","","","","","","unclassified","pending-native-form-source-join"
"363aaad984667e874e517042fdc10568d4f163c4ca8a6410b313c72f44f1c32e","10d28a6a7e73a717185afd3be4dfea0d4bfa305cabdc727398179250ceec9e1f","","method","float32 GetCurrentAnimationTime() const","GetCurrentAnimationTime","","float32","0","","False","False","False","available","/Script/Engine.AnimNotifyLibrary:GetCurrentAnimationTime","manual","Engine","","","","","","unclassified","pending-native-form-source-join"
"364a864ee86f78969d46e617d83509d12bf96dbe644cdce58517e087aac4a5f5","b11749c0ecd2d7bd7c48d0868f33fed2cea2d9b7c7f6edc4023eed8684bd4b25","","method","void ConstructSections(UToolMenu Menu, const FToolMenuContext&inout Context)","ConstructSections","","void","2","UToolMenu;FToolMenuContext","False","True","True","available","/Script/ToolMenus.ToolMenuSectionDynamic:ConstructSections","manual","ToolMenus","","","","","","unclassified","pending-native-form-source-join"
"3687cd378c9b95122328154d18b71f078aefaf0627bcff9bcf2b3f8244c8d8b9","f114739dad8eec28fa480409a4fe844f0d95d53ddc54fb1dd0d2b1c16ec0a9d7","","method","float32 GetLayerWeight(int TrackIndex, int LayerIndex) const","GetLayerWeight","","float32","2","int;int","False","False","False","available","/Script/Engine.AnimSequenceTransformProviderDataInstance:GetLayerWeight","manual","Engine","","","","","","unclassified","pending-native-form-source-join"
"36a4a3cbb92f50c9a7385b9da2418318f06075f05f7e84019c1f987424081ffd","","WidgetLibrary","global-function","FInputEvent GetInputEventFromKeyEvent(const FKeyEvent&inout Event)","GetInputEventFromKeyEvent","","FInputEvent","1","FKeyEvent","False","True","False","available","/Script/UMG.WidgetBlueprintLibrary:GetInputEventFromKeyEvent","manual","UMG","","","","","","unclassified","pending-native-form-source-join"
"36a8ca498ef2c99344d3d637aec3f609e188fa84a707e4902392f0c7504899c5","","UEnhancedInputLibrary","global-function","void FlushPlayerInput(APlayerController PlayerController)","FlushPlayerInput","","void","1","APlayerController","False","False","True","available","/Script/EnhancedInput.EnhancedInputLibrary:FlushPlayerInput","manual","EnhancedInput","EnhancedInput","","","","","unclassified","pending-native-form-source-join"
"36b74fcc0701c7fa26727d68bd5f7de0d92f55e90c60a2a69505767d85091852","c375565b8bc7d59a45f79269d328bdba586eff989b4afbdd7e9653e56dffb86e","","method","void SetBoolParameter(FName InName, bool InBool)","SetBoolParameter","","void","2","FName;bool","False","False","False","available","/Script/AudioExtensions.AudioParameterControllerInterface:SetBoolParameter","manual","AudioExtensions","","","","","","unclassified","pending-native-form-source-join"
"36ba655bd5004accbd38ac0e41d3f032f2f8fe404620ab6e4f1ac0d00c4d35c3","6bffd1732cf488f360666775155ba0393bfb1b059aa8c53f08cc7046bcad49ba","","method","void BindAction(const FName&inout ActionName, EInputEvent KeyEvent, const FInputActionHandlerDynamicSignature&inout Delegate = FInputActionHandlerDynamicSignature ( ))","BindAction","","void","3","FName;EInputEvent;FInputActionHandlerDynamicSignature","True","True","False","available","/Script/AngelscriptRuntime.InputComponentScriptMixinLibrary:BindAction","manual","AngelscriptRuntime","Angelscript","","","","","unclassified","pending-native-form-source-join"
"3706870c63e7f2863e284e052d0b7350f5e1a430ac0362425f32239b6aba5e43","fa24378319ef169d1149805ded22c404f691f2ea8b34352ec52aeaff336adb02","","method","int GetAntiAliasingQuality() const","GetAntiAliasingQuality","","int","0","","False","False","False","available","/Script/Engine.GameUserSettings:GetAntiAliasingQuality","manual","Engine","","","","","","unclassified","pending-native-form-source-join"
"372c23f452fbbeaa133b13686628eba9e36da3cbdd7d4cd881aba68d324fa066","e011f334706a89e0bfd8ba157c644d60cb8ca3822c6464a43b899743e94b3430","","method","void SetRotation(const FRotator3f&inout NewRotation)","SetRotation","","void","1","FRotator3f","False","True","False","available","/Script/AngelscriptRuntime.AngelscriptFTransform3fLibrary:SetRotation","manual","AngelscriptRuntime","Angelscript","","","","","unclassified","pending-native-form-source-join"
"372d2f29653912626a0367c673dfb4ba47d90e9552ecd70bb24a86dd3cda79bf","fa24378319ef169d1149805ded22c404f691f2ea8b34352ec52aeaff336adb02","","method","int GetClosestMonitorIndex() const","GetClosestMonitorIndex","","int","0","","False","False","False","available","/Script/Engine.GameUserSettings:GetClosestMonitorIndex","manual","Engine","","","","","","unclassified","pending-native-form-source-join"
"376678ceee384ce5896a59a6f90e9011bffc321ff4a5a6989455899455c0830c","acffebc4eca7329cc32dab3a0ccf0ad3548923654ce1a9f55c6644648679c17a","","method","UClass GetObjectClass(const FScriptTypedElementHandle&inout InElementHandle)","GetObjectClass","","UClass","1","FScriptTypedElementHandle","False","True","False","available","/Script/TypedElementRuntime.TypedElementObjectInterface:GetObjectClass","manual","TypedElementRuntime","","","","","","unclassified","pending-native-form-source-join"
"37716e85dfe3280bf3a4c39f726fc2da8ad8e4f22d1b415c2e2afdec9a8d3733","","PlatformLibrary","global-function","int ScheduleLocalNotificationFromNow(int inSecondsFromNow, const FText&inout Title, const FText&inout Body, const FText&inout Action, FString ActivationEvent)","ScheduleLocalNotificationFromNow","","int","5","int;FText;FText;FText;FString","False","True","False","available","/Script/Engine.BlueprintPlatformLibrary:ScheduleLocalNotificationFromNow","manual","Engine","","","","","","unclassified","pending-native-form-source-join"
"3771c1371deedaaf0763a89487ab5555827a57901a2b8461e78b032617008ab0","4281c020654d89195c0724e24d30f849fa3d1f6540841ae713584f4d70850afd","","method","void OnPreInitialize(UControlRigComponent Component)","OnPreInitialize","","void","1","UControlRigComponent","False","False","True","available","/Script/ControlRig.ControlRigComponent:OnPreInitialize","manual","ControlRig","ControlRig","","","","","unclassified","pending-native-form-source-join"
"3784ad173d191ea87f4d3da0127fa60711d5dc30cb5e7356432ef06ba165b97b","e5a6b2a29d697f4b091a58aba824fe6b96bbdf4b193ddc46d78b4fd85e195360","","method","FName GetIconBrushName()","GetIconBrushName","","FName","0","","False","False","False","available","/Script/Engine.AudioPanelWidgetInterface:GetIconBrushName","manual","Engine","","","","","","unclassified","pending-native-form-source-join"
"37ab3cbd2e3ed8bf9d428684238c12b9ad75d65e67774a41a4f1fe7eae8120bc","e54395c8e8514953dfbf3fbeabf065860f6a71585f8f76b50ad0927920f7fcb1","","method","void SetUVRect(FBox2D InUVRect)","SetUVRect","","void","1","FBox2D","False","False","False","available","/Script/Engine.StereoLayerComponent:SetUVRect","manual","Engine","","","","","","unclassified","pending-native-form-source-join"
"3811856094f0c12135c4c17b2e812c520a1b34f16653613f177620c75b2328c6","608e7e7c4ee55f85b068d102478b12fb104ba357ad55abe9f75465cbfd4127b7","","method","FTransform GetBoneTransformByName(FName BoneName, EBoneSpaces BoneSpace)","GetBoneTransformByName","","FTransform","2","FName;EBoneSpaces","False","False","False","available","/Script/Engine.PoseableMeshComponent:GetBoneTransformByName","manual","Engine","","","","","","unclassified","pending-native-form-source-join"
"3824fe6235b9bd59560c095ef5d5721a70add99d66f35a99e6ea50efb8498930","6e9dcc4f18691047675fdf57eab25aa058a26b825c43334757a1d3be615ff8ea","","method","bool WasSaveRequested() const","WasSaveRequested","","bool","0","","False","False","False","available","/Script/Engine.LocalPlayerSaveGame:WasSaveRequested","manual","Engine","","","","","","unclassified","pending-native-form-source-join"
"3884eb164feeadc21d2f460b86c5897627bee5da968f9c6405631b5aa00ff6d0","35d29f5a35fcaf8f82f55b61b32dd1252884337241f47a38d3eb51e25267801e","","method","void ServerCurrentMontageSetPlayRate(UAnimSequenceBase ClientAnimation, float32 InPlayRate)","ServerCurrentMontageSetPlayRate","","void","2","UAnimSequenceBase;float32","False","False","True","available","/Script/GameplayAbilities.AbilitySystemComponent:ServerCurrentMontageSetPlayRate","manual","GameplayAbilities","GameplayAbilities","","","","","unclassified","pending-native-form-source-join"
"38904ae0c07c9a3776eb03ffd166f598eaf175773822fe54fbb3ac9343b81dae","","UBlueprintSpringMathLibrary","global-function","void DeadBlendTransitionQuat(FQuat&inout InOutRotationTransition, FVector&inout InOutAngularVelocityTransition, FQuat InSrcRotation, FVector InSrcAngularVelocity, float32 TimeSinceTransition, float32 BlendTime = 0.200000, float32 SmoothingTime = 0.200000)","DeadBlendTransitionQuat","","void","7","FQuat;FVector;FQuat;FVector;float32;float32;float32","True","True","False","available","/Script/Engine.BlueprintSpringMathLibrary:DeadBlendTransitionQuat","manual","Engine","","","","","","unclassified","pending-native-form-source-join"
"38a4f448c4fdffffe296ac68f431e04859e039b31fbe25de2a93760c679e74ff","6bffd1732cf488f360666775155ba0393bfb1b059aa8c53f08cc7046bcad49ba","","method","void BindKey(const FKey&inout Key, EInputEvent KeyEvent, const FInputActionHandlerDynamicSignature&inout Delegate = FInputActionHandlerDynamicSignature ( ), bool bConsumeInput = true)","BindKey","","void","4","FKey;EInputEvent;FInputActionHandlerDynamicSignature;bool","True","True","False","available","/Script/AngelscriptRuntime.InputComponentScriptMixinLibrary:BindKey","manual","AngelscriptRuntime","Angelscript","","","","","unclassified","pending-native-form-source-join"
"38b6743599ced7cb4d6538ed4dea99d6fe12ba4caf3a706abac9ac78c36b5ba2","7869253eddf5b00fb693ad27ae93b19cd7dbd34d1938d8a1385d82433348137f","","method","FName GetUserTag() const","GetUserTag","","FName","0","","False","False","False","deprecated","/Script/UMG.UMGSequencePlayer:GetUserTag","manual","UMG","","","","","","unclassified","pending-native-form-source-join"
"38b7a7c56d2400416e95883978c6ff9d711327c9f7572f9c85cf0cb6c12ca822","fa24378319ef169d1149805ded22c404f691f2ea8b34352ec52aeaff336adb02","","method","void SetLandscapeQuality(int Value)","SetLandscapeQuality","","void","1","int","False","False","False","available","/Script/Engine.GameUserSettings:SetLandscapeQuality","manual","Engine","","","","","","unclassified","pending-native-form-source-join"
"38dd4272dddc7eda83fa4962e258c9db0e69e08f0f51b719c15b21df30bfb302","93cb40407e6142bb73d2390bec05959d899ccd6f736f65d07f20a60120aee144","","method","void ResetInterpolation()","ResetInterpolation","","void","0","","False","False","False","available","/Script/Engine.ProjectileMovementComponent:ResetInterpolation","manual","Engine","","","","","","unclassified","pending-native-form-source-join"
"38e5cd5bab92ff029fb123ea399a0e8a92ed90a8e02b5b5738b3bdb8f777c62d","f9daf0264e987ba2ce78881edbe2deec2ad9aff95dab69c0d9e7a0d5d4a37c26","","method","void ClientSendReservationFull()","ClientSendReservationFull","","void","0","","False","False","False","available","/Script/OnlineSubsystemUtils.SpectatorBeaconClient:ClientSendReservationFull","manual","OnlineSubsystemUtils","OnlineSubsystemUtils","","","","","unclassified","pending-native-form-source-join"
"38fc31427bc71c081d1fe8b9d54a5c8faaf00329765f3fefc9e57e76423215aa","5351c4ffe82bbb28d1a84ba46be8b8b08876e3a366f59925a2568dc5b35e1c9c","","method","void ResetLevel()","ResetLevel","","void","0","","False","False","False","available","/Script/Engine.GameModeBase:ResetLevel","manual","Engine","","","","","","unclassified","pending-native-form-source-join"
"39074af980f0ea1ef6a03a5ba5326a2eb9847fc1422a02ccf63941b6f40b9af4","","FQuat","global-function","FQuat ApplyDelta(const FQuat&inout OriginRotation, const FQuat&inout DeltaRotation)","ApplyDelta","","FQuat","2","FQuat;FQuat","False","True","False","available","/Script/AngelscriptRuntime.AngelscriptFQuatStaticLibrary:ApplyDelta","manual","AngelscriptRuntime","Angelscript","","","","","unclassified","pending-native-form-source-join"
"391263a36c2243d443c69325355f9008335010ac69d4ad2322d2453f01c93e03","a048e09fab5b35c796657bb67d416dd5c79c96ad1914c69990329d6bc1e2dc7a","","method","void ClientPrepareMapChange(FName LevelName, bool bFirst, bool bLast)","ClientPrepareMapChange","","void","3","FName;bool;bool","False","False","False","available","/Script/Engine.PlayerController:ClientPrepareMapChange","manual","Engine","","","","","","unclassified","pending-native-form-source-join"
"392499e4c2805158554d9ce565f18b277429c71fbed934d8aa2b75d21a7a00ee","95c5bd2590e7410565721b207a1d17bc6be9388f92234c7eba4b0ba57a3a44b1","","method","void ResizeNumberOfFrames(FFrameNumber NewLengthInFrames, FFrameNumber T0, FFrameNumber T1, bool bShouldTransact)","ResizeNumberOfFrames","","void","4","FFrameNumber;FFrameNumber;FFrameNumber;bool","False","False","False","available","/Script/Engine.AnimationDataController:ResizeNumberOfFrames","manual","Engine","","","","","","unclassified","pending-native-form-source-join"
"3941e85d6fc38bf04d9afa927d41bd4dd49a3d87c4fa92b8cc0acb1be9e994c8","","UGameplayStatics","global-function","UAudioComponent SpawnDialogueAtLocation(const UObject WorldContextObject, UDialogueWave Dialogue, const FDialogueContext&inout Context, FVector Location, FRotator Rotation = FRotator ( ), float32 VolumeMultiplier = 1.000000, float32 PitchMultiplier = 1.000000, float32 StartTime = 0.000000, USoundAttenuation AttenuationSettings = nullptr, bool bAutoDestroy = true)","SpawnDialogueAtLocation","","UAudioComponent","10","const UObject;UDialogueWave;FDialogueContext;FVector;FRotator;float32;float32;float32;USoundAttenuation;bool","True","True","True","available","/Script/Engine.GameplayStatics:SpawnDialogueAtLocation","manual","Engine","","","","","","unclassified","pending-native-form-source-join"
"394b2496abd89370500da2e9a4245f7f23c99e3936dcbaf7333abc5958da9f40","f0aca1eb8212b6ae105fbd2e8ce832acd1bbecadccf250fab8d979683cc5058a","","method","FBoneAnimationTrack& GetBoneTrackByName(FName TrackName) const","GetBoneTrackByName","","FBoneAnimationTrack","1","FName","False","False","False","available","/Script/Engine.AnimationDataModel:GetBoneTrackByName","manual","Engine","","","","","","unclassified","pending-native-form-source-join"
"39548bbc2949878a6ffb78c52548a257adfa73eeb0090ca50386b02ea3abf761","e8f2dfcb09c303abca3f717db459b6e36d8a46fe8c86d2ef39f532a2a8f9d9b0","","method","void WorldOriginLocationChanged(FIntVector OldOriginLocation, FIntVector NewOriginLocation)","WorldOriginLocationChanged","","void","2","FIntVector;FIntVector","False","False","False","available","/Script/Engine.LevelScriptActor:WorldOriginLocationChanged","manual","Engine","","","","","","unclassified","pending-native-form-source-join"
"39a5e398052cb866da662aafd87c3d05472649e0257beca14549776f57089b04","0f57e00920afd6a1a9a1258c938a2ce2620b2cd11c885c6355f0447d3358f499","","method","UPhysicalMaterial GetPhysMaterial() const","GetPhysMaterial","","UPhysicalMaterial","0","","False","False","False","available","/Script/AngelscriptRuntime.AngelscriptHitResultLibrary:GetPhysMaterial","manual","AngelscriptRuntime","Angelscript","","","","","unclassified","pending-native-form-source-join"
"39c996d4d66d5705478d7c7cf21d111fd0cfbbd7bd2979ee14940183c301d352","0f57e00920afd6a1a9a1258c938a2ce2620b2cd11c885c6355f0447d3358f499","","method","void SetBlockingHit(bool bIsBlocking)","SetBlockingHit","","void","1","bool","False","False","False","deprecated","/Script/AngelscriptRuntime.AngelscriptHitResultLibrary:SetBlockingHit","manual","AngelscriptRuntime","Angelscript","","","","","unclassified","pending-native-form-source-join"
"39e106e8b6841d47c806a49ac271bbf46e5c907fb01a02bcc8b2ad09b4aa27bf","c375565b8bc7d59a45f79269d328bdba586eff989b4afbdd7e9653e56dffb86e","","method","void SetIntArrayParameter(FName InName, const int[]&inout InValue)","SetIntArrayParameter","","void","2","FName;int[]","False","True","False","available","/Script/AudioExtensions.AudioParameterControllerInterface:SetIntArrayParameter","manual","AudioExtensions","","","","","","unclassified","pending-native-form-source-join"
"3a0d6c712871ac056be6cb68b4346002fa2d50bc5cb5b5d248913acdb951ab06","","UBTFunctionLibrary","global-function","UBehaviorTreeComponent GetOwnerComponent(UBTNode NodeOwner)","GetOwnerComponent","","UBehaviorTreeComponent","1","UBTNode","False","False","True","available","/Script/AIModule.BTFunctionLibrary:GetOwnerComponent","manual","AIModule","","","","","","unclassified","pending-native-form-source-join"
"3a3f0a75a498590faa02d8dd008adaa3545636ff2680cbb2bb11f6ac5d14e6a4","d572d4b597884ff440189ed875b81d329c5203f7b44c789bf0d668bc3dd6940a","","method","void TreeStop()","TreeStop","","void","0","","False","False","False","available","/Script/StateTreeModule.StateTreeEvaluatorBlueprintBase:ReceiveTreeStop","manual","StateTreeModule","StateTree","","","","","unclassified","pending-native-form-source-join"
"3a461a6f06fd9c535624f83d645206bea6494e84c803757cd5a4d7dbf71cd21e","4df085944005dd0da254f067eaae0f4b1a4be877051d3d0cd60138c4207cc987","","method","FTimecode GetTimecode() const","GetTimecode","","FTimecode","0","","False","False","False","available","/Script/Engine.TimecodeProvider:GetTimecode","manual","Engine","","","","","","unclassified","pending-native-form-source-join"
"3a56488a1f845a580dcce8d9b266a7cf64513599ec1a180e4f610f0b8ab12598","","UConstraintInstanceBlueprintLibrary","global-function","void SetContactTransferScale(FConstraintInstanceAccessor&inout Accessor, float32 ContactTransferScale)","SetContactTransferScale","","void","2","FConstraintInstanceAccessor;float32","False","True","False","available","/Script/Engine.ConstraintInstanceBlueprintLibrary:SetContactTransferScale","manual","Engine","","","","","","unclassified","pending-native-form-source-join"
"3a613ecc94cbc18b0cfb1b3590afcbac7128169ee9ce664e1e830d2fc5c56658","","UBlueprintSpringMathLibrary","global-function","float32 DeadBlendApplyToAngle(float32 InAngle, float32 InAngleTransition, float32 InAngularVelocityTransition, float32 TimeSinceTransition, float32 BlendTime = 0.200000, float32 SmoothingTime = 0.200000)","DeadBlendApplyToAngle","","float32","6","float32;float32;float32;float32;float32;float32","True","False","False","available","/Script/Engine.BlueprintSpringMathLibrary:DeadBlendApplyToAngle","manual","Engine","","","","","","unclassified","pending-native-form-source-join"
"3a814804071eec58850d8cf7d2dcec16b8aced560026bd33414f4d5ecf03fb1e","fdf59f0e3c0842a609f238f762a8b05bfa4feb6bde861b66ec5a8bccfa31fda0","","method","void PostGameplayEffectExecute(const FGameplayEffectSpec&inout EffectSpec, FGameplayModifierEvaluatedData&inout EvaluatedData, UAngelscriptAbilitySystemComponent AbilitySystemComponent)","PostGameplayEffectExecute","","void","3","FGameplayEffectSpec;FGameplayModifierEvaluatedData;UAngelscriptAbilitySystemComponent","False","True","True","available","/Script/AngelscriptGAS.AngelscriptAttributeSet:BP_PostGameplayEffectExecute","manual","AngelscriptGAS","AngelscriptGAS","","","","","unclassified","pending-native-form-source-join"
"3aa13175cccbbe0cb76f7f1aac3217a01097ecf9a0f66e8cc02fec1ebcc635bc","48c1111f70539cbd6d1285d6bc2c25f4629fe1bf1442d7fdc4750982eff660e1","","method","void AddEvent(float32 Time, FOnTimelineEvent EventFunc = FOnTimelineEvent ( ))","AddEvent","","void","2","float32;FOnTimelineEvent","True","False","False","available","/Script/Engine.TimelineComponent:AddEvent","manual","Engine","","","","","","unclassified","pending-native-form-source-join"
"3ac9e490ed6567d6bd0abc6665b5452272e736433761359bd35a1e382306538c","21d382cd7255d52cbb20566516d6b3ceb07797f145c23c7f2383421ca5d88295","","method","void OnMouseCaptureLost()","OnMouseCaptureLost","","void","0","","False","False","False","available","/Script/UMG.UserWidget:OnMouseCaptureLost","manual","UMG","","","","","","unclassified","pending-native-form-source-join"
"3b5e583e93e6fed77651a9038e7d6724d8866af5129fae805e20a76dadf56dde","454c72e6de9665d29d7867a07319d34ba60522e75268c4a474eb1bc5dd552765","","method","void OnListItemObjectSet(UObject ListItemObject)","OnListItemObjectSet","","void","1","UObject","False","False","True","available","/Script/UMG.UserObjectListEntry:OnListItemObjectSet","manual","UMG","","","","","","unclassified","pending-native-form-source-join"
"3bc6a4cacf067b2fc613a972f86d4f850bef31ebaaa1d6a92a2c56fcb11ccd57","","UWidgetLayoutLibrary","global-function","UStackBoxSlot SlotAsStackBoxSlot(UWidget Widget)","SlotAsStackBoxSlot","","UStackBoxSlot","1","UWidget","False","False","True","available","/Script/UMG.WidgetLayoutLibrary:SlotAsStackBoxSlot","manual","UMG","","","","","","unclassified","pending-native-form-source-join"
"3c04e7e92059ec47530089a2725ea9933f464ab5210dd6f3851c4c4f1521fb01","","FQuat","global-function","FQuat GetDelta(const FQuat&inout OriginRotation, const FQuat&inout TargetRotation)","GetDelta","","FQuat","2","FQuat;FQuat","False","True","False","available","/Script/AngelscriptRuntime.AngelscriptFQuatStaticLibrary:GetDelta","manual","AngelscriptRuntime","Angelscript","","","","","unclassified","pending-native-form-source-join"
"3c1c2711ea65a29cf706ffe584223d0869dc8cd34699c6053b3a12ad07ec7ce1","","UBTFunctionLibrary","global-function","void SetBlackboardValueAsClass(UBTNode NodeOwner, const FBlackboardKeySelector&inout Key, UClass Value)","SetBlackboardValueAsClass","","void","3","UBTNode;FBlackboardKeySelector;UClass","False","True","True","available","/Script/AIModule.BTFunctionLibrary:SetBlackboardValueAsClass","manual","AIModule","","","","","","unclassified","pending-native-form-source-join"
"3c7fb4554b6cca07add740d4161d58f2ce89dcb2a4ad1580f12c052da1a800e5","8fb03d2805f10d52065d1c65e9dcd91b4549d6c486b24f525bcd3787c984fb66","","method","void GetDerivedClassNames(const FTopLevelAssetPath[]&inout ClassNames, const TSet<FTopLevelAssetPath>&inout ExcludedClassNames, TSet<FTopLevelAssetPath>&inout OutDerivedClassNames) const","GetDerivedClassNames","","void","3","FTopLevelAssetPath[];TSet<FTopLevelAssetPath>;TSet<FTopLevelAssetPath>","False","True","False","available","/Script/AssetRegistry.AssetRegistry:GetDerivedClassNames","manual","AssetRegistry","","","","","","unclassified","pending-native-form-source-join"
"3c8c73cf029756b32aca9bfea97f05f0d001aa78126ca57e4967a8af725ab4d8","8fb03d2805f10d52065d1c65e9dcd91b4549d6c486b24f525bcd3787c984fb66","","method","bool IsLoadingAssets() const","IsLoadingAssets","","bool","0","","False","False","False","available","/Script/AssetRegistry.AssetRegistry:IsLoadingAssets","manual","AssetRegistry","","","","","","unclassified","pending-native-form-source-join"
"3c9866c80b26d029b7a0b65bd4111d627a4e57c748d48ce6692666d18b9500f4","a048e09fab5b35c796657bb67d416dd5c79c96ad1914c69990329d6bc1e2dc7a","","method","void ClientStartOnlineSession()","ClientStartOnlineSession","","void","0","","False","False","False","available","/Script/Engine.PlayerController:ClientStartOnlineSession","manual","Engine","","","","","","unclassified","pending-native-form-source-join"
"3cbcef9e1d570a273e7826ac1a3ab85ef7e2de1e649f0d936df9afd0cab4e792","7564a8f162d23a7cf4396513a49fd6c12adc1dd5e8a45007c3a3686457c46e68","","method","void SetLinkSound(USoundBase NewSound)","SetLinkSound","","void","1","USoundBase","False","False","True","available","/Script/AudioLinkEngine.AudioLinkBlueprintInterface:SetLinkSound","manual","AudioLinkEngine","","","","","","unclassified","pending-native-form-source-join"
"3cff243bbe61425c53ab8ed18af52b2a252d323af16946b77e75d6c16424724c","","UBlueprintSpringMathLibrary","global-function","float32 DampFloat(float32 Value, float32 Target, float32 DeltaTime, float32 SmoothingTime = 0.200000)","DampFloat","","float32","4","float32;float32;float32;float32","True","False","False","available","/Script/Engine.BlueprintSpringMathLibrary:DampFloat","manual","Engine","","","","","","unclassified","pending-native-form-source-join"
"3d051b4bf0008a06bd9a26e6ea35f7acd8f7c5b96838659d38f5fb8d28bd5712","fa24378319ef169d1149805ded22c404f691f2ea8b34352ec52aeaff336adb02","","method","bool IsGlobalIlluminationAllowed(UObject WorldContextObject = __WorldContext ( )) const","IsGlobalIlluminationAllowed","","bool","1","UObject","True","False","True","available","/Script/Engine.GameUserSettings:IsGlobalIlluminationAllowed","manual","Engine","","","","","","unclassified","pending-native-form-source-join"
"3d2a4630611f5ef225fab41f79c72af859e7a27cdb75119d8aca202617e23e78","e38ef7ea0f66c8623c024d02acd9c7cb508adde716218283bd4a3eb213c78049","","method","float32 GetFractionalFrameIndex()","GetFractionalFrameIndex","","float32","0","","False","False","False","available","/Script/Engine.AnimatedSparseVolumeTextureController:GetFractionalFrameIndex","manual","Engine","","","","","","unclassified","pending-native-form-source-join"
"3d44b865e411ed4863ae9673ec32dc4c26daab7124a2a30bd36aef21ca0898d7","dcbd99e0aca928697bec9e20348375bb54f1ae30e4dd5cc36edd140325fe7d61","","method","bool OnTickTest()","OnTickTest","","bool","0","","False","False","False","available","/Script/Niagara.NiagaraBaselineController:OnTickTest","manual","Niagara","Niagara","","","","","unclassified","pending-native-form-source-join"
"3d486572e91b340d007b33f1a1c11dc78e4c542bf1d7d9dc9c8610babf09fffb","5351c4ffe82bbb28d1a84ba46be8b8b08876e3a366f59925a2568dc5b35e1c9c","","method","void ChangeName(AController Controller, FString NewName, bool bNameChange)","ChangeName","","void","3","AController;FString;bool","False","False","True","available","/Script/Engine.GameModeBase:ChangeName","manual","Engine","","","","","","unclassified","pending-native-form-source-join"
"3d51140fd616640ee4858cfe8c46527a15ae3ea4b2b98dff166460e58715cf86","339a778a47b28d90a21f75037fa86472d09260ad9f9b63803ea7592f3e560150","","method","bool RenameAssets(const FAssetRenameData[]&inout AssetsAndNames)","RenameAssets","","bool","1","FAssetRenameData[]","False","True","False","available","/Script/AssetTools.AssetTools:RenameAssets","manual","AssetTools","","","","","","unclassified","pending-native-form-source-join"
"3d602bab06006813b0dbe35dd738d37ca84911635e6a76cce1b356ce1fe87ac1","af227d35a24db9f5ce01b0ebcf9f55bd104b5cf86322c7403be4d525e4a5041b","","method","void Hit(UPrimitiveComponent MyComp, AActor Other, UPrimitiveComponent OtherComp, bool bSelfMoved, FVector HitLocation, FVector HitNormal, FVector NormalImpulse, const FHitResult&inout Hit)","Hit","","void","8","UPrimitiveComponent;AActor;UPrimitiveComponent;bool;FVector;FVector;FVector;FHitResult","False","True","True","available","/Script/Engine.Actor:ReceiveHit","manual","Engine","","","","","","unclassified","pending-native-form-source-join"
"3d89c77971c2a0f68ceb157d3e845d12ee0886363529d283e75c21b68ab4f8d7","b1a2f44e1ef9307d399a09148531ddcc013fa03746378ef15804751d27058f1d","","method","FString GetRelativeSourceFilePath() const","GetRelativeSourceFilePath","","FString","0","","False","False","False","available","/Script/AngelscriptRuntime.ASClass:GetRelativeSourceFilePath","manual","AngelscriptRuntime","Angelscript","","","","","unclassified","pending-native-form-source-join"
"3dc8074aeeff26a62c536a61d2cf626b8a815710a4a62513a680b6e84a61912b","2b73f44d1b313ba2ee6485b71ae99ed84f44d68dad7eba3b1bae38eb04bf8e4c","","method","FName GetBindingName() const","GetBindingName","","FName","0","","False","False","False","available","/Script/Engine.CurveSourceInterface:GetBindingName","manual","Engine","","","","","","unclassified","pending-native-form-source-join"
"3dc99d3f7fcf3a849e199fd0a236e2e969bf350b22031d24c199fa83d10e7008","","PlatformLibrary","global-function","void ScheduleLocalNotificationBadgeFromNow(int inSecondsFromNow, FString ActivationEvent)","ScheduleLocalNotificationBadgeFromNow","","void","2","int;FString","False","False","False","available","/Script/Engine.BlueprintPlatformLibrary:ScheduleLocalNotificationBadgeFromNow","manual","Engine","","","","","","unclassified","pending-native-form-source-join"
"3dca480412c8821e4059216b948b1041c7647d1d2e23cbcf9a2b85dcc6dbfcac","d3c26b09cb69440ef5cea48b8cd2bb16451c461ce4aa3cafa3d573c20dfad90d","","method","void BlueprintInitializeAnimation()","BlueprintInitializeAnimation","","void","0","","False","False","False","available","/Script/Engine.AnimInstance:BlueprintInitializeAnimation","manual","Engine","","","","","","unclassified","pending-native-form-source-join"
"3defcbe30a67f62a23bc7ccf2f6485a3a565627dc49a740f7c204877e9f83e3f","","Math","global-function","void SinCos(float&inout ScalarSin, float&inout ScalarCos, float Value)","SinCos","","void","3","float;float;float","False","True","False","available","/Script/AngelscriptRuntime.AngelscriptMathLibrary:SinCos_64","manual","AngelscriptRuntime","Angelscript","","","","","unclassified","pending-native-form-source-join"
"3e320756c9480b6bf336717ab3927a1399b294398170cef62ba5d962655a53ab","21d382cd7255d52cbb20566516d6b3ceb07797f145c23c7f2383421ca5d88295","","method","void OnAnimationStarted(const UWidgetAnimation Animation)","OnAnimationStarted","","void","1","const UWidgetAnimation","False","False","True","available","/Script/UMG.UserWidget:OnAnimationStarted","manual","UMG","","","","","","unclassified","pending-native-form-source-join"
"3e57ec4b1e74fc8ed69cb0f339b64daddcb118649d51ffc95a6c30c6b90f870f","","InternationalizationLibrary","global-function","void ClearCurrentAssetGroupCulture(FName AssetGroup, bool SaveToConfig = false)","ClearCurrentAssetGroupCulture","","void","2","FName;bool","True","False","False","available","/Script/Engine.KismetInternationalizationLibrary:ClearCurrentAssetGroupCulture","manual","Engine","","","","","","unclassified","pending-native-form-source-join"
"3e6a8124a6be870b2f443aaba699194339854254d62b5f9a98f2be74a7ea525d","82b49778050438b5a27d8b1df094f6d3b772d4216282a4dc80a142446a746688","","method","void HitBoxRelease(FName BoxName)","HitBoxRelease","","void","1","FName","False","False","False","available","/Script/Engine.HUD:ReceiveHitBoxRelease","manual","Engine","","","","","","unclassified","pending-native-form-source-join"
"3e6cee951f145a9902f3b51b8e88d15f0423626f0aa86db6f147670d432200eb","a048e09fab5b35c796657bb67d416dd5c79c96ad1914c69990329d6bc1e2dc7a","","method","void ClientCancelPendingMapChange()","ClientCancelPendingMapChange","","void","0","","False","False","False","available","/Script/Engine.PlayerController:ClientCancelPendingMapChange","manual","Engine","","","","","","unclassified","pending-native-form-source-join"
"3e787e86493d35ef05e8dc31b20e7ca3a626a25c73abb3efc52c233cb36983ee","35d29f5a35fcaf8f82f55b61b32dd1252884337241f47a38d3eb51e25267801e","","method","void ClientCancelAbility(FGameplayAbilitySpecHandle AbilityToCancel, FGameplayAbilityActivationInfo ActivationInfo)","ClientCancelAbility","","void","2","FGameplayAbilitySpecHandle;FGameplayAbilityActivationInfo","False","False","False","available","/Script/GameplayAbilities.AbilitySystemComponent:ClientCancelAbility","manual","GameplayAbilities","GameplayAbilities","","","","","unclassified","pending-native-form-source-join"
"3e910affcfd3313fb9ba1214c480e90aae401ed49623250fdc6543784293f756","8099f625508a3be3a926c07b87654a1154d064a2b8b3847eaf3263a939c5f4cf","","method","void RemoveWidget(UWidget Widget)","RemoveWidget","","void","1","UWidget","False","False","True","available","/Script/UMG.GameViewportSubsystem:RemoveWidget","manual","UMG","","","","","","unclassified","pending-native-form-source-join"
"3e9588ced6097a3a3fdfef75bb0366680106f5a2dc6be72853e8fa3065a56a03","","UBTFunctionLibrary","global-function","void SetBlackboardValueAsObject(UBTNode NodeOwner, const FBlackboardKeySelector&inout Key, UObject Value)","SetBlackboardValueAsObject","","void","3","UBTNode;FBlackboardKeySelector;UObject","False","True","True","available","/Script/AIModule.BTFunctionLibrary:SetBlackboardValueAsObject","manual","AIModule","","","","","","unclassified","pending-native-form-source-join"
"3ebd48871b0ae507984b17db460c0fa79a288410551de376cfafbe8a34d4e069","7394d5fa67d40991e30a15aaa08d190dd56fd4d7dcbf0f6e895351f89c684fd4","","method","float32 Size2D(const FVector3f&inout UpDirection) const","Size2D","","float32","1","FVector3f","False","True","False","available","/Script/AngelscriptRuntime.AngelscriptFVector3fMixinLibrary:Size2D","manual","AngelscriptRuntime","Angelscript","","","","","unclassified","pending-native-form-source-join"
"3ed1bcbca070c29a4168068ce9f16c8841506ff2f4fbee1c7e187d5aa57497dd","","WidgetLibrary","global-function","void SetColorVisionDeficiencyType(EColorVisionDeficiency Type, float32 Severity, bool CorrectDeficiency, bool ShowCorrectionWithDeficiency)","SetColorVisionDeficiencyType","","void","4","EColorVisionDeficiency;float32;bool;bool","False","False","False","available","/Script/UMG.WidgetBlueprintLibrary:SetColorVisionDeficiencyType","manual","UMG","","","","","","unclassified","pending-native-form-source-join"
"3edbc38b939ba4c99766a29a637cc6d32f4f89f0f6054d76d4ecc722d2bf461c","c95f0db7bcacf8830e775c79cf299664fcce64e41a8cde810e3b957ddc183b65","","method","void Execute(AActor OwnerActor)","Execute","","void","1","AActor","False","False","True","available","/Script/AIModule.BTTask_BlueprintBase:ReceiveExecute","manual","AIModule","","","","","","unclassified","pending-native-form-source-join"
"3f102f0bdb09008d0ed80c3f1875a90d9c45f9a296ff5f9928ec688176f73cc3","8fb03d2805f10d52065d1c65e9dcd91b4549d6c486b24f525bcd3787c984fb66","","method","bool GetAssetsByPackageName(FName PackageName, FAssetData[]&inout OutAssetData, bool bIncludeOnlyOnDiskAssets, bool bSkipARFilteredAssets) const","GetAssetsByPackageName","","bool","4","FName;FAssetData[];bool;bool","False","True","False","available","/Script/AssetRegistry.AssetRegistry:GetAssetsByPackageName","manual","AssetRegistry","","","","","","unclassified","pending-native-form-source-join"
"3f236012202565b51c2092d8e6b32b9b8c3ed0ec377bfd14e309eba8f81204c8","abf73796a44b7720aec99f689293c11d1394f589f456deaff3243a9c6776dfac","","method","bool SetKeyProfileToDefault()","SetKeyProfileToDefault","","bool","0","","False","False","False","available","/Script/EnhancedInput.EnhancedInputUserSettings:SetKeyProfileToDefault","manual","EnhancedInput","EnhancedInput","","","","","unclassified","pending-native-form-source-join"
"3f7d55769338cfbeb3aa0eaef2895c57867911d6a0d0bf18fdda0c79c4da7ae2","b838e8e9400cbd0a44522d60aab9dd66298f676e9917d955c70e780e9fc7d949","","method","void BPOnTalkingEnd()","BPOnTalkingEnd","","void","0","","False","False","False","available","/Script/Engine.VOIPTalker:BPOnTalkingEnd","manual","Engine","","","","","","unclassified","pending-native-form-source-join"
"3f8801daa5cf25faf9486d43d520a4085dc2994538f6bd51763c3791ef46f1c1","","UBlueprintSpringMathLibrary","global-function","FVector DeadBlendApplyToScale(FVector InScale, FVector InScaleTransition, FVector InScalarVelocityTransition, float32 TimeSinceTransition, float32 BlendTime = 0.200000, float32 SmoothingTime = 0.200000)","DeadBlendApplyToScale","","FVector","6","FVector;FVector;FVector;float32;float32;float32","True","False","False","available","/Script/Engine.BlueprintSpringMathLibrary:DeadBlendApplyToScale","manual","Engine","","","","","","unclassified","pending-native-form-source-join"
"3f8a010dc43645898b6c3698bb78ff95dcef2332db44b54b1312f9be90976f4d","53dafc4dc5086ca0c80b77b67c7874ea7848e252d8420707e0d471549b6e36b2","","method","void PhotographyCameraModify(FVector NewCameraLocation, FVector PreviousCameraLocation, FVector OriginalCameraLocation, FVector&inout ResultCameraLocation)","PhotographyCameraModify","","void","4","FVector;FVector;FVector;FVector","False","True","False","available","/Script/Engine.PlayerCameraManager:PhotographyCameraModify","manual","Engine","","","","","","unclassified","pending-native-form-source-join"
"3f8c8a681d914fb9261f907fa1e94b525053bdf377896a50e60d5129f05af88c","21d382cd7255d52cbb20566516d6b3ceb07797f145c23c7f2383421ca5d88295","","method","FEventReply OnTouchFirstMove(FGeometry MyGeometry, const FPointerEvent&inout InTouchEvent)","OnTouchFirstMove","","FEventReply","2","FGeometry;FPointerEvent","False","True","False","available","/Script/UMG.UserWidget:OnTouchFirstMove","manual","UMG","","","","","","unclassified","pending-native-form-source-join"
"3f8d149027a04ed82dc02e25ec4db7b39bacf77688e5f6ca188e7a3b7833937e","35d29f5a35fcaf8f82f55b61b32dd1252884337241f47a38d3eb51e25267801e","","method","void ServerPrintDebug_RequestWithStrings(const FString[]&inout Strings)","ServerPrintDebug_RequestWithStrings","","void","1","FString[]","False","True","False","available","/Script/GameplayAbilities.AbilitySystemComponent:ServerPrintDebug_RequestWithStrings","manual","GameplayAbilities","GameplayAbilities","","","","","unclassified","pending-native-form-source-join"
"3fbe6e7905f756d89e258ebd1a2bcbebe5c14eb65daa4a5a365e62a227b345bc","","URuntimeFloatCurveMixinLibrary","global-function","void GetTimeRange(const FRuntimeFloatCurve&inout Target, float32&out MinTime, float32&out MaxTime)","GetTimeRange","","void","3","FRuntimeFloatCurve;float32;float32","False","True","False","available","/Script/AngelscriptRuntime.RuntimeFloatCurveMixinLibrary:GetTimeRange","manual","AngelscriptRuntime","Angelscript","","","","","unclassified","pending-native-form-source-join"
"404734dd09f4d2d646d369577781dc19399af9d691251fa27118658e5eb842fe","8408ed834089f0d30abf8476c0078c8637280efdb97766920767c790ba00fc66","","method","void ClearAllMappings()","ClearAllMappings","","void","0","","False","False","False","available","/Script/EnhancedInput.EnhancedInputSubsystemInterface:ClearAllMappings","manual","EnhancedInput","EnhancedInput","","","","","unclassified","pending-native-form-source-join"
"404ab9603f28b6d5782e08ef5d5ea0426c0e5c54db6a8e8e13559eed64c8d6b1","ce03e8ad9e753f7ce0833b6dfcc8edbd7020df289398d04827f0cffed55f159e","","method","void AssertSame(const UObject Expected, const UObject Actual, FString Message)","AssertSame","","void","3","const UObject;const UObject;FString","False","False","True","available","/Script/AngelscriptRuntime.LatentAutomationCommandClientExecutor:AssertSame","manual","AngelscriptRuntime","Angelscript","","","","","unclassified","pending-native-form-source-join"
"4075ff273ff746b6375d1edb3c2dc6eeb98dacce8170355b25970da8c1c26ebf","0fcb3c247d6b30fdf52800684776762ea5ecc3460b9e5e9080a261a01be856ce","","method","float32 GetFloatValue(float32 InTime, float32 DefaultValue = 0.000000) const","GetFloatValue","","float32","2","float32;float32","True","False","False","available","/Script/AngelscriptRuntime.RuntimeFloatCurveMixinLibrary:GetFloatValue","manual","AngelscriptRuntime","Angelscript","","","","","unclassified","pending-native-form-source-join"
"40f03d5bc967ce2b5c1de7eac86f5c73c3afca08007dbc8eccd727586117cb85","10179ba4cd45a355694c0e20bcfb7b4d15a1a3448b64054e9be61a2089d30216","","method","FName[] GetSequencerAnimSlotNames() const","GetSequencerAnimSlotNames","","FName[]","0","","False","False","False","available","/Script/AnimGraphRuntime.SequencerAnimationOverride:GetSequencerAnimSlotNames","manual","AnimGraphRuntime","","","","","","unclassified","pending-native-form-source-join"
"4108155fcac9edf5ce8699b973449d5806da9ab52a754e2b242357406bdaf35f","aafc390ad2b6c616d8283f777abbedbc3ae249211d1cba37623650a093bb90ea","","method","void EnableRecalculationOnInvalidation(ENavigationOptionFlag DoRecalculation)","EnableRecalculationOnInvalidation","","void","1","ENavigationOptionFlag","False","False","False","available","/Script/NavigationSystem.NavigationPath:EnableRecalculationOnInvalidation","manual","NavigationSystem","","","","","","unclassified","pending-native-form-source-join"
"415867f44b17140737609b55687dfad21502f22e781978de18771f52fe52d603","af227d35a24db9f5ce01b0ebcf9f55bd104b5cf86322c7403be4d525e4a5041b","","method","void Destroyed()","Destroyed","","void","0","","False","False","False","available","/Script/Engine.Actor:ReceiveDestroyed","manual","Engine","","","","","","unclassified","pending-native-form-source-join"
"416ca6f3ef23aee95cc77d75d1692b6c2ea25d8517c64b88942d51e95e41eb79","4b234073e4131692a708413e0cd443beaf9252bb3165c3887bb4059999301b1c","","method","void SetPreviewCurveOverride(const FName&inout PoseName, float32 Value, bool bRemoveIfZero)","SetPreviewCurveOverride","","void","3","FName;float32;bool","False","True","False","available","/Script/Engine.AnimSingleNodeInstance:SetPreviewCurveOverride","manual","Engine","","","","","","unclassified","pending-native-form-source-join"
"41709cda19bb6d68a0c280ca955538afe5ed8e5da81a156dcbdf52b36c76532a","","UConstraintInstanceBlueprintLibrary","global-function","bool GetMassConditioningEnabled(FConstraintInstanceAccessor&inout Accessor)","GetMassConditioningEnabled","","bool","1","FConstraintInstanceAccessor","False","True","False","available","/Script/Engine.ConstraintInstanceBlueprintLibrary:GetMassConditioningEnabled","manual","Engine","","","","","","unclassified","pending-native-form-source-join"
"417cec00a957088d9dc36630371fd833fccc4cecbf07f8bff7e8e1e5b129ee83","48c1111f70539cbd6d1285d6bc2c25f4629fe1bf1442d7fdc4750982eff660e1","","method","void PlayFromStart()","PlayFromStart","","void","0","","False","False","False","available","/Script/Engine.TimelineComponent:PlayFromStart","manual","Engine","","","","","","unclassified","pending-native-form-source-join"
"41847be4d3801544c2b43d2ad6560f2d293ec0956e7489ad51e173b1ce4072c5","82b49778050438b5a27d8b1df094f6d3b772d4216282a4dc80a142446a746688","","method","APawn GetOwningPawn() const","GetOwningPawn","","APawn","0","","False","False","False","available","/Script/Engine.HUD:GetOwningPawn","manual","Engine","","","","","","unclassified","pending-native-form-source-join"
"419963bcb448f15f16ce92640e335bf5d8a6b4b29b820c8a4d49420a17328130","25476ae48137cafccca9adc65f6f8ceaa43556d67e751a64c06db06b699f5a96","","method","void OnEntryDropped(UDragDropOperation Operation)","OnEntryDropped","","void","1","UDragDropOperation","False","False","True","available","/Script/UMG.UserListEntry:BP_OnEntryDropped","manual","UMG","","","","","","unclassified","pending-native-form-source-join"
"41b6d5d9a829e0414220e0008c5daa6b169f57ebc425819ca8220fdca9a32bab","56b0b9c0c7e9572bc287a3d55cc9af0d167ae97c0a5b8710f205241ed97c2793","","method","bool IsPendingDisable() const","IsPendingDisable","","bool","0","","False","False","False","available","/Script/Engine.CameraModifier:IsPendingDisable","manual","Engine","","","","","","unclassified","pending-native-form-source-join"
"41e8b676c37ca9fcb30c60ed13ca3c1d31709e318204559ff8c830173335d614","101cc1a48ebe2ceea513aec9480d048b0e764d83151acf1586894b100ddf5dfd","","method","void OnRemoval(AActor Target, const FGameplayCueParameters&inout Parameters, const FGameplayCueNotify_SpawnResult&inout SpawnResults)","OnRemoval","","void","3","AActor;FGameplayCueParameters;FGameplayCueNotify_SpawnResult","False","True","True","available","/Script/GameplayAbilities.GameplayCueNotify_Looping:OnRemoval","manual","GameplayAbilities","GameplayAbilities","","","","","unclassified","pending-native-form-source-join"
"41f64a9022d14bd155c45b8ad656c4b9bec9793b029bf6a07d01c6d7553a4aeb","1783e82217c2152e37b50f45fbce243374adba90bdddd9abee0386ca96676e27","","method","void OnCreated()","OnCreated","","void","0","","False","False","False","available","/Script/LevelSequence.LevelSequenceDirector:OnCreated","manual","LevelSequence","","","","","","unclassified","pending-native-form-source-join"
"41fef93bb95a807dc887fe5ca8310d29e48909002b40e7ce631b80c4f2264fb3","48c1111f70539cbd6d1285d6bc2c25f4629fe1bf1442d7fdc4750982eff660e1","","method","void AddInterpFloat(UCurveFloat FloatCurve, FOnTimelineFloat InterpFunc = FOnTimelineFloat ( ), FName PropertyName = NAME_None, FName TrackName = NAME_None)","AddInterpFloat","","void","4","UCurveFloat;FOnTimelineFloat;FName;FName","True","False","True","available","/Script/Engine.TimelineComponent:AddInterpFloat","manual","Engine","","","","","","unclassified","pending-native-form-source-join"
"420abc7a3630778ea617ff42e2fe2d2affe698b6426590231f7e4c3bb02a25f6","a048e09fab5b35c796657bb67d416dd5c79c96ad1914c69990329d6bc1e2dc7a","","method","void ServerNotifyLoadedWorld(FName WorldPackageName)","ServerNotifyLoadedWorld","","void","1","FName","False","False","False","available","/Script/Engine.PlayerController:ServerNotifyLoadedWorld","manual","Engine","","","","","","unclassified","pending-native-form-source-join"
"42145b9c522a2d38294cd353d8ea9116b056502ece9e8879622a173d94b4fc7d","af227d35a24db9f5ce01b0ebcf9f55bd104b5cf86322c7403be4d525e4a5041b","","method","void ActorBeginCursorOver()","ActorBeginCursorOver","","void","0","","False","False","False","available","/Script/Engine.Actor:ReceiveActorBeginCursorOver","manual","Engine","","","","","","unclassified","pending-native-form-source-join"
"422193f9f53ff397bd1ae644a66737d92d4659400c31d3d663d50f6ac8679287","5a8e3615aa69dd13f32d83636e5d653d8a25f9f1267baa726b4bbb01b520cfe6","","method","void SearchStartAI(AAIController OwnerController, APawn ControlledPawn)","SearchStartAI","","void","2","AAIController;APawn","False","False","True","available","/Script/AIModule.BTService_BlueprintBase:ReceiveSearchStartAI","manual","AIModule","","","","","","unclassified","pending-native-form-source-join"
"424e9ffd62e1de3c7503de7a023f272789e69a2c114b614826bd4727eac0913b","f0aca1eb8212b6ae105fbd2e8ce832acd1bbecadccf250fab8d979683cc5058a","","method","float GetPlayLength() const","GetPlayLength","","float","0","","False","False","False","available","/Script/Engine.AnimationDataModel:GetPlayLength","manual","Engine","","","","","","unclassified","pending-native-form-source-join"
"42566d450b5d1f975af2f92241d459a27c04a5b9646c285830775a4b0ebba35c","","UConstraintInstanceBlueprintLibrary","global-function","void GetAngularSoftSwingLimitParams(FConstraintInstanceAccessor&inout Accessor, bool&inout bSoftSwingLimit, float32&inout SwingLimitStiffness, float32&inout SwingLimitDamping, float32&inout SwingLimitRestitution, float32&inout SwingLimitContactDistance)","GetAngularSoftSwingLimitParams","","void","6","FConstraintInstanceAccessor;bool;float32;float32;float32;float32","False","True","False","available","/Script/Engine.ConstraintInstanceBlueprintLibrary:GetAngularSoftSwingLimitParams","manual","Engine","","","","","","unclassified","pending-native-form-source-join"
"42943d80211573a941dfab2522d856b2aeb37ec710e7a11b65509f27c7a86d43","a048e09fab5b35c796657bb67d416dd5c79c96ad1914c69990329d6bc1e2dc7a","","method","void ServerUpdateContainerVisibility(UObject Container, bool bVisible)","ServerUpdateContainerVisibility","","void","2","UObject;bool","False","False","True","available","/Script/Engine.PlayerController:ServerUpdateContainerVisibility","manual","Engine","","","","","","unclassified","pending-native-form-source-join"
"42f0935f863eccacd0e13e87a035afacb1c9b6c65994b847445e5f76fb6a0216","95c5bd2590e7410565721b207a1d17bc6be9388f92234c7eba4b0ba57a3a44b1","","method","int AddBoneTrack(FName BoneName, bool bShouldTransact)","AddBoneTrack","","int","2","FName;bool","False","False","False","deprecated","/Script/Engine.AnimationDataController:AddBoneTrack","manual","Engine","","","","","","unclassified","pending-native-form-source-join"
"42fbe5ced38c624feec7a1c73f16561fa8bddf6a812d2e8ac3e9978990a47296","af227d35a24db9f5ce01b0ebcf9f55bd104b5cf86322c7403be4d525e4a5041b","","method","void Tick(float32 DeltaSeconds)","Tick","","void","1","float32","False","False","False","available","/Script/Engine.Actor:ReceiveTick","manual","Engine","","","","","","unclassified","pending-native-form-source-join"
"43244743c36dfe7733604be4486d81528e06108ed83b1c20717e8ae42d3d4ad2","1b02d55ea768fb4596386f9a397c6c5338994b1e50b0f72797b558cac16368f7","","method","bool OnExecute(AActor MyTarget, const FGameplayCueParameters&inout Parameters) const","OnExecute","","bool","2","AActor;FGameplayCueParameters","False","True","True","available","/Script/GameplayAbilities.GameplayCueNotify_Static:OnExecute","manual","GameplayAbilities","GameplayAbilities","","","","","unclassified","pending-native-form-source-join"
"43287d2f9cf436d7ed24a66e320c4d4260caaa9947fb5d0a29e9cfd837839d8a","","UConstraintInstanceBlueprintLibrary","global-function","void SetLinearBreakable(FConstraintInstanceAccessor&inout Accessor, bool bLinearBreakable, float32 LinearBreakThreshold)","SetLinearBreakable","","void","3","FConstraintInstanceAccessor;bool;float32","False","True","False","available","/Script/Engine.ConstraintInstanceBlueprintLibrary:SetLinearBreakable","manual","Engine","","","","","","unclassified","pending-native-form-source-join"
"432ed9a1276bf7a2843830d384bc6eaf8f008c5ec1e321966722fd99d08a81f6","fa24378319ef169d1149805ded22c404f691f2ea8b34352ec52aeaff336adb02","","method","int GetPostProcessingQuality() const","GetPostProcessingQuality","","int","0","","False","False","False","available","/Script/Engine.GameUserSettings:GetPostProcessingQuality","manual","Engine","","","","","","unclassified","pending-native-form-source-join"
"4356a041e73b0f696214a7310c016f405a3a65b3a54c01f9091b7bf827702ade","8fb03d2805f10d52065d1c65e9dcd91b4549d6c486b24f525bcd3787c984fb66","","method","void RunAssetsThroughFilter(FAssetData[]&inout AssetDataList, const FARFilter&inout Filter) const","RunAssetsThroughFilter","","void","2","FAssetData[];FARFilter","False","True","False","available","/Script/AssetRegistry.AssetRegistry:RunAssetsThroughFilter","manual","AssetRegistry","","","","","","unclassified","pending-native-form-source-join"
"435d51e9e9c2c72c641d5822dc1b6f702bfcc8f23f99f1baefdfd20a09807c6f","","UBlueprintSpringMathLibrary","global-function","FTransform SpringInertializeApplyToTransform(FTransform InTransform, FTransform InTransformOffset, FSpringTransformVelocity InVelocityOffset, float32 TimeSinceTransition, float32 SmoothingTime = 0.200000)","SpringInertializeApplyToTransform","","FTransform","5","FTransform;FTransform;FSpringTransformVelocity;float32;float32","True","False","False","available","/Script/Engine.BlueprintSpringMathLibrary:SpringInertializeApplyToTransform","manual","Engine","","","","","","unclassified","pending-native-form-source-join"
"437bd0a2ac606087f778d730c163cad72030375ae53410c0a62a4ba93df1efb6","fa24378319ef169d1149805ded22c404f691f2ea8b34352ec52aeaff336adb02","","method","void SetFoliageQuality(int Value)","SetFoliageQuality","","void","1","int","False","False","False","available","/Script/Engine.GameUserSettings:SetFoliageQuality","manual","Engine","","","","","","unclassified","pending-native-form-source-join"
"438c4d33698a65dac7bccecc37e9ebb5ab2bbe61b64b462ae559d9cd06319d3d","d9531c8fad8dfcfe5d18dcee6327b5831ef050ae4f76e71c1c742ede19173f83","","method","void ControllerChanged(AController OldController, AController NewController)","ControllerChanged","","void","2","AController;AController","False","False","True","available","/Script/Engine.Pawn:ReceiveControllerChanged","manual","Engine","","","","","","unclassified","pending-native-form-source-join"
"4390c4b20b5656a7ae806fdf88e2c20f25fa08d01f597772b5f6e1e3e791236e","e54395c8e8514953dfbf3fbeabf065860f6a71585f8f76b50ad0927920f7fcb1","","method","UTexture GetLeftTexture() const","GetLeftTexture","","UTexture","0","","False","False","False","available","/Script/Engine.StereoLayerComponent:GetLeftTexture","manual","Engine","","","","","","unclassified","pending-native-form-source-join"
"43990f62ec389c482b989de66d2341c030a66f081a5e96134f9c1b20aba886ff","","UGameUserSettings","global-function","FIntPoint GetDefaultWindowPosition()","GetDefaultWindowPosition","","FIntPoint","0","","False","False","False","available","/Script/Engine.GameUserSettings:GetDefaultWindowPosition","manual","Engine","","","","","","unclassified","pending-native-form-source-join"
"43a5e34a80025af0ebab734c3f6a2b21d856e041d5c09465d0ad39ac4b359a5b","35d29f5a35fcaf8f82f55b61b32dd1252884337241f47a38d3eb51e25267801e","","method","void ClientEndAbility(FGameplayAbilitySpecHandle AbilityToEnd, FGameplayAbilityActivationInfo ActivationInfo)","ClientEndAbility","","void","2","FGameplayAbilitySpecHandle;FGameplayAbilityActivationInfo","False","False","False","available","/Script/GameplayAbilities.AbilitySystemComponent:ClientEndAbility","manual","GameplayAbilities","GameplayAbilities","","","","","unclassified","pending-native-form-source-join"
"43b2768a279c268962408777b0ba03b9c98648826b09b5af6e58f22d0c7ce174","af227d35a24db9f5ce01b0ebcf9f55bd104b5cf86322c7403be4d525e4a5041b","","method","void DisableInput(APlayerController PlayerController)","DisableInput","","void","1","APlayerController","False","False","True","available","/Script/Engine.Actor:DisableInput","manual","Engine","","","","","","unclassified","pending-native-form-source-join"
"43b78ff60603eb38271ad52c5d3b0a5937df5b898d8e6d4c8f07f9cc3b3b3019","","FTransform","global-function","FTransform ApplyDelta(const FTransform&inout OriginTransform, const FTransform&inout DeltaTransform)","ApplyDelta","","FTransform","2","FTransform;FTransform","False","True","False","available","/Script/AngelscriptRuntime.AngelscriptFTransformStaticLibrary:ApplyDelta","manual","AngelscriptRuntime","Angelscript","","","","","unclassified","pending-native-form-source-join"
"44227189037a94bfa49a3dfc310433662614f7ebad8bdea7d99955740e72aaaf","","UConstraintInstanceBlueprintLibrary","global-function","void SetLinearLimits(FConstraintInstanceAccessor&inout Accessor, ELinearConstraintMotion XMotion, ELinearConstraintMotion YMotion, ELinearConstraintMotion ZMotion, float32 Limit)","SetLinearLimits","","void","5","FConstraintInstanceAccessor;ELinearConstraintMotion;ELinearConstraintMotion;ELinearConstraintMotion;float32","False","True","False","available","/Script/Engine.ConstraintInstanceBlueprintLibrary:SetLinearLimits","manual","Engine","","","","","","unclassified","pending-native-form-source-join"
"4461b0d1a3c7e69b35fe86f60ab8b2d3efbe2b3080bd979dcd734d5ee24ed84d","fa24378319ef169d1149805ded22c404f691f2ea8b34352ec52aeaff336adb02","","method","void SetTextureQuality(int Value)","SetTextureQuality","","void","1","int","False","False","False","available","/Script/Engine.GameUserSettings:SetTextureQuality","manual","Engine","","","","","","unclassified","pending-native-form-source-join"
"446637b5fd77b87610e2ae17be5a9f4b22296bd065c7ae549e15bf31249119f3","a00d92b4a4bbe82d8212f682b8fc4acce998021ebfc975d05f1d79bd5f954e77","","method","void SetJustification(ETextJustify InJustification)","SetJustification","","void","1","ETextJustify","False","False","False","available","/Script/UMG.TextLayoutWidget:SetJustification","manual","UMG","","","","","","unclassified","pending-native-form-source-join"
"4483a258e4e6f31ad9a3e79341f10ce898d642ca5f19885b01d560c59317af80","956e3de55fc14905d659124709e772134c7ea46f65ba77a3cb19eb6f09952604","","method","bool NotifyBegin(USkeletalMeshComponent MeshComp, UAnimSequenceBase Animation, float32 TotalDuration, const FAnimNotifyEventReference&inout EventReference) const","NotifyBegin","","bool","4","USkeletalMeshComponent;UAnimSequenceBase;float32;FAnimNotifyEventReference","False","True","True","available","/Script/Engine.AnimNotifyState:Received_NotifyBegin","manual","Engine","","","","","","unclassified","pending-native-form-source-join"
"44f45610d2b31b9c3d39d020641629f2fa7698b74c21f05129266e6f1d93872b","fa24378319ef169d1149805ded22c404f691f2ea8b34352ec52aeaff336adb02","","method","bool IsFullscreenModeDirty() const","IsFullscreenModeDirty","","bool","0","","False","False","False","available","/Script/Engine.GameUserSettings:IsFullscreenModeDirty","manual","Engine","","","","","","unclassified","pending-native-form-source-join"
"450b68cdf328adc41a3b3a627d083f74bd50b1e5c84579db8d9e0be06c746aa9","eb9db4974c2c84b3de7248f0dcc19ddbe9fe5a895134ac9ee72db3e7aec44cbf","","method","void SetKeyUserTangentWeights(FCurveKeyHandle KeyHandle, float32 ArriveTangentWeight, float32 LeaveTangentWeight)","SetKeyUserTangentWeights","","void","3","FCurveKeyHandle;float32;float32","False","False","False","available","/Script/AngelscriptRuntime.RuntimeFloatCurveMixinLibrary:SetKeyUserTangentWeights","manual","AngelscriptRuntime","Angelscript","","","","","unclassified","pending-native-form-source-join"
"4546eb266ed80d4c6a46f148ee3ff55861717b5e7f5c83348c17c1cda61d3ff8","221735b2ef09d2dff90eada6b7ac0853d3139484f79de08dd996d968d950a15e","","method","TSoftObjectPtr<UWorld>& GetWorldAsset() const","GetWorldAsset","","TSoftObjectPtr<UWorld>","0","","False","False","False","available","/Script/Engine.LevelInstanceInterface:GetWorldAsset","manual","Engine","","","","","","unclassified","pending-native-form-source-join"
"4574eba1f144f16d05bc892d689cdbbffcc6502ea0fbd0c1038f9fadbac4164f","b838e8e9400cbd0a44522d60aab9dd66298f676e9917d955c70e780e9fc7d949","","method","void RegisterWithPlayerState(APlayerState OwningState)","RegisterWithPlayerState","","void","1","APlayerState","False","False","True","available","/Script/Engine.VOIPTalker:RegisterWithPlayerState","manual","Engine","","","","","","unclassified","pending-native-form-source-join"
"457686952a9d5f5f861d1cf230d841da2f5c980ecb2a8726128d26b263a4a45b","061c90b40526e6537347bd4f5817dbd2e124e0a07d2267c5a3ab507b0c2662ae","","method","void RootMotionDebugClientPrintOnScreen(FString InString)","RootMotionDebugClientPrintOnScreen","","void","1","FString","False","False","False","available","/Script/Engine.Character:RootMotionDebugClientPrintOnScreen","manual","Engine","","","","","","unclassified","pending-native-form-source-join"
"4589deb5b2d36543120016932d5eccff261e1ecae8c459c6bb53b7bbdd9420c3","ce03e8ad9e753f7ce0833b6dfcc8edbd7020df289398d04827f0cffed55f159e","","method","void ServerLatentCommandClientReady()","ServerLatentCommandClientReady","","void","0","","False","False","False","available","/Script/AngelscriptRuntime.LatentAutomationCommandClientExecutor:ServerLatentCommandClientReady","manual","AngelscriptRuntime","Angelscript","","","","","unclassified","pending-native-form-source-join"
"458df1ee5d5ff5eee3eb7ff7bf2fd5bec4aa33ef31c0f99ffa4f22f0c59ccff5","","PlatformLibrary","global-function","void CancelLocalNotificationById(int NotificationId)","CancelLocalNotificationById","","void","1","int","False","False","False","available","/Script/Engine.BlueprintPlatformLibrary:CancelLocalNotificationById","manual","Engine","","","","","","unclassified","pending-native-form-source-join"
"45a61bddc634677d665b95a1e3e6920f50b80ffbbd68a96f6f86e08b2feffcfe","21d382cd7255d52cbb20566516d6b3ceb07797f145c23c7f2383421ca5d88295","","method","bool IsInteractable() const","IsInteractable","","bool","0","","False","False","False","available","/Script/UMG.UserWidget:IsInteractable","manual","UMG","","","","","","unclassified","pending-native-form-source-join"
"45b11a51e56279d8a7a7c29e09b1b4854eaec9571e4d0c74e413483ef47e8a87","","UEnhancedInputLibrary","global-function","void RequestRebuildControlMappingsUsingContext(const UInputMappingContext Context, bool bForceImmediately = false)","RequestRebuildControlMappingsUsingContext","","void","2","const UInputMappingContext;bool","True","False","True","available","/Script/EnhancedInput.EnhancedInputLibrary:RequestRebuildControlMappingsUsingContext","manual","EnhancedInput","EnhancedInput","","","","","unclassified","pending-native-form-source-join"
"461fd19cecef53c3786ca5a4d9790e47b7b2adac76f1255e59bfe6c8f0d7436e","bf3903cbca18b0ef0db7f73b96343bf92fa98c3d9c680e1243c4009d3c3a936a","","method","void HandleTravelError(ETravelFailure FailureType)","HandleTravelError","","void","1","ETravelFailure","False","False","False","available","/Script/Engine.GameInstance:HandleTravelError","manual","Engine","","","","","","unclassified","pending-native-form-source-join"
"46361b881fe36a80d1de80d9032765723debbce79be366392952609ecaeb6d2b","abf73796a44b7720aec99f689293c11d1394f589f456deaff3243a9c6776dfac","","method","bool SetActiveKeyProfile(FString InProfileId)","SetActiveKeyProfile","","bool","1","FString","False","False","False","available","/Script/EnhancedInput.EnhancedInputUserSettings:SetActiveKeyProfile","manual","EnhancedInput","EnhancedInput","","","","","unclassified","pending-native-form-source-join"
"46848873d8342fd5c24fb3f37a6eb816afb42e76b395f2b08fd7f38de92bb2cf","eb9db4974c2c84b3de7248f0dcc19ddbe9fe5a895134ac9ee72db3e7aec44cbf","","method","FCurveKeyHandle AddSmartAutoCurveKey(float32 InTime, float32 InValue)","AddSmartAutoCurveKey","","FCurveKeyHandle","2","float32;float32","False","False","False","available","/Script/AngelscriptRuntime.RuntimeFloatCurveMixinLibrary:AddSmartAutoCurveKey","manual","AngelscriptRuntime","Angelscript","","","","","unclassified","pending-native-form-source-join"
"46cd990cdbd03f80da48ae0944850f730632113f8df3b2c1679d8fa51cecf85c","fa24378319ef169d1149805ded22c404f691f2ea8b34352ec52aeaff336adb02","","method","float32 GetFrameRateLimit() const","GetFrameRateLimit","","float32","0","","False","False","False","available","/Script/Engine.GameUserSettings:GetFrameRateLimit","manual","Engine","","","","","","unclassified","pending-native-form-source-join"
"47495ea56f155e0be31de0ff21591d4c7f7b4d1addfc30cfbe8b473380fccac6","","USubsystemLibrary","global-function","ULocalPlayerSubsystem GetLocalPlayerSubsystem(UObject WorldContextObject, TSubclassOf<ULocalPlayerSubsystem> Class)","GetLocalPlayerSubsystem","","ULocalPlayerSubsystem","2","UObject;TSubclassOf<ULocalPlayerSubsystem>","False","False","True","available","/Script/AngelscriptRuntime.SubsystemLibrary:GetLocalPlayerSubsystem","manual","AngelscriptRuntime","Angelscript","","","","","unclassified","pending-native-form-source-join"
"4775c2cc0a0d8805c441d4fec2b44c332a362a6e08b527ee3615d008b425b896","","WidgetLibrary","global-function","FEventReply ReleaseJoystickCapture(FEventReply&inout Reply, bool bInAllJoysticks = false)","ReleaseJoystickCapture","","FEventReply","2","FEventReply;bool","True","True","False","deprecated","/Script/UMG.WidgetBlueprintLibrary:ReleaseJoystickCapture","manual","UMG","","","","","","unclassified","pending-native-form-source-join"
"47ca69583335778554ee726a6cbdda8103a85b082c389441dbd6a761a6fa0b04","95c5bd2590e7410565721b207a1d17bc6be9388f92234c7eba4b0ba57a3a44b1","","method","bool RemoveAttributeKey(const FAnimationAttributeIdentifier&inout AttributeIdentifier, float32 Time, bool bShouldTransact)","RemoveAttributeKey","","bool","3","FAnimationAttributeIdentifier;float32;bool","False","True","False","available","/Script/Engine.AnimationDataController:RemoveAttributeKey","manual","Engine","","","","","","unclassified","pending-native-form-source-join"
"47f1f021c9e80d6c9168d860925d3c162a1e3b81a773dcbc01cd6a20a52e9ff2","8408ed834089f0d30abf8476c0078c8637280efdb97766920767c790ba00fc66","","method","EMappingQueryResult QueryMapKeyInContextSet(const UInputMappingContext[]&inout PrioritizedActiveContexts, const UInputMappingContext InputContext, const UInputAction Action, FKey Key, FMappingQueryIssue[]&inout OutIssues, EMappingQueryIssue BlockingIssues)","QueryMapKeyInContextSet","","EMappingQueryResult","6","UInputMappingContext[];const UInputMappingContext;const UInputAction;FKey;FMappingQueryIssue[];EMappingQueryIssue","False","True","True","available","/Script/EnhancedInput.EnhancedInputSubsystemInterface:QueryMapKeyInContextSet","manual","EnhancedInput","EnhancedInput","","","","","unclassified","pending-native-form-source-join"
"480244badf010d4d272695fa978c28d3eac26ed101307860924422a67ef8f5ec","638fcf4cf315d2a9c093e5ad76bba411fbeda9be5a9c0482962d9e31f086736a","","method","void TriggerReinstanced(const UInputTrigger OldTrigger)","TriggerReinstanced","","void","1","const UInputTrigger","False","False","True","available","/Script/EnhancedInput.InputTrigger:ReceiveTriggerReinstanced","manual","EnhancedInput","EnhancedInput","","","","","unclassified","pending-native-form-source-join"
"482021f9f19ce4a632d56a2732f44d5cd6b0bd8393e323228d82086f950c35e5","a048e09fab5b35c796657bb67d416dd5c79c96ad1914c69990329d6bc1e2dc7a","","method","void ClientIgnoreLookInput(bool bIgnore)","ClientIgnoreLookInput","","void","1","bool","False","False","False","available","/Script/Engine.PlayerController:ClientIgnoreLookInput","manual","Engine","","","","","","unclassified","pending-native-form-source-join"
"483ee5fe5efad1ae34d102837edfe0a789fe5949330133b0119ea198923145a2","","WidgetLibrary","global-function","void DrawLines(FPaintContext&inout Context, const FVector2D[]&inout Points, FLinearColor Tint = FLinearColor ( 1.000000 , 1.000000 , 1.000000 , 1.000000 ), bool bAntiAlias = true, float32 Thickness = 1.000000)","DrawLines","","void","5","FPaintContext;FVector2D[];FLinearColor;bool;float32","True","True","False","available","/Script/UMG.WidgetBlueprintLibrary:DrawLines","manual","UMG","","","","","","unclassified","pending-native-form-source-join"
"487eb43b673c78e2b774a7252d6e22a94839b19705d405bf8d63acdcea45dbcf","c95f0db7bcacf8830e775c79cf299664fcce64e41a8cde810e3b957ddc183b65","","method","void TickAI(AAIController OwnerController, APawn ControlledPawn, float32 DeltaSeconds)","TickAI","","void","3","AAIController;APawn;float32","False","False","True","available","/Script/AIModule.BTTask_BlueprintBase:ReceiveTickAI","manual","AIModule","","","","","","unclassified","pending-native-form-source-join"
"488da56718fce178fe29803dbf7f0dd64144beaf26864ec26144043f9d19da6b","b0697b21743308261702f67329e44db0bc229dd72304c0d0f5c43e2adcf62eaf","","method","void RemoveAxisMapping(const FInputAxisKeyMapping&inout KeyMapping)","RemoveAxisMapping","","void","1","FInputAxisKeyMapping","False","True","False","available","/Script/AngelscriptRuntime.PlayerInputScriptMixinLibrary:RemoveAxisMapping","manual","AngelscriptRuntime","Angelscript","","","","","unclassified","pending-native-form-source-join"
"48a3ab79aadd5a3c50819617b6368583d16d013d979d457e692529407cdbe49f","fa24378319ef169d1149805ded22c404f691f2ea8b34352ec52aeaff336adb02","","method","int GetMaximumHDRDisplayNits() const","GetMaximumHDRDisplayNits","","int","0","","False","False","False","available","/Script/Engine.GameUserSettings:GetMaximumHDRDisplayNits","manual","Engine","","","","","","unclassified","pending-native-form-source-join"
"48a4d477fa78c0997fb8b399ea3e700d677eb83e41869bc99f0dc4f6e5d8e394","fdf59f0e3c0842a609f238f762a8b05bfa4feb6bde861b66ec5a8bccfa31fda0","","method","bool OnInitFromMetaDataTable(const UDataTable DataTable)","OnInitFromMetaDataTable","","bool","1","const UDataTable","False","False","True","available","/Script/AngelscriptGAS.AngelscriptAttributeSet:BP_OnInitFromMetaDataTable","manual","AngelscriptGAS","AngelscriptGAS","","","","","unclassified","pending-native-form-source-join"
"48aef1544eff66b400fea8d3043c0ede6d8a9f2823553cd64cb50145cf6b7d45","","UBlueprintSpringMathLibrary","global-function","FVector SpringInertializeApplyToVector(FVector InValue, FVector InValueOffset, FVector InVelocityOffset, float32 TimeSinceTransition, float32 SmoothingTime = 0.200000)","SpringInertializeApplyToVector","","FVector","5","FVector;FVector;FVector;float32;float32","True","False","False","available","/Script/Engine.BlueprintSpringMathLibrary:SpringInertializeApplyToVector","manual","Engine","","","","","","unclassified","pending-native-form-source-join"
"48c606c73773e28b73f5c4e3169362a65bcf0fae4d3e5993ea33719ec6c0fe15","8fb03d2805f10d52065d1c65e9dcd91b4549d6c486b24f525bcd3787c984fb66","","method","FAssetData GetAssetByObjectPath(FName ObjectPath, bool bIncludeOnlyOnDiskAssets) const","GetAssetByObjectPath","","FAssetData","2","FName;bool","False","False","False","deprecated","/Script/AssetRegistry.AssetRegistry:GetAssetByObjectPath","manual","AssetRegistry","","","","","","unclassified","pending-native-form-source-join"
"48f879ce6ec66fc2415ff193cfefbb0d77cb8fc46bb2f0695729f1a15e9d5b5c","","UBTFunctionLibrary","global-function","FRotator GetBlackboardValueAsRotator(UBTNode NodeOwner, const FBlackboardKeySelector&inout Key)","GetBlackboardValueAsRotator","","FRotator","2","UBTNode;FBlackboardKeySelector","False","True","True","available","/Script/AIModule.BTFunctionLibrary:GetBlackboardValueAsRotator","manual","AIModule","","","","","","unclassified","pending-native-form-source-join"
"492182aa6f330db3bd80adb93333b5d072a9c7e1a76114994660f0346cc5abab","","FQuat","global-function","FVector MakeAngularVelocityFromDeltaRotation(const FQuat&inout DeltaRotation, float32 DeltaTime)","MakeAngularVelocityFromDeltaRotation","","FVector","2","FQuat;float32","False","True","False","available","/Script/AngelscriptRuntime.AngelscriptFQuatStaticLibrary:MakeAngularVelocityFromDeltaRotation","manual","AngelscriptRuntime","Angelscript","","","","","unclassified","pending-native-form-source-join"
"4927ec831000233eb42235cf269dce78f1660b6c7b71d6926709b10ebf54f442","c5e2b13de0c2401f33e77253e039dcb9c96e59ce01f68bba0f1aa9f3ed224c30","","method","void SetSkeletalMeshAsset(USkeletalMesh NewMesh)","SetSkeletalMeshAsset","","void","1","USkeletalMesh","False","False","True","available","/Script/Engine.SkeletalMeshComponent:SetSkeletalMeshAsset","manual","Engine","","","","","","unclassified","pending-native-form-source-join"
"49833f1fc8ecd32056fbf6493b20f1652cca858180e8b6e95204b16335c9addf","","UAngelscriptAbilityAsyncLibrary","global-function","UAbilityAsync_WaitAttributeChanged WaitForAttributeChanged(AActor TargetActor, const FGameplayAttribute&inout Attribute, bool bTriggerOnce = false)","WaitForAttributeChanged","","UAbilityAsync_WaitAttributeChanged","3","AActor;FGameplayAttribute;bool","True","True","True","available","/Script/AngelscriptGAS.AngelscriptAbilityAsyncLibrary:WaitForAttributeChanged","manual","AngelscriptGAS","AngelscriptGAS","","","","","unclassified","pending-native-form-source-join"
"49a759c617a87b83f2f3b906e21ace074aa1df0f5c71b3c5bb4ba9879d374321","53dafc4dc5086ca0c80b77b67c7874ea7848e252d8420707e0d471549b6e36b2","","method","void OnPhotographyMultiPartCaptureEnd()","OnPhotographyMultiPartCaptureEnd","","void","0","","False","False","False","available","/Script/Engine.PlayerCameraManager:OnPhotographyMultiPartCaptureEnd","manual","Engine","","","","","","unclassified","pending-native-form-source-join"
"49d5f61cc3c7265e1bd463cc28a84c584a62f1e77b5cc78cfe024f56c92276b8","","UEnhancedInputLibrary","global-function","UPlayerMappableKeySettings GetPlayerMappableKeySettings(const FEnhancedActionKeyMapping&inout ActionKeyMapping)","GetPlayerMappableKeySettings","","UPlayerMappableKeySettings","1","FEnhancedActionKeyMapping","False","True","False","available","/Script/EnhancedInput.EnhancedInputLibrary:GetPlayerMappableKeySettings","manual","EnhancedInput","EnhancedInput","","","","","unclassified","pending-native-form-source-join"
"49d980570d449ee6cc13cb2055c7e08d89907ebddff5b14d1eae2df0b5bde295","061c90b40526e6537347bd4f5817dbd2e124e0a07d2267c5a3ab507b0c2662ae","","method","void OnJumped()","OnJumped","","void","0","","False","False","False","available","/Script/Engine.Character:OnJumped","manual","Engine","","","","","","unclassified","pending-native-form-source-join"
"4a21a0142130075bf98454b5199f21911497f98983f18a724dc8a4ce949fee94","","UBlueprintSpringMathLibrary","global-function","void VelocitySpringDampVector(FVector&inout InOutX, FVector&inout InOutV, FVector&inout InOutVi, const FVector&inout TargetX, float32 MaxSpeed, float32 DeltaTime, float32 SmoothingTime = 0.200000)","VelocitySpringDampVector","","void","7","FVector;FVector;FVector;FVector;float32;float32;float32","True","True","False","available","/Script/Engine.BlueprintSpringMathLibrary:VelocitySpringDampVector","manual","Engine","","","","","","unclassified","pending-native-form-source-join"
"4a2f1b6f624e31a9067f83e7a1ecd359b486d48f836ad17241d81a223a7fd220","4df085944005dd0da254f067eaae0f4b1a4be877051d3d0cd60138c4207cc987","","method","FFrameRate GetFrameRate() const","GetFrameRate","","FFrameRate","0","","False","False","False","available","/Script/Engine.TimecodeProvider:GetFrameRate","manual","Engine","","","","","","unclassified","pending-native-form-source-join"
"4aac73db547c7d137c65aff6681c580417ee9923f64baa28d0a612311778e703","","WidgetLibrary","global-function","void SetInputMode_GameOnly(APlayerController PlayerController, bool bFlushInput = false)","SetInputMode_GameOnly","","void","2","APlayerController;bool","True","False","True","available","/Script/UMG.WidgetBlueprintLibrary:SetInputMode_GameOnly","manual","UMG","","","","","","unclassified","pending-native-form-source-join"
"4ab0ca0f15c89eb16b77c473f5a8cb52537872cb0a244eed778cd6a41982fd7b","21d382cd7255d52cbb20566516d6b3ceb07797f145c23c7f2383421ca5d88295","","method","void PreConstruct(bool IsDesignTime)","PreConstruct","","void","1","bool","False","False","False","available","/Script/UMG.UserWidget:PreConstruct","manual","UMG","","","","","","unclassified","pending-native-form-source-join"
"4ab77cccb56ad7976f8075641fe7decf1b3d07f6c35fafd25c4bfa908cd725fe","fa24378319ef169d1149805ded22c404f691f2ea8b34352ec52aeaff336adb02","","method","int GetReflectionQuality() const","GetReflectionQuality","","int","0","","False","False","False","available","/Script/Engine.GameUserSettings:GetReflectionQuality","manual","Engine","","","","","","unclassified","pending-native-form-source-join"
"4b15b280a1f6074e3b4866e1ff30c568766b4db21e86ebfa7c1e08f7593201b2","8fb03d2805f10d52065d1c65e9dcd91b4549d6c486b24f525bcd3787c984fb66","","method","bool GetAssetsByClass(FTopLevelAssetPath ClassPathName, FAssetData[]&inout OutAssetData, bool bSearchSubClasses) const","GetAssetsByClass","","bool","3","FTopLevelAssetPath;FAssetData[];bool","False","True","False","available","/Script/AssetRegistry.AssetRegistry:GetAssetsByClass","manual","AssetRegistry","","","","","","unclassified","pending-native-form-source-join"
"4b55a3a5e1c2c2dddfa7cc1525fac609c1d478fd069ec127b956d39f7acdbded","","UBlueprintSpringMathLibrary","global-function","void TrackVelocityQuat(FQuat&inout InOutValue, FVector&inout InOutVelocity, FQuat InValue, float32 DeltaTime)","TrackVelocityQuat","","void","4","FQuat;FVector;FQuat;float32","False","True","False","available","/Script/Engine.BlueprintSpringMathLibrary:TrackVelocityQuat","manual","Engine","","","","","","unclassified","pending-native-form-source-join"
"4b67fecc4e3f2fb7f122f2ca927d313219f0fd3630811d8f0232c2acd341d673","","UGameplayStatics","global-function","void PrimeSound(USoundBase InSound)","PrimeSound","","void","1","USoundBase","False","False","True","available","/Script/Engine.GameplayStatics:PrimeSound","manual","Engine","","","","","","unclassified","pending-native-form-source-join"
"4b751218fc4339f2c584d2a7062608ca0f17f4fbe5ddac2b556165b3090a7427","","UConstraintInstanceBlueprintLibrary","global-function","bool GetParentDominates(FConstraintInstanceAccessor&inout Accessor)","GetParentDominates","","bool","1","FConstraintInstanceAccessor","False","True","False","available","/Script/Engine.ConstraintInstanceBlueprintLibrary:GetParentDominates","manual","Engine","","","","","","unclassified","pending-native-form-source-join"
"4b83885475b0de2512eab8212828c14fd1f252f9b5d7674dd329087a1861e6c7","","WidgetLibrary","global-function","void DrawTextFormatted(FPaintContext&inout Context, const FText&inout Text, FVector2D Position, UFont Font, float32 FontSize = 16.000000, FName FontTypeFace = FName ( """" ), FLinearColor Tint = FLinearColor ( 1.000000 , 1.000000 , 1.000000 , 1.000000 ))","DrawTextFormatted","","void","7","FPaintContext;FText;FVector2D;UFont;float32;FName;FLinearColor","True","True","True","available","/Script/UMG.WidgetBlueprintLibrary:DrawTextFormatted","manual","UMG","","","","","","unclassified","pending-native-form-source-join"
"4b8c1593139bc1fc0b743fe25d1968572dc4a037227f1fd81ffd4f50372b6609","66e8fa3eb6d39fd7ac2555adb43e2e561982b10b1716182fefc8953400ac14b8","","method","FScriptTypedElementHandle[] PasteNormalizedElements(const FScriptTypedElementListProxy&inout ElementList, UWorld World, const FTypedElementPasteOptions&inout PasteOption)","PasteNormalizedElements","","FScriptTypedElementHandle[]","3","FScriptTypedElementListProxy;UWorld;FTypedElementPasteOptions","False","True","True","available","/Script/Engine.TypedElementCommonActions:K2_PasteNormalizedElements","manual","Engine","","","","","","unclassified","pending-native-form-source-join"
"4b8cdbab39f27dfdad8ca5213381203af0bcd746cb21be0641e9df691cbf096c","8fb03d2805f10d52065d1c65e9dcd91b4549d6c486b24f525bcd3787c984fb66","","method","void WaitForPackage(FString PackageName)","WaitForPackage","","void","1","FString","False","False","False","available","/Script/AssetRegistry.AssetRegistry:WaitForPackage","manual","AssetRegistry","","","","","","unclassified","pending-native-form-source-join"
"4baed84c8b48b728bfda70c72066c86ea79fda9def66d549f0accfb2aefa91d0","","UAISense_Damage","global-function","void ReportDamageEvent(UObject WorldContextObject, AActor DamagedActor, AActor Instigator, float32 DamageAmount, FVector EventLocation, FVector HitLocation, FName Tag = NAME_None)","ReportDamageEvent","","void","7","UObject;AActor;AActor;float32;FVector;FVector;FName","True","False","True","available","/Script/AIModule.AISense_Damage:ReportDamageEvent","manual","AIModule","","","","","","unclassified","pending-native-form-source-join"
"4bc234ad4046d522b022732be613f36da3e6dde45de3ec3f5d179a87cc953a27","82b49778050438b5a27d8b1df094f6d3b772d4216282a4dc80a142446a746688","","method","void DrawTexture(UTexture Texture, float32 ScreenX, float32 ScreenY, float32 ScreenW, float32 ScreenH, float32 TextureU, float32 TextureV, float32 TextureUWidth, float32 TextureVHeight, FLinearColor TintColor = FLinearColor ( 1.000000 , 1.000000 , 1.000000 , 1.000000 ), EBlendMode BlendMode = EBlendMode :: BLEND_Translucent, float32 Scale = 1.000000, bool bScalePosition = false, float32 Rotation = 0.000000, FVector2D RotPivot = FVector2D ( ))","DrawTexture","","void","15","UTexture;float32;float32;float32;float32;float32;float32;float32;float32;FLinearColor;EBlendMode;float32;bool;float32;FVector2D","True","False","True","available","/Script/Engine.HUD:DrawTexture","manual","Engine","","","","","","unclassified","pending-native-form-source-join"
"4be06257f2d79d8280af8e896488e527b03fc2425c6111974c114f5204fdc699","0f57e00920afd6a1a9a1258c938a2ce2620b2cd11c885c6355f0447d3358f499","","method","void Reset()","Reset","","void","0","","False","False","False","available","/Script/AngelscriptRuntime.AngelscriptHitResultLibrary:Reset","manual","AngelscriptRuntime","Angelscript","","","","","unclassified","pending-native-form-source-join"
"4bfa985d104d389d122b98df0a91778d717b4b8a7163813ff7d77e7f59a2e8f6","7394d5fa67d40991e30a15aaa08d190dd56fd4d7dcbf0f6e895351f89c684fd4","","method","float32 AngularDistance(const FVector3f&inout B) const","AngularDistance","","float32","1","FVector3f","False","True","False","available","/Script/AngelscriptRuntime.AngelscriptFVector3fMixinLibrary:AngularDistance","manual","AngelscriptRuntime","Angelscript","","","","","unclassified","pending-native-form-source-join"
"4c386ba636164fbb31d10f98953d0053cf12aabc69fabcdef6f19dd99a16f31e","e72266ef590b39a0d7c9a04061e56492357f679277179b594761949892f5fdc9","","method","bool OnBecomeRelevant(AActor MyTarget, const FGameplayCueParameters&inout Parameters)","OnBecomeRelevant","","bool","2","AActor;FGameplayCueParameters","False","True","True","available","/Script/GameplayAbilities.GameplayCueNotify_Actor:WhileActive","manual","GameplayAbilities","GameplayAbilities","","","","","unclassified","pending-native-form-source-join"
"4c4c50e3f768d844ee5da9dc9491f24d052beb1fda1789f25f8a87bbceca1b12","","UConstraintInstanceBlueprintLibrary","global-function","bool GetDisableCollsion(FConstraintInstanceAccessor&inout Accessor)","GetDisableCollsion","","bool","1","FConstraintInstanceAccessor","False","True","False","available","/Script/Engine.ConstraintInstanceBlueprintLibrary:GetDisableCollsion","manual","Engine","","","","","","unclassified","pending-native-form-source-join"
"4c5d676bfb1a4bc3b13c79654f35ba6e75399cd06cd59298d25dede8c1e7eba8","e38ef7ea0f66c8623c024d02acd9c7cb508adde716218283bd4a3eb213c78049","","method","USparseVolumeTextureFrame GetCurrentFrame()","GetCurrentFrame","","USparseVolumeTextureFrame","0","","False","False","False","available","/Script/Engine.AnimatedSparseVolumeTextureController:GetCurrentFrame","manual","Engine","","","","","","unclassified","pending-native-form-source-join"
"4c663a344d722b8a1d79103ff2a836723f3516e35bf74ea924fedd9a4d77b7ac","fa24378319ef169d1149805ded22c404f691f2ea8b34352ec52aeaff336adb02","","method","void EnableHDRDisplayOutput(bool bEnable, int DisplayNits = 1000)","EnableHDRDisplayOutput","","void","2","bool;int","True","False","False","available","/Script/Engine.GameUserSettings:EnableHDRDisplayOutput","manual","Engine","","","","","","unclassified","pending-native-form-source-join"
"4cf2b792edef21dbc8e930a1d1978dc11150e8aeb0602c8c86743de72c0a087b","4159abbd91461ceba2726bc46a803f8fce04f34112fe9e88b20342e21594e437","","method","void Before()","Before","","void","0","","False","False","False","available","/Script/AngelscriptRuntime.LatentAutomationCommand:Before","manual","AngelscriptRuntime","Angelscript","","","","","unclassified","pending-native-form-source-join"
"4d2b84c6d878e839bfb20438c841e179222616bfa840117c5d181fa3f920b1e4","8408ed834089f0d30abf8476c0078c8637280efdb97766920767c790ba00fc66","","method","FGameplayTagContainer GetInputMode() const","GetInputMode","","FGameplayTagContainer","0","","False","False","False","available","/Script/EnhancedInput.EnhancedInputSubsystemInterface:GetInputMode","manual","EnhancedInput","EnhancedInput","","","","","unclassified","pending-native-form-source-join"
"4d3f6b22bd6353c1f39a49f9d700419d9038fe8b71035b0289f3ceb29a4d9463","b15c5085eae7bf1c2f4e71775069fbb1e7c19d74b97cd211cb1909e4eaf4ea60","","method","void Deactivate()","Deactivate","","void","0","","False","False","False","available","/Script/Engine.ActorComponent:Deactivate","manual","Engine","","","","","","unclassified","pending-native-form-source-join"
"4d67f5a4348eee9ef946867b81850912532892900d41fb3cfbc95e71abea46c6","eb9db4974c2c84b3de7248f0dcc19ddbe9fe5a895134ac9ee72db3e7aec44cbf","","method","void AutoSetTangents()","AutoSetTangents","","void","0","","False","False","False","available","/Script/AngelscriptRuntime.RuntimeFloatCurveMixinLibrary:AutoSetTangents","manual","AngelscriptRuntime","Angelscript","","","","","unclassified","pending-native-form-source-join"
"4d6b8ce6585edabcb1197127d9d40bc0cd34e5e9730ced5069e88ae44e0066e8","","FRotator","global-function","FRotator ApplyRelative(const FRotator&inout ParentWorldRotation, const FRotator&inout ChildRelativeRotation)","ApplyRelative","","FRotator","2","FRotator;FRotator","False","True","False","available","/Script/AngelscriptRuntime.AngelscriptFRotatorStaticLibrary:ApplyRelative","manual","AngelscriptRuntime","Angelscript","","","","","unclassified","pending-native-form-source-join"
"4d91102f0fef4c719bf0d1dd42ba680514b3b1129ae889a31e9faaad3a9ad0a7","f60519035adef97968cb4c3e8887b3a6faa8b598236b3fbd765053f809c771a1","","method","bool DeallocateTrack(int TrackIndex)","DeallocateTrack","","bool","1","int","False","False","False","available","/Script/Engine.AnimRuntimeTransformProviderData:DeallocateTrack","manual","Engine","","","","","","unclassified","pending-native-form-source-join"
"4dabf21661ff87980f64d45aefae58a2ff85fc8961483434b80a3ac72c4281d3","fa24378319ef169d1149805ded22c404f691f2ea8b34352ec52aeaff336adb02","","method","FIntPoint GetScreenResolution() const","GetScreenResolution","","FIntPoint","0","","False","False","False","available","/Script/Engine.GameUserSettings:GetScreenResolution","manual","Engine","","","","","","unclassified","pending-native-form-source-join"
"4dd43b5d1a47496714a8f075148783a3f777aa5b45895e2ee0c9c989f6bdb1a0","27ddad6fedf9b8f7de9094a8b871547cb583cd27bb8201d52384c0d6916b16c2","","method","void SetHorizontalAlignment(EHorizontalAlignment InHorizontalAlignment)","SetHorizontalAlignment","","void","1","EHorizontalAlignment","False","False","False","available","/Script/UMG.WrapBoxSlot:SetHorizontalAlignment","manual","UMG","","","","","","unclassified","pending-native-form-source-join"
"4dd7bc91846363e8aa7438390647e0b68ccb4603193db8c950f59115ecff89d1","","UBlueprintSpringMathLibrary","global-function","void CubicInertializeTransitionRotator(FRotator&inout InOutRotationOffset, FVector&inout InOutAngularVelocityOffset, FRotator InSrcRotation, FVector InSrcAngularVelocity, FRotator InDstRotation, FVector InDstAngularVelocity, float32 TimeSinceTransition, float32 BlendTime = 0.200000)","CubicInertializeTransitionRotator","","void","8","FRotator;FVector;FRotator;FVector;FRotator;FVector;float32;float32","True","True","False","available","/Script/Engine.BlueprintSpringMathLibrary:CubicInertializeTransitionRotator","manual","Engine","","","","","","unclassified","pending-native-form-source-join"
"4de4cd3a92b7cbbca012a8d249be1e0d58fc0358f80d6a5edbb82e3509b476ce","4f8e7441dd6629847eb00d9f80705d20098ad235220d252c2a2c723530d64500","","method","bool CanScaleElement(const FScriptTypedElementHandle&inout InElementHandle)","CanScaleElement","","bool","1","FScriptTypedElementHandle","False","True","False","available","/Script/Engine.TypedElementWorldInterface:CanScaleElement","manual","Engine","","","","","","unclassified","pending-native-form-source-join"
"4e3d9a08c87269ef22fc3432c36bcc3768171a1404a3054fb8ca7052af6ffaed","","UBlueprintSpringMathLibrary","global-function","void CubicInertializeTransitionScale(FVector&inout InOutScaleOffset, FVector&inout InOutScalarVelocityOffset, FVector InSrcScale, FVector InSrcScalarVelocity, FVector InDstScale, FVector InDstScalarVelocity, float32 TimeSinceTransition, float32 BlendTime = 0.200000)","CubicInertializeTransitionScale","","void","8","FVector;FVector;FVector;FVector;FVector;FVector;float32;float32","True","True","False","available","/Script/Engine.BlueprintSpringMathLibrary:CubicInertializeTransitionScale","manual","Engine","","","","","","unclassified","pending-native-form-source-join"
"4e6d159cca5f77d7ffd5fc8c9bd4cb96a280a80ae25b3f07179d3bb7e5fa228e","e79731b5adbffddf1d9cec9129f08c3b8e65d6c8cdcaacc654c4e7162dc85a69","","method","bool RemoveChildEvaluationContext(UObject ChildEvaluationContextOwner, FName ChildSlotName)","RemoveChildEvaluationContext","","bool","2","UObject;FName","False","False","True","available","/Script/GameplayCameras.BlueprintCameraDirectorEvaluator:RemoveChildEvaluationContext","manual","GameplayCameras","GameplayCameras","","","","","unclassified","pending-native-form-source-join"
"4f1b79d24ac9a7af84dff2f762958c1f238cc1c9dfd9f1dda27ca11c033bfaad","","UGameplayStatics","global-function","bool AreAnyListenersWithinRange(const UObject WorldContextObject, const FVector&inout Location, float32 MaximumRange)","AreAnyListenersWithinRange","","bool","3","const UObject;FVector;float32","False","True","True","available","/Script/Engine.GameplayStatics:AreAnyListenersWithinRange","manual","Engine","","","","","","unclassified","pending-native-form-source-join"
"4f1fea519746819895034ba9af3605ad3d9be188e2ccdd89b93d91250f96a2f7","","UConstraintInstanceBlueprintLibrary","global-function","void SetLinearSoftLimitParams(FConstraintInstanceAccessor&inout Accessor, bool bSoftLinearLimit, float32 LinearLimitStiffness, float32 LinearLimitDamping, float32 LinearLimitRestitution, float32 LinearLimitContactDistance)","SetLinearSoftLimitParams","","void","6","FConstraintInstanceAccessor;bool;float32;float32;float32;float32","False","True","False","available","/Script/Engine.ConstraintInstanceBlueprintLibrary:SetLinearSoftLimitParams","manual","Engine","","","","","","unclassified","pending-native-form-source-join"
"4f26f8573fa32e065a0c875f0b5e68055e60b38b36a7a2a314ba3c419fc78ce9","39cb973d05d8085ad37bb26adc1a74cb06aa0c10800b6ec5fec40eacc3bcff1e","","method","bool EvaluateCondition(const FMovieSceneConditionContext&inout ConditionContext) const","EvaluateCondition","","bool","1","FMovieSceneConditionContext","False","True","False","available","/Script/MovieScene.MovieSceneCondition:BP_EvaluateCondition","manual","MovieScene","","","","","","unclassified","pending-native-form-source-join"
"4f5e6166e3064c67c8856eaac11ca2a42eb5d6f1c8322ede2c0a69086387e63b","af227d35a24db9f5ce01b0ebcf9f55bd104b5cf86322c7403be4d525e4a5041b","","method","AController GetInstigatorController() const","GetInstigatorController","","AController","0","","False","False","False","available","/Script/Engine.Actor:GetInstigatorController","manual","Engine","","","","","","unclassified","pending-native-form-source-join"
"4f878fe49fb9d1575a7c83d7d65673fb2e8ca443f2536e035bcf8440a68c8c72","be62f0cbbf09d73bb841fde0d378a8be9b9926f6268a1e34c670edd34ff5ba1f","","method","void LatentEnterState(const FStateTreeTransitionResult&inout Transition)","LatentEnterState","","void","1","FStateTreeTransitionResult","False","True","False","available","/Script/StateTreeModule.StateTreeTaskBlueprintBase:ReceiveLatentEnterState","manual","StateTreeModule","StateTree","","","","","unclassified","pending-native-form-source-join"
"4f887f4cf2f48ea1fd06ad5681002f4962394ac819694cedfaa780743671c77d","","UGameplayStatics","global-function","void AnnounceAccessibleString(FString AnnouncementString)","AnnounceAccessibleString","","void","1","FString","False","False","False","available","/Script/Engine.GameplayStatics:AnnounceAccessibleString","manual","Engine","","","","","","unclassified","pending-native-form-source-join"
"4f946dd7a667a373e5d94632acd3c8872393f63775b004c494774455d18fe6fa","21d382cd7255d52cbb20566516d6b3ceb07797f145c23c7f2383421ca5d88295","","method","void OnAnimationFinished(const UWidgetAnimation Animation)","OnAnimationFinished","","void","1","const UWidgetAnimation","False","False","True","available","/Script/UMG.UserWidget:OnAnimationFinished","manual","UMG","","","","","","unclassified","pending-native-form-source-join"
"4f95e478c7e51242c52007b0c8b10d9b1aba4fdff2128cc3c6d552a995610517","10d28a6a7e73a717185afd3be4dfea0d4bfa305cabdc727398179250ceec9e1f","","method","float32 GetCurrentAnimationNotifyStateTime() const","GetCurrentAnimationNotifyStateTime","","float32","0","","False","False","False","available","/Script/Engine.AnimNotifyLibrary:GetCurrentAnimationNotifyStateTime","manual","Engine","","","","","","unclassified","pending-native-form-source-join"
"4fa44b437cb1bc0aa69981d8b6b95cfeb192d9a06ddb244974c785e6bdbcc0a7","6e9dcc4f18691047675fdf57eab25aa058a26b825c43334757a1d3be615ff8ea","","method","bool WasLoaded() const","WasLoaded","","bool","0","","False","False","False","available","/Script/Engine.LocalPlayerSaveGame:WasLoaded","manual","Engine","","","","","","unclassified","pending-native-form-source-join"
"4fb11370f08077553f47d7d716610755184436a7d580101a0dac92e231c2b003","8408ed834089f0d30abf8476c0078c8637280efdb97766920767c790ba00fc66","","method","UEnhancedInputUserSettings GetUserSettings() const","GetUserSettings","","UEnhancedInputUserSettings","0","","False","False","False","available","/Script/EnhancedInput.EnhancedInputSubsystemInterface:GetUserSettings","manual","EnhancedInput","EnhancedInput","","","","","unclassified","pending-native-form-source-join"
"4fcadecb5937d375edb6eaca3bc2fd8faa0628394d4144de5848615487e983a5","8fb03d2805f10d52065d1c65e9dcd91b4549d6c486b24f525bcd3787c984fb66","","method","FAssetData K2_GetAssetByObjectPath(const FSoftObjectPath&inout ObjectPath, bool bIncludeOnlyOnDiskAssets, bool bSkipARFilteredAssets) const","K2_GetAssetByObjectPath","","FAssetData","3","FSoftObjectPath;bool;bool","False","True","False","available","/Script/AssetRegistry.AssetRegistry:K2_GetAssetByObjectPath","manual","AssetRegistry","","","","","","unclassified","pending-native-form-source-join"
"4fe0c41082d9f0950e14f3b1137b4ccccd5e6c032ebcf5428c699771c67fea01","0f57e00920afd6a1a9a1258c938a2ce2620b2cd11c885c6355f0447d3358f499","","method","void SetComponent(UPrimitiveComponent InComponent)","SetComponent","","void","1","UPrimitiveComponent","False","False","True","available","/Script/AngelscriptRuntime.AngelscriptHitResultLibrary:SetComponent","manual","AngelscriptRuntime","Angelscript","","","","","unclassified","pending-native-form-source-join"
"4fe5afa31ae1f0028dac13d97e31f00bfdd591aa894ae2b2f36bb76a135b2210","857beee1e323b53bbcc34a4017f8871f21d9f3952b5e6515656dc391547abc23","","method","bool IsRecording() const","IsRecording","","bool","0","","False","False","False","available","/Script/Engine.ReplaySubsystem:IsRecording","manual","Engine","","","","","","unclassified","pending-native-form-source-join"
"4ff6c61fc586c8f2b857aa2d2892cc58c5fda906eb84ac467cfb243e779d50f0","82b49778050438b5a27d8b1df094f6d3b772d4216282a4dc80a142446a746688","","method","void HitBoxBeginCursorOver(FName BoxName)","HitBoxBeginCursorOver","","void","1","FName","False","False","False","available","/Script/Engine.HUD:ReceiveHitBoxBeginCursorOver","manual","Engine","","","","","","unclassified","pending-native-form-source-join"
"4ffa52c40d67efacad4e75fa24fe200b58e3295bd079242273bee4ffcea38eb6","93cb40407e6142bb73d2390bec05959d899ccd6f736f65d07f20a60120aee144","","method","void StopSimulating(const FHitResult&inout HitResult)","StopSimulating","","void","1","FHitResult","False","True","False","available","/Script/Engine.ProjectileMovementComponent:StopSimulating","manual","Engine","","","","","","unclassified","pending-native-form-source-join"
"5014a4d2f66248a666c49ed292e20582bae94e7fc1e06d331cb82e7cfe07613d","","UBlueprintSpringMathLibrary","global-function","FVector2D SpringInertializeApplyToVector2D(FVector2D InValue, FVector2D InValueOffset, FVector2D InVelocityOffset, float32 TimeSinceTransition, float32 SmoothingTime = 0.200000)","SpringInertializeApplyToVector2D","","FVector2D","5","FVector2D;FVector2D;FVector2D;float32;float32","True","False","False","available","/Script/Engine.BlueprintSpringMathLibrary:SpringInertializeApplyToVector2D","manual","Engine","","","","","","unclassified","pending-native-form-source-join"
"507624faef99b8e012415ed317dc900b624f9f84b424350bce44c36d50f2e025","","SlateLibrary","global-function","FVector2D AbsoluteToLocal(const FGeometry&inout Geometry, FVector2D AbsoluteCoordinate)","AbsoluteToLocal","","FVector2D","2","FGeometry;FVector2D","False","True","False","available","/Script/UMG.SlateBlueprintLibrary:AbsoluteToLocal","manual","UMG","","","","","","unclassified","pending-native-form-source-join"
"50892e63a31d5f68757f06aa112bfbc2cda88995afa5150ff9d655d4973191d9","a048e09fab5b35c796657bb67d416dd5c79c96ad1914c69990329d6bc1e2dc7a","","method","void ServerMutePlayer(FUniqueNetIdRepl PlayerId)","ServerMutePlayer","","void","1","FUniqueNetIdRepl","False","False","False","available","/Script/Engine.PlayerController:ServerMutePlayer","manual","Engine","","","","","","unclassified","pending-native-form-source-join"
"50895b1cbcba25f54040e9c0d5966c980c66810da1c0cc54a3eb48fdf35a8b2b","82b49778050438b5a27d8b1df094f6d3b772d4216282a4dc80a142446a746688","","method","void GetTextSize(FString Text, float32&inout OutWidth, float32&inout OutHeight, UFont Font = nullptr, float32 Scale = 1.000000) const","GetTextSize","","void","5","FString;float32;float32;UFont;float32","True","True","True","available","/Script/Engine.HUD:GetTextSize","manual","Engine","","","","","","unclassified","pending-native-form-source-join"
"50b3216930ae15a822bf16dd93194569a29ace046d429c55fba24b0d33b6bee1","6635e66d151ec49f6b338925ba52f6e2fe281f21d55bb59d19a28771729a2812","","method","void DoItemGenerationFromActors(const AActor[]&inout ContextActors) const","DoItemGenerationFromActors","","void","1","AActor[]","False","True","False","available","/Script/AIModule.EnvQueryGenerator_BlueprintBase:DoItemGenerationFromActors","manual","AIModule","","","","","","unclassified","pending-native-form-source-join"
"50b84bd3f2256d04ec618a2ab82f0464e03bd200834629865baa5b56471519c4","0fcb3c247d6b30fdf52800684776762ea5ecc3460b9e5e9080a261a01be856ce","","method","bool Equals(const FRuntimeFloatCurve&inout Other) const","Equals","","bool","1","FRuntimeFloatCurve","False","True","False","available","/Script/AngelscriptRuntime.RuntimeFloatCurveMixinLibrary:Equals","manual","AngelscriptRuntime","Angelscript","","","","","unclassified","pending-native-form-source-join"
"50bf7247635b2a4786e6ef4aafaf691c7e8c2162c1dd67e739365e5f1748d1d2","","UBlueprintSpringMathLibrary","global-function","void CubicInertializeTransitionQuat(FQuat&inout InOutRotationOffset, FVector&inout InOutAngularVelocityOffset, FQuat InSrcRotation, FVector InSrcAngularVelocity, FQuat InDstRotation, FVector InDstAngularVelocity, float32 TimeSinceTransition, float32 BlendTime = 0.200000)","CubicInertializeTransitionQuat","","void","8","FQuat;FVector;FQuat;FVector;FQuat;FVector;float32;float32","True","True","False","available","/Script/Engine.BlueprintSpringMathLibrary:CubicInertializeTransitionQuat","manual","Engine","","","","","","unclassified","pending-native-form-source-join"
"510c68c274e9396d36078b30d0c6edd34af6f5568cb1cb30466ca8c3523381d2","9c17a49779346891bb3f8949fbd1c45b202dbf0f858f13883b85f158746266e5","","method","void SetEntryHeight(float32 NewHeight)","SetEntryHeight","","void","1","float32","False","False","False","available","/Script/UMG.TileView:SetEntryHeight","manual","UMG","","","","","","unclassified","pending-native-form-source-join"
"51202c1dc9eb20c1424c6f18b2bd8f20374615c30a2c80c01a84b6e829ad9ec6","48c1111f70539cbd6d1285d6bc2c25f4629fe1bf1442d7fdc4750982eff660e1","","method","bool GetIgnoreTimeDilation() const","GetIgnoreTimeDilation","","bool","0","","False","False","False","available","/Script/Engine.TimelineComponent:GetIgnoreTimeDilation","manual","Engine","","","","","","unclassified","pending-native-form-source-join"
"5156ca79594ff3a2acd555b3ef5ff69ad7dd8f504306396dfb1a23dea0f517a2","","Math","global-function","FTransform TInterpTo(const FTransform&inout Current, const FTransform&inout Target, float32 DeltaTime, float32 InterpSpeed)","TInterpTo","","FTransform","4","FTransform;FTransform;float32;float32","False","True","False","available","/Script/AngelscriptRuntime.AngelscriptMathLibrary:TInterpTo","manual","AngelscriptRuntime","Angelscript","","","","","unclassified","pending-native-form-source-join"
"52060248810202550fbb5da0616dfda0e6ef91bcc7aa2ac46d13123c69f5ed4e","","UWidgetLayoutLibrary","global-function","UScrollBoxSlot SlotAsScrollBoxSlot(UWidget Widget)","SlotAsScrollBoxSlot","","UScrollBoxSlot","1","UWidget","False","False","True","available","/Script/UMG.WidgetLayoutLibrary:SlotAsScrollBoxSlot","manual","UMG","","","","","","unclassified","pending-native-form-source-join"
"5237e3045adbe9d5e6f10bacae2948dd608d1a8f5614ccc56f1c97213d2981ce","c20244b47ee8508006d90b0eb2fff6802cbb4dfa9fab6cc140fbcd05be77de57","","method","bool PerformConditionCheckAI(AAIController OwnerController, APawn ControlledPawn)","PerformConditionCheckAI","","bool","2","AAIController;APawn","False","False","True","available","/Script/AIModule.BTDecorator_BlueprintBase:PerformConditionCheckAI","manual","AIModule","","","","","","unclassified","pending-native-form-source-join"
"5240e62cd6394bd2efb183c298e10cdb4e69e1f68a46fe7c22bd0750df221687","95c5bd2590e7410565721b207a1d17bc6be9388f92234c7eba4b0ba57a3a44b1","","method","bool DuplicateAttribute(const FAnimationAttributeIdentifier&inout AttributeIdentifier, const FAnimationAttributeIdentifier&inout NewAttributeIdentifier, bool bShouldTransact)","DuplicateAttribute","","bool","3","FAnimationAttributeIdentifier;FAnimationAttributeIdentifier;bool","False","True","False","available","/Script/Engine.AnimationDataController:DuplicateAttribute","manual","Engine","","","","","","unclassified","pending-native-form-source-join"
"529a35ca4a2c70b4032ecccff07cd1db68783974a34c0eb59075ca0b005d1a1d","061c90b40526e6537347bd4f5817dbd2e124e0a07d2267c5a3ab507b0c2662ae","","method","void OnStartCrouch(float32 HalfHeightAdjust, float32 ScaledHalfHeightAdjust)","OnStartCrouch","","void","2","float32;float32","False","False","False","available","/Script/Engine.Character:K2_OnStartCrouch","manual","Engine","","","","","","unclassified","pending-native-form-source-join"
"52a65539ff218845c2c7bfcf6e6ba8d4baf3f5cd7243e9de32081e9cb0383f49","","UBlueprintSpringMathLibrary","global-function","float32 ConvertStrengthToSmoothingTime(float32 Strength)","ConvertStrengthToSmoothingTime","","float32","1","float32","False","False","False","available","/Script/Engine.BlueprintSpringMathLibrary:ConvertStrengthToSmoothingTime","manual","Engine","","","","","","unclassified","pending-native-form-source-join"
"52a8039f9e663532ad5fca21fe89c076713a368891b751f5145dae0fedadba59","","UBlueprintSpringMathLibrary","global-function","void TrackVelocityVector2D(FVector2D&inout InOutValue, FVector2D&inout InOutVelocity, FVector2D InValue, float32 DeltaTime)","TrackVelocityVector2D","","void","4","FVector2D;FVector2D;FVector2D;float32","False","True","False","available","/Script/Engine.BlueprintSpringMathLibrary:TrackVelocityVector2D","manual","Engine","","","","","","unclassified","pending-native-form-source-join"
"52aba486e6d11d2db4695111946edf0da2eb641f0256655f05ca42ccf90d207a","","WidgetLibrary","global-function","FEventReply CaptureJoystick(FEventReply&inout Reply, UWidget CapturingWidget, bool bInAllJoysticks = false)","CaptureJoystick","","FEventReply","3","FEventReply;UWidget;bool","True","True","True","deprecated","/Script/UMG.WidgetBlueprintLibrary:CaptureJoystick","manual","UMG","","","","","","unclassified","pending-native-form-source-join"
"52e9f265c5991d8616f8fde54ddc1109785ea84b3218728698bd5208da1472f7","05ca90096d1d613b3b7471d750a402762d6db71ef84b8fabaedc0a1ba79d0cb8","","method","FVector GetForwardVector() const","GetForwardVector","","FVector","0","","False","False","False","available","/Script/AngelscriptRuntime.AngelscriptFRotatorLibrary:GetForwardVector","manual","AngelscriptRuntime","Angelscript","","","","","unclassified","pending-native-form-source-join"
"53365eab9617cb84840998fd869d6487df2f554586cfadfad228970635d308cc","4f8e7441dd6629847eb00d9f80705d20098ad235220d252c2a2c723530d64500","","method","bool SetWorldTransform(const FScriptTypedElementHandle&inout InElementHandle, const FTransform&inout InTransform)","SetWorldTransform","","bool","2","FScriptTypedElementHandle;FTransform","False","True","False","available","/Script/Engine.TypedElementWorldInterface:SetWorldTransform","manual","Engine","","","","","","unclassified","pending-native-form-source-join"
"535b9bc75e0d97589dbdcb9bce8c9d766c59c73d1669b5dff077d891d2aa8521","11dabff3ebe856ce7caa89795572004898ad948fcfcf0ccffb022dd91ce01ec4","","method","UPrimitiveComponent GetGrabbedComponent() const","GetGrabbedComponent","","UPrimitiveComponent","0","","False","False","False","available","/Script/Engine.PhysicsHandleComponent:GetGrabbedComponent","manual","Engine","","","","","","unclassified","pending-native-form-source-join"
"536afecbb29ac54dfc904a94614accdad106e6586d6ecd5cad5d79536c3573a9","86d71caf2d967afe99217b674130a0a5f9087028ed6a84b598ace9a9b04f9bcd","","method","void SetHorizontalAlignment(EHorizontalAlignment InHorizontalAlignment)","SetHorizontalAlignment","","void","1","EHorizontalAlignment","False","False","False","available","/Script/UMG.WidgetSwitcherSlot:SetHorizontalAlignment","manual","UMG","","","","","","unclassified","pending-native-form-source-join"
"53754d9cf3e34968cdc0049975dcfda7dbae38ad784d786ec100e5449d03eaeb","","UGameplayStatics","global-function","void SetGlobalPitchModulation(const UObject WorldContextObject, float32 PitchModulation, float32 TimeSec)","SetGlobalPitchModulation","","void","3","const UObject;float32;float32","False","False","True","available","/Script/Engine.GameplayStatics:SetGlobalPitchModulation","manual","Engine","","","","","","unclassified","pending-native-form-source-join"
"53d5ed7b19774c98e69376cf4d7ca2653613fd0c697d6111a6a59575de79a302","877242e59f270f3007210bf5cd3764d6f9178a314708334fc1089e9ccdd2d912","","method","bool IsLocalController() const","IsLocalController","","bool","0","","False","False","False","available","/Script/Engine.Controller:IsLocalController","manual","Engine","","","","","","unclassified","pending-native-form-source-join"
"53e2344ff36058e873fea8da42291177574c7df6a5f93bf07e4482d44d263d44","dcbe6a4de4dbdb93b7fc19d41c5146c3ec0eaaa586a61d279c80185aa5a8a3ce","","method","UFXSystemComponent[] GetParticleComponents() const","GetParticleComponents","","UFXSystemComponent[]","0","","False","False","False","available","/Script/Engine.CameraLensEffectInterface:GetParticleComponents","manual","Engine","","","","","","unclassified","pending-native-form-source-join"
"53fbbfa3fac711562b192ac8323354a5a1f2162fc6c15779f0fd775fa7787f37","d3c26b09cb69440ef5cea48b8cd2bb16451c461ce4aa3cafa3d573c20dfad90d","","method","void BlueprintUpdateAnimation(float32 DeltaTimeX)","BlueprintUpdateAnimation","","void","1","float32","False","False","False","available","/Script/Engine.AnimInstance:BlueprintUpdateAnimation","manual","Engine","","","","","","unclassified","pending-native-form-source-join"
"543181b423119a2bd8d762109e7ceb67bda4a6a973252baee059ead55d76952b","95c5bd2590e7410565721b207a1d17bc6be9388f92234c7eba4b0ba57a3a44b1","","method","void Resize(float32 Length, float32 T0, float32 T1, bool bShouldTransact)","Resize","","void","4","float32;float32;float32;bool","False","False","False","deprecated","/Script/Engine.AnimationDataController:Resize","manual","Engine","","","","","","unclassified","pending-native-form-source-join"
"543694e272d66a22733e90e1d96fa0f1380ee573055912690762305e8ae6a6fd","","InternationalizationLibrary","global-function","bool SetCurrentLanguage(FString Culture, bool SaveToConfig = false)","SetCurrentLanguage","","bool","2","FString;bool","True","False","False","available","/Script/Engine.KismetInternationalizationLibrary:SetCurrentLanguage","manual","Engine","","","","","","unclassified","pending-native-form-source-join"
"5453dea43809a1bbd58e05a4617b6ed5be57605888891c6ffd397997d04a744c","857beee1e323b53bbcc34a4017f8871f21d9f3952b5e6515656dc391547abc23","","method","float32 GetReplayCurrentTime() const","GetReplayCurrentTime","","float32","0","","False","False","False","available","/Script/Engine.ReplaySubsystem:GetReplayCurrentTime","manual","Engine","","","","","","unclassified","pending-native-form-source-join"
"5475865da4c8ff5277236945be428ddc66d3ca9384f5136b0e81bc353818f2cd","","UGameplayStatics","global-function","FHitResult MakeHitResult(bool bBlockingHit, bool bInitialOverlap, float32 Time, float32 Distance, FVector Location, FVector ImpactPoint, FVector Normal, FVector ImpactNormal, UPhysicalMaterial PhysMat, AActor HitActor, UPrimitiveComponent HitComponent, FName HitBoneName, FName BoneName, int HitItem, int ElementIndex, int FaceIndex, FVector TraceStart, FVector TraceEnd)","MakeHitResult","","FHitResult","18","bool;bool;float32;float32;FVector;FVector;FVector;FVector;UPhysicalMaterial;AActor;UPrimitiveComponent;FName;FName;int;int;int;FVector;FVector","False","False","True","available","/Script/Engine.GameplayStatics:MakeHitResult","manual","Engine","","","","","","unclassified","pending-native-form-source-join"
"5488370e319316d567dbc9cd15844a35bbdf3fffc899996524ed276a51be9ca4","f114739dad8eec28fa480409a4fe844f0d95d53ddc54fb1dd0d2b1c16ec0a9d7","","method","bool SetPlayRate(int TrackIndex, int LayerIndex, float32 PlayRate)","SetPlayRate","","bool","3","int;int;float32","False","False","False","available","/Script/Engine.AnimSequenceTransformProviderDataInstance:SetPlayRate","manual","Engine","","","","","","unclassified","pending-native-form-source-join"
"54d5e5069fa38381d0f099d31979aac1a8bb41e2f92247f17b16276566ca0fff","21d382cd7255d52cbb20566516d6b3ceb07797f145c23c7f2383421ca5d88295","","method","FEventReply OnMouseButtonDown(FGeometry MyGeometry, const FPointerEvent&inout MouseEvent)","OnMouseButtonDown","","FEventReply","2","FGeometry;FPointerEvent","False","True","False","available","/Script/UMG.UserWidget:OnMouseButtonDown","manual","UMG","","","","","","unclassified","pending-native-form-source-join"
"55057112631e9aca0211dd8af8fbd6c40d28c18fdf0535543c639a71d3383e91","1c63e38631f9e24b16de7e6806982018e3b614f211572565ce2702db73d16f97","","method","bool IsVisible(const FToolMenuContext&inout Context) const","IsVisible","","bool","1","FToolMenuContext","False","True","False","available","/Script/ToolMenus.ToolMenuEntryScript:IsVisible","manual","ToolMenus","","","","","","unclassified","pending-native-form-source-join"
"55192a8afd3764867f3890804afc200123bf46053d67a49cce6d25b5b09eab78","95c5bd2590e7410565721b207a1d17bc6be9388f92234c7eba4b0ba57a3a44b1","","method","bool SetCurveColor(const FAnimationCurveIdentifier&inout CurveId, FLinearColor Color, bool bShouldTransact)","SetCurveColor","","bool","3","FAnimationCurveIdentifier;FLinearColor;bool","False","True","False","available","/Script/Engine.AnimationDataController:SetCurveColor","manual","Engine","","","","","","unclassified","pending-native-form-source-join"
"55338922520e2baad8776bad2fded63b733d89256a63a24abad5c3a19b57c731","77def77c7e6a035ee4f4c7688b4b8f0cb2dc712bf20e4a9fb8b7207990f0f262","","method","void OnParametersInitialized()","OnParametersInitialized","","void","0","","False","False","False","available","/Script/GameplayAbilities.GameplayAbilityWorldReticle:OnParametersInitialized","manual","GameplayAbilities","GameplayAbilities","","","","","unclassified","pending-native-form-source-join"
"5574bbd626be8737a7ca0c48517b4dee62953b7ed31de934b8cea6bdc108c5ff","a6aa67985a5e65d2276dd4d90be7ddbd8156210ef5aba5f40d929026aa763364","","method","void ScriptedSetReimportSourceIndex(UClass ReimportObjectClass, int SourceFileIndex)","ScriptedSetReimportSourceIndex","","void","2","UClass;int","False","False","True","available","/Script/InterchangeCore.InterchangePipelineBase:ScriptedSetReimportSourceIndex","manual","InterchangeCore","","","","","","unclassified","pending-native-form-source-join"
"5579bb7b10da17dd0d7afca7b449271d52a656cd694b57df6745b93a0f348632","8fb03d2805f10d52065d1c65e9dcd91b4549d6c486b24f525bcd3787c984fb66","","method","bool GetAssets(const FARFilter&inout Filter, FAssetData[]&inout OutAssetData, bool bSkipARFilteredAssets) const","GetAssets","","bool","3","FARFilter;FAssetData[];bool","False","True","False","available","/Script/AssetRegistry.AssetRegistry:GetAssets","manual","AssetRegistry","","","","","","unclassified","pending-native-form-source-join"
"5592110755fb8b6b5b3d4975d28960bd39c9a111396594ff904700d81c9b8597","","UBlueprintSpringMathLibrary","global-function","void CriticalDoubleSpringDampFloat(float32&inout InOutX, float32&inout InOutV, float32&inout InOutXi, float32&inout InOutVi, const float32&inout TargetX, float32 DeltaTime, float32 SmoothingTime = 0.200000)","CriticalDoubleSpringDampFloat","","void","7","float32;float32;float32;float32;float32;float32;float32","True","True","False","available","/Script/Engine.BlueprintSpringMathLibrary:CriticalDoubleSpringDampFloat","manual","Engine","","","","","","unclassified","pending-native-form-source-join"
"559606b0c389c8d1ba71c0e9735c8bbef26dc18a71603d4011446d2a6f5479dc","48c1111f70539cbd6d1285d6bc2c25f4629fe1bf1442d7fdc4750982eff660e1","","method","void SetTimelinePostUpdateFunc(FOnTimelineEvent NewTimelinePostUpdateFunc = FOnTimelineEvent ( ))","SetTimelinePostUpdateFunc","","void","1","FOnTimelineEvent","True","False","False","available","/Script/Engine.TimelineComponent:SetTimelinePostUpdateFunc","manual","Engine","","","","","","unclassified","pending-native-form-source-join"
"55e82aad6dd10f73ccc9fca1a81e9e3770878be0088003fee942fa7f0ee74968","f0aca1eb8212b6ae105fbd2e8ce832acd1bbecadccf250fab8d979683cc5058a","","method","int GetNumberOfTransformCurves() const","GetNumberOfTransformCurves","","int","0","","False","False","False","available","/Script/Engine.AnimationDataModel:GetNumberOfTransformCurves","manual","Engine","","","","","","unclassified","pending-native-form-source-join"
"560b91802d1c3df6ac8b88a46e9f773a88633769ae025a1aa068046a7de45f7c","","UConstraintInstanceBlueprintLibrary","global-function","void GetOrientationDriveTwistAndSwing(FConstraintInstanceAccessor&inout Accessor, bool&inout bOutEnableTwistDrive, bool&inout bOutEnableSwingDrive)","GetOrientationDriveTwistAndSwing","","void","3","FConstraintInstanceAccessor;bool;bool","False","True","False","available","/Script/Engine.ConstraintInstanceBlueprintLibrary:GetOrientationDriveTwistAndSwing","manual","Engine","","","","","","unclassified","pending-native-form-source-join"
"560e5484e687d77642a39078c86ea29af023d0e9440350f33b82565cd668bf91","","UBlueprintSpringMathLibrary","global-function","void SpringInertializeTransitionFloat(float32&inout InOutValueOffset, float32&inout InOutVelocityOffset, float32 InSrcValue, float32 InSrcVelocity, float32 InDstValue, float32 InDstVelocity, float32 TimeSinceTransition, float32 SmoothingTime = 0.200000)","SpringInertializeTransitionFloat","","void","8","float32;float32;float32;float32;float32;float32;float32;float32","True","True","False","available","/Script/Engine.BlueprintSpringMathLibrary:SpringInertializeTransitionFloat","manual","Engine","","","","","","unclassified","pending-native-form-source-join"
"5612153c0774b1bd1d0dfdd7aa7130f5470f9a911ad2eb34b8f351fd317d746f","877242e59f270f3007210bf5cd3764d6f9178a314708334fc1089e9ccdd2d912","","method","void ClientSetLocation(FVector NewLocation, FRotator NewRotation)","ClientSetLocation","","void","2","FVector;FRotator","False","False","False","available","/Script/Engine.Controller:ClientSetLocation","manual","Engine","","","","","","unclassified","pending-native-form-source-join"
"563ca8f214b146721bb55607a63508a676bc4ba31178b4fa35cdbf27d44ee22d","f114739dad8eec28fa480409a4fe844f0d95d53ddc54fb1dd0d2b1c16ec0a9d7","","method","int AllocateTrack()","AllocateTrack","","int","0","","False","False","False","available","/Script/Engine.AnimSequenceTransformProviderDataInstance:AllocateTrack","manual","Engine","","","","","","unclassified","pending-native-form-source-join"
"5645e2c4fd63ed0e05b10c31f482ef358f48947a1a8a80b57df92fe7a09beb17","061c90b40526e6537347bd4f5817dbd2e124e0a07d2267c5a3ab507b0c2662ae","","method","void ServerMoveDualHybridRootMotion(float32 TimeStamp0, FVector InAccel0, uint8 PendingFlags, uint View0, float32 TimeStamp, FVector InAccel, FVector ClientLoc, uint8 NewFlags, uint8 ClientRoll, uint View, UPrimitiveComponent ClientMovementBase, FName ClientBaseBoneName, uint8 ClientMovementMode)","ServerMoveDualHybridRootMotion","","void","13","float32;FVector;uint8;uint;float32;FVector;FVector;uint8;uint8;uint;UPrimitiveComponent;FName;uint8","False","False","True","available","/Script/Engine.Character:ServerMoveDualHybridRootMotion","manual","Engine","","","","","","unclassified","pending-native-form-source-join"
"565311ab577dc293cf8f72bf4291ae4c1f00eb48ed57f8d5f18f5dc4e892e5d2","c20244b47ee8508006d90b0eb2fff6802cbb4dfa9fab6cc140fbcd05be77de57","","method","void ObserverDeactivated(AActor OwnerActor)","ObserverDeactivated","","void","1","AActor","False","False","True","available","/Script/AIModule.BTDecorator_BlueprintBase:ReceiveObserverDeactivated","manual","AIModule","","","","","","unclassified","pending-native-form-source-join"
"567b9075c139423776919f97ddb93330277c3858697dea4cd853586b4841f237","4ef6513a458bd0e28ebe650578115f2f3e128d6c45d3d294c1d1052c204d671e","","method","bool SetDisplayName(const FScriptTypedElementHandle&inout InElementHandle, FText InNewName, bool bNotify)","SetDisplayName","","bool","3","FScriptTypedElementHandle;FText;bool","False","True","False","available","/Script/TypedElementFramework.TestTypedElementInterfaceA:SetDisplayName","manual","TypedElementFramework","","","","","","unclassified","pending-native-form-source-join"
"56a8aaaf473b047e4f76727241e0029f24f02c7fb326d987bf472b59080ea72b","c375565b8bc7d59a45f79269d328bdba586eff989b4afbdd7e9653e56dffb86e","","method","void SetBoolArrayParameter(FName InName, const bool[]&inout InValue)","SetBoolArrayParameter","","void","2","FName;bool[]","False","True","False","available","/Script/AudioExtensions.AudioParameterControllerInterface:SetBoolArrayParameter","manual","AudioExtensions","","","","","","unclassified","pending-native-form-source-join"
"56a9c25b5347255309b688846ea9ca76cae6adf912bb25679a01322e922f3da1","0725b75db4c4d090a9f1e9256b27731eb80a6b1def85135af8fc2d59689561b2","","method","void Initialize()","Initialize","","void","0","","False","False","False","available","/Script/AngelscriptRuntime.ScriptLocalPlayerSubsystem:BP_Initialize","manual","AngelscriptRuntime","Angelscript","","","","","unclassified","pending-native-form-source-join"
"56ce217b8fb54fd75bef2be6a317c3b696ed72951949fe95b1d8542669bc34fb","48c1111f70539cbd6d1285d6bc2c25f4629fe1bf1442d7fdc4750982eff660e1","","method","void SetPlayRate(float32 NewRate)","SetPlayRate","","void","1","float32","False","False","False","available","/Script/Engine.TimelineComponent:SetPlayRate","manual","Engine","","","","","","unclassified","pending-native-form-source-join"
"56e66458ce591c244c50165a4ba68dd7b011d1a7eefd43e5bc4f913cfa0bc89c","","UBlueprintSpringMathLibrary","global-function","FQuat DeadBlendApplyToQuat(FQuat InRotation, FQuat InRotationTransition, FVector InAngularVelocityTransition, float32 TimeSinceTransition, float32 BlendTime = 0.200000, float32 SmoothingTime = 0.200000)","DeadBlendApplyToQuat","","FQuat","6","FQuat;FQuat;FVector;float32;float32;float32","True","False","False","available","/Script/Engine.BlueprintSpringMathLibrary:DeadBlendApplyToQuat","manual","Engine","","","","","","unclassified","pending-native-form-source-join"
"573f88be89a4afaeef4dd321482b99af5633691104c72c56ec72559f2742a11e","a048e09fab5b35c796657bb67d416dd5c79c96ad1914c69990329d6bc1e2dc7a","","method","void ServerUpdateCamera(FVector CamLoc, int CamPitchAndYaw)","ServerUpdateCamera","","void","2","FVector;int","False","False","False","available","/Script/Engine.PlayerController:ServerUpdateCamera","manual","Engine","","","","","","unclassified","pending-native-form-source-join"
"5763a9e4530a9d710f1aa4b5b663e1f9eb4026a9fc9fec8386b4937f3cef534a","","UBlueprintSpringMathLibrary","global-function","FRotator DeadBlendApplyToRotator(FRotator InRotation, FRotator InRotationTransition, FVector InAngularVelocityTransition, float32 TimeSinceTransition, float32 BlendTime = 0.200000, float32 SmoothingTime = 0.200000)","DeadBlendApplyToRotator","","FRotator","6","FRotator;FRotator;FVector;float32;float32;float32","True","False","False","available","/Script/Engine.BlueprintSpringMathLibrary:DeadBlendApplyToRotator","manual","Engine","","","","","","unclassified","pending-native-form-source-join"
"57b02a1b9c32464568adcd8d7b222e34621072271c33b9ad312b81fa3e31339c","f0aca1eb8212b6ae105fbd2e8ce832acd1bbecadccf250fab8d979683cc5058a","","method","int GetBoneTrackIndexByName(FName TrackName) const","GetBoneTrackIndexByName","","int","1","FName","False","False","False","available","/Script/Engine.AnimationDataModel:GetBoneTrackIndexByName","manual","Engine","","","","","","unclassified","pending-native-form-source-join"
"57b86b482f0935ae1e11d726225f0972ba446630e47c1899eee66cf63f0b5797","48c1111f70539cbd6d1285d6bc2c25f4629fe1bf1442d7fdc4750982eff660e1","","method","bool IsPlaying() const","IsPlaying","","bool","0","","False","False","False","available","/Script/Engine.TimelineComponent:IsPlaying","manual","Engine","","","","","","unclassified","pending-native-form-source-join"
"57cb376d20802e55a2b53b81662fad702fa57bd7ec0903c5311d90604ffb3265","","UConstraintInstanceBlueprintLibrary","global-function","void GetAngularVelocityDriveTwistAndSwing(FConstraintInstanceAccessor&inout Accessor, bool&inout bOutEnableTwistDrive, bool&inout bOutEnableSwingDrive)","GetAngularVelocityDriveTwistAndSwing","","void","3","FConstraintInstanceAccessor;bool;bool","False","True","False","available","/Script/Engine.ConstraintInstanceBlueprintLibrary:GetAngularVelocityDriveTwistAndSwing","manual","Engine","","","","","","unclassified","pending-native-form-source-join"
"583a16072a7533ce0268dfb1e4bdb67e0fbb6a7639dcff5189c133f88fc07a33","f0e0aff25e2233e7488dbb93eb3db45dc3f94f6519daa80b7f0d167832161954","","method","FRotator TransformRotation(const FRotator&inout R) const","TransformRotation","","FRotator","1","FRotator","False","True","False","available","/Script/Engine.KismetMathLibrary:TransformRotation","manual","Engine","","","","","","unclassified","pending-native-form-source-join"
"5855d087370cddfcf3d174d344d9c303c730e1411fa9d6a3bfed294267520ed0","25dd3cbe668c863bb38b40f640a8460326d4cce5e93de6ffeb5938782b7cb13b","","method","void OnEndAbility(bool bWasCancelled)","OnEndAbility","","void","1","bool","False","False","False","available","/Script/GameplayAbilities.GameplayAbility:K2_OnEndAbility","manual","GameplayAbilities","GameplayAbilities","","","","","unclassified","pending-native-form-source-join"
"58799930e83ef8199bd353226b7c22dfb72abfacd0a5d812cf5a95842038fd95","abd7dcbf3cb4042046ba954e8912cc9fd2a3d2d757cc19949e4617544efd5bc6","","method","bool NestedLoopBody(const FPCGContext&inout InContext, const UPCGPointData InOuterData, const UPCGPointData InInnerData, const FPCGPoint&inout InOuterPoint, const FPCGPoint&inout InInnerPoint, FPCGPoint&inout OutPoint, UPCGMetadata OutMetadata, int64 OuterIteration, int64 InnerIteration) const","NestedLoopBody","","bool","9","FPCGContext;const UPCGPointData;const UPCGPointData;FPCGPoint;FPCGPoint;FPCGPoint;UPCGMetadata;int64;int64","False","True","True","available","/Script/PCG.PCGBlueprintElement:NestedLoopBody","manual","PCG","PCG","","","","","unclassified","pending-native-form-source-join"
"58823f0b9edc671cf4e6eb4b41506b311336ac74b25c3d3f5ebe6a054d955fce","","UGameplayStatics","global-function","void ClearSoundMixModifiers(const UObject WorldContextObject = __WorldContext ( ))","ClearSoundMixModifiers","","void","1","const UObject","True","False","True","available","/Script/Engine.GameplayStatics:ClearSoundMixModifiers","manual","Engine","","","","","","unclassified","pending-native-form-source-join"
"58b42b77e627bf3a7355270339a46db02e6b6729b8a9993bc7fe9dbb6c32c973","b15c5085eae7bf1c2f4e71775069fbb1e7c19d74b97cd211cb1909e4eaf4ea60","","method","void AsyncPhysicsTick(float32 DeltaSeconds, float32 SimSeconds)","AsyncPhysicsTick","","void","2","float32;float32","False","False","False","available","/Script/Engine.ActorComponent:ReceiveAsyncPhysicsTick","manual","Engine","","","","","","unclassified","pending-native-form-source-join"
"58e54d613bf4c4d1c867b2a7ee20d9800bf62fb127aab2167b70352a780dfd2a","","WidgetLibrary","global-function","FKeyEvent GetKeyEventFromAnalogInputEvent(const FAnalogInputEvent&inout Event)","GetKeyEventFromAnalogInputEvent","","FKeyEvent","1","FAnalogInputEvent","False","True","False","available","/Script/UMG.WidgetBlueprintLibrary:GetKeyEventFromAnalogInputEvent","manual","UMG","","","","","","unclassified","pending-native-form-source-join"
"595e475000b7978a94ae08937199e8048c84ed6d5df9dc10e0d103680282d4fc","","UGameViewportSubsystem","global-function","FGameViewportWidgetSlot SetWidgetSlotDesiredSize(FGameViewportWidgetSlot Slot, FVector2D Size)","SetWidgetSlotDesiredSize","","FGameViewportWidgetSlot","2","FGameViewportWidgetSlot;FVector2D","False","False","False","available","/Script/UMG.GameViewportSubsystem:SetWidgetSlotDesiredSize","manual","UMG","","","","","","unclassified","pending-native-form-source-join"
"59715b729bf197d99bd7424afbd75eac4502bfab1d6b6dc9e134f7c5dfdcb66e","8e1debbbe83408b8a87af8e8cf80803c8fc7d6cae6e4fefb8970214e62249321","","method","void AddTimedDisplay(FText Text, FLinearColor Color = FLinearColor ( 1.000000 , 1.000000 , 1.000000 , 1.000000 ), float32 Duration = 0.000000, const FVector2D&inout DisplayOffset = FVector2D ( ))","AddTimedDisplay","","void","4","FText;FLinearColor;float32;FVector2D","True","True","False","available","/Script/Engine.ViewportStatsSubsystem:AddTimedDisplay","manual","Engine","","","","","","unclassified","pending-native-form-source-join"
"59bd1f2a2b6e795d3d8b8ae577960bdedc9ed1ec6189968ef2e81bdf9192f4e1","36bb62b32eedc9d7f5cb94d388bb4a89da01e22e70939e82f2abbec70d5c94c6","","method","bool Notify(USkeletalMeshComponent MeshComp, UAnimSequenceBase Animation, const FAnimNotifyEventReference&inout EventReference) const","Notify","","bool","3","USkeletalMeshComponent;UAnimSequenceBase;FAnimNotifyEventReference","False","True","True","available","/Script/Engine.AnimNotify:Received_Notify","manual","Engine","","","","","","unclassified","pending-native-form-source-join"
"59e02cb0334a1d2b22527e08f126b55538de06275611b7d28c1bd5c09774db29","9927f305b315a173bfe1bc4dec36a33585b3efae2202c32b366ea8ba69b943d5","","method","bool RemoveActorInputComponent(AActor Actor)","RemoveActorInputComponent","","bool","1","AActor","False","False","True","available","/Script/EnhancedInput.EnhancedInputWorldSubsystem:RemoveActorInputComponent","manual","EnhancedInput","EnhancedInput","","","","","unclassified","pending-native-form-source-join"
"5a0abc592e69d360087f0554ce772e66656829857d62777c1763fa518e72231a","","UGameplayStatics","global-function","USaveGame CreateSaveGameObject(TSubclassOf<USaveGame> SaveGameClass)","CreateSaveGameObject","","USaveGame","1","TSubclassOf<USaveGame>","False","False","False","available","/Script/Engine.GameplayStatics:CreateSaveGameObject","manual","Engine","","","","","","unclassified","pending-native-form-source-join"
"5a367a0633199e5083315253476bfdba5357d6046f4513a36de38fc388ff09ec","aafc390ad2b6c616d8283f777abbedbc3ae249211d1cba37623650a093bb90ea","","method","bool IsPartial() const","IsPartial","","bool","0","","False","False","False","available","/Script/NavigationSystem.NavigationPath:IsPartial","manual","NavigationSystem","","","","","","unclassified","pending-native-form-source-join"
"5a4d8187820b8d3a1b11fe392aafc5be255d49bbe382ecb8edeb7c82129d12ec","","MaterialLibrary","global-function","FLinearColor GetVectorParameterValue(UObject WorldContextObject, UMaterialParameterCollection Collection, FName ParameterName)","GetVectorParameterValue","","FLinearColor","3","UObject;UMaterialParameterCollection;FName","False","False","True","available","/Script/Engine.KismetMaterialLibrary:GetVectorParameterValue","manual","Engine","","","","","","unclassified","pending-native-form-source-join"
"5a957be2917118780214dc04fb740acbf8554470fc5bfae8a568ba473ef813e6","e5a6b2a29d697f4b091a58aba824fe6b96bbdf4b193ddc46d78b4fd85e195360","","method","FText GetEditorName()","GetEditorName","","FText","0","","False","False","False","available","/Script/Engine.AudioPanelWidgetInterface:GetEditorName","manual","Engine","","","","","","unclassified","pending-native-form-source-join"
"5ac21d37e5a49fcd84998c96607bc3a71499436ae9e4e916814c191921424bb7","56b0b9c0c7e9572bc287a3d55cc9af0d167ae97c0a5b8710f205241ed97c2793","","method","void DisableModifier(bool bImmediate = false)","DisableModifier","","void","1","bool","True","False","False","available","/Script/Engine.CameraModifier:DisableModifier","manual","Engine","","","","","","unclassified","pending-native-form-source-join"
"5ad3b0d4a545708cb7690a5053017d1989f740adaa1e32cb1ad088a72b948365","30a9c856ae05f758e1707c451a3d6ddfe150bed5bd6708f17dec0be991689c41","","method","void Say(FString Msg)","Say","","void","1","FString","False","False","False","available","/Script/Engine.GameMode:Say","manual","Engine","","","","","","unclassified","pending-native-form-source-join"
"5af12824cd639908a6d4592a23baa137401513c8de8603334b31e5ffa6aae0fa","","FRotator","global-function","FRotator ApplyDelta(const FRotator&inout OriginRotation, const FRotator&inout DeltaRotation)","ApplyDelta","","FRotator","2","FRotator;FRotator","False","True","False","available","/Script/AngelscriptRuntime.AngelscriptFRotatorStaticLibrary:ApplyDelta","manual","AngelscriptRuntime","Angelscript","","","","","unclassified","pending-native-form-source-join"
"5b06874bd0c6336d307a643fb93793fb68bddc1f47977aed88d3affae54efa10","4b234073e4131692a708413e0cd443beaf9252bb3165c3887bb4059999301b1c","","method","void SetPositionWithPreviousTime(float32 InPosition, float32 InPreviousTime, bool bFireNotifies = true)","SetPositionWithPreviousTime","","void","3","float32;float32;bool","True","False","False","available","/Script/Engine.AnimSingleNodeInstance:SetPositionWithPreviousTime","manual","Engine","","","","","","unclassified","pending-native-form-source-join"
"5b2c195512aca8a5265a13295994a6cb8212532e66120326c18de76cab66b6c4","061c90b40526e6537347bd4f5817dbd2e124e0a07d2267c5a3ab507b0c2662ae","","method","void ServerMove(float32 TimeStamp, FVector InAccel, FVector ClientLoc, uint8 CompressedMoveFlags, uint8 ClientRoll, uint View, UPrimitiveComponent ClientMovementBase, FName ClientBaseBoneName, uint8 ClientMovementMode)","ServerMove","","void","9","float32;FVector;FVector;uint8;uint8;uint;UPrimitiveComponent;FName;uint8","False","False","True","available","/Script/Engine.Character:ServerMove","manual","Engine","","","","","","unclassified","pending-native-form-source-join"
"5b2efab80bb78cba2216e183fa4b5199831a29a4a36e087e5eaeaafb6a4fef1a","","UAngelscriptAbilityAsyncLibrary","global-function","UAbilityAsync_WaitGameplayTagAdded WaitGameplayTagAddToActor(AActor TargetActor, FGameplayTag Tag, bool bTriggerOnce = false)","WaitGameplayTagAddToActor","","UAbilityAsync_WaitGameplayTagAdded","3","AActor;FGameplayTag;bool","True","False","True","available","/Script/AngelscriptGAS.AngelscriptAbilityAsyncLibrary:WaitGameplayTagAddToActor","manual","AngelscriptGAS","AngelscriptGAS","","","","","unclassified","pending-native-form-source-join"
"5b30a986cb3bc3b467b67aaf513fa0427c965348fa8b5a0e732e3ab8fb528a50","7bdc779a0fee927b856a6c6bc30ff77dc2c598184d40bc40787b8392b97759e2","","method","bool GetPrimaryAssetData(const FPrimaryAssetId&inout PrimaryAssetId, FAssetData&inout AssetData)","GetPrimaryAssetData","","bool","2","FPrimaryAssetId;FAssetData","False","True","False","available","/Script/AngelscriptRuntime.AssetManagerMixinLibrary:GetPrimaryAssetData","manual","AngelscriptRuntime","Angelscript","","","","","unclassified","pending-native-form-source-join"
"5b4c42e28bf26a10dbc7a7a1f98488c03c727f7094eee6ab93534d9b08a47eae","7bdc779a0fee927b856a6c6bc30ff77dc2c598184d40bc40787b8392b97759e2","","method","bool GetPrimaryAssetDataList(FPrimaryAssetType PrimaryAssetType, FAssetData[]&inout AssetDataList)","GetPrimaryAssetDataList","","bool","2","FPrimaryAssetType;FAssetData[]","False","True","False","available","/Script/AngelscriptRuntime.AssetManagerMixinLibrary:GetPrimaryAssetDataList","manual","AngelscriptRuntime","Angelscript","","","","","unclassified","pending-native-form-source-join"
"5b5095057869cc9b2f8c847e0016d1ea5cc4eb81dca74b577ce6416f146d2e97","56b0b9c0c7e9572bc287a3d55cc9af0d167ae97c0a5b8710f205241ed97c2793","","method","void EnableModifier()","EnableModifier","","void","0","","False","False","False","available","/Script/Engine.CameraModifier:EnableModifier","manual","Engine","","","","","","unclassified","pending-native-form-source-join"
"5b71ebe1f3e73dcd8767154bff5d9eae0054803e2166ae3017f8ac0a91eeab7c","8408ed834089f0d30abf8476c0078c8637280efdb97766920767c790ba00fc66","","method","void StopContinuousInputInjectionForAction(const UInputAction Action)","StopContinuousInputInjectionForAction","","void","1","const UInputAction","False","False","True","available","/Script/EnhancedInput.EnhancedInputSubsystemInterface:StopContinuousInputInjectionForAction","manual","EnhancedInput","EnhancedInput","","","","","unclassified","pending-native-form-source-join"
"5b81f93ae30c52ff5afeabe36ed2239c76fdeedffc779b6096292f80263bf19d","82b49778050438b5a27d8b1df094f6d3b772d4216282a4dc80a142446a746688","","method","void Deproject(float32 ScreenX, float32 ScreenY, FVector&inout WorldPosition, FVector&inout WorldDirection) const","Deproject","","void","4","float32;float32;FVector;FVector","False","True","False","available","/Script/Engine.HUD:Deproject","manual","Engine","","","","","","unclassified","pending-native-form-source-join"
"5ba8cee4bdce2652b453945aae6c2dffaccd348e6b0de5925e85b0b86e7d52d0","38db8d3836b23b02f5b6964f879d62766dd9aefe824407443f98887f5d9846f9","","method","void OnWorldComponentsUpdated()","OnWorldComponentsUpdated","","void","0","","False","False","False","available","/Script/AngelscriptRuntime.ScriptWorldSubsystem:BP_OnWorldComponentsUpdated","manual","AngelscriptRuntime","Angelscript","","","","","unclassified","pending-native-form-source-join"
"5bef7bf4ab99f99d41325a7eb34c530e324a2695dc2ffca6a45113f041817ac1","","WidgetLibrary","global-function","FSlateBrush NoResourceBrush()","NoResourceBrush","","FSlateBrush","0","","False","False","False","available","/Script/UMG.WidgetBlueprintLibrary:NoResourceBrush","manual","UMG","","","","","","unclassified","pending-native-form-source-join"
"5bf82300f6f87c0f267e853ef1a2ef9352277c9c6079d522a44adefdaa99dd4c","10d28a6a7e73a717185afd3be4dfea0d4bfa305cabdc727398179250ceec9e1f","","method","float32 GetNotifyStartTime() const","GetNotifyStartTime","","float32","0","","False","False","False","available","/Script/Engine.AnimNotifyLibrary:GetNotifyStartTime","manual","Engine","","","","","","unclassified","pending-native-form-source-join"
"5c0cb1bb4b845df74ef2cb7ce3a9bd259eaa3d3320f48b9f838193e566d93a44","dcbe6a4de4dbdb93b7fc19d41c5146c3ec0eaaa586a61d279c80185aa5a8a3ce","","method","UFXSystemComponent GetPrimaryParticleComponent() const","GetPrimaryParticleComponent","","UFXSystemComponent","0","","False","False","False","available","/Script/Engine.CameraLensEffectInterface:GetPrimaryParticleComponent","manual","Engine","","","","","","unclassified","pending-native-form-source-join"
"5c260611d113dc8949f1f61d4baf9f117ffa2daa80e459250ae5cb2274695a91","b7763e3f18c8656cfc1420ca00d93a10a259c1d343943632502ddc8a716da650","","method","bool HasMatchStarted() const","HasMatchStarted","","bool","0","","False","False","False","available","/Script/Engine.GameStateBase:HasMatchStarted","manual","Engine","","","","","","unclassified","pending-native-form-source-join"
"5c299b21c0d062e587690c8a81909e3c3f9f2f3884ed2270ab3346ac4411cec8","4f8e7441dd6629847eb00d9f80705d20098ad235220d252c2a2c723530d64500","","method","bool DeleteElement(const FScriptTypedElementHandle&inout InElementHandle, UWorld InWorld, UTypedElementSelectionSet InSelectionSet, const FTypedElementDeletionOptions&inout InDeletionOptions)","DeleteElement","","bool","4","FScriptTypedElementHandle;UWorld;UTypedElementSelectionSet;FTypedElementDeletionOptions","False","True","True","available","/Script/Engine.TypedElementWorldInterface:DeleteElement","manual","Engine","","","","","","unclassified","pending-native-form-source-join"
"5c393dae8122af44e1afc1a60fb9ed0111e381f938f21942b7bbfb51065708a7","","WidgetLibrary","global-function","void DismissAllMenus()","DismissAllMenus","","void","0","","False","False","False","available","/Script/UMG.WidgetBlueprintLibrary:DismissAllMenus","manual","UMG","","","","","","unclassified","pending-native-form-source-join"
"5c6a792ae2494eb792eb853fa564ee6beba2e7935eab7065afe55dbe014e0afe","66e8fa3eb6d39fd7ac2555adb43e2e561982b10b1716182fefc8953400ac14b8","","method","bool CopyNormalizedElementsToString(const FScriptTypedElementListProxy&inout ElementList, FString&inout OutputString)","CopyNormalizedElementsToString","","bool","2","FScriptTypedElementListProxy;FString","False","True","False","available","/Script/Engine.TypedElementCommonActions:CopyNormalizedElementsToString","manual","Engine","","","","","","unclassified","pending-native-form-source-join"
"5ca3af224d48fbecef43a06812c8efc5e736231356ae5ccd22c96ab8e87042d7","e54395c8e8514953dfbf3fbeabf065860f6a71585f8f76b50ad0927920f7fcb1","","method","void SetPriority(int InPriority)","SetPriority","","void","1","int","False","False","False","available","/Script/Engine.StereoLayerComponent:SetPriority","manual","Engine","","","","","","unclassified","pending-native-form-source-join"
"5cd07ba1418df8a359ae41d2a93bff3f91a3f13321f7d6c2b8d179a264902453","95c5bd2590e7410565721b207a1d17bc6be9388f92234c7eba4b0ba57a3a44b1","","method","bool SetTransformCurveKey(const FAnimationCurveIdentifier&inout CurveId, float32 Time, const FTransform&inout Value, bool bShouldTransact)","SetTransformCurveKey","","bool","4","FAnimationCurveIdentifier;float32;FTransform;bool","False","True","False","available","/Script/Engine.AnimationDataController:SetTransformCurveKey","manual","Engine","","","","","","unclassified","pending-native-form-source-join"
"5cf7b227e45b06353f8e2feb4fb42cebdb06973453e7aae344a908e60f06ea1c","061c90b40526e6537347bd4f5817dbd2e124e0a07d2267c5a3ab507b0c2662ae","","method","void OnMovementModeChanged(EMovementMode PrevMovementMode, EMovementMode NewMovementMode, uint8 PrevCustomMode, uint8 NewCustomMode)","OnMovementModeChanged","","void","4","EMovementMode;EMovementMode;uint8;uint8","False","False","False","available","/Script/Engine.Character:K2_OnMovementModeChanged","manual","Engine","","","","","","unclassified","pending-native-form-source-join"
"5d32affe0f7846d8298df9b5f7212d468a545e83c772eabd564d2a7feade5fce","","UGameplayStatics","global-function","void PlayDialogue2D(const UObject WorldContextObject, UDialogueWave Dialogue, const FDialogueContext&inout Context, float32 VolumeMultiplier = 1.000000, float32 PitchMultiplier = 1.000000, float32 StartTime = 0.000000)","PlayDialogue2D","","void","6","const UObject;UDialogueWave;FDialogueContext;float32;float32;float32","True","True","True","available","/Script/Engine.GameplayStatics:PlayDialogue2D","manual","Engine","","","","","","unclassified","pending-native-form-source-join"
"5d3bc326f0eab7a3bcc0f6bc46ad698ca08c43ee91605e80b7bbf5a01ac9a941","8099f625508a3be3a926c07b87654a1154d064a2b8b3847eaf3263a939c5f4cf","","method","bool AddWidget(UWidget Widget, FGameViewportWidgetSlot Slot)","AddWidget","","bool","2","UWidget;FGameViewportWidgetSlot","False","False","True","available","/Script/UMG.GameViewportSubsystem:AddWidget","manual","UMG","","","","","","unclassified","pending-native-form-source-join"
"5d5015aec1438e771af2888b05fc63ae4629618834438106adb5619b60ff7f91","abf73796a44b7720aec99f689293c11d1394f589f456deaff3243a9c6776dfac","","method","void ResetAllPlayerKeysInRow(const FMapPlayerKeyArgs&inout InArgs, FGameplayTagContainer&inout FailureReason)","ResetAllPlayerKeysInRow","","void","2","FMapPlayerKeyArgs;FGameplayTagContainer","False","True","False","available","/Script/EnhancedInput.EnhancedInputUserSettings:ResetAllPlayerKeysInRow","manual","EnhancedInput","EnhancedInput","","","","","unclassified","pending-native-form-source-join"
"5d9f4f57edbed78593052175601130dfb649722bb232cbe4d92ae679e4430f26","d3c26b09cb69440ef5cea48b8cd2bb16451c461ce4aa3cafa3d573c20dfad90d","","method","void BlueprintPostEvaluateAnimation()","BlueprintPostEvaluateAnimation","","void","0","","False","False","False","available","/Script/Engine.AnimInstance:BlueprintPostEvaluateAnimation","manual","Engine","","","","","","unclassified","pending-native-form-source-join"
"5dae8b73b1389429fb9f878a80dbce8012c44772c24b1be477c6210a2487275b","","FQuat","global-function","FQuat MakeFromX(const FVector&inout XAxis)","MakeFromX","","FQuat","1","FVector","False","True","False","available","/Script/AngelscriptRuntime.AngelscriptFQuatLibrary:MakeFromX","manual","AngelscriptRuntime","Angelscript","","","","","unclassified","pending-native-form-source-join"
"5dbc152f4909d9b849d5fa8e300940ce375986e4d27d1bca71bb8cd969919b14","21d382cd7255d52cbb20566516d6b3ceb07797f145c23c7f2383421ca5d88295","","method","FEventReply OnMouseMove(FGeometry MyGeometry, const FPointerEvent&inout MouseEvent)","OnMouseMove","","FEventReply","2","FGeometry;FPointerEvent","False","True","False","available","/Script/UMG.UserWidget:OnMouseMove","manual","UMG","","","","","","unclassified","pending-native-form-source-join"
"5e0e1cb105eb4ee9ef1012446f7770741777c7fdd37018777b9986589fdff101","21d382cd7255d52cbb20566516d6b3ceb07797f145c23c7f2383421ca5d88295","","method","FEventReply OnKeyDown(FGeometry MyGeometry, FKeyEvent InKeyEvent)","OnKeyDown","","FEventReply","2","FGeometry;FKeyEvent","False","False","False","available","/Script/UMG.UserWidget:OnKeyDown","manual","UMG","","","","","","unclassified","pending-native-form-source-join"
"5e33b85b7adff4860549ca5f14f81831a6896d4d090b9f826b43dd7ebe42f432","","WidgetLibrary","global-function","FInputEvent GetInputEventFromNavigationEvent(const FNavigationEvent&inout Event)","GetInputEventFromNavigationEvent","","FInputEvent","1","FNavigationEvent","False","True","False","available","/Script/UMG.WidgetBlueprintLibrary:GetInputEventFromNavigationEvent","manual","UMG","","","","","","unclassified","pending-native-form-source-join"
"5e4c52bc8d451cf23baa41beb1d3d1f3667d8e01ec350040daed869bc5b05705","196d00ce68899768ad4f9f6ad88b0526803ac4b5bfb0e008fcef467d86d4f66f","","method","void ResetToDefault()","ResetToDefault","","void","0","","False","False","False","available","/Script/EnhancedInput.EnhancedPlayerMappableKeyProfile:ResetToDefault","manual","EnhancedInput","EnhancedInput","","","","","unclassified","pending-native-form-source-join"
"5e54e35620de290bd8e9e152cb50717a321638c59d03057fc11247779b7431bd","abf73796a44b7720aec99f689293c11d1394f589f456deaff3243a9c6776dfac","","method","UEnhancedPlayerMappableKeyProfile CreateNewKeyProfile(const FPlayerMappableKeyProfileCreationArgs&inout InArgs)","CreateNewKeyProfile","","UEnhancedPlayerMappableKeyProfile","1","FPlayerMappableKeyProfileCreationArgs","False","True","False","available","/Script/EnhancedInput.EnhancedInputUserSettings:CreateNewKeyProfile","manual","EnhancedInput","EnhancedInput","","","","","unclassified","pending-native-form-source-join"
"5e690d4d4eb096fa281a2c202113a3ca9dc3b51ce67701e94c496dcf470761c0","c5e2b13de0c2401f33e77253e039dcb9c96e59ce01f68bba0f1aa9f3ed224c30","","method","USkeletalMesh GetSkeletalMeshAsset() const","GetSkeletalMeshAsset","","USkeletalMesh","0","","False","False","False","available","/Script/Engine.SkeletalMeshComponent:GetSkeletalMeshAsset","manual","Engine","","","","","","unclassified","pending-native-form-source-join"
"5e9b4b4105342cb35b644ad5fefb29631a9a1039b3471446cd5fbf3b908dac54","7564a8f162d23a7cf4396513a49fd6c12adc1dd5e8a45007c3a3686457c46e68","","method","void PlayLink(float32 StartTime)","PlayLink","","void","1","float32","False","False","False","available","/Script/AudioLinkEngine.AudioLinkBlueprintInterface:PlayLink","manual","AudioLinkEngine","","","","","","unclassified","pending-native-form-source-join"
"5ea59f234bef72d1528ce634ea276956cd5b4c24be646fbd539450c7048d9f9f","f0aca1eb8212b6ae105fbd2e8ce832acd1bbecadccf250fab8d979683cc5058a","","method","int GetNumBoneTracks() const","GetNumBoneTracks","","int","0","","False","False","False","available","/Script/Engine.AnimationDataModel:GetNumBoneTracks","manual","Engine","","","","","","unclassified","pending-native-form-source-join"
"5eb16a5ae6aa091229b58cb4d41d76ce923ada29d48985ed911ec88d94640c08","86c563eefe33d6ea5b62aea21049bf58f58ce6c6a1134f6ab942f5f9a13d5980","","method","void SetVerticalAlignment(EVerticalAlignment InVerticalAlignment)","SetVerticalAlignment","","void","1","EVerticalAlignment","False","False","False","available","/Script/UMG.ScrollBoxSlot:SetVerticalAlignment","manual","UMG","","","","","","unclassified","pending-native-form-source-join"
"5eb3d473a0ea19a8324687629a959cf4cf9531f067e1dd223fb37784e3ecf006","","UBlueprintSpringMathLibrary","global-function","void CubicInertializeTransitionVector(FVector&inout InOutValueOffset, FVector&inout InOutVelocityOffset, FVector InSrcValue, FVector InSrcVelocity, FVector InDstValue, FVector InDstVelocity, float32 TimeSinceTransition, float32 BlendTime = 0.200000)","CubicInertializeTransitionVector","","void","8","FVector;FVector;FVector;FVector;FVector;FVector;float32;float32","True","True","False","available","/Script/Engine.BlueprintSpringMathLibrary:CubicInertializeTransitionVector","manual","Engine","","","","","","unclassified","pending-native-form-source-join"
"5eb9ac469fdf5c172cf14cf4cdef65b781e66b7a6d86d7af55113b4807444da7","","UVOIPStatics","global-function","void SetMicThreshold(float32 InThreshold)","SetMicThreshold","","void","1","float32","False","False","False","available","/Script/Engine.VOIPStatics:SetMicThreshold","manual","Engine","","","","","","unclassified","pending-native-form-source-join"
"5f00fe376700bea430578052a63c7ac01c27b763b7d64b2b3c83161cb7e44e74","37d3caf17e79de34aeba05029e3a80e50c00667f251ab624d817b1e42deabe06","","method","bool IsCrouching() const","IsCrouching","","bool","0","","False","False","False","available","/Script/Engine.NavMovementInterface:IsCrouching","manual","Engine","","","","","","unclassified","pending-native-form-source-join"
"5f1c805f6d6062331ba7f07efee3f1523b825eaa5478d1120d20a1d4b863dae5","e54395c8e8514953dfbf3fbeabf065860f6a71585f8f76b50ad0927920f7fcb1","","method","FVector2D GetQuadSize() const","GetQuadSize","","FVector2D","0","","False","False","False","available","/Script/Engine.StereoLayerComponent:GetQuadSize","manual","Engine","","","","","","unclassified","pending-native-form-source-join"
"5f2ca6adefa0bcd7e9d481cb34920f598fe6cb99195657226480ebf88514f4f8","196d00ce68899768ad4f9f6ad88b0526803ac4b5bfb0e008fcef467d86d4f66f","","method","int QueryPlayerMappedKeys(const FPlayerMappableKeyQueryOptions&inout Options, FKey[]&inout OutKeys) const","QueryPlayerMappedKeys","","int","2","FPlayerMappableKeyQueryOptions;FKey[]","False","True","False","available","/Script/EnhancedInput.EnhancedPlayerMappableKeyProfile:QueryPlayerMappedKeys","manual","EnhancedInput","EnhancedInput","","","","","unclassified","pending-native-form-source-join"
"5f691ef1d2f5fc5de47dcbe9601fedf36c9c4684583ce0f0d1909e678d43d25d","86fa5693e458760db4e52f9577b0e82d14e52eabc3b0422fe07b22593bff4957","","method","void OnSurfaceTouchBegin(AWaterBody WaterBodyActor, UPrimitiveComponent WaterComponent, UPrimitiveComponent SubmergedComponent, float32 SubmergedVolume, const FVector&inout SubmergedCenterOfMass, const FVector&inout SubmergedVelocity)","OnSurfaceTouchBegin","","void","6","AWaterBody;UPrimitiveComponent;UPrimitiveComponent;float32;FVector;FVector","False","True","True","available","/Script/Buoyancy.BuoyancyEventInterface:OnSurfaceTouchBegin","manual","Buoyancy","Buoyancy","","","","","unclassified","pending-native-form-source-join"
"5f8c47b449e90ce96314099a4400fd807c29e73e7232737f5d9179bad4df09a6","","UBTFunctionLibrary","global-function","void StopUsingExternalEvent(UBTNode NodeOwner)","StopUsingExternalEvent","","void","1","UBTNode","False","False","True","deprecated","/Script/AIModule.BTFunctionLibrary:StopUsingExternalEvent","manual","AIModule","","","","","","unclassified","pending-native-form-source-join"
"5fbbcc611b4e738b8d0d46152999358d1c585eee1a176a980103463b26d5fa37","","Math","global-function","int Wrap(int X, int Min, int Max)","Wrap","","int","3","int;int;int","False","False","False","deprecated","/Script/AngelscriptRuntime.AngelscriptMathLibrary:WrapInt","manual","AngelscriptRuntime","Angelscript","","","","","unclassified","pending-native-form-source-join"
"5fd679f798902ef34f5825a5c2ee51459d61280415e4dc07c13b15294c8e146f","","UWidgetLayoutLibrary","global-function","FVector2D GetMousePositionOnPlatform()","GetMousePositionOnPlatform","","FVector2D","0","","False","False","False","available","/Script/UMG.WidgetLayoutLibrary:GetMousePositionOnPlatform","manual","UMG","","","","","","unclassified","pending-native-form-source-join"
"5fef6036f2c16d2a0acbac98acab4e4a032d8b5bc99b5976f04046a117c09d92","25476ae48137cafccca9adc65f6f8ceaa43556d67e751a64c06db06b699f5a96","","method","void OnItemExpansionChanged(bool bIsExpanded)","OnItemExpansionChanged","","void","1","bool","False","False","False","available","/Script/UMG.UserListEntry:BP_OnItemExpansionChanged","manual","UMG","","","","","","unclassified","pending-native-form-source-join"
"5fff3016ebad667c2d02a2027ed84dc124ff97297aed8ebfd244a634771da47f","306dc4b822c4b6807a281b2120f93b419a0fa376069773eafb43105ee9525711","","method","FTransform GetTransformOrigin() const","GetTransformOrigin","","FTransform","0","","False","False","False","available","/Script/MovieSceneTracks.MovieSceneTransformOrigin:BP_GetTransformOrigin","manual","MovieSceneTracks","","","","","","unclassified","pending-native-form-source-join"
"6001ee89f4717536b2e98b67d0dc9e74d37ab5ea1df27b70fbe85d508abb152b","da4961572cf7eacb09a08af59ab158625449452f70167fe982004a221d8a64d5","","method","void ProcessDynamicMesh(UDynamicMesh TargetMesh, bool&inout bFailed)","ProcessDynamicMesh","","void","2","UDynamicMesh;bool","False","True","True","available","/Script/GeometryFramework.DynamicMeshProcessorBlueprint:ProcessDynamicMesh","manual","GeometryFramework","","","","","","unclassified","pending-native-form-source-join"
"600f0372045682002a760879cf1dc218cb489d21ec40d178d69690e89d8a5dfc","5a8e3615aa69dd13f32d83636e5d653d8a25f9f1267baa726b4bbb01b520cfe6","","method","void Deactivation(AActor OwnerActor)","Deactivation","","void","1","AActor","False","False","True","available","/Script/AIModule.BTService_BlueprintBase:ReceiveDeactivation","manual","AIModule","","","","","","unclassified","pending-native-form-source-join"
"60147962de86113745657d9774631d963d822fd6bc8f33796b72fcf96ba057f1","b0697b21743308261702f67329e44db0bc229dd72304c0d0f5c43e2adcf62eaf","","method","void RemoveActionMapping(const FInputActionKeyMapping&inout KeyMapping)","RemoveActionMapping","","void","1","FInputActionKeyMapping","False","True","False","available","/Script/AngelscriptRuntime.PlayerInputScriptMixinLibrary:RemoveActionMapping","manual","AngelscriptRuntime","Angelscript","","","","","unclassified","pending-native-form-source-join"
"601efe10657c997d2350f6129a5cb0d32695993895f71d4d2b78d1eb86e4d543","4b234073e4131692a708413e0cd443beaf9252bb3165c3887bb4059999301b1c","","method","void PlayAnim(bool bIsLooping = false, float32 InPlayRate = 1.000000, float32 InStartPosition = 0.000000)","PlayAnim","","void","3","bool;float32;float32","True","False","False","available","/Script/Engine.AnimSingleNodeInstance:PlayAnim","manual","Engine","","","","","","unclassified","pending-native-form-source-join"
"602c805c5324ade1ab068ea5f3f71de0b0d1b3535aedf68276b01ba1931df91c","","UBlueprintInstancedStructLibrary","global-function","bool NotEqual_InstancedStruct(const FInstancedStruct&inout A, const FInstancedStruct&inout B)","NotEqual_InstancedStruct","","bool","2","FInstancedStruct;FInstancedStruct","False","True","False","available","/Script/Engine.BlueprintInstancedStructLibrary:NotEqual_InstancedStruct","manual","Engine","","","","","","unclassified","pending-native-form-source-join"
"60867c6522b58f2b185a56d9541410be6f6eb4144843f209e2317bdb22357032","34f4c99a6408815af52148557c66ed6f7e8b4a394f44803160d208928c722509","","method","void OnBurst(AActor Target, const FGameplayCueParameters&inout Parameters, const FGameplayCueNotify_SpawnResult&inout SpawnResults) const","OnBurst","","void","3","AActor;FGameplayCueParameters;FGameplayCueNotify_SpawnResult","False","True","True","available","/Script/GameplayAbilities.GameplayCueNotify_Burst:OnBurst","manual","GameplayAbilities","GameplayAbilities","","","","","unclassified","pending-native-form-source-join"
"60bbea7770a6965febd00341234ed6df30d43c5d089c6eedd84fd04b8fc7c956","e4f6fa758817ff1701c713b6c7b7dc7b5dd5377e486f70afd7cb920809237f15","","method","FScriptTypedElementHandle GetParentElement(const FScriptTypedElementHandle&inout InElementHandle, bool bAllowCreate)","GetParentElement","","FScriptTypedElementHandle","2","FScriptTypedElementHandle;bool","False","True","False","available","/Script/TypedElementRuntime.TypedElementHierarchyInterface:GetParentElement","manual","TypedElementRuntime","","","","","","unclassified","pending-native-form-source-join"
"60c15b92e4042a43c951ea1ee52c99504f8d734555e51aaf6b2b564a87a1cdb4","4b234073e4131692a708413e0cd443beaf9252bb3165c3887bb4059999301b1c","","method","void SetReverse(bool bInReverse)","SetReverse","","void","1","bool","False","False","False","available","/Script/Engine.AnimSingleNodeInstance:SetReverse","manual","Engine","","","","","","unclassified","pending-native-form-source-join"
"60c6ad6d0f33f81c7e1aa130019238dbd14f8aaa8901bde9bc0615db6195d135","82b49778050438b5a27d8b1df094f6d3b772d4216282a4dc80a142446a746688","","method","void AddHitBox(FVector2D Position, FVector2D Size, FName InName, bool bConsumesInput, int Priority = 0)","AddHitBox","","void","5","FVector2D;FVector2D;FName;bool;int","True","False","False","available","/Script/Engine.HUD:AddHitBox","manual","Engine","","","","","","unclassified","pending-native-form-source-join"
"60eaf8c9ff1ca785f6f566a7e0de8a5c09668ba8a9414725ed8d17a5f40f2795","d9531c8fad8dfcfe5d18dcee6327b5831ef050ae4f76e71c1c742ede19173f83","","method","void AddControllerPitchInput(float32 Val)","AddControllerPitchInput","","void","1","float32","False","False","False","available","/Script/Engine.Pawn:AddControllerPitchInput","manual","Engine","","","","","","unclassified","pending-native-form-source-join"
"6113b3a66bdee8941756ec70bd50e40dfd7cd0ab0976c6c7548a65a2feea8280","5a8e3615aa69dd13f32d83636e5d653d8a25f9f1267baa726b4bbb01b520cfe6","","method","void ActivationAI(AAIController OwnerController, APawn ControlledPawn)","ActivationAI","","void","2","AAIController;APawn","False","False","True","available","/Script/AIModule.BTService_BlueprintBase:ReceiveActivationAI","manual","AIModule","","","","","","unclassified","pending-native-form-source-join"
"611d0a384f732cee6784b78038e0337564a964a92416b83982a948d8e129fcc9","48c1111f70539cbd6d1285d6bc2c25f4629fe1bf1442d7fdc4750982eff660e1","","method","float32 GetPlaybackPosition() const","GetPlaybackPosition","","float32","0","","False","False","False","available","/Script/Engine.TimelineComponent:GetPlaybackPosition","manual","Engine","","","","","","unclassified","pending-native-form-source-join"
"617034384092b36e0206a8ab0bc238a8ec8ddc42398378a3130a3093f0b40589","95c5bd2590e7410565721b207a1d17bc6be9388f92234c7eba4b0ba57a3a44b1","","method","bool SetBoneTrackKeys(FName BoneName, const FVector[]&inout PositionalKeys, const FQuat[]&inout RotationalKeys, const FVector[]&inout ScalingKeys, bool bShouldTransact)","SetBoneTrackKeys","","bool","5","FName;FVector[];FQuat[];FVector[];bool","False","True","False","available","/Script/Engine.AnimationDataController:SetBoneTrackKeys","manual","Engine","","","","","","unclassified","pending-native-form-source-join"
"6197c0a8583b777be7f57c896d9dda0ebf64df4ad77dd846e450758c288981c0","96068fc11e79df02f947fe5158a90a324cb2871012f9b1e25938c95666e012cd","","method","float32 GetScore() const","GetScore","","float32","0","","False","False","False","available","/Script/StateTreeModule.StateTreeConsiderationBlueprintBase:ReceiveGetScore","manual","StateTreeModule","StateTree","","","","","unclassified","pending-native-form-source-join"
"61e042514065b3f75ac9523f1996a198fa096fab92b2529a365d33097ec286b3","","UWidgetLayoutLibrary","global-function","UWidgetSwitcherSlot SlotAsWidgetSwitcherSlot(UWidget Widget)","SlotAsWidgetSwitcherSlot","","UWidgetSwitcherSlot","1","UWidget","False","False","True","available","/Script/UMG.WidgetLayoutLibrary:SlotAsWidgetSwitcherSlot","manual","UMG","","","","","","unclassified","pending-native-form-source-join"
"61fe60010e0649f575ea2958192399dd059bedfe7017bdd7879423732375b332","","UInputDeviceLibrary","global-function","bool IsValidInputDevice(FInputDeviceId DeviceId)","IsValidInputDevice","","bool","1","FInputDeviceId","False","False","False","available","/Script/Engine.InputDeviceLibrary:IsValidInputDevice","manual","Engine","","","","","","unclassified","pending-native-form-source-join"
"626e2a8c58468e359d708b034e540d75502288f9235f1faa1a172de65afabb15","","UWidgetLayoutLibrary","global-function","float32 GetViewportScale(const UObject WorldContextObject = __WorldContext ( ))","GetViewportScale","","float32","1","const UObject","True","False","True","available","/Script/UMG.WidgetLayoutLibrary:GetViewportScale","manual","UMG","","","","","","unclassified","pending-native-form-source-join"
"62b2a2528a480269c8a65fbdf555a3c390c00d932bdbf94b0996f3488a84c03a","","UBTFunctionLibrary","global-function","void SetBlackboardValueAsInt(UBTNode NodeOwner, const FBlackboardKeySelector&inout Key, int Value)","SetBlackboardValueAsInt","","void","3","UBTNode;FBlackboardKeySelector;int","False","True","True","available","/Script/AIModule.BTFunctionLibrary:SetBlackboardValueAsInt","manual","AIModule","","","","","","unclassified","pending-native-form-source-join"
"62bec3c535107fb0d0c4a1fa87eed8195a2e2cc32cf96c1d456dd31a22f69fb0","061c90b40526e6537347bd4f5817dbd2e124e0a07d2267c5a3ab507b0c2662ae","","method","void ClientVeryShortAdjustPosition(float32 TimeStamp, FVector NewLoc, UPrimitiveComponent NewBase, FName NewBaseBoneName, bool bHasBase, bool bBaseRelativePosition, uint8 ServerMovementMode)","ClientVeryShortAdjustPosition","","void","7","float32;FVector;UPrimitiveComponent;FName;bool;bool;uint8","False","False","True","available","/Script/Engine.Character:ClientVeryShortAdjustPosition","manual","Engine","","","","","","unclassified","pending-native-form-source-join"
"62d2806829dbbfd4a9dff129277db259c1ca36687f05e7e2e9aceb5bef72e6cf","27ddad6fedf9b8f7de9094a8b871547cb583cd27bb8201d52384c0d6916b16c2","","method","void SetFillSpanWhenLessThan(float32 InFillSpanWhenLessThan)","SetFillSpanWhenLessThan","","void","1","float32","False","False","False","available","/Script/UMG.WrapBoxSlot:SetFillSpanWhenLessThan","manual","UMG","","","","","","unclassified","pending-native-form-source-join"
"62f5f9cb35f6eb452c0b33871325aecc5d65225aac0419784cb913dc668cbb20","86fa5693e458760db4e52f9577b0e82d14e52eabc3b0422fe07b22593bff4957","","method","void OnSurfaceTouchEnd(AWaterBody WaterBodyActor, UPrimitiveComponent WaterComponent, UPrimitiveComponent SubmergedComponent, float32 SubmergedVolume, const FVector&inout SubmergedCenterOfMass, const FVector&inout SubmergedVelocity)","OnSurfaceTouchEnd","","void","6","AWaterBody;UPrimitiveComponent;UPrimitiveComponent;float32;FVector;FVector","False","True","True","available","/Script/Buoyancy.BuoyancyEventInterface:OnSurfaceTouchEnd","manual","Buoyancy","Buoyancy","","","","","unclassified","pending-native-form-source-join"
"6327322cb09a98c53ad5bc9b9c1d00a9877dcfddce72d020a53e449fbf48d292","e54395c8e8514953dfbf3fbeabf065860f6a71585f8f76b50ad0927920f7fcb1","","method","void SetLeftTexture(UTexture InTexture)","SetLeftTexture","","void","1","UTexture","False","False","True","available","/Script/Engine.StereoLayerComponent:SetLeftTexture","manual","Engine","","","","","","unclassified","pending-native-form-source-join"
"634cc265efaf1485d70d879914de538abab480739a4d11f3b3067480e1099f95","81630c4de85d32da1dedd0e893698f67350f323f3ce2528ddb5d481266df132f","","method","void CalculateRotation(float32 MotionTime, FQuat&inout OutRotation)","CalculateRotation","","void","2","float32;FQuat","False","True","False","available","/Script/Niagara.NiagaraEditorPreviewActor:CalculateRotation","manual","Niagara","Niagara","","","","","unclassified","pending-native-form-source-join"
"63570575ba2cbf81916133f9215c4e6817d921d825c5c90b0eb4d62d99f32434","8fb03d2805f10d52065d1c65e9dcd91b4549d6c486b24f525bcd3787c984fb66","","method","void PrioritizeSearchPath(FString PathToPrioritize)","PrioritizeSearchPath","","void","1","FString","False","False","False","available","/Script/AssetRegistry.AssetRegistry:PrioritizeSearchPath","manual","AssetRegistry","","","","","","unclassified","pending-native-form-source-join"
"63cf218a79c9c439801f2f2885cfbd6cd2582c70e667a370e81cf79678dd5453","","UBlueprintSpringMathLibrary","global-function","float32 SpringCharacterMaximumAcceleration(float32 InitialVelocity, float32 InitialAcceleration, float32 TargetVelocity, float32 SmoothingTime = 0.200000)","SpringCharacterMaximumAcceleration","","float32","4","float32;float32;float32;float32","True","False","False","available","/Script/Engine.BlueprintSpringMathLibrary:SpringCharacterMaximumAcceleration","manual","Engine","","","","","","unclassified","pending-native-form-source-join"
"63ff4ffd08e16f0fb7ec487c7ed614c2e1a131d5f4a9013b78a8ae534c7e70d0","","MaterialLibrary","global-function","UMaterialInstanceDynamic CreateDynamicMaterialInstance(UObject WorldContextObject, UMaterialInterface Parent, FName OptionalName = NAME_None, EMIDCreationFlags CreationFlags = EMIDCreationFlags :: None)","CreateDynamicMaterialInstance","","UMaterialInstanceDynamic","4","UObject;UMaterialInterface;FName;EMIDCreationFlags","True","False","True","available","/Script/Engine.KismetMaterialLibrary:CreateDynamicMaterialInstance","manual","Engine","","","","","","unclassified","pending-native-form-source-join"
"640d2f57140c82daab73c88dd853b73138c59d8b253fea683b76c30794737fc5","4f8e7441dd6629847eb00d9f80705d20098ad235220d252c2a2c723530d64500","","method","bool CanDeleteElement(const FScriptTypedElementHandle&inout InElementHandle)","CanDeleteElement","","bool","1","FScriptTypedElementHandle","False","True","False","available","/Script/Engine.TypedElementWorldInterface:CanDeleteElement","manual","Engine","","","","","","unclassified","pending-native-form-source-join"
"642570acae725d0d1b6290a2a3d9cfad40288bdd6d44207dbcdeadb05022aa0d","","UConstraintInstanceBlueprintLibrary","global-function","void SetLinearPositionDrive(FConstraintInstanceAccessor&inout Accessor, bool bEnableDriveX, bool bEnableDriveY, bool bEnableDriveZ)","SetLinearPositionDrive","","void","4","FConstraintInstanceAccessor;bool;bool;bool","False","True","False","available","/Script/Engine.ConstraintInstanceBlueprintLibrary:SetLinearPositionDrive","manual","Engine","","","","","","unclassified","pending-native-form-source-join"
"642fb60b4288881f67065327730e05644b2be36ff094c8894561c52b487c1581","5351c4ffe82bbb28d1a84ba46be8b8b08876e3a366f59925a2568dc5b35e1c9c","","method","bool CanSpectate(APlayerController Viewer, APlayerState ViewTarget)","CanSpectate","","bool","2","APlayerController;APlayerState","False","False","True","available","/Script/Engine.GameModeBase:CanSpectate","manual","Engine","","","","","","unclassified","pending-native-form-source-join"
"643f1d8173dec8fa0315a3a47079b6e2f2ea19c43dcad5f32acaf3e2cfcea1c9","","UConstraintInstanceBlueprintLibrary","global-function","void GetAngularPlasticity(FConstraintInstanceAccessor&inout Accessor, bool&inout bAngularPlasticity, float32&inout AngularPlasticityThreshold)","GetAngularPlasticity","","void","3","FConstraintInstanceAccessor;bool;float32","False","True","False","available","/Script/Engine.ConstraintInstanceBlueprintLibrary:GetAngularPlasticity","manual","Engine","","","","","","unclassified","pending-native-form-source-join"
"64869c42baec072fc422593823573082dd2615bd448f901f5b18adc0ffd6c51a","","UBlueprintSpringMathLibrary","global-function","void SpringInertializeTransitionVector(FVector&inout InOutValueOffset, FVector&inout InOutVelocityOffset, FVector InSrcValue, FVector InSrcVelocity, FVector InDstValue, FVector InDstVelocity, float32 TimeSinceTransition, float32 SmoothingTime = 0.200000)","SpringInertializeTransitionVector","","void","8","FVector;FVector;FVector;FVector;FVector;FVector;float32;float32","True","True","False","available","/Script/Engine.BlueprintSpringMathLibrary:SpringInertializeTransitionVector","manual","Engine","","","","","","unclassified","pending-native-form-source-join"
"64a094388535b41702673cd89f09cf24cc1eb8ad2f64e6ab0bf6380fc3d66c32","","Math","global-function","float Modf(float InValue, float&inout OutIntPart)","Modf","","float","2","float;float","False","True","False","available","/Script/AngelscriptRuntime.AngelscriptMathLibrary:Modf_64","manual","AngelscriptRuntime","Angelscript","","","","","unclassified","pending-native-form-source-join"
"64a6fe2ebf1f952d1d921396895471bc0abc94dc1e420509e810aa39a32c6f0f","11dabff3ebe856ce7caa89795572004898ad948fcfcf0ccffb022dd91ce01ec4","","method","void SetLinearDamping(float32 NewLinearDamping)","SetLinearDamping","","void","1","float32","False","False","False","available","/Script/Engine.PhysicsHandleComponent:SetLinearDamping","manual","Engine","","","","","","unclassified","pending-native-form-source-join"
"64b1d5d711ae3c4039a87e53e85937dc4518a7a1f8c2e31c9a52f681aa40775c","95c5bd2590e7410565721b207a1d17bc6be9388f92234c7eba4b0ba57a3a44b1","","method","bool ScaleCurve(const FAnimationCurveIdentifier&inout CurveId, float32 Origin, float32 Factor, bool bShouldTransact)","ScaleCurve","","bool","4","FAnimationCurveIdentifier;float32;float32;bool","False","True","False","available","/Script/Engine.AnimationDataController:ScaleCurve","manual","Engine","","","","","","unclassified","pending-native-form-source-join"
"64b8c4c386b2475fb84f1503abab9b24160bc93ea7a05fdb1a2bf6650577463b","81630c4de85d32da1dedd0e893698f67350f323f3ce2528ddb5d481266df132f","","method","void CalculateLocation(float32 MotionTime, FVector&inout OutLocation)","CalculateLocation","","void","2","float32;FVector","False","True","False","available","/Script/Niagara.NiagaraEditorPreviewActor:CalculateLocation","manual","Niagara","Niagara","","","","","unclassified","pending-native-form-source-join"
"64bdee78145c7804505a38ff6f7f4c788b9b306fc1dd513b3b0bb872c57b35f7","","UInputDeviceLibrary","global-function","int GetAllConnectedInputDevices(FInputDeviceId[]&inout OutInputDevices)","GetAllConnectedInputDevices","","int","1","FInputDeviceId[]","False","True","False","available","/Script/Engine.InputDeviceLibrary:GetAllConnectedInputDevices","manual","Engine","","","","","","unclassified","pending-native-form-source-join"
"64ebae5300f9bcce40c72acedc1a9e9b1d1ee901e33e88ac33fb1d48716d7b0a","","UAISense_Touch","global-function","void ReportTouchEvent(UObject WorldContextObject, AActor TouchReceiver, AActor OtherActor, FVector Location)","ReportTouchEvent","","void","4","UObject;AActor;AActor;FVector","False","False","True","available","/Script/AIModule.AISense_Touch:ReportTouchEvent","manual","AIModule","","","","","","unclassified","pending-native-form-source-join"
"64ff74ad332fba1a67edaaea3dcf74434390192e8ac862e6fc6bd5fb24719ad8","","InternationalizationLibrary","global-function","FString GetNativeCulture(ELocalizedTextSourceCategory TextCategory)","GetNativeCulture","","FString","1","ELocalizedTextSourceCategory","False","False","False","available","/Script/Engine.KismetInternationalizationLibrary:GetNativeCulture","manual","Engine","","","","","","unclassified","pending-native-form-source-join"
"651f41ece60b265ccb36a6db1299fc9eaf571bff36763384c7641e49acc09b06","1aca421e6f7c00f1ea632e000b10c07b29fbd697efd918f41f99c21d407cff20","","method","void CopyProperties(APlayerState NewPlayerState)","CopyProperties","","void","1","APlayerState","False","False","True","available","/Script/Engine.PlayerState:ReceiveCopyProperties","manual","Engine","","","","","","unclassified","pending-native-form-source-join"
"65314b39f13bd6e4195817e6be2e52bf91171da5af10100009e447bcab687eb6","fa24378319ef169d1149805ded22c404f691f2ea8b34352ec52aeaff336adb02","","method","EWindowMode GetPreferredFullscreenMode() const","GetPreferredFullscreenMode","","EWindowMode","0","","False","False","False","available","/Script/Engine.GameUserSettings:GetPreferredFullscreenMode","manual","Engine","","","","","","unclassified","pending-native-form-source-join"
"6542c5b30e8e3cd94e9fa17fa66c1286e587edc970a34babbfd09f22846ae627","fb0d0e69d455f41eb245c1bd16b08ee5ea1da3aa0a0c7605bb09b76168f08b34","","method","void BeforeEach()","BeforeEach","","void","0","","False","False","False","available","/Script/AngelscriptRuntime.AngelscriptTestSuite:BeforeEach","manual","AngelscriptRuntime","Angelscript","","","","","unclassified","pending-native-form-source-join"
"655d9fcc7f3f7480964e2bf1d251775f8bc163951583916cd61bbd18552e13c1","638fcf4cf315d2a9c093e5ad76bba411fbeda9be5a9c0482962d9e31f086736a","","method","ETriggerType GetTriggerType() const","GetTriggerType","","ETriggerType","0","","False","False","False","available","/Script/EnhancedInput.InputTrigger:GetTriggerType","manual","EnhancedInput","EnhancedInput","","","","","unclassified","pending-native-form-source-join"
"6569a507844dc6c22c33272f20e336aad84987dc8a797f3f14760b4fffd634aa","","InternationalizationLibrary","global-function","bool SetCurrentLanguageAndLocale(FString Culture, bool SaveToConfig = false)","SetCurrentLanguageAndLocale","","bool","2","FString;bool","True","False","False","available","/Script/Engine.KismetInternationalizationLibrary:SetCurrentLanguageAndLocale","manual","Engine","","","","","","unclassified","pending-native-form-source-join"
"65fdac178b7f20fb8e8b714b199b38166f181276abd44ada9f4c4f2a061f461e","5351c4ffe82bbb28d1a84ba46be8b8b08876e3a366f59925a2568dc5b35e1c9c","","method","int GetNumSpectators()","GetNumSpectators","","int","0","","False","False","False","available","/Script/Engine.GameModeBase:GetNumSpectators","manual","Engine","","","","","","unclassified","pending-native-form-source-join"
"65ff62254d0f93f03e05264f828068ba742f8cbbc6f0dbf13bd13a1028078cf0","38db8d3836b23b02f5b6964f879d62766dd9aefe824407443f98887f5d9846f9","","method","void UpdateStreamingState()","UpdateStreamingState","","void","0","","False","False","False","available","/Script/AngelscriptRuntime.ScriptWorldSubsystem:BP_UpdateStreamingState","manual","AngelscriptRuntime","Angelscript","","","","","unclassified","pending-native-form-source-join"
"6616fdc8bc19a9b3956cff994325b14fdda378201478c8d23ef0b87905770a07","","UWidgetBlueprintStatics","global-function","UUserWidget CreateWidget(UObject WorldContextObject, TSubclassOf<UUserWidget> WidgetType, APlayerController OwningPlayer)","CreateWidget","","UUserWidget","3","UObject;TSubclassOf<UUserWidget>;APlayerController","False","False","True","available","/Script/AngelscriptRuntime.WidgetBlueprintStatics:CreateWidget","manual","AngelscriptRuntime","Angelscript","","","","","unclassified","pending-native-form-source-join"
"6617e38da5cf569a90948a34734c8b73508465c03471d565a853151c4a5dd41b","21d382cd7255d52cbb20566516d6b3ceb07797f145c23c7f2383421ca5d88295","","method","void OnPaint(FPaintContext&inout Context) const","OnPaint","","void","1","FPaintContext","False","True","False","available","/Script/UMG.UserWidget:OnPaint","manual","UMG","","","","","","unclassified","pending-native-form-source-join"
"6620a00512b42880e5bebf56d8b58adcefecc65cd5742ac1f7a6b3ef15278278","","UBlueprintSpringMathLibrary","global-function","float32 SpringCharacterStoppingDistance(float32 InitialVelocity, float32 InitialAcceleration, float32 SmoothingTime = 0.200000)","SpringCharacterStoppingDistance","","float32","3","float32;float32;float32","True","False","False","available","/Script/Engine.BlueprintSpringMathLibrary:SpringCharacterStoppingDistance","manual","Engine","","","","","","unclassified","pending-native-form-source-join"
"6631ef51e71bd6a54979379370ac9318e1e22c5c385c4095b0c56da515adf26b","1459aeee77456b259eec65d3c93c821e51379be0e872cc927e1d51c42442bb66","","method","void GetAllListenerComponents(UAIPerceptionComponent[]&inout ListenerComponents) const","GetAllListenerComponents","","void","1","UAIPerceptionComponent[]","False","True","False","available","/Script/AIModule.AISense_Blueprint:GetAllListenerComponents","manual","AIModule","","","","","","unclassified","pending-native-form-source-join"
"66514da97ca131ffa4397c4c07873faf703c6ead7747970d0693ac12db41fdc7","f114739dad8eec28fa480409a4fe844f0d95d53ddc54fb1dd0d2b1c16ec0a9d7","","method","float32 GetPlayRate(int TrackIndex, int LayerIndex) const","GetPlayRate","","float32","2","int;int","False","False","False","available","/Script/Engine.AnimSequenceTransformProviderDataInstance:GetPlayRate","manual","Engine","","","","","","unclassified","pending-native-form-source-join"
"665f86e80f1cb1ed4e869e397fd69fbbe92952b33b71ca6c5a88ab592b5e42cf","","InternationalizationLibrary","global-function","FString GetCurrentAssetGroupCulture(FName AssetGroup)","GetCurrentAssetGroupCulture","","FString","1","FName","False","False","False","available","/Script/Engine.KismetInternationalizationLibrary:GetCurrentAssetGroupCulture","manual","Engine","","","","","","unclassified","pending-native-form-source-join"
"6667c92d0861d8b96f71121821acf14ff1cd594c9a0f6ae2ca6c52c7141c1059","a048e09fab5b35c796657bb67d416dd5c79c96ad1914c69990329d6bc1e2dc7a","","method","void ClientClearCameraLensEffects()","ClientClearCameraLensEffects","","void","0","","False","False","False","available","/Script/Engine.PlayerController:ClientClearCameraLensEffects","manual","Engine","","","","","","unclassified","pending-native-form-source-join"
"6677ac27162efa8dd447dea6c78f1925b7ff2cbb0e6eb7ba6ac0cc7bddaf172d","ce03e8ad9e753f7ce0833b6dfcc8edbd7020df289398d04827f0cffed55f159e","","method","void AssertTrue(bool bExpression, FString Message)","AssertTrue","","void","2","bool;FString","False","False","False","available","/Script/AngelscriptRuntime.LatentAutomationCommandClientExecutor:AssertTrue","manual","AngelscriptRuntime","Angelscript","","","","","unclassified","pending-native-form-source-join"
"667f030cb4041545cd3298e4684d6b50630380dba96fe96049e3bff5d8dbe301","c0bb55b31b172af739ea5a3161cf385fce49e56d3e6b543cf9b759a260180619","","method","void ApplyPreconfiguredSettings(const FPCGPreConfiguredSettingsInfo&inout InPreconfigureInfo)","ApplyPreconfiguredSettings","","void","1","FPCGPreConfiguredSettingsInfo","False","True","False","available","/Script/PCG.PCGBlueprintBaseElement:ApplyPreconfiguredSettings","manual","PCG","PCG","","","","","unclassified","pending-native-form-source-join"
"6692c23811c4fde2b43cd69be68a5e6cb7ab920d8456a22ebb7129b24b8147f7","fa24378319ef169d1149805ded22c404f691f2ea8b34352ec52aeaff336adb02","","method","void ApplyHardwareBenchmarkResults()","ApplyHardwareBenchmarkResults","","void","0","","False","False","False","available","/Script/Engine.GameUserSettings:ApplyHardwareBenchmarkResults","manual","Engine","","","","","","unclassified","pending-native-form-source-join"
"66b45f76c52d6d19fab529b119569f476690d432c2d12cc5c69eea58c1e5413a","22f0aa2ae5c2941e8436109af0ac0903f97ff5625a4d15fd4101e1bafde97065","","method","FVector ConsumeInputVector()","ConsumeInputVector","","FVector","0","","False","False","False","available","/Script/Engine.PawnMovementComponent:ConsumeInputVector","manual","Engine","","","","","","unclassified","pending-native-form-source-join"
"66bedc67d55bba28161d36e00eae6607df66851720c3183827dbeb0c3f80ab0b","ce03e8ad9e753f7ce0833b6dfcc8edbd7020df289398d04827f0cffed55f159e","","method","void ServerFail(FString Message)","ServerFail","","void","1","FString","False","False","False","available","/Script/AngelscriptRuntime.LatentAutomationCommandClientExecutor:ServerFail","manual","AngelscriptRuntime","Angelscript","","","","","unclassified","pending-native-form-source-join"
"66e3f8b41c125527c8051bd13a70f22870b1768f8f5fe634eb81fbe672ff0393","1459aeee77456b259eec65d3c93c821e51379be0e872cc927e1d51c42442bb66","","method","void OnListenerUnregistered(AActor ActorListener, UAIPerceptionComponent PerceptionComponent)","OnListenerUnregistered","","void","2","AActor;UAIPerceptionComponent","False","False","True","available","/Script/AIModule.AISense_Blueprint:OnListenerUnregistered","manual","AIModule","","","","","","unclassified","pending-native-form-source-join"
"670b447eaa918179fe9a8acd4f0f717811e7c3465e5b1dc1b4cb713e2f36b105","","UBlueprintInstancedStructLibrary","global-function","EStructUtilsResult IsInstancedStructValid(const FInstancedStruct&inout InstancedStruct)","IsInstancedStructValid","","EStructUtilsResult","1","FInstancedStruct","False","True","False","available","/Script/Engine.BlueprintInstancedStructLibrary:IsInstancedStructValid","manual","Engine","","","","","","unclassified","pending-native-form-source-join"
"6713e08f8c3c000006395c0becde66280911b5a7be9a3636104ae1d85ec6cd70","21d382cd7255d52cbb20566516d6b3ceb07797f145c23c7f2383421ca5d88295","","method","FEventReply OnTouchEnded(FGeometry MyGeometry, const FPointerEvent&inout InTouchEvent)","OnTouchEnded","","FEventReply","2","FGeometry;FPointerEvent","False","True","False","available","/Script/UMG.UserWidget:OnTouchEnded","manual","UMG","","","","","","unclassified","pending-native-form-source-join"
"67393a1a9438f88b542feac272583f69569dad31ab32c993fdee95eea0b4d20a","","UConstraintInstanceBlueprintLibrary","global-function","void SetAngularPlasticity(FConstraintInstanceAccessor&inout Accessor, bool bAngularPlasticity, float32 AngularPlasticityThreshold)","SetAngularPlasticity","","void","3","FConstraintInstanceAccessor;bool;float32","False","True","False","available","/Script/Engine.ConstraintInstanceBlueprintLibrary:SetAngularPlasticity","manual","Engine","","","","","","unclassified","pending-native-form-source-join"
"6797f7776c0f0096981889372fc31f11315eb9aff95e1f84445e8b50ca122cdb","d9531c8fad8dfcfe5d18dcee6327b5831ef050ae4f76e71c1c742ede19173f83","","method","bool IsLocallyControlled() const","IsLocallyControlled","","bool","0","","False","False","False","available","/Script/Engine.Pawn:IsLocallyControlled","manual","Engine","","","","","","unclassified","pending-native-form-source-join"
"67df46d6763a1f1d0f8591a5cce2c2aae07640dc4374096378c4ea858df8a63f","21d382cd7255d52cbb20566516d6b3ceb07797f145c23c7f2383421ca5d88295","","method","void OnMouseEnter(FGeometry MyGeometry, const FPointerEvent&inout MouseEvent)","OnMouseEnter","","void","2","FGeometry;FPointerEvent","False","True","False","available","/Script/UMG.UserWidget:OnMouseEnter","manual","UMG","","","","","","unclassified","pending-native-form-source-join"
"68213f86f86c6b0e1ff91a81071223fbfd355ffad2416d81c1f98e4687c1976f","4ef6513a458bd0e28ebe650578115f2f3e128d6c45d3d294c1d1052c204d671e","","method","FText GetDisplayName(const FScriptTypedElementHandle&inout InElementHandle)","GetDisplayName","","FText","1","FScriptTypedElementHandle","False","True","False","available","/Script/TypedElementFramework.TestTypedElementInterfaceA:GetDisplayName","manual","TypedElementFramework","","","","","","unclassified","pending-native-form-source-join"
"683d8da54d26d95375a3b581bf5e1479935c606b7de3daf53806d1e1393e8b41","","UBlueprintSpringMathLibrary","global-function","float32 SpringCharacterStartingDistance(float32 TargetVelocity, float32 SmoothingTime = 0.200000, float32 VelocityThreshold = 10.000000)","SpringCharacterStartingDistance","","float32","3","float32;float32;float32","True","False","False","available","/Script/Engine.BlueprintSpringMathLibrary:SpringCharacterStartingDistance","manual","Engine","","","","","","unclassified","pending-native-form-source-join"
"68a6de58052866948ab23c35d57689a2ebc9e744f855fd896f047111c3df3ad2","e38ef7ea0f66c8623c024d02acd9c7cb508adde716218283bd4a3eb213c78049","","method","USparseVolumeTextureFrame GetFrameByIndex(int FrameIndex)","GetFrameByIndex","","USparseVolumeTextureFrame","1","int","False","False","False","available","/Script/Engine.AnimatedSparseVolumeTextureController:GetFrameByIndex","manual","Engine","","","","","","unclassified","pending-native-form-source-join"
"68cfb34ed152f53b138141f0e8ec44bec686d0e74ec902e8fda08ccb94590ffe","c375565b8bc7d59a45f79269d328bdba586eff989b4afbdd7e9653e56dffb86e","","method","void SetParameters_Blueprint(const FAudioParameter[]&inout InParameters)","SetParameters_Blueprint","","void","1","FAudioParameter[]","False","True","False","available","/Script/AudioExtensions.AudioParameterControllerInterface:SetParameters_Blueprint","manual","AudioExtensions","","","","","","unclassified","pending-native-form-source-join"
"68f43dc1313fd1fdfb10d16f5f802e9b3f4215a828dab0b1cb0500ef1cd8346b","877242e59f270f3007210bf5cd3764d6f9178a314708334fc1089e9ccdd2d912","","method","void ClientSetRotation(FRotator NewRotation, bool bResetCamera)","ClientSetRotation","","void","2","FRotator;bool","False","False","False","available","/Script/Engine.Controller:ClientSetRotation","manual","Engine","","","","","","unclassified","pending-native-form-source-join"
"68fa0c5404d28c156a0e67a3cce88f273e799370ca8556638b1842ac4d134b1a","c95f0db7bcacf8830e775c79cf299664fcce64e41a8cde810e3b957ddc183b65","","method","void AbortAI(AAIController OwnerController, APawn ControlledPawn)","AbortAI","","void","2","AAIController;APawn","False","False","True","available","/Script/AIModule.BTTask_BlueprintBase:ReceiveAbortAI","manual","AIModule","","","","","","unclassified","pending-native-form-source-join"
"69108df1ad1c46433407a7c67c729234f4ad7a9d24549c962add8d1e880e43dd","aafc390ad2b6c616d8283f777abbedbc3ae249211d1cba37623650a093bb90ea","","method","bool IsStringPulled() const","IsStringPulled","","bool","0","","False","False","False","available","/Script/NavigationSystem.NavigationPath:IsStringPulled","manual","NavigationSystem","","","","","","unclassified","pending-native-form-source-join"
"69484846e932761b76da94f28ce06dbebebb09af3abdd249692a70b3cec2f264","af227d35a24db9f5ce01b0ebcf9f55bd104b5cf86322c7403be4d525e4a5041b","","method","void ActorBeginOverlap(AActor OtherActor)","ActorBeginOverlap","","void","1","AActor","False","False","True","available","/Script/Engine.Actor:ReceiveActorBeginOverlap","manual","Engine","","","","","","unclassified","pending-native-form-source-join"
"694b66cd49f87b23737ccb773f0e4bc3d74e09d4af51c00b33f2cfa6e5924b35","eb9db4974c2c84b3de7248f0dcc19ddbe9fe5a895134ac9ee72db3e7aec44cbf","","method","void SetKeyUserTangents(FCurveKeyHandle KeyHandle, float32 ArriveTangent, float32 LeaveTangent)","SetKeyUserTangents","","void","3","FCurveKeyHandle;float32;float32","False","False","False","available","/Script/AngelscriptRuntime.RuntimeFloatCurveMixinLibrary:SetKeyUserTangents","manual","AngelscriptRuntime","Angelscript","","","","","unclassified","pending-native-form-source-join"
"696970623468b9cb957dbaab8a5def8f0fbe97aa2dbc6cba73015062553e631d","d3376830c9d045ef17bf83cd67f2190f9c2d8ce62e0d305d3be3c892d75c1e28","","method","void UnmapAllKeysFromAction(const UInputAction Action)","UnmapAllKeysFromAction","","void","1","const UInputAction","False","False","True","available","/Script/EnhancedInput.InputMappingContext:UnmapAllKeysFromAction","manual","EnhancedInput","EnhancedInput","","","","","unclassified","pending-native-form-source-join"
"697d57d0af74e1c3a341530f0db6ba3244195410f6bc738cfeb8262ebb251a0b","c216a4301fda5128f435ebffc5984eb87aa1e7e29c90a464ec1298fb853a55f1","","method","EInterchangePipelineConfigurationDialogResult ScriptedShowPipelineConfigurationDialog(FInterchangeStackInfo[]&inout PipelineStacks, UInterchangePipelineBase[]&inout OutPipelines, UInterchangeSourceData SourceData, UInterchangeTranslatorBase Translator, UInterchangeBaseNodeContainer BaseNodeContainer)","ScriptedShowPipelineConfigurationDialog","","EInterchangePipelineConfigurationDialogResult","5","FInterchangeStackInfo[];UInterchangePipelineBase[];UInterchangeSourceData;UInterchangeTranslatorBase;UInterchangeBaseNodeContainer","False","True","True","available","/Script/InterchangeEngine.InterchangePipelineConfigurationBase:ScriptedShowPipelineConfigurationDialog","manual","InterchangeEngine","","","","","","unclassified","pending-native-form-source-join"
"698a49373928842a61c4564a8fcf0880a570e3a2e43cb1cdee0a6185ae413b73","f0aca1eb8212b6ae105fbd2e8ce832acd1bbecadccf250fab8d979683cc5058a","","method","FBoneAnimationTrack[]& GetBoneAnimationTracks() const","GetBoneAnimationTracks","","FBoneAnimationTrack[]","0","","False","False","False","available","/Script/Engine.AnimationDataModel:GetBoneAnimationTracks","manual","Engine","","","","","","unclassified","pending-native-form-source-join"
"699b4ef45a1f562e2ac57697b3b93b389f9f2ff31a1c1f9e55f1c456af859736","a086339b14da8662bbe6ee307a3aea170c150fc45d2a04313fac8dda35f92fdd","","method","void RPC_ExplicitServerUpdateEvent(EUpdatePositionMethod Method, FFrameTime RelevantTime, int NewSerialNumber)","RPC_ExplicitServerUpdateEvent","","void","3","EUpdatePositionMethod;FFrameTime;int","False","False","False","available","/Script/MovieScene.MovieSceneSequencePlayer:RPC_ExplicitServerUpdateEvent","manual","MovieScene","","","","","","unclassified","pending-native-form-source-join"
"699c32146edffdaa874dd89d815487f2a450ad4f8dff1633f3e81e11c320defb","a048e09fab5b35c796657bb67d416dd5c79c96ad1914c69990329d6bc1e2dc7a","","method","void ServerCamera(FName NewMode)","ServerCamera","","void","1","FName","False","False","False","available","/Script/Engine.PlayerController:ServerCamera","manual","Engine","","","","","","unclassified","pending-native-form-source-join"
"69b06e6d3d4141010c5f9f4c604148b919aa348ffd1a6b562ee6874f2819078e","6e9dcc4f18691047675fdf57eab25aa058a26b825c43334757a1d3be615ff8ea","","method","int GetInvalidDataVersion() const","GetInvalidDataVersion","","int","0","","False","False","False","available","/Script/Engine.LocalPlayerSaveGame:GetInvalidDataVersion","manual","Engine","","","","","","unclassified","pending-native-form-source-join"
"69b1d61243ff82a0a43fdf1ec28965df0c2c275c6cd93ef4fbb5cd9d08fdfcda","5351c4ffe82bbb28d1a84ba46be8b8b08876e3a366f59925a2568dc5b35e1c9c","","method","void RestartPlayerAtTransform(AController NewPlayer, const FTransform&inout SpawnTransform)","RestartPlayerAtTransform","","void","2","AController;FTransform","False","True","True","available","/Script/Engine.GameModeBase:RestartPlayerAtTransform","manual","Engine","","","","","","unclassified","pending-native-form-source-join"
"69d3dbed9690621df702932f097172311941c0eef8c35de408792b27cd5c058b","21d382cd7255d52cbb20566516d6b3ceb07797f145c23c7f2383421ca5d88295","","method","FEventReply OnTouchForceChanged(FGeometry MyGeometry, const FPointerEvent&inout InTouchEvent)","OnTouchForceChanged","","FEventReply","2","FGeometry;FPointerEvent","False","True","False","available","/Script/UMG.UserWidget:OnTouchForceChanged","manual","UMG","","","","","","unclassified","pending-native-form-source-join"
"6a04f3da052901a3ab119211e44a0ae75b7ec5adca133bd7dfc88cdc2f29c26b","e38ef7ea0f66c8623c024d02acd9c7cb508adde716218283bd4a3eb213c78049","","method","float32 GetDuration()","GetDuration","","float32","0","","False","False","False","available","/Script/Engine.AnimatedSparseVolumeTextureController:GetDuration","manual","Engine","","","","","","unclassified","pending-native-form-source-join"
"6a1d9da03b82c8b908bea4c67aa6b260f7484dd55c129013c995f2607c3f2a55","1c63e38631f9e24b16de7e6806982018e3b614f211572565ce2702db73d16f97","","method","FScriptSlateIcon GetIcon(const FToolMenuContext&inout Context) const","GetIcon","","FScriptSlateIcon","1","FToolMenuContext","False","True","False","available","/Script/ToolMenus.ToolMenuEntryScript:GetIcon","manual","ToolMenus","","","","","","unclassified","pending-native-form-source-join"
"6a29086bc7feacb18e933ccc6c3a9945e714e3e2ee55b66f74824bd02b2fd215","","UGameplayStatics","global-function","UAudioComponent SpawnSoundAttached(USoundBase Sound, USceneComponent AttachToComponent, FName AttachPointName = NAME_None, FVector Location = FVector ( ), FRotator Rotation = FRotator ( ), EAttachLocation LocationType = EAttachLocation :: KeepRelativeOffset, bool bStopWhenAttachedToDestroyed = false, float32 VolumeMultiplier = 1.000000, float32 PitchMultiplier = 1.000000, float32 StartTime = 0.000000, USoundAttenuation AttenuationSettings = nullptr, USoundConcurrency ConcurrencySettings = nullptr, bool bAutoDestroy = true)","SpawnSoundAttached","","UAudioComponent","13","USoundBase;USceneComponent;FName;FVector;FRotator;EAttachLocation;bool;float32;float32;float32;USoundAttenuation;USoundConcurrency;bool","True","False","True","available","/Script/Engine.GameplayStatics:SpawnSoundAttached","manual","Engine","","","","","","unclassified","pending-native-form-source-join"
"6a85fdb90839098dbc53f6a8b0c4569d7206aa99298132ae1d15e7e49b95a983","7500b633e643de75590fa98d9105059dc4e402a1d1aee18ab54acab1550d837f","","method","void SetGraph(UPCGGraphInterface InGraph)","SetGraph","","void","1","UPCGGraphInterface","False","False","True","available","/Script/PCG.PCGComponent:SetGraph","manual","PCG","PCG","","","","","unclassified","pending-native-form-source-join"
"6a97197c6686d3e54d3172a51442334b428710f8aad1638bdf4c449a1c867f20","d5f2882870ba27b7a3f7373307ff48f7eb09ea60cf295620ee4afec13f6e3dcf","","method","UPrimitiveComponent[] GetPrimitiveComponents()","GetPrimitiveComponents","","UPrimitiveComponent[]","0","","False","False","False","available","/Script/Engine.ClusterUnionComponent:GetPrimitiveComponents","manual","Engine","","","","","","unclassified","pending-native-form-source-join"
"6aa338a0910cc9ddbe3e03979e50c074b583ba20c0d295eb5cd3aceab2117e26","f88b10fd3d4e2ea6f9d9b27c793046bd270eabe86896bab418bf955351325506","","method","UTextureRenderTarget2D RenderLayer(const FLandscapeBrushParameters&inout InParameters)","RenderLayer","","UTextureRenderTarget2D","1","FLandscapeBrushParameters","False","True","False","available","/Script/Landscape.LandscapeBlueprintBrushBase:RenderLayer","manual","Landscape","","","","","","unclassified","pending-native-form-source-join"
"6aca93cf86e74d4581c971f485907aa706bd453036e66bf4d13748fbf3c016f8","e01cc08eda68d835abd470f751f1ed386cfae5dd63d225e3d8ae18cfa3a6037f","","method","void PackInstances(FPCGContext&inout Context, const UPCGSpatialData InSpatialData, const FPCGSkinnedMeshInstanceList&inout InstanceList, FPCGSkinnedMeshPackedCustomData&inout OutPackedCustomData) const","PackInstances","","void","4","FPCGContext;const UPCGSpatialData;FPCGSkinnedMeshInstanceList;FPCGSkinnedMeshPackedCustomData","False","True","True","available","/Script/PCG.PCGSkinnedMeshInstanceDataPackerBase:PackInstances","manual","PCG","PCG","","","","","unclassified","pending-native-form-source-join"
"6b0bee549ba0fc1c1441cea353cccfe9d8c983be4aefeb43f48213f7d7b89d3d","196d00ce68899768ad4f9f6ad88b0526803ac4b5bfb0e008fcef467d86d4f66f","","method","void DumpProfileToLog() const","DumpProfileToLog","","void","0","","False","False","False","available","/Script/EnhancedInput.EnhancedPlayerMappableKeyProfile:DumpProfileToLog","manual","EnhancedInput","EnhancedInput","","","","","unclassified","pending-native-form-source-join"
"6b0c07ab6be492e87cbe56abbf6cd2bdda15632f815c403d178b34b1825d7dd5","e38ef7ea0f66c8623c024d02acd9c7cb508adde716218283bd4a3eb213c78049","","method","void GetCurrentFramesForInterpolation(USparseVolumeTextureFrame&inout Frame0, USparseVolumeTextureFrame&inout Frame1, float32&inout LerpAlpha)","GetCurrentFramesForInterpolation","","void","3","USparseVolumeTextureFrame;USparseVolumeTextureFrame;float32","False","True","True","available","/Script/Engine.AnimatedSparseVolumeTextureController:GetCurrentFramesForInterpolation","manual","Engine","","","","","","unclassified","pending-native-form-source-join"
"6b0c557820ad400642710afcdfe107940ae1b0ddcd8336978d2b783ace81cbd2","","UConstraintInstanceBlueprintLibrary","global-function","void SetAngularDriveParams(FConstraintInstanceAccessor&inout Accessor, float32 PositionStrength, float32 VelocityStrength, float32 InForceLimit)","SetAngularDriveParams","","void","4","FConstraintInstanceAccessor;float32;float32;float32","False","True","False","available","/Script/Engine.ConstraintInstanceBlueprintLibrary:SetAngularDriveParams","manual","Engine","","","","","","unclassified","pending-native-form-source-join"
"6b2f979b13d6705c58b412c0d8469a50d6f34fe9f4dc6cce0b69c4079c71bb7e","f114739dad8eec28fa480409a4fe844f0d95d53ddc54fb1dd0d2b1c16ec0a9d7","","method","EAnimSequenceTrackLoopMode GetLoopMode(int TrackIndex, int LayerIndex) const","GetLoopMode","","EAnimSequenceTrackLoopMode","2","int;int","False","False","False","available","/Script/Engine.AnimSequenceTransformProviderDataInstance:GetLoopMode","manual","Engine","","","","","","unclassified","pending-native-form-source-join"
"6b35b769c3e2f58ac7a69963a869dffbbfa07b39f45034b0f0b62b3dd2f23aaf","","UInputDeviceLibrary","global-function","FPlatformUserId GetUserForInputDevice(FInputDeviceId DeviceId)","GetUserForInputDevice","","FPlatformUserId","1","FInputDeviceId","False","False","False","available","/Script/Engine.InputDeviceLibrary:GetUserForInputDevice","manual","Engine","","","","","","unclassified","pending-native-form-source-join"
"6b3987a075ab81d304ed44e09040fe18b7e5bc442006ea1dd1f937c41bdba310","fa24378319ef169d1149805ded22c404f691f2ea8b34352ec52aeaff336adb02","","method","void SetPostProcessingQuality(int Value)","SetPostProcessingQuality","","void","1","int","False","False","False","available","/Script/Engine.GameUserSettings:SetPostProcessingQuality","manual","Engine","","","","","","unclassified","pending-native-form-source-join"
"6b53a328105a917680e40f73e22354956944b953ddcf4abcfaab253778f2cabe","a048e09fab5b35c796657bb67d416dd5c79c96ad1914c69990329d6bc1e2dc7a","","method","void ServerChangeName(FString S)","ServerChangeName","","void","1","FString","False","False","False","available","/Script/Engine.PlayerController:ServerChangeName","manual","Engine","","","","","","unclassified","pending-native-form-source-join"
"6bd1046a498ea75f41353901dab0615c7913b9acb357e961119f704893416884","7394d5fa67d40991e30a15aaa08d190dd56fd4d7dcbf0f6e895351f89c684fd4","","method","FVector3f ConstrainToPlane(const FVector3f&inout PlaneUp) const","ConstrainToPlane","","FVector3f","1","FVector3f","False","True","False","available","/Script/AngelscriptRuntime.AngelscriptFVector3fMixinLibrary:ConstrainToPlane","manual","AngelscriptRuntime","Angelscript","","","","","unclassified","pending-native-form-source-join"
"6bebb2f6b861d9cc2d6a2079c8626dd431551abd88e106be87eeadb1b4ebb8f7","8fb03d2805f10d52065d1c65e9dcd91b4549d6c486b24f525bcd3787c984fb66","","method","void UseFilterToExcludeAssets(FAssetData[]&inout AssetDataList, const FARFilter&inout Filter) const","UseFilterToExcludeAssets","","void","2","FAssetData[];FARFilter","False","True","False","available","/Script/AssetRegistry.AssetRegistry:UseFilterToExcludeAssets","manual","AssetRegistry","","","","","","unclassified","pending-native-form-source-join"
"6c0f715732efff7b77754f73440700374665c00067ac8229a8e712255feea407","","UGameUserSettings","global-function","EWindowMode GetDefaultWindowMode()","GetDefaultWindowMode","","EWindowMode","0","","False","False","False","available","/Script/Engine.GameUserSettings:GetDefaultWindowMode","manual","Engine","","","","","","unclassified","pending-native-form-source-join"
"6c1d866e0009bd7ea1664e18bacb6cb0401a1d42e088d17b839392084791918f","","FTransform3f","global-function","FTransform3f MakeFromZX(const FVector3f&inout ZAxis, const FVector3f&inout XAxis)","MakeFromZX","","FTransform3f","2","FVector3f;FVector3f","False","True","False","available","/Script/AngelscriptRuntime.AngelscriptFTransform3fLibrary:MakeFromZX","manual","AngelscriptRuntime","Angelscript","","","","","unclassified","pending-native-form-source-join"
"6c225a821ccc9c347b9313f474d4dd0ad76020b8d92220ff6e1daf8b161e17ae","","UGameplayStatics","global-function","FVector RebaseLocalOriginOntoZero(UObject WorldContextObject, FVector WorldLocation)","RebaseLocalOriginOntoZero","","FVector","2","UObject;FVector","False","False","True","available","/Script/Engine.GameplayStatics:RebaseLocalOriginOntoZero","manual","Engine","","","","","","unclassified","pending-native-form-source-join"
"6c2b10f5f1c36b9cbb0d946948eb43b52ad998d4469709e772efa1bd026eb730","a048e09fab5b35c796657bb67d416dd5c79c96ad1914c69990329d6bc1e2dc7a","","method","void ServerSetSpectatorWaiting(bool bWaiting)","ServerSetSpectatorWaiting","","void","1","bool","False","False","False","available","/Script/Engine.PlayerController:ServerSetSpectatorWaiting","manual","Engine","","","","","","unclassified","pending-native-form-source-join"
"6c4cd89f2f97fe170174a443e722cda6a52eb12effefb0b4993a21f833e0ae5f","","UWidgetLayoutLibrary","global-function","USizeBoxSlot SlotAsSizeBoxSlot(UWidget Widget)","SlotAsSizeBoxSlot","","USizeBoxSlot","1","UWidget","False","False","True","available","/Script/UMG.WidgetLayoutLibrary:SlotAsSizeBoxSlot","manual","UMG","","","","","","unclassified","pending-native-form-source-join"
"6c5bfc6af52859ad7808a704b0676a41d72913006f5ec9928c717f5a9be42538","","UConstraintInstanceBlueprintLibrary","global-function","void CopyParams(FConstraintInstanceAccessor&inout Accessor, FConstraintInstanceAccessor&inout SourceAccessor, bool bKeepPosition = true, bool bKeepRotation = true)","CopyParams","","void","4","FConstraintInstanceAccessor;FConstraintInstanceAccessor;bool;bool","True","True","False","available","/Script/Engine.ConstraintInstanceBlueprintLibrary:CopyParams","manual","Engine","","","","","","unclassified","pending-native-form-source-join"
"6c9578f4814883d38bad375821dc62024e3f06d77ba6872718527edbe7ee09d4","17e645d76780a6448473617f00c8e91d7fc8c14f54e5605a844d3b7651736df5","","method","void PreDataflowSimulationTick(float32 SimulationTime, float32 DeltaTime)","PreDataflowSimulationTick","","void","2","float32;float32","False","False","False","available","/Script/DataflowSimulation.DataflowSimulationActor:PreDataflowSimulationTick","manual","DataflowSimulation","","","","","","unclassified","pending-native-form-source-join"
"6c9763a561f04e38a07bb0015a854d972a7b92048f71f99b42fb8e8a1fe0fcb5","8099f625508a3be3a926c07b87654a1154d064a2b8b3847eaf3263a939c5f4cf","","method","FGameViewportWidgetSlot GetWidgetSlot(const UWidget Widget) const","GetWidgetSlot","","FGameViewportWidgetSlot","1","const UWidget","False","False","True","available","/Script/UMG.GameViewportSubsystem:GetWidgetSlot","manual","UMG","","","","","","unclassified","pending-native-form-source-join"
"6c9b567f0d795a56f4d8ecc11747c138f8111e4233737e6c302d1c865b1e54ad","","UWidgetLayoutLibrary","global-function","FGeometry GetViewportWidgetGeometry(const UObject WorldContextObject = __WorldContext ( ))","GetViewportWidgetGeometry","","FGeometry","1","const UObject","True","False","True","available","/Script/UMG.WidgetLayoutLibrary:GetViewportWidgetGeometry","manual","UMG","","","","","","unclassified","pending-native-form-source-join"
"6cb90d11e7072d641ae7e3a7fb0e47eb4f1c526a4177cc0a965990f62f15d4ef","","UBlueprintSpringMathLibrary","global-function","FQuat DampQuat(const FQuat&inout Rotation, const FQuat&inout TargetRotation, float32 DeltaTime, float32 SmoothingTime = 0.200000)","DampQuat","","FQuat","4","FQuat;FQuat;float32;float32","True","True","False","available","/Script/Engine.BlueprintSpringMathLibrary:DampQuat","manual","Engine","","","","","","unclassified","pending-native-form-source-join"
"6cc4d228ee86a7901de7ca0be5f90fb5980eeed04ca67624a2498f1c95231b16","b15c5085eae7bf1c2f4e71775069fbb1e7c19d74b97cd211cb1909e4eaf4ea60","","method","AActor GetOwner() const","GetOwner","","AActor","0","","False","False","False","available","/Script/Engine.ActorComponent:GetOwner","manual","Engine","","","","","","unclassified","pending-native-form-source-join"
"6ce28b09647856a5c254cbf189845b4f96d18daef7089e64e54e5f971e357628","cffaa8ddc1f3cda16a72fe692ab89f2d532f18a71ecbed14c7be91f069ec3cc9","","method","bool ScriptedFilePickerForTranslatorType(EInterchangeTranslatorType TranslatorType, const FInterchangeFilePickerParameters&inout Parameters, FString[]&inout OutFilenames)","ScriptedFilePickerForTranslatorType","","bool","3","EInterchangeTranslatorType;FInterchangeFilePickerParameters;FString[]","False","True","False","available","/Script/InterchangeEngine.InterchangeFilePickerBase:ScriptedFilePickerForTranslatorType","manual","InterchangeEngine","","","","","","unclassified","pending-native-form-source-join"
"6cf425116c8c7f1dcff5897b5d8ff8842a72613fc194d75fe109bb5c8bd64375","48c1111f70539cbd6d1285d6bc2c25f4629fe1bf1442d7fdc4750982eff660e1","","method","void AddInterpVector(UCurveVector VectorCurve, FOnTimelineVector InterpFunc = FOnTimelineVector ( ), FName PropertyName = NAME_None, FName TrackName = NAME_None)","AddInterpVector","","void","4","UCurveVector;FOnTimelineVector;FName;FName","True","False","True","available","/Script/Engine.TimelineComponent:AddInterpVector","manual","Engine","","","","","","unclassified","pending-native-form-source-join"
"6cf6e9537c8c894768a63bc57468b5403df7949f4f9a0b9b5d945a9c55314bc6","11dabff3ebe856ce7caa89795572004898ad948fcfcf0ccffb022dd91ce01ec4","","method","void SetTargetLocationAndRotation(FVector NewLocation, FRotator NewRotation)","SetTargetLocationAndRotation","","void","2","FVector;FRotator","False","False","False","available","/Script/Engine.PhysicsHandleComponent:SetTargetLocationAndRotation","manual","Engine","","","","","","unclassified","pending-native-form-source-join"
"6d135ee3d874679725b821f07564b7424f5d6094a5bb41960952944fcd3b5a85","c89de0ee5303c1d15cebf087f4bc1c185f0cc77c921b954f46579d08b4519874","","method","void OnPropertyChanged(USoundEffectPreset Preset, FName PropertyName)","OnPropertyChanged","","void","2","USoundEffectPreset;FName","False","False","True","available","/Script/Engine.SoundEffectPresetWidgetInterface:OnPropertyChanged","manual","Engine","","","","","","unclassified","pending-native-form-source-join"
"6d14c1e8d14f168b1bd92609385b8784fa3ce8b5b89d54f99012f8e20d0c4906","35d29f5a35fcaf8f82f55b61b32dd1252884337241f47a38d3eb51e25267801e","","method","void ServerSetInputPressed(FGameplayAbilitySpecHandle AbilityHandle)","ServerSetInputPressed","","void","1","FGameplayAbilitySpecHandle","False","False","False","available","/Script/GameplayAbilities.AbilitySystemComponent:ServerSetInputPressed","manual","GameplayAbilities","GameplayAbilities","","","","","unclassified","pending-native-form-source-join"
"6d160d9e4775e4955332311287c563a9b5f749c32de819c256e69f95cdaf53e6","af227d35a24db9f5ce01b0ebcf9f55bd104b5cf86322c7403be4d525e4a5041b","","method","void OnReset()","OnReset","","void","0","","False","False","False","available","/Script/Engine.Actor:K2_OnReset","manual","Engine","","","","","","unclassified","pending-native-form-source-join"
"6d46ca91b3277dd9beabe2c0b8a30ff160d3691afd56d5840f6a64622c645894","48c1111f70539cbd6d1285d6bc2c25f4629fe1bf1442d7fdc4750982eff660e1","","method","void SetFloatCurve(UCurveFloat NewFloatCurve, FName FloatTrackName)","SetFloatCurve","","void","2","UCurveFloat;FName","False","False","True","available","/Script/Engine.TimelineComponent:SetFloatCurve","manual","Engine","","","","","","unclassified","pending-native-form-source-join"
"6d49228b4fb302fd06c2017bbde07bae5a8e57694e767f74cb2a19a056df1f30","a048e09fab5b35c796657bb67d416dd5c79c96ad1914c69990329d6bc1e2dc7a","","method","void OnServerStartedVisualLogger(bool bIsLogging)","OnServerStartedVisualLogger","","void","1","bool","False","False","False","available","/Script/Engine.PlayerController:OnServerStartedVisualLogger","manual","Engine","","","","","","unclassified","pending-native-form-source-join"
"6d5238d9f2615fe5d9dec8c649efb8652864120721c322145da532e37067a228","","UInputDeviceLibrary","global-function","FPlatformUserId GetPrimaryPlatformUser()","GetPrimaryPlatformUser","","FPlatformUserId","0","","False","False","False","available","/Script/Engine.InputDeviceLibrary:GetPrimaryPlatformUser","manual","Engine","","","","","","unclassified","pending-native-form-source-join"
"6d608b53cdc3e7d05f9b4a66a335f7547eb0947d849c8f2d0872e1772e2ba654","05ca90096d1d613b3b7471d750a402762d6db71ef84b8fabaedc0a1ba79d0cb8","","method","FVector GetUpVector() const","GetUpVector","","FVector","0","","False","False","False","available","/Script/AngelscriptRuntime.AngelscriptFRotatorLibrary:GetUpVector","manual","AngelscriptRuntime","Angelscript","","","","","unclassified","pending-native-form-source-join"
"6d889d133ef4672a59fd74187884f1579168e5d5ef76d44e1d08b3e0c8eb85b9","061c90b40526e6537347bd4f5817dbd2e124e0a07d2267c5a3ab507b0c2662ae","","method","void ClientCheatGhost()","ClientCheatGhost","","void","0","","False","False","False","available","/Script/Engine.Character:ClientCheatGhost","manual","Engine","","","","","","unclassified","pending-native-form-source-join"
"6d90356ea87398b8e89882bdfc5c05a77f2aa25dfdd981c64a69fc6e885c6c3a","94f72dd0c4d0cc8dc3a56b75e2e15dcf7514c0c8dc781d81302b37e31475285e","","method","void DestroyInstance(UObject ViewModel, const UMVVMView View) const","DestroyInstance","","void","2","UObject;const UMVVMView","False","False","True","available","/Script/ModelViewViewModel.MVVMViewModelContextResolver:K2_DestroyInstance","manual","ModelViewViewModel","ModelViewViewModel","","","","","unclassified","pending-native-form-source-join"
"6dd75a4ce6f4391afcf3ce7f9be17a3b9fa2bd5a44e7ccddc8ebc0fa58525a65","","UGameUserSettings","global-function","UGameUserSettings GetGameUserSettings()","GetGameUserSettings","","UGameUserSettings","0","","False","False","False","available","/Script/Engine.GameUserSettings:GetGameUserSettings","manual","Engine","","","","","","unclassified","pending-native-form-source-join"
"6dddd91fe23093a7712e8372a17d13ef40a553b2ad6db423d5b2f5148fce98fe","109477db91baeeb1ee4f14bd636c28565424c1d041dd46338be68fe4417d6dfd","","method","void SetSpeed(float32 InNewSpeed)","SetSpeed","","void","1","float32","False","False","False","available","/Script/Engine.WindDirectionalSourceComponent:SetSpeed","manual","Engine","","","","","","unclassified","pending-native-form-source-join"
"6e2ecd77fa3c2c6997890b93e2838de0b919ee34bf492b524354f8ac307e03e7","86d71caf2d967afe99217b674130a0a5f9087028ed6a84b598ace9a9b04f9bcd","","method","void SetPadding(FMargin InPadding)","SetPadding","","void","1","FMargin","False","False","False","available","/Script/UMG.WidgetSwitcherSlot:SetPadding","manual","UMG","","","","","","unclassified","pending-native-form-source-join"
"6e4b3a34ffabe5c969c12cb77b7106ef77d4f61e0b48f916dbb965a9edc72000","a048e09fab5b35c796657bb67d416dd5c79c96ad1914c69990329d6bc1e2dc7a","","method","void ClientSetViewTarget(AActor A, FViewTargetTransitionParams TransitionParams)","ClientSetViewTarget","","void","2","AActor;FViewTargetTransitionParams","False","False","True","available","/Script/Engine.PlayerController:ClientSetViewTarget","manual","Engine","","","","","","unclassified","pending-native-form-source-join"
"6e9f731597bbad32bf84e505e2598ceaf3b10c465f6b75a30f9870e9b744887b","d3376830c9d045ef17bf83cd67f2190f9c2d8ce62e0d305d3be3c892d75c1e28","","method","FEnhancedActionKeyMapping& MapKey(const UInputAction Action, FKey ToKey)","MapKey","","FEnhancedActionKeyMapping","2","const UInputAction;FKey","False","False","True","available","/Script/EnhancedInput.InputMappingContext:MapKey","manual","EnhancedInput","EnhancedInput","","","","","unclassified","pending-native-form-source-join"
"6eb0e4f9a865aa399d45be6704009099fdfd4293b7d6bde3069613b40be6db13","109477db91baeeb1ee4f14bd636c28565424c1d041dd46338be68fe4417d6dfd","","method","void SetWindType(EWindSourceType InNewType)","SetWindType","","void","1","EWindSourceType","False","False","False","available","/Script/Engine.WindDirectionalSourceComponent:SetWindType","manual","Engine","","","","","","unclassified","pending-native-form-source-join"
"6efa6dc7f5e6d213297bebd94cfdbfb3408812c524ff9576201716e075f2cacb","48c1111f70539cbd6d1285d6bc2c25f4629fe1bf1442d7fdc4750982eff660e1","","method","void SetTimelineLengthMode(ETimelineLengthMode NewLengthMode)","SetTimelineLengthMode","","void","1","ETimelineLengthMode","False","False","False","available","/Script/Engine.TimelineComponent:SetTimelineLengthMode","manual","Engine","","","","","","unclassified","pending-native-form-source-join"
"6f1c8973038eeac5fc94fcb1a902e3b10b98a48f47dc8cc1d0befafacf1219d6","3fd78b8dba96d3c30f02a8971934b069dd0daba3251e2bd39e03ff42b1d57178","","method","UWidget GetContent() const","GetContent","","UWidget","0","","False","False","False","available","/Script/UMG.ContentWidget:GetContent","manual","UMG","","","","","","unclassified","pending-native-form-source-join"
"6f1ffc500cc9ef07ba6d61dc3a184d6f0da4a85e358b81e5309aaf0f31160613","eb9db4974c2c84b3de7248f0dcc19ddbe9fe5a895134ac9ee72db3e7aec44cbf","","method","FCurveKeyHandle AddLinearCurveKey(float32 InTime, float32 InValue)","AddLinearCurveKey","","FCurveKeyHandle","2","float32;float32","False","False","False","available","/Script/AngelscriptRuntime.RuntimeFloatCurveMixinLibrary:AddLinearCurveKey","manual","AngelscriptRuntime","Angelscript","","","","","unclassified","pending-native-form-source-join"
"6f236bf9f49bcf62eb3f670ff30f5314314de02575ab3aefc8b5694e673d6ed7","95c5bd2590e7410565721b207a1d17bc6be9388f92234c7eba4b0ba57a3a44b1","","method","int InsertBoneTrack(FName BoneName, int DesiredIndex, bool bShouldTransact)","InsertBoneTrack","","int","3","FName;int;bool","False","False","False","deprecated","/Script/Engine.AnimationDataController:InsertBoneTrack","manual","Engine","","","","","","unclassified","pending-native-form-source-join"
"6f4bec3592b831fd89c8bcd1b5c331b1818fc8dbd6caf960a460a1f894e03c72","523db3058180d965fb4971a9a325716e0cb2ecf123a01416099fa014601ec347","","method","int FetchScore() const","FetchScore","","int","0","","False","False","False","available","/Script/AngelscriptRuntime.AngelscriptPropertyAccessorCarrier:FetchScore","manual","AngelscriptRuntime","Angelscript","","","","","unclassified","pending-native-form-source-join"
"6f57b97be58812804f4bcedfcd7f4fd7e4b38134db4c7322dd79db9c0274657e","4df085944005dd0da254f067eaae0f4b1a4be877051d3d0cd60138c4207cc987","","method","void FetchAndUpdate()","FetchAndUpdate","","void","0","","False","False","False","available","/Script/Engine.TimecodeProvider:FetchAndUpdate","manual","Engine","","","","","","unclassified","pending-native-form-source-join"
"6f7afde03b48ad0e326a886df9aaa16280eefa4a7fb6406ea5df4328502287f7","5fac7644503053c91e90254fd3a15c51ba01595bc14a4f2c33e87a7bbda7198b","","method","void InitSimulatedTask(UGameplayTasksComponent InGameplayTasksComponent)","InitSimulatedTask","","void","1","UGameplayTasksComponent","False","False","True","available","/Script/AngelscriptGAS.AngelscriptAbilityTask:BP_InitSimulatedTask","manual","AngelscriptGAS","AngelscriptGAS","","","","","unclassified","pending-native-form-source-join"
"6fd3eba6b04c08eec63e59c76f71e39e9382fc56409280ea7cf55d8064cfd2d5","af227d35a24db9f5ce01b0ebcf9f55bd104b5cf86322c7403be4d525e4a5041b","","method","FRotator GetActorRotation() const","GetActorRotation","","FRotator","0","","False","False","False","available","/Script/Engine.Actor:K2_GetActorRotation","manual","Engine","","","","","","unclassified","pending-native-form-source-join"
"6fde55b3f967ed014de89568266a642b38c0498055930321166bbc7a8eedf476","877242e59f270f3007210bf5cd3764d6f9178a314708334fc1089e9ccdd2d912","","method","void InstigatedAnyDamage(float32 Damage, const UDamageType DamageType, AActor DamagedActor, AActor DamageCauser)","InstigatedAnyDamage","","void","4","float32;const UDamageType;AActor;AActor","False","False","True","available","/Script/Engine.Controller:ReceiveInstigatedAnyDamage","manual","Engine","","","","","","unclassified","pending-native-form-source-join"
"6fe693898ccef1eccf7b92cd18651c29ad7d36066815c40f75baee42662fc45d","","UConstraintInstanceBlueprintLibrary","global-function","void GetLinearSoftLimitParams(FConstraintInstanceAccessor&inout Accessor, bool&inout bSoftLinearLimit, float32&inout LinearLimitStiffness, float32&inout LinearLimitDamping, float32&inout LinearLimitRestitution, float32&inout LinearLimitContactDistance)","GetLinearSoftLimitParams","","void","6","FConstraintInstanceAccessor;bool;float32;float32;float32;float32","False","True","False","available","/Script/Engine.ConstraintInstanceBlueprintLibrary:GetLinearSoftLimitParams","manual","Engine","","","","","","unclassified","pending-native-form-source-join"
"70444c4a70bdeca6ac52eb198c218b5fd777954306985e9c6b7a71521e9b6f32","11dabff3ebe856ce7caa89795572004898ad948fcfcf0ccffb022dd91ce01ec4","","method","void GetTargetLocationAndRotation(FVector&inout TargetLocation, FRotator&inout TargetRotation) const","GetTargetLocationAndRotation","","void","2","FVector;FRotator","False","True","False","available","/Script/Engine.PhysicsHandleComponent:GetTargetLocationAndRotation","manual","Engine","","","","","","unclassified","pending-native-form-source-join"
"704d1b968588f018adaf14d012531d1932ddfb4736bc2b2f43f9766d01e1a910","","UWidgetLayoutLibrary","global-function","FVector2D GetMousePositionOnViewport(const UObject WorldContextObject = __WorldContext ( ))","GetMousePositionOnViewport","","FVector2D","1","const UObject","True","False","True","available","/Script/UMG.WidgetLayoutLibrary:GetMousePositionOnViewport","manual","UMG","","","","","","unclassified","pending-native-form-source-join"
"7064d912e27fe70c23d323cf4555ce26fce18cdbe01b4d6da3dea8115bd545d8","a048e09fab5b35c796657bb67d416dd5c79c96ad1914c69990329d6bc1e2dc7a","","method","void ClientCommitMapChange()","ClientCommitMapChange","","void","0","","False","False","False","available","/Script/Engine.PlayerController:ClientCommitMapChange","manual","Engine","","","","","","unclassified","pending-native-form-source-join"
"706ab0ddfa75c5308a8ed3752a568cfbebb0727eec575c8ad2159d17613115e3","","UInputDeviceLibrary","global-function","FInputDeviceId GetPrimaryInputDeviceForUser(FPlatformUserId UserId)","GetPrimaryInputDeviceForUser","","FInputDeviceId","1","FPlatformUserId","False","False","False","available","/Script/Engine.InputDeviceLibrary:GetPrimaryInputDeviceForUser","manual","Engine","","","","","","unclassified","pending-native-form-source-join"
"7082b3c80c6fb18743730ca24c76af1ace5fb151abe7db3f996fde6e0ce209fa","21d382cd7255d52cbb20566516d6b3ceb07797f145c23c7f2383421ca5d88295","","method","void Construct()","Construct","","void","0","","False","False","False","available","/Script/UMG.UserWidget:Construct","manual","UMG","","","","","","unclassified","pending-native-form-source-join"
"70f15ad941996d62d75bb85078cdef7e391fde263d3e122b653d5f3b794b4889","b1a2f44e1ef9307d399a09148531ddcc013fa03746378ef15804751d27058f1d","","method","bool IsDeveloperOnly() const","IsDeveloperOnly","","bool","0","","False","False","False","available","/Script/AngelscriptRuntime.ASClass:IsDeveloperOnly","manual","AngelscriptRuntime","Angelscript","","","","","unclassified","pending-native-form-source-join"
"70f19a085d0fcba22d12bb04356bb637f045622c809c2c01467e131ab1f73673","a83d35a672981fa2ea3bb63451bfa7106723aadf8213b57dd66d5aefde9057c0","","method","FLinearColor GetVisualizationColor(FInputActionValue SampleValue, FInputActionValue FinalValue) const","GetVisualizationColor","","FLinearColor","2","FInputActionValue;FInputActionValue","False","False","False","available","/Script/EnhancedInput.InputModifier:GetVisualizationColor","manual","EnhancedInput","EnhancedInput","","","","","unclassified","pending-native-form-source-join"
"70f4c9dba412573892ab4d2316a598774b53f83d35b89dfc02c90f9d0c79ce75","","UWidgetLayoutLibrary","global-function","USafeZoneSlot SlotAsSafeBoxSlot(UWidget Widget)","SlotAsSafeBoxSlot","","USafeZoneSlot","1","UWidget","False","False","True","available","/Script/UMG.WidgetLayoutLibrary:SlotAsSafeBoxSlot","manual","UMG","","","","","","unclassified","pending-native-form-source-join"
"70fc99554af77eaaa8b3043ed2c919a956d96687eca87b57dcf85df3db734cca","d5f2882870ba27b7a3f7373307ff48f7eb09ea60cf295620ee4afec13f6e3dcf","","method","AActor[] GetActors()","GetActors","","AActor[]","0","","False","False","False","available","/Script/Engine.ClusterUnionComponent:GetActors","manual","Engine","","","","","","unclassified","pending-native-form-source-join"
"7108eb2c8fd81023a9779786f95c2c241511b566ce64274fd2be19081312f4b4","21d382cd7255d52cbb20566516d6b3ceb07797f145c23c7f2383421ca5d88295","","method","void OnInitialized()","OnInitialized","","void","0","","False","False","False","available","/Script/UMG.UserWidget:OnInitialized","manual","UMG","","","","","","unclassified","pending-native-form-source-join"
"71295e349620130f076bfab374c8cc12c8331b643c57f7035fa09dee8ea23fb3","","WidgetLibrary","global-function","void DrawSpline(FPaintContext&inout Context, FVector2D Start, FVector2D StartDir, FVector2D End, FVector2D EndDir, FLinearColor Tint = FLinearColor ( 1.000000 , 1.000000 , 1.000000 , 1.000000 ), float32 Thickness = 1.000000)","DrawSpline","","void","7","FPaintContext;FVector2D;FVector2D;FVector2D;FVector2D;FLinearColor;float32","True","True","False","available","/Script/UMG.WidgetBlueprintLibrary:DrawSpline","manual","UMG","","","","","","unclassified","pending-native-form-source-join"
"713423b83717a67537c82f6470b08bc6d97b75ef888a4e5ba337604e3396047a","fa24378319ef169d1149805ded22c404f691f2ea8b34352ec52aeaff336adb02","","method","bool IsDirty() const","IsDirty","","bool","0","","False","False","False","available","/Script/Engine.GameUserSettings:IsDirty","manual","Engine","","","","","","unclassified","pending-native-form-source-join"
"715df7624762d09e1e44466965fa8d51132144375a4c2fcda37b7bf9c68e61fc","e397244109f21450e3f5cd68040f81224f3537db603a046823e9a44f19809c2e","","method","bool IsElementSelected(const FScriptTypedElementHandle&inout InElementHandle, FScriptTypedElementListProxy InSelectionSet, const FTypedElementIsSelectedOptions&inout InSelectionOptions)","IsElementSelected","","bool","3","FScriptTypedElementHandle;FScriptTypedElementListProxy;FTypedElementIsSelectedOptions","False","True","False","available","/Script/TypedElementRuntime.TypedElementSelectionInterface:IsElementSelected","manual","TypedElementRuntime","","","","","","unclassified","pending-native-form-source-join"
"716d35a870e0f8d7c6c60b18e21e04e7b18972d69ee00484c92225e4d4be7120","","WidgetLibrary","global-function","FInputEvent GetInputEventFromCharacterEvent(const FCharacterEvent&inout Event)","GetInputEventFromCharacterEvent","","FInputEvent","1","FCharacterEvent","False","True","False","available","/Script/UMG.WidgetBlueprintLibrary:GetInputEventFromCharacterEvent","manual","UMG","","","","","","unclassified","pending-native-form-source-join"
"71764b5d986f3f1d766cdc407fe0a79f0e76bb705e6106a02ac20c660553e8c7","","UBlueprintSpringMathLibrary","global-function","void DeadBlendTransitionFloat(float32&inout InOutValueTransition, float32&inout InOutVelocityTransition, float32 InSrcValue, float32 InSrcVelocity, float32 TimeSinceTransition, float32 BlendTime = 0.200000, float32 SmoothingTime = 0.200000)","DeadBlendTransitionFloat","","void","7","float32;float32;float32;float32;float32;float32;float32","True","True","False","available","/Script/Engine.BlueprintSpringMathLibrary:DeadBlendTransitionFloat","manual","Engine","","","","","","unclassified","pending-native-form-source-join"
"7199a2ac15176750e06b1b86c16047cb4a70a7089f1d664825959a1111ab7307","b0697b21743308261702f67329e44db0bc229dd72304c0d0f5c43e2adcf62eaf","","method","FInputAxisKeyMapping[]& GetKeysForAxis(FName AxisName)","GetKeysForAxis","","FInputAxisKeyMapping[]","1","FName","False","False","False","available","/Script/AngelscriptRuntime.PlayerInputScriptMixinLibrary:GetKeysForAxis","manual","AngelscriptRuntime","Angelscript","","","","","unclassified","pending-native-form-source-join"
"71b0a542a214c4d20624674456a33170c40708c3f9bead326dad4f1ab64f05c8","a048e09fab5b35c796657bb67d416dd5c79c96ad1914c69990329d6bc1e2dc7a","","method","void ClientMessage(FString S, FName Type, float32 MsgLifeTime)","ClientMessage","","void","3","FString;FName;float32","False","False","False","available","/Script/Engine.PlayerController:ClientMessage","manual","Engine","","","","","","unclassified","pending-native-form-source-join"
"71bf31d691e7bf9ee7e5d3a619d8198a0bb73223888e125b3a2f3914c7c328fc","b7763e3f18c8656cfc1420ca00d93a10a259c1d343943632502ddc8a716da650","","method","bool HasBegunPlay() const","HasBegunPlay","","bool","0","","False","False","False","available","/Script/Engine.GameStateBase:HasBegunPlay","manual","Engine","","","","","","unclassified","pending-native-form-source-join"
"7215ccba886646caad1a774ac6c8e3ec148a2ea323134f6d913c3c2533d10710","95c5bd2590e7410565721b207a1d17bc6be9388f92234c7eba4b0ba57a3a44b1","","method","void ResizeInFrames(FFrameNumber NewLengthInFrames, FFrameNumber T0, FFrameNumber T1, bool bShouldTransact)","ResizeInFrames","","void","4","FFrameNumber;FFrameNumber;FFrameNumber;bool","False","False","False","available","/Script/Engine.AnimationDataController:ResizeInFrames","manual","Engine","","","","","","unclassified","pending-native-form-source-join"
"726e0e25cbb634554424f75f589769fad059c59c8be622dcb64a27f7619327a8","25476ae48137cafccca9adc65f6f8ceaa43556d67e751a64c06db06b699f5a96","","method","void OnItemSelectionChanged(bool bIsSelected)","OnItemSelectionChanged","","void","1","bool","False","False","False","available","/Script/UMG.UserListEntry:BP_OnItemSelectionChanged","manual","UMG","","","","","","unclassified","pending-native-form-source-join"
"72dff7a47fb41ebcc0dfe869528b278e5ea39052119716adf78828a93679babf","","UBlueprintInstancedStructLibrary","global-function","void Reset(FInstancedStruct&inout InstancedStruct, const UScriptStruct StructType = nullptr)","Reset","","void","2","FInstancedStruct;const UScriptStruct","True","True","True","available","/Script/Engine.BlueprintInstancedStructLibrary:Reset","manual","Engine","","","","","","unclassified","pending-native-form-source-join"
"73092c09fccd50014e76c5a4ca30bf055481c5b4a3427d56f3d6b25daf3a48a6","fa24378319ef169d1149805ded22c404f691f2ea8b34352ec52aeaff336adb02","","method","void SetHDRCalibrationUsed(bool bUseCalibration)","SetHDRCalibrationUsed","","void","1","bool","False","False","False","available","/Script/Engine.GameUserSettings:SetHDRCalibrationUsed","manual","Engine","","","","","","unclassified","pending-native-form-source-join"
"7322857b362d7cc44ac641ea82cf9a7f9aaec7fec943141e780542f4171fcbdc","","InternationalizationLibrary","global-function","bool SetCurrentLocale(FString Culture, bool SaveToConfig = false)","SetCurrentLocale","","bool","2","FString;bool","True","False","False","available","/Script/Engine.KismetInternationalizationLibrary:SetCurrentLocale","manual","Engine","","","","","","unclassified","pending-native-form-source-join"
"73550479f2c4a1b89e867421e1317f5e4f4de2cad56be6e4bf5946acb7a11438","","UBlueprintSpringMathLibrary","global-function","FTransform CubicInertializeApplyToTransform(FTransform InTransform, FTransform InTransformOffset, FSpringTransformVelocity InVelocityOffset, float32 TimeSinceTransition, float32 BlendTime = 0.200000)","CubicInertializeApplyToTransform","","FTransform","5","FTransform;FTransform;FSpringTransformVelocity;float32;float32","True","False","False","available","/Script/Engine.BlueprintSpringMathLibrary:CubicInertializeApplyToTransform","manual","Engine","","","","","","unclassified","pending-native-form-source-join"
"73b4d316a9395592633c74563d91150fd57713c3dcc9f9929c6e11c28fb92d3f","95c5bd2590e7410565721b207a1d17bc6be9388f92234c7eba4b0ba57a3a44b1","","method","void RemoveAllCurvesOfType(ERawCurveTrackTypes SupportedCurveType, bool bShouldTransact)","RemoveAllCurvesOfType","","void","2","ERawCurveTrackTypes;bool","False","False","False","available","/Script/Engine.AnimationDataController:RemoveAllCurvesOfType","manual","Engine","","","","","","unclassified","pending-native-form-source-join"
"73fedf1df7248f261b5c32ce16a03a0afbbf5f9b373e6c4dab4081334ad10160","","UConstraintInstanceBlueprintLibrary","global-function","void GetLinearBreakable(FConstraintInstanceAccessor&inout Accessor, bool&inout bLinearBreakable, float32&inout LinearBreakThreshold)","GetLinearBreakable","","void","3","FConstraintInstanceAccessor;bool;float32","False","True","False","available","/Script/Engine.ConstraintInstanceBlueprintLibrary:GetLinearBreakable","manual","Engine","","","","","","unclassified","pending-native-form-source-join"
"742f7a21bdd120b348af817f3e090caeaa072bba43ca79440f1d4442536f89db","27ddad6fedf9b8f7de9094a8b871547cb583cd27bb8201d52384c0d6916b16c2","","method","void SetFillEmptySpace(bool InbFillEmptySpace)","SetFillEmptySpace","","void","1","bool","False","False","False","available","/Script/UMG.WrapBoxSlot:SetFillEmptySpace","manual","UMG","","","","","","unclassified","pending-native-form-source-join"
"747e990c6ca87fb4857591944913a702bc4eeaa49790d807812ddfc0c69ae540","d9531c8fad8dfcfe5d18dcee6327b5831ef050ae4f76e71c1c742ede19173f83","","method","void AddControllerYawInput(float32 Val)","AddControllerYawInput","","void","1","float32","False","False","False","available","/Script/Engine.Pawn:AddControllerYawInput","manual","Engine","","","","","","unclassified","pending-native-form-source-join"
"749e0c01228dbb6f7a54b09197ad1e3bb597e3ec78f5bf52d53018b7cd19a64f","","UBlueprintSpringMathLibrary","global-function","FQuat SpringInertializeApplyToQuat(FQuat InRotation, FQuat InRotationOffset, FVector InAngularVelocityOffset, float32 TimeSinceTransition, float32 SmoothingTime = 0.200000)","SpringInertializeApplyToQuat","","FQuat","5","FQuat;FQuat;FVector;float32;float32","True","False","False","available","/Script/Engine.BlueprintSpringMathLibrary:SpringInertializeApplyToQuat","manual","Engine","","","","","","unclassified","pending-native-form-source-join"
"74a9a2bada1ac394b91be02c8198a25dbed38674b21ec452bcac85ae0e3d1832","b15c5085eae7bf1c2f4e71775069fbb1e7c19d74b97cd211cb1909e4eaf4ea60","","method","void EndPlay(EEndPlayReason EndPlayReason)","EndPlay","","void","1","EEndPlayReason","False","False","False","available","/Script/Engine.ActorComponent:ReceiveEndPlay","manual","Engine","","","","","","unclassified","pending-native-form-source-join"
"74bdfded4d14286fc161567941eca4ffe909d58ced76f857872ab98179387248","07e6ab7f0b39cb2ddeb6518256adc8ab61caefe3d5a485fac2d45547adb2973d","","method","bool OnSetup()","OnSetup","","bool","0","","False","False","False","available","/Script/MovieSceneCapture.UserDefinedCaptureProtocol:OnSetup","manual","MovieSceneCapture","","","","","","unclassified","pending-native-form-source-join"
"74cc5deef9df5576bc4b0feea1c04dcabf44b25f145011494226c118d8add741","48c1111f70539cbd6d1285d6bc2c25f4629fe1bf1442d7fdc4750982eff660e1","","method","void SetLinearColorCurve(UCurveLinearColor NewLinearColorCurve, FName LinearColorTrackName)","SetLinearColorCurve","","void","2","UCurveLinearColor;FName","False","False","True","available","/Script/Engine.TimelineComponent:SetLinearColorCurve","manual","Engine","","","","","","unclassified","pending-native-form-source-join"
"750b6cdfc37f6484f85399afb4ac44ee5fe0384f4e22fb1c67b40c88eb375e98","","USubsystemLibrary","global-function","UGameInstanceSubsystem GetGameInstanceSubsystem(UObject WorldContextObject, TSubclassOf<UGameInstanceSubsystem> Class)","GetGameInstanceSubsystem","","UGameInstanceSubsystem","2","UObject;TSubclassOf<UGameInstanceSubsystem>","False","False","True","available","/Script/AngelscriptRuntime.SubsystemLibrary:GetGameInstanceSubsystem","manual","AngelscriptRuntime","Angelscript","","","","","unclassified","pending-native-form-source-join"
"753a1db95eb960582afbd90281bebb3df9fdb524786e37a593da3963eae38975","","UBlueprintSpringMathLibrary","global-function","void CriticalDoubleSpringDampRotator(FRotator&inout InOutRotation, FVector&inout InOutAngularVelocity, FRotator&inout InOutIntermediateRotation, FVector&inout InOutIntermediateAngularVelocity, const FRotator&inout TargetRotation, float32 DeltaTime, float32 SmoothingTime = 0.200000)","CriticalDoubleSpringDampRotator","","void","7","FRotator;FVector;FRotator;FVector;FRotator;float32;float32","True","True","False","available","/Script/Engine.BlueprintSpringMathLibrary:CriticalDoubleSpringDampRotator","manual","Engine","","","","","","unclassified","pending-native-form-source-join"
"7541506167b9fc0d267ecb6343cde8960b5475f18b4f1fe36c28985e5fb87560","1c79669514996fc855ac41341817992f0e13c3b94bcc368153e785c2e3196df7","","method","UCustomizableObjectInstanceUsage GetCustomizableObjectInstanceUsage()","GetCustomizableObjectInstanceUsage","","UCustomizableObjectInstanceUsage","0","","False","False","False","available","/Script/CustomizableObject.DGGUI:GetCustomizableObjectInstanceUsage","manual","CustomizableObject","Mutable","","","","","unclassified","pending-native-form-source-join"
"75b73454ff2c842a15f5a9660ea2395ef679c9d4590c571c4f847a4ae391ddb8","","UBTFunctionLibrary","global-function","FVector GetBlackboardValueAsVector(UBTNode NodeOwner, const FBlackboardKeySelector&inout Key)","GetBlackboardValueAsVector","","FVector","2","UBTNode;FBlackboardKeySelector","False","True","True","available","/Script/AIModule.BTFunctionLibrary:GetBlackboardValueAsVector","manual","AIModule","","","","","","unclassified","pending-native-form-source-join"
"75be8d94de619cfac2872b75e9cc2e995413edba2c56f9250bd0a10ad50573c2","","UBlueprintSpringMathLibrary","global-function","void CubicInertializeTransitionVector2D(FVector2D&inout InOutValueOffset, FVector2D&inout InOutVelocityOffset, FVector2D InSrcValue, FVector2D InSrcVelocity, FVector2D InDstValue, FVector2D InDstVelocity, float32 TimeSinceTransition, float32 BlendTime = 0.200000)","CubicInertializeTransitionVector2D","","void","8","FVector2D;FVector2D;FVector2D;FVector2D;FVector2D;FVector2D;float32;float32","True","True","False","available","/Script/Engine.BlueprintSpringMathLibrary:CubicInertializeTransitionVector2D","manual","Engine","","","","","","unclassified","pending-native-form-source-join"
"75bf6b48f358d8116d1831cc7d18c85cebade25dda8c2c299179e7b3a89f34a2","","FQuat","global-function","FQuat MakeFromYZ(const FVector&inout YAxis, const FVector&inout ZAxis)","MakeFromYZ","","FQuat","2","FVector;FVector","False","True","False","available","/Script/AngelscriptRuntime.AngelscriptFQuatLibrary:MakeFromYZ","manual","AngelscriptRuntime","Angelscript","","","","","unclassified","pending-native-form-source-join"
"760403f82bc4f72554f3de17f340acc5e26903efa4865e2fe0347be5a1ad0c23","62f422d0f954ea11dcb80ccd6dcbb9345d905f88381c71c0ded9d2aacc0560f3","","method","int IterationLoopBody(int IterationIndex, const FPCGPointInputRange&inout InputRangeA, const FPCGPointInputRange&inout InputRangeB, FPCGPointOutputRange&inout OutputRange)","IterationLoopBody","","int","4","int;FPCGPointInputRange;FPCGPointInputRange;FPCGPointOutputRange","False","True","False","available","/Script/PCG.PCGBlueprintPointProcessorElement:IterationLoopBody","manual","PCG","PCG","","","","","unclassified","pending-native-form-source-join"
"760cbf974046150e679e73fead16427f521f6f1a70f406c6d8120051ea31b1e6","608e7e7c4ee55f85b068d102478b12fb104ba357ad55abe9f75465cbfd4127b7","","method","void SetBoneRotationByName(FName BoneName, FRotator InRotation, EBoneSpaces BoneSpace)","SetBoneRotationByName","","void","3","FName;FRotator;EBoneSpaces","False","False","False","available","/Script/Engine.PoseableMeshComponent:SetBoneRotationByName","manual","Engine","","","","","","unclassified","pending-native-form-source-join"
"762ae4ea30152876933a6fab0ccaa4e240d1f7fef4f937228a0bf701023097e0","af227d35a24db9f5ce01b0ebcf9f55bd104b5cf86322c7403be4d525e4a5041b","","method","void ActorOnInputTouchLeave(ETouchIndex FingerIndex)","ActorOnInputTouchLeave","","void","1","ETouchIndex","False","False","False","available","/Script/Engine.Actor:ReceiveActorOnInputTouchLeave","manual","Engine","","","","","","unclassified","pending-native-form-source-join"
"76332bd44250ce032d42202b677b90318aafb0e68f32bdb325d16a34d021fa8e","63f2c0a8ca00bfe89ebe6a4755ee7663d08f6d039a6a3e19d508f79e97953e51","","method","void OnMotionControllerUpdated()","OnMotionControllerUpdated","","void","0","","False","False","False","available","/Script/HeadMountedDisplay.MotionControllerComponent:OnMotionControllerUpdated","manual","HeadMountedDisplay","","","","","","unclassified","pending-native-form-source-join"
"7641a6b83a843e3867ffb7da91766d8433c594c8e6fff300e7e218e807c4a271","05ca90096d1d613b3b7471d750a402762d6db71ef84b8fabaedc0a1ba79d0cb8","","method","FRotator Compose(const FRotator&inout B) const","Compose","","FRotator","1","FRotator","False","True","False","available","/Script/AngelscriptRuntime.AngelscriptFRotatorLibrary:Compose","manual","AngelscriptRuntime","Angelscript","","","","","unclassified","pending-native-form-source-join"
"768e06c97d139c0452999250075d7c9af55bb6b5572be9d4c6c671b286b67ff2","","UGameplayStatics","global-function","void GetKeyValue(FString Pair, FString&inout Key, FString&inout Value)","GetKeyValue","","void","3","FString;FString;FString","False","True","False","available","/Script/Engine.GameplayStatics:GetKeyValue","manual","Engine","","","","","","unclassified","pending-native-form-source-join"
"76c7b7068b8a3cd5dd9347f7d2180ab0665d1a601766e9f9bccc07261f2b23c1","","SlateLibrary","global-function","void ScreenToWidgetAbsolute(const UObject WorldContextObject, FVector2D ScreenPosition, FVector2D&inout AbsoluteCoordinate, bool bIncludeWindowPosition = false)","ScreenToWidgetAbsolute","","void","4","const UObject;FVector2D;FVector2D;bool","True","True","True","available","/Script/UMG.SlateBlueprintLibrary:ScreenToWidgetAbsolute","manual","UMG","","","","","","unclassified","pending-native-form-source-join"
"76f96093abafa2b6e6dcbf8d352c7e842155dd9b689832bd0ccea78b5c5a4b8a","b0697b21743308261702f67329e44db0bc229dd72304c0d0f5c43e2adcf62eaf","","method","FInputAxisKeyMapping[]& GetEngineDefinedAxisMappings()","GetEngineDefinedAxisMappings","","FInputAxisKeyMapping[]","0","","False","False","False","available","/Script/AngelscriptRuntime.PlayerInputScriptMixinLibrary:GetEngineDefinedAxisMappings","manual","AngelscriptRuntime","Angelscript","","","","","unclassified","pending-native-form-source-join"
"778852ac829b2f3c40e913407b54cbc04d01e94ebf15d3982e14ee73616b01ad","94aad154bf9360bdb3330fb75452194b52ae7b8b4a2cccde2d1cdcedffebf6ad","","method","void Tick(float32 DeltaTime)","Tick","","void","1","float32","False","False","False","available","/Script/AngelscriptRuntime.ScriptEngineSubsystem:BP_Tick","manual","AngelscriptRuntime","Angelscript","","","","","unclassified","pending-native-form-source-join"
"77adf17f9917b87cd48e66a999dc405c220593fcb454310f6940ed2af9344595","e79731b5adbffddf1d9cec9129f08c3b8e65d6c8cdcaacc654c4e7162dc85a69","","method","void DeactivateCameraDirector(UObject EvaluationContextOwner, const FBlueprintCameraDirectorDeactivateParams&inout Params)","DeactivateCameraDirector","","void","2","UObject;FBlueprintCameraDirectorDeactivateParams","False","True","True","available","/Script/GameplayCameras.BlueprintCameraDirectorEvaluator:DeactivateCameraDirector","manual","GameplayCameras","GameplayCameras","","","","","unclassified","pending-native-form-source-join"
"77c3a6bf7e36389e618c5d595ff07e4a67cb8aa4a400b208e7deb056436883a0","82b49778050438b5a27d8b1df094f6d3b772d4216282a4dc80a142446a746688","","method","FVector Project(FVector Location, bool bClampToZeroPlane = true) const","Project","","FVector","2","FVector;bool","True","False","False","available","/Script/Engine.HUD:Project","manual","Engine","","","","","","unclassified","pending-native-form-source-join"
"77e78cd28f4b03bcbfee0ff1b332a647c3c36b4ac71cf6ef56d3c5309283633a","16057881b6515536d8c0d81dbe5b863875c1399227e129f0619a879e655c1bf5","","method","float32 CalculateBaseMagnitude(const FGameplayEffectSpec&inout Spec) const","CalculateBaseMagnitude","","float32","1","FGameplayEffectSpec","False","True","False","available","/Script/GameplayAbilities.GameplayModMagnitudeCalculation:CalculateBaseMagnitude","manual","GameplayAbilities","GameplayAbilities","","","","","unclassified","pending-native-form-source-join"
"77eb32b177a9185cb294a323536a69d4a51f930a04b6a2be8667f24e84447a6b","a048e09fab5b35c796657bb67d416dd5c79c96ad1914c69990329d6bc1e2dc7a","","method","void ServerUnblockPlayer(FUniqueNetIdRepl PlayerId)","ServerUnblockPlayer","","void","1","FUniqueNetIdRepl","False","False","False","available","/Script/Engine.PlayerController:ServerUnblockPlayer","manual","Engine","","","","","","unclassified","pending-native-form-source-join"
"781e972e127b7ad0aa8f09e54c8de8f21827e8519f7e682dd5023e4ae5a0252a","82b49778050438b5a27d8b1df094f6d3b772d4216282a4dc80a142446a746688","","method","void DrawRect(FLinearColor RectColor, float32 ScreenX, float32 ScreenY, float32 ScreenW, float32 ScreenH)","DrawRect","","void","5","FLinearColor;float32;float32;float32;float32","False","False","False","available","/Script/Engine.HUD:DrawRect","manual","Engine","","","","","","unclassified","pending-native-form-source-join"
"7836c25c0871d170b9c06508a4dad242aa59167028448ff217777f6b5d9c7059","","FTransform","global-function","FTransform MakeFromXZ(const FVector&inout XAxis, const FVector&inout ZAxis)","MakeFromXZ","","FTransform","2","FVector;FVector","False","True","False","available","/Script/AngelscriptRuntime.AngelscriptFTransformLibrary:MakeFromXZ","manual","AngelscriptRuntime","Angelscript","","","","","unclassified","pending-native-form-source-join"
"7838c671f535115c9e869f4560474007e98f749714c17badcc516c4e13fdab13","48c1111f70539cbd6d1285d6bc2c25f4629fe1bf1442d7fdc4750982eff660e1","","method","void Reverse()","Reverse","","void","0","","False","False","False","available","/Script/Engine.TimelineComponent:Reverse","manual","Engine","","","","","","unclassified","pending-native-form-source-join"
"78661e4dd31832f904fcdac4b9866d51e426505f0c51404276ce094e999fc088","4f8e7441dd6629847eb00d9f80705d20098ad235220d252c2a2c723530d64500","","method","bool GetRelativeTransform(const FScriptTypedElementHandle&inout InElementHandle, FTransform&inout OutTransform)","GetRelativeTransform","","bool","2","FScriptTypedElementHandle;FTransform","False","True","False","available","/Script/Engine.TypedElementWorldInterface:GetRelativeTransform","manual","Engine","","","","","","unclassified","pending-native-form-source-join"
"78b3bb3db687228ca21ffc97b81ed18c6e5de5274eb37fa0662f894ce23d2180","","UGameplayStatics","global-function","bool AreSubtitlesEnabled()","AreSubtitlesEnabled","","bool","0","","False","False","False","available","/Script/Engine.GameplayStatics:AreSubtitlesEnabled","manual","Engine","","","","","","unclassified","pending-native-form-source-join"
"78b72f4792b5773cf2173c17ccacc2a0794f4003b8daa325bd1b3ccf4e1a8b10","fa24378319ef169d1149805ded22c404f691f2ea8b34352ec52aeaff336adb02","","method","FString GetLastConfirmedDisplayID() const","GetLastConfirmedDisplayID","","FString","0","","False","False","False","available","/Script/Engine.GameUserSettings:GetLastConfirmedDisplayID","manual","Engine","","","","","","unclassified","pending-native-form-source-join"
"78c67da1cbf6997d76a143de029fc4d5e33f59d23987606b9e3feabb24cef37f","7bdc779a0fee927b856a6c6bc30ff77dc2c598184d40bc40787b8392b97759e2","","method","int ScanPathForPrimaryAssets(FPrimaryAssetType PrimaryAssetType, FString Path, UClass BaseClass, bool bHasBlueprintClasses, bool bIsEditorOnly = false, bool bForceSynchronousScan = true)","ScanPathForPrimaryAssets","","int","6","FPrimaryAssetType;FString;UClass;bool;bool;bool","True","False","True","available","/Script/AngelscriptRuntime.AssetManagerMixinLibrary:ScanPathForPrimaryAssets","manual","AngelscriptRuntime","Angelscript","","","","","unclassified","pending-native-form-source-join"
"78cac298c614024b3d9c76a967bed17f34bdb8a2093484eb4b74eb8bdde3afdf","21d382cd7255d52cbb20566516d6b3ceb07797f145c23c7f2383421ca5d88295","","method","FEventReply OnTouchStarted(FGeometry MyGeometry, const FPointerEvent&inout InTouchEvent)","OnTouchStarted","","FEventReply","2","FGeometry;FPointerEvent","False","True","False","available","/Script/UMG.UserWidget:OnTouchStarted","manual","UMG","","","","","","unclassified","pending-native-form-source-join"
"78d9e806b835b5281de26ad5e6792d30d48ad2cc072e41d71640facf95bed8cf","fa24378319ef169d1149805ded22c404f691f2ea8b34352ec52aeaff336adb02","","method","int GetViewDistanceQuality() const","GetViewDistanceQuality","","int","0","","False","False","False","available","/Script/Engine.GameUserSettings:GetViewDistanceQuality","manual","Engine","","","","","","unclassified","pending-native-form-source-join"
"78df5aa06b8045ea4a4e5c1d053c279ab96c4a7b130c63aa0e16829fdafebc03","af227d35a24db9f5ce01b0ebcf9f55bd104b5cf86322c7403be4d525e4a5041b","","method","void UserConstructionScript()","UserConstructionScript","","void","0","","False","False","False","internal","/Script/Engine.Actor:UserConstructionScript","manual","Engine","","","","","","unclassified","pending-native-form-source-join"
"78f5710d312a73e49766043776eb4e99bfd07896d0bd83696cbccd63421b6f55","48c1111f70539cbd6d1285d6bc2c25f4629fe1bf1442d7fdc4750982eff660e1","","method","bool IsReversing() const","IsReversing","","bool","0","","False","False","False","available","/Script/Engine.TimelineComponent:IsReversing","manual","Engine","","","","","","unclassified","pending-native-form-source-join"
"79123ce598858a8b74aec07198c88efa548fce513b787076dade94698296a7e4","eb9db4974c2c84b3de7248f0dcc19ddbe9fe5a895134ac9ee72db3e7aec44cbf","","method","void SetKeyTangentWeightMode(FCurveKeyHandle KeyHandle, ERichCurveTangentWeightMode NewTangentWeightMode, bool bAutoSetTangents = true)","SetKeyTangentWeightMode","","void","3","FCurveKeyHandle;ERichCurveTangentWeightMode;bool","True","False","False","available","/Script/AngelscriptRuntime.RuntimeFloatCurveMixinLibrary:SetKeyTangentWeightMode","manual","AngelscriptRuntime","Angelscript","","","","","unclassified","pending-native-form-source-join"
"791b9e988db4bcebbbfd543be95c81ae8cce1438ba22b9898c64b3db345561bf","abf73796a44b7720aec99f689293c11d1394f589f456deaff3243a9c6776dfac","","method","TSet<FPlayerKeyMapping>& FindMappingsInRow(FName MappingName) const","FindMappingsInRow","","TSet<FPlayerKeyMapping>","1","FName","False","False","False","available","/Script/EnhancedInput.EnhancedInputUserSettings:FindMappingsInRow","manual","EnhancedInput","EnhancedInput","","","","","unclassified","pending-native-form-source-join"
"794e094fae4724524dcc62f11f5a7376c2a420ed0606483df07c3289ad0190e1","","SlateLibrary","global-function","float32 TransformScalarAbsoluteToLocal(const FGeometry&inout Geometry, float32 AbsoluteScalar)","TransformScalarAbsoluteToLocal","","float32","2","FGeometry;float32","False","True","False","deprecated","/Script/UMG.SlateBlueprintLibrary:TransformScalarAbsoluteToLocal","manual","UMG","","","","","","unclassified","pending-native-form-source-join"
"796054164c63a54693d5c70717ed03122a3b65258d6527a8b4ee8b85f4b7aefc","","UInputDeviceLibrary","global-function","FInputDeviceId InputDeviceId_None()","InputDeviceId_None","","FInputDeviceId","0","","False","False","False","available","/Script/Engine.InputDeviceLibrary:InputDeviceId_None","manual","Engine","","","","","","unclassified","pending-native-form-source-join"
"79932eb81b08b05a665e609c41d171350258c0e17eb259f2db97aa504172539c","c01f69dc85551cf5d89484bc5682609aaf62fba8adfe3e91dce30755c6a39897","","method","void StopShake(bool bImmediately)","StopShake","","void","1","bool","False","False","False","available","/Script/EngineCameras.LegacyCameraShake:ReceiveStopShake","manual","EngineCameras","EngineCameras","","","","","unclassified","pending-native-form-source-join"
"799f74bc18c9105443a318e46b4d3bcd0425a7af199745af96e0e4848a4e5b79","1459aeee77456b259eec65d3c93c821e51379be0e872cc927e1d51c42442bb66","","method","void GetAllListenerActors(AActor[]&inout ListenerActors) const","GetAllListenerActors","","void","1","AActor[]","False","True","False","available","/Script/AIModule.AISense_Blueprint:GetAllListenerActors","manual","AIModule","","","","","","unclassified","pending-native-form-source-join"
"79aa905bf434b49df53bf92c000ecf524a414711fdc7c83a3e61bdf70586798b","","UConstraintInstanceBlueprintLibrary","global-function","void SetParentDominates(FConstraintInstanceAccessor&inout Accessor, bool bParentDominates)","SetParentDominates","","void","2","FConstraintInstanceAccessor;bool","False","True","False","available","/Script/Engine.ConstraintInstanceBlueprintLibrary:SetParentDominates","manual","Engine","","","","","","unclassified","pending-native-form-source-join"
"79e657d703b84c5f4bcd2461505b13a40599caf913cedba83834f3adaff0e544","","UInputDeviceLibrary","global-function","FPlatformUserId PlatformUserId_None()","PlatformUserId_None","","FPlatformUserId","0","","False","False","False","available","/Script/Engine.InputDeviceLibrary:PlatformUserId_None","manual","Engine","","","","","","unclassified","pending-native-form-source-join"
"79f4fee33ba3568f82e1ad3e598e443260c4b25979d71860f6767af978d7f802","","UBlueprintSpringMathLibrary","global-function","FVector2D CubicInertializeApplyToVector2D(FVector2D InValue, FVector2D InValueOffset, FVector2D InVelocityOffset, float32 TimeSinceTransition, float32 BlendTime = 0.200000)","CubicInertializeApplyToVector2D","","FVector2D","5","FVector2D;FVector2D;FVector2D;float32;float32","True","False","False","available","/Script/Engine.BlueprintSpringMathLibrary:CubicInertializeApplyToVector2D","manual","Engine","","","","","","unclassified","pending-native-form-source-join"
"7a0500e79ad0256f37b46655df399be10422a77aa648ede0a92df2723ee751ed","fa24378319ef169d1149805ded22c404f691f2ea8b34352ec52aeaff336adb02","","method","void SetShadingQuality(int Value)","SetShadingQuality","","void","1","int","False","False","False","available","/Script/Engine.GameUserSettings:SetShadingQuality","manual","Engine","","","","","","unclassified","pending-native-form-source-join"
"7a11730c723072a0208274c67c6e966ba7c09290ebe9778759ccf0dca84c117d","","UBlueprintSpringMathLibrary","global-function","FVector CubicInertializeApplyToVector(FVector InValue, FVector InValueOffset, FVector InVelocityOffset, float32 TimeSinceTransition, float32 BlendTime = 0.200000)","CubicInertializeApplyToVector","","FVector","5","FVector;FVector;FVector;float32;float32","True","False","False","available","/Script/Engine.BlueprintSpringMathLibrary:CubicInertializeApplyToVector","manual","Engine","","","","","","unclassified","pending-native-form-source-join"
"7a533075c702fd01d81ac6c261b5e0e2f335a2c2182258913cde1d15969fa349","2ac177360e3efac0e8a29bc70733e99c02937f18aeb5f334fa0254580f25d642","","method","bool AddAssetUserDataOfClass(TSubclassOf<UAssetUserData> InUserDataClass)","AddAssetUserDataOfClass","","bool","1","TSubclassOf<UAssetUserData>","False","False","False","available","/Script/Engine.Interface_AssetUserData:AddAssetUserDataOfClass","manual","Engine","","","","","","unclassified","pending-native-form-source-join"
"7a5380f7f18835bb23c48efc7f7f273af4a768742105474ff145ddb34d9c231a","af227d35a24db9f5ce01b0ebcf9f55bd104b5cf86322c7403be4d525e4a5041b","","method","void ActorOnInputTouchEnd(ETouchIndex FingerIndex)","ActorOnInputTouchEnd","","void","1","ETouchIndex","False","False","False","available","/Script/Engine.Actor:ReceiveActorOnInputTouchEnd","manual","Engine","","","","","","unclassified","pending-native-form-source-join"
"7a7a687a46ec876a5d668388485fae76bb38d1ffc7ce72cf476131681cb96886","","UGameplayStatics","global-function","void GetAccurateRealTime(int&inout Seconds, float&inout PartialSeconds)","GetAccurateRealTime","","void","2","int;float","False","True","False","available","/Script/Engine.GameplayStatics:GetAccurateRealTime","manual","Engine","","","","","","unclassified","pending-native-form-source-join"
"7a8cdb5fddef999e1588dfe4c53eb5c95e320033c5f0c7f8870a495c88bcc920","38db8d3836b23b02f5b6964f879d62766dd9aefe824407443f98887f5d9846f9","","method","void Deinitialize()","Deinitialize","","void","0","","False","False","False","available","/Script/AngelscriptRuntime.ScriptWorldSubsystem:BP_Deinitialize","manual","AngelscriptRuntime","Angelscript","","","","","unclassified","pending-native-form-source-join"
"7aa7cc92a97ca8dc9dc17f3a8e7cf3cb5554b5d8b70d71aca07b4774670b351c","","WidgetLibrary","global-function","FSlateBrush MakeBrushFromAsset(USlateBrushAsset BrushAsset)","MakeBrushFromAsset","","FSlateBrush","1","USlateBrushAsset","False","False","True","available","/Script/UMG.WidgetBlueprintLibrary:MakeBrushFromAsset","manual","UMG","","","","","","unclassified","pending-native-form-source-join"
"7aac5dd6a430ce67e262481fd97dcf5ed78128afe38928ac0ccf01d7d50120a3","9c17a49779346891bb3f8949fbd1c45b202dbf0f858f13883b85f158746266e5","","method","void SetEntryWidth(float32 NewWidth)","SetEntryWidth","","void","1","float32","False","False","False","available","/Script/UMG.TileView:SetEntryWidth","manual","UMG","","","","","","unclassified","pending-native-form-source-join"
"7aba72b189f20fd075709e4f271d591f2c9b96c6a27bc84f6addb9ac711a31d6","c375565b8bc7d59a45f79269d328bdba586eff989b4afbdd7e9653e56dffb86e","","method","void SetTriggerParameter(FName InName)","SetTriggerParameter","","void","1","FName","False","False","False","available","/Script/AudioExtensions.AudioParameterControllerInterface:SetTriggerParameter","manual","AudioExtensions","","","","","","unclassified","pending-native-form-source-join"
"7abdb3d13a2a1d906422b7a5be2b72ffdbf1c172d2415929a62141155bd3aa60","5351c4ffe82bbb28d1a84ba46be8b8b08876e3a366f59925a2568dc5b35e1c9c","","method","void ReturnToMainMenuHost()","ReturnToMainMenuHost","","void","0","","False","False","False","available","/Script/Engine.GameModeBase:ReturnToMainMenuHost","manual","Engine","","","","","","unclassified","pending-native-form-source-join"
"7acb2df8e4d7632503ec20afbf98ba65fa3ccd07960de0277d982a5b7af0856c","38db8d3836b23b02f5b6964f879d62766dd9aefe824407443f98887f5d9846f9","","method","void Initialize()","Initialize","","void","0","","False","False","False","available","/Script/AngelscriptRuntime.ScriptWorldSubsystem:BP_Initialize","manual","AngelscriptRuntime","Angelscript","","","","","unclassified","pending-native-form-source-join"
"7b113fdfc59da2cca979e31d8d4c7b03f398a2827e2406c605d93bc199cf0f54","37bcc56137e6a420e62cf2e07774f8ab1bda170a82945a2ae8428f275ae4117a","","method","FVector ConstrainToDirection(const FVector&inout Direction) const","ConstrainToDirection","","FVector","1","FVector","False","True","False","available","/Script/AngelscriptRuntime.AngelscriptFVectorMixinLibrary:ConstrainToDirection","manual","AngelscriptRuntime","Angelscript","","","","","unclassified","pending-native-form-source-join"
"7b129fa41659a9f444cde588b6988d481979c14753dbfe40c7a4cf4374e5b5b1","","WidgetLibrary","global-function","void SetFocusToGameViewport()","SetFocusToGameViewport","","void","0","","False","False","False","available","/Script/UMG.WidgetBlueprintLibrary:SetFocusToGameViewport","manual","UMG","","","","","","unclassified","pending-native-form-source-join"
"7b34ff30de208c917b298e21bf8ff735ae246a46a702a3b28a4f639ec84b2048","8fb03d2805f10d52065d1c65e9dcd91b4549d6c486b24f525bcd3787c984fb66","","method","void GetAllCachedPaths(FString[]&inout OutPathList) const","GetAllCachedPaths","","void","1","FString[]","False","True","False","available","/Script/AssetRegistry.AssetRegistry:GetAllCachedPaths","manual","AssetRegistry","","","","","","unclassified","pending-native-form-source-join"
"7b7939b5de9c57e94a18ba15d21d4bd614f5419f3eca83b1bc3b975b071e0cfb","","UGameplayStatics","global-function","bool DeprojectSceneCaptureToWorld(ASceneCapture2D SceneCapture2D, const FVector2D&inout TargetUV, FVector&inout WorldPosition, FVector&inout WorldDirection)","DeprojectSceneCaptureToWorld","","bool","4","ASceneCapture2D;FVector2D;FVector;FVector","False","True","True","available","/Script/Engine.GameplayStatics:DeprojectSceneCaptureToWorld","manual","Engine","","","","","","unclassified","pending-native-form-source-join"
"7bd84fcec04383b9b700f668e987a77a806e7f64655510cf62dd5807816ad7fb","c0bb55b31b172af739ea5a3161cf385fce49e56d3e6b543cf9b759a260180619","","method","bool IsCacheableOverride() const","IsCacheableOverride","","bool","0","","False","False","False","available","/Script/PCG.PCGBlueprintBaseElement:IsCacheableOverride","manual","PCG","PCG","","","","","unclassified","pending-native-form-source-join"
"7c05c2a27b5e8888701293c033a5f4a91f267f618876e487b269d7ed94c6ef78","","UBTFunctionLibrary","global-function","void SetBlackboardValueAsFloat(UBTNode NodeOwner, const FBlackboardKeySelector&inout Key, float32 Value)","SetBlackboardValueAsFloat","","void","3","UBTNode;FBlackboardKeySelector;float32","False","True","True","available","/Script/AIModule.BTFunctionLibrary:SetBlackboardValueAsFloat","manual","AIModule","","","","","","unclassified","pending-native-form-source-join"
"7c12f64fa1c590f365d3b0b1302d3cd6e7dcd733e18b704badf06c45977780d4","abf73796a44b7720aec99f689293c11d1394f589f456deaff3243a9c6776dfac","","method","UEnhancedPlayerMappableKeyProfile GetActiveKeyProfile() const","GetActiveKeyProfile","","UEnhancedPlayerMappableKeyProfile","0","","False","False","False","available","/Script/EnhancedInput.EnhancedInputUserSettings:GetActiveKeyProfile","manual","EnhancedInput","EnhancedInput","","","","","unclassified","pending-native-form-source-join"
"7c159082b0969f0fb6e34d0b14e42369fbcd8052290aeb23064b208ed5f8a4eb","196d00ce68899768ad4f9f6ad88b0526803ac4b5bfb0e008fcef467d86d4f66f","","method","bool DoesMappingPassQueryOptions(const FPlayerKeyMapping&inout PlayerMapping, const FPlayerMappableKeyQueryOptions&inout Options) const","DoesMappingPassQueryOptions","","bool","2","FPlayerKeyMapping;FPlayerMappableKeyQueryOptions","False","True","False","available","/Script/EnhancedInput.EnhancedPlayerMappableKeyProfile:DoesMappingPassQueryOptions","manual","EnhancedInput","EnhancedInput","","","","","unclassified","pending-native-form-source-join"
"7c8a32f3193a6d7796cae6aa882ab3fd970a3e7b83a94b2c04eaba70b9424558","339a778a47b28d90a21f75037fa86472d09260ad9f9b63803ea7592f3e560150","","method","bool IsAssetReadOnly(const FAssetData&inout AssetData) const","IsAssetReadOnly","","bool","1","FAssetData","False","True","False","available","/Script/AssetTools.AssetTools:IsAssetReadOnly","manual","AssetTools","","","","","","unclassified","pending-native-form-source-join"
"7d107fcc07a64fa314fdb2197fee5639ee00138a06198cfb0a49a6e47be52293","061c90b40526e6537347bd4f5817dbd2e124e0a07d2267c5a3ab507b0c2662ae","","method","void ServerMoveDualNoBase(float32 TimeStamp0, FVector InAccel0, uint8 PendingFlags, uint View0, float32 TimeStamp, FVector InAccel, FVector ClientLoc, uint8 NewFlags, uint8 ClientRoll, uint View, uint8 ClientMovementMode)","ServerMoveDualNoBase","","void","11","float32;FVector;uint8;uint;float32;FVector;FVector;uint8;uint8;uint;uint8","False","False","False","available","/Script/Engine.Character:ServerMoveDualNoBase","manual","Engine","","","","","","unclassified","pending-native-form-source-join"
"7d1ad7094a14bb23e8b156da67024bcdbdc3ba8645a40eee213f33fb94449280","","UBlueprintSpringMathLibrary","global-function","void TrackVelocityScale(FVector&inout InOutValue, FVector&inout InOutVelocity, FVector InValue, float32 DeltaTime)","TrackVelocityScale","","void","4","FVector;FVector;FVector;float32","False","True","False","available","/Script/Engine.BlueprintSpringMathLibrary:TrackVelocityScale","manual","Engine","","","","","","unclassified","pending-native-form-source-join"
"7d23bd509acc168b148a694ba9e53c7e0cf9ae387ec52c287b41cd901c4f4060","956e3de55fc14905d659124709e772134c7ea46f65ba77a3cb19eb6f09952604","","method","float32 GetDefaultTriggerWeightThreshold() const","GetDefaultTriggerWeightThreshold","","float32","0","","False","False","False","available","/Script/Engine.AnimNotifyState:GetDefaultTriggerWeightThreshold","manual","Engine","","","","","","unclassified","pending-native-form-source-join"
"7d60588dff7bf37ecd44cfa5c77f5d8bb04d97296fedbd39df3f5e531e80dd9d","86c563eefe33d6ea5b62aea21049bf58f58ce6c6a1134f6ab942f5f9a13d5980","","method","void SetPadding(FMargin InPadding)","SetPadding","","void","1","FMargin","False","False","False","available","/Script/UMG.ScrollBoxSlot:SetPadding","manual","UMG","","","","","","unclassified","pending-native-form-source-join"
"7d79a2bfeaacd93b229baf346b7d72df1076f1be1490392ca05d209aa437a414","","UBlueprintSpringMathLibrary","global-function","float32 SpringCharacterSmoothingTimeFromStartingTime(float32 TargetVelocity, float32 StartingTime = 1.000000, float32 VelocityThreshold = 10.000000)","SpringCharacterSmoothingTimeFromStartingTime","","float32","3","float32;float32;float32","True","False","False","available","/Script/Engine.BlueprintSpringMathLibrary:SpringCharacterSmoothingTimeFromStartingTime","manual","Engine","","","","","","unclassified","pending-native-form-source-join"
"7d80260421fcb436966b12eb95681bd11e564397fea12377e129179cb9ff859c","","UAnimNotifyStateMachineInspectionLibrary","global-function","bool IsTriggeredByStateInStateMachine(const FAnimNotifyEventReference&inout EventReference, UAnimInstance AnimInstance, FName StateMachineName, FName StateName)","IsTriggeredByStateInStateMachine","","bool","4","FAnimNotifyEventReference;UAnimInstance;FName;FName","False","True","True","available","/Script/Engine.AnimNotifyStateMachineInspectionLibrary:IsTriggeredByStateInStateMachine","manual","Engine","","","","","","unclassified","pending-native-form-source-join"
"7d959dce8f799a39b974b3cd0fa6a56f375b3d81a7bb52c03a03a9fa3f3a7bdd","8408ed834089f0d30abf8476c0078c8637280efdb97766920767c790ba00fc66","","method","void InjectInputVectorForAction(const UInputAction Action, FVector Value, const UInputModifier[]&inout Modifiers, const UInputTrigger[]&inout Triggers)","InjectInputVectorForAction","","void","4","const UInputAction;FVector;UInputModifier[];UInputTrigger[]","False","True","True","available","/Script/EnhancedInput.EnhancedInputSubsystemInterface:InjectInputVectorForAction","manual","EnhancedInput","EnhancedInput","","","","","unclassified","pending-native-form-source-join"
"7dd281ec74cb79969072c16f4ce16f85163a08328162b6c6964c54f345ff532d","86c563eefe33d6ea5b62aea21049bf58f58ce6c6a1134f6ab942f5f9a13d5980","","method","void SetHorizontalAlignment(EHorizontalAlignment InHorizontalAlignment)","SetHorizontalAlignment","","void","1","EHorizontalAlignment","False","False","False","available","/Script/UMG.ScrollBoxSlot:SetHorizontalAlignment","manual","UMG","","","","","","unclassified","pending-native-form-source-join"
"7de37a5a8c0a862d0812d964b54504ab6b1773b6d63ab9f80d63f2c5f6e04e2a","","WidgetLibrary","global-function","void RestorePreviousWindowTitleBarState()","RestorePreviousWindowTitleBarState","","void","0","","False","False","False","available","/Script/UMG.WidgetBlueprintLibrary:RestorePreviousWindowTitleBarState","manual","UMG","","","","","","unclassified","pending-native-form-source-join"
"7e1c08d564193425db74e4f660ea274a0cd5be19adc5ef532beba7aab34bc993","339a778a47b28d90a21f75037fa86472d09260ad9f9b63803ea7592f3e560150","","method","void DiffAssets(UObject OldAsset, UObject NewAsset, const FRevisionInfo&inout OldRevision, const FRevisionInfo&inout NewRevision) const","DiffAssets","","void","4","UObject;UObject;FRevisionInfo;FRevisionInfo","False","True","True","available","/Script/AssetTools.AssetTools:DiffAssets","manual","AssetTools","","","","","","unclassified","pending-native-form-source-join"
"7e84e46fdeb8f75404cdcbd501cc0a48dc82a6a24a58db34a9f41f026ff4bd90","061c90b40526e6537347bd4f5817dbd2e124e0a07d2267c5a3ab507b0c2662ae","","method","void ClientAdjustPosition(float32 TimeStamp, FVector NewLoc, FVector NewVel, UPrimitiveComponent NewBase, FName NewBaseBoneName, bool bHasBase, bool bBaseRelativePosition, uint8 ServerMovementMode)","ClientAdjustPosition","","void","8","float32;FVector;FVector;UPrimitiveComponent;FName;bool;bool;uint8","False","False","True","available","/Script/Engine.Character:ClientAdjustPosition","manual","Engine","","","","","","unclassified","pending-native-form-source-join"
"7eba4ff6367c3ae226c95cb89f6551e51ac582ec2b0cb97720e894515bb97fcd","","UGameplayStatics","global-function","void SetSoundClassDistanceScale(const UObject WorldContextObject, USoundClass SoundClass, float32 DistanceAttenuationScale, float32 TimeSec = 0.000000)","SetSoundClassDistanceScale","","void","4","const UObject;USoundClass;float32;float32","True","False","True","available","/Script/Engine.GameplayStatics:SetSoundClassDistanceScale","manual","Engine","","","","","","unclassified","pending-native-form-source-join"
"7f688f1d19882bc80fa1d6783706b048c6af39e0ad7d516f752d6b9dfc95d0bd","061c90b40526e6537347bd4f5817dbd2e124e0a07d2267c5a3ab507b0c2662ae","","method","void OnLanded(const FHitResult&inout Hit)","OnLanded","","void","1","FHitResult","False","True","False","available","/Script/Engine.Character:OnLanded","manual","Engine","","","","","","unclassified","pending-native-form-source-join"
"7fae343ce38247ef9201c56ed678b12f4dcc8281877988ae9f39e2c3fd7853d0","abf73796a44b7720aec99f689293c11d1394f589f456deaff3243a9c6776dfac","","method","bool IsMappingContextRegistered(const UInputMappingContext IMC) const","IsMappingContextRegistered","","bool","1","const UInputMappingContext","False","False","True","available","/Script/EnhancedInput.EnhancedInputUserSettings:IsMappingContextRegistered","manual","EnhancedInput","EnhancedInput","","","","","unclassified","pending-native-form-source-join"
"7fbc93b051d9d26527555de0e1c6ef6e8be050963dce71263d9f32bc46827f55","5351c4ffe82bbb28d1a84ba46be8b8b08876e3a366f59925a2568dc5b35e1c9c","","method","AActor FindPlayerStart(AController Player, FString IncomingName)","FindPlayerStart","","AActor","2","AController;FString","False","False","True","available","/Script/Engine.GameModeBase:FindPlayerStart","manual","Engine","","","","","","unclassified","pending-native-form-source-join"
"7fcb57a289ab19187ae3b5994577e80048670299205695f1594e69bdfc0bdd5a","638fcf4cf315d2a9c093e5ad76bba411fbeda9be5a9c0482962d9e31f086736a","","method","ETriggerState UpdateState(const UEnhancedPlayerInput PlayerInput, FInputActionValue ModifiedValue, float32 DeltaTime)","UpdateState","","ETriggerState","3","const UEnhancedPlayerInput;FInputActionValue;float32","False","False","True","available","/Script/EnhancedInput.InputTrigger:UpdateState","manual","EnhancedInput","EnhancedInput","","","","","unclassified","pending-native-form-source-join"
"7fd6fca9685e727417cb0789cb855d322cbf74f35670cacd5ed85437dc8aa48e","a048e09fab5b35c796657bb67d416dd5c79c96ad1914c69990329d6bc1e2dc7a","","method","void ClientForceGarbageCollection()","ClientForceGarbageCollection","","void","0","","False","False","False","available","/Script/Engine.PlayerController:ClientForceGarbageCollection","manual","Engine","","","","","","unclassified","pending-native-form-source-join"
"7febf3f6b27a0aaa3e4869715e514cadc095dc200cfdae38139bfca11fc5689a","","USubsystemLibrary","global-function","UWorldSubsystem GetWorldSubsystem(UObject WorldContextObject, TSubclassOf<UWorldSubsystem> Class)","GetWorldSubsystem","","UWorldSubsystem","2","UObject;TSubclassOf<UWorldSubsystem>","False","False","True","available","/Script/AngelscriptRuntime.SubsystemLibrary:GetWorldSubsystem","manual","AngelscriptRuntime","Angelscript","","","","","unclassified","pending-native-form-source-join"
"8081d48788df5a6cb264b294a9fef0d7fa8daf4f8542f3b7e22c3fbf7c557a70","df14bd8b09b3fb2279e19859d11fa5dfaefdaf3defc6a308d5205e48915634c6","","method","void CollapseAll()","CollapseAll","","void","0","","False","False","False","available","/Script/UMG.TreeView:CollapseAll","manual","UMG","","","","","","unclassified","pending-native-form-source-join"
"8094759639f84edf7461ae709f038d9b1d3be558d95de37f8fb8534bf7feeca9","3f53fcefd467a1b0f6f8e849a3aab4dae72b05622d56758e2cef0c803797e94a","","method","void ServerPong()","ServerPong","","void","0","","False","False","False","available","/Script/OnlineSubsystemUtils.TestBeaconClient:ServerPong","manual","OnlineSubsystemUtils","OnlineSubsystemUtils","","","","","unclassified","pending-native-form-source-join"
"80b8d4d7b8a911f32c6b9968389b7ac519cbea84a6402c41669356d7cbd1c069","","WidgetLibrary","global-function","FEventReply Unhandled()","Unhandled","","FEventReply","0","","False","False","False","available","/Script/UMG.WidgetBlueprintLibrary:Unhandled","manual","UMG","","","","","","unclassified","pending-native-form-source-join"
"812d89504db8518709f7100daf739b404827e0ffa318d8934b9d89b3e2c0175b","fa24378319ef169d1149805ded22c404f691f2ea8b34352ec52aeaff336adb02","","method","void RevertVideoMode()","RevertVideoMode","","void","0","","False","False","False","available","/Script/Engine.GameUserSettings:RevertVideoMode","manual","Engine","","","","","","unclassified","pending-native-form-source-join"
"812f90faf786043c846fa7300f9651b62780806feb65733615dfa13b4943ccd2","62f422d0f954ea11dcb80ccd6dcbb9345d905f88381c71c0ded9d2aacc0560f3","","method","void IterationLoopInitialize(int NumIterations, const UPCGBasePointData InputPointDataA, const UPCGBasePointData InputPointDataB, UPCGBasePointData OutputPointData)","IterationLoopInitialize","","void","4","int;const UPCGBasePointData;const UPCGBasePointData;UPCGBasePointData","False","False","True","available","/Script/PCG.PCGBlueprintPointProcessorElement:IterationLoopInitialize","manual","PCG","PCG","","","","","unclassified","pending-native-form-source-join"
"813be40511c290451d040311950ace2598e08707ed0aebcb43caa3939e9a0621","2858a5f3b4611eebb1accb6676c7a46a708c228089fdf11a28fea1f451b3a916","","method","int Num()","Num","","int","0","","False","False","False","available","/Script/Niagara.NiagaraPreviewAxis:Num","manual","Niagara","Niagara","","","","","unclassified","pending-native-form-source-join"
"815c502fffd1a6aaf16a68fb397d210a129c01f8f81893c2d271736ceca52f0c","b838e8e9400cbd0a44522d60aab9dd66298f676e9917d955c70e780e9fc7d949","","method","float32 GetVoiceLevel()","GetVoiceLevel","","float32","0","","False","False","False","available","/Script/Engine.VOIPTalker:GetVoiceLevel","manual","Engine","","","","","","unclassified","pending-native-form-source-join"
"8177ae2eb5ec1bc5370fd28f6d65b40af337a63a6f11756751bdc5c071ab6b62","8408ed834089f0d30abf8476c0078c8637280efdb97766920767c790ba00fc66","","method","void UpdateValueOfContinuousInputInjectionForPlayerMapping(FName MappingName, FInputActionValue RawValue)","UpdateValueOfContinuousInputInjectionForPlayerMapping","","void","2","FName;FInputActionValue","False","False","False","available","/Script/EnhancedInput.EnhancedInputSubsystemInterface:UpdateValueOfContinuousInputInjectionForPlayerMapping","manual","EnhancedInput","EnhancedInput","","","","","unclassified","pending-native-form-source-join"
"818305e69aa602cc772c9541f02d22336b9041aaeaae35f43ec039badfaf1f8a","a048e09fab5b35c796657bb67d416dd5c79c96ad1914c69990329d6bc1e2dc7a","","method","void ClientStartCameraShake(TSubclassOf<UCameraShakeBase> Shake, float32 Scale = 1.000000, ECameraShakePlaySpace PlaySpace = ECameraShakePlaySpace :: CameraLocal, FRotator UserPlaySpaceRot = FRotator ( ))","ClientStartCameraShake","","void","4","TSubclassOf<UCameraShakeBase>;float32;ECameraShakePlaySpace;FRotator","True","False","False","available","/Script/Engine.PlayerController:ClientStartCameraShake","manual","Engine","","","","","","unclassified","pending-native-form-source-join"
"81f246e84aac3781711ea75beeb6e1ded94e7a65d00916ae73e144333b6db39d","ce03e8ad9e753f7ce0833b6dfcc8edbd7020df289398d04827f0cffed55f159e","","method","void ServerLatentCommandClientDone()","ServerLatentCommandClientDone","","void","0","","False","False","False","available","/Script/AngelscriptRuntime.LatentAutomationCommandClientExecutor:ServerLatentCommandClientDone","manual","AngelscriptRuntime","Angelscript","","","","","unclassified","pending-native-form-source-join"
"81f58e228cb55bc7bd6b9dfeee75d37f5b2c93c7066dcc00885a4c06107ac278","0852d513fd9a3d7728cab969ae7445c0f54b221f4b0ab16bab2f331aa4b8a7ab","","method","void Dragged(const FPointerEvent&inout PointerEvent)","Dragged","","void","1","FPointerEvent","False","True","False","available","/Script/UMG.DragDropOperation:Dragged","manual","UMG","","","","","","unclassified","pending-native-form-source-join"
"821fa6fc95adfcc016487cbe20d1710f8cb6bef0e54832f551d97119533d4c22","9c17a49779346891bb3f8949fbd1c45b202dbf0f858f13883b85f158746266e5","","method","float32 GetEntryHeight() const","GetEntryHeight","","float32","0","","False","False","False","available","/Script/UMG.TileView:GetEntryHeight","manual","UMG","","","","","","unclassified","pending-native-form-source-join"
"825639ea78c2ef5dc59a9b937224b2da8fcb052f9def9b7d288fdb1e740e1160","b0697b21743308261702f67329e44db0bc229dd72304c0d0f5c43e2adcf62eaf","","method","void InvertAxis(FName AxisName)","InvertAxis","","void","1","FName","False","False","False","available","/Script/AngelscriptRuntime.PlayerInputScriptMixinLibrary:InvertAxis","manual","AngelscriptRuntime","Angelscript","","","","","unclassified","pending-native-form-source-join"
"826e0d841e719b3981c773d90054bee5e75ef47b62d3952aa28f05093f20cbae","ce03e8ad9e753f7ce0833b6dfcc8edbd7020df289398d04827f0cffed55f159e","","method","void ServerLatentCommandDescribeOnClient(FString NewDescription)","ServerLatentCommandDescribeOnClient","","void","1","FString","False","False","False","available","/Script/AngelscriptRuntime.LatentAutomationCommandClientExecutor:ServerLatentCommandDescribeOnClient","manual","AngelscriptRuntime","Angelscript","","","","","unclassified","pending-native-form-source-join"
"8293d862d02829632f62460ef92877223e23da6718947abee5edf98204c7f885","","UBTFunctionLibrary","global-function","void SetBlackboardValueAsBool(UBTNode NodeOwner, const FBlackboardKeySelector&inout Key, bool Value)","SetBlackboardValueAsBool","","void","3","UBTNode;FBlackboardKeySelector;bool","False","True","True","available","/Script/AIModule.BTFunctionLibrary:SetBlackboardValueAsBool","manual","AIModule","","","","","","unclassified","pending-native-form-source-join"
"82a696a2e5ad79c1691566ad1ca380c37bd7f902d042ff334ac1c6cc39a8014c","8fb03d2805f10d52065d1c65e9dcd91b4549d6c486b24f525bcd3787c984fb66","","method","bool GetAncestorClassNames(FTopLevelAssetPath ClassPathName, FTopLevelAssetPath[]&inout OutAncestorClassNames) const","GetAncestorClassNames","","bool","2","FTopLevelAssetPath;FTopLevelAssetPath[]","False","True","False","available","/Script/AssetRegistry.AssetRegistry:GetAncestorClassNames","manual","AssetRegistry","","","","","","unclassified","pending-native-form-source-join"
"82b1be48ded2a7bf83c675229e087f78ec5888636cce79f00edf6eb39e01a361","f114739dad8eec28fa480409a4fe844f0d95d53ddc54fb1dd0d2b1c16ec0a9d7","","method","FVector2f GetBlendSpacePosition(int TrackIndex, int LayerIndex) const","GetBlendSpacePosition","","FVector2f","2","int;int","False","False","False","available","/Script/Engine.AnimSequenceTransformProviderDataInstance:GetBlendSpacePosition","manual","Engine","","","","","","unclassified","pending-native-form-source-join"
"82ba2dc7b53af96b5faaad3733892462f7cd43ef0f1ef8071d02369f4ce572aa","6bffd1732cf488f360666775155ba0393bfb1b059aa8c53f08cc7046bcad49ba","","method","void BindAxis(const FName&inout AxisName, const FInputAxisHandlerDynamicSignature&inout Delegate = FInputAxisHandlerDynamicSignature ( ))","BindAxis","","void","2","FName;FInputAxisHandlerDynamicSignature","True","True","False","available","/Script/AngelscriptRuntime.InputComponentScriptMixinLibrary:BindAxis","manual","AngelscriptRuntime","Angelscript","","","","","unclassified","pending-native-form-source-join"
"82d874cea7a27c50a47ef5dc830afe71d903a372b516c004c0b9c61a2b3a1486","c375565b8bc7d59a45f79269d328bdba586eff989b4afbdd7e9653e56dffb86e","","method","void SetObjectParameter(FName InName, UObject InValue)","SetObjectParameter","","void","2","FName;UObject","False","False","True","available","/Script/AudioExtensions.AudioParameterControllerInterface:SetObjectParameter","manual","AudioExtensions","","","","","","unclassified","pending-native-form-source-join"
"82e9b8e20e571280d90465c3d8eb55f9aad78fea1f20c12c5e671dacb47b4e15","0f57e00920afd6a1a9a1258c938a2ce2620b2cd11c885c6355f0447d3358f499","","method","void SetPhysMaterial(UPhysicalMaterial PhysMaterial)","SetPhysMaterial","","void","1","UPhysicalMaterial","False","False","True","available","/Script/AngelscriptRuntime.AngelscriptHitResultLibrary:SetPhysMaterial","manual","AngelscriptRuntime","Angelscript","","","","","unclassified","pending-native-form-source-join"
"832fc26d91241b1d7c76e432944e8d51cca38d9cc8329eeca0f690522b8855e1","11dabff3ebe856ce7caa89795572004898ad948fcfcf0ccffb022dd91ce01ec4","","method","void ReleaseComponent()","ReleaseComponent","","void","0","","False","False","False","available","/Script/Engine.PhysicsHandleComponent:ReleaseComponent","manual","Engine","","","","","","unclassified","pending-native-form-source-join"
"8341017f5e328e1aa9d18012a94379553d9911ee7865aa7ba0e33f613e6d5d91","339a778a47b28d90a21f75037fa86472d09260ad9f9b63803ea7592f3e560150","","method","void ExportAssets(const FString[]&inout AssetsToExport, FString ExportPath)","ExportAssets","","void","2","FString[];FString","False","True","False","available","/Script/AssetTools.AssetTools:ExportAssets","manual","AssetTools","","","","","","unclassified","pending-native-form-source-join"
"8390700e655fd07bd466e1cc8c649068fc56be996e2c763c6b46498908fb5065","95c5bd2590e7410565721b207a1d17bc6be9388f92234c7eba4b0ba57a3a44b1","","method","bool RemoveTransformCurveKey(const FAnimationCurveIdentifier&inout CurveId, float32 Time, bool bShouldTransact)","RemoveTransformCurveKey","","bool","3","FAnimationCurveIdentifier;float32;bool","False","True","False","available","/Script/Engine.AnimationDataController:RemoveTransformCurveKey","manual","Engine","","","","","","unclassified","pending-native-form-source-join"
"83986c19590cbe2946111c301ce62ea54c0df45ee2029631fcc2029709b0385e","8408ed834089f0d30abf8476c0078c8637280efdb97766920767c790ba00fc66","","method","void SetInputMode(const FGameplayTagContainer&inout NewMode, const FModifyContextOptions&inout Options)","SetInputMode","","void","2","FGameplayTagContainer;FModifyContextOptions","False","True","False","available","/Script/EnhancedInput.EnhancedInputSubsystemInterface:SetInputMode","manual","EnhancedInput","EnhancedInput","","","","","unclassified","pending-native-form-source-join"
"839f73f70c35226a6a0a98405f740d8b540835e5624363cdc0df9822b1707992","","UGameplayStatics","global-function","bool DeprojectScreenToWorld(APlayerController Player, const FVector2D&inout ScreenPosition, FVector&inout WorldPosition, FVector&inout WorldDirection)","DeprojectScreenToWorld","","bool","4","APlayerController;FVector2D;FVector;FVector","False","True","True","available","/Script/Engine.GameplayStatics:DeprojectScreenToWorld","manual","Engine","","","","","","unclassified","pending-native-form-source-join"
"84111547160df4df2ee3ad045239af5d632ca332a5df3a6c5e45fb1d781dd9b6","a048e09fab5b35c796657bb67d416dd5c79c96ad1914c69990329d6bc1e2dc7a","","method","void ClientFlushLevelStreaming()","ClientFlushLevelStreaming","","void","0","","False","False","False","available","/Script/Engine.PlayerController:ClientFlushLevelStreaming","manual","Engine","","","","","","unclassified","pending-native-form-source-join"
"841a22790cb549312b73d156f9ccb8635763f7ef2498bcf30cc905ca562d89a2","95c5bd2590e7410565721b207a1d17bc6be9388f92234c7eba4b0ba57a3a44b1","","method","bool RemoveCurve(const FAnimationCurveIdentifier&inout CurveId, bool bShouldTransact)","RemoveCurve","","bool","2","FAnimationCurveIdentifier;bool","False","True","False","available","/Script/Engine.AnimationDataController:RemoveCurve","manual","Engine","","","","","","unclassified","pending-native-form-source-join"
"845d244cb898ff94d4f1f729051b87ed0730317b16161d1b0e059afe37a74383","1459aeee77456b259eec65d3c93c821e51379be0e872cc927e1d51c42442bb66","","method","void OnListenerRegistered(AActor ActorListener, UAIPerceptionComponent PerceptionComponent)","OnListenerRegistered","","void","2","AActor;UAIPerceptionComponent","False","False","True","available","/Script/AIModule.AISense_Blueprint:OnListenerRegistered","manual","AIModule","","","","","","unclassified","pending-native-form-source-join"
"8460ce356fadd25cecf6dc8be43d203f464fd07f6d9ee98ab7953081c3a3d22a","e397244109f21450e3f5cd68040f81224f3537db603a046823e9a44f19809c2e","","method","bool CanDeselectElement(const FScriptTypedElementHandle&inout InElementHandle, const FTypedElementSelectionOptions&inout InSelectionOptions)","CanDeselectElement","","bool","2","FScriptTypedElementHandle;FTypedElementSelectionOptions","False","True","False","available","/Script/TypedElementRuntime.TypedElementSelectionInterface:CanDeselectElement","manual","TypedElementRuntime","","","","","","unclassified","pending-native-form-source-join"
"848a1b8ee8f9a007aacadb49d21afd5fc83201ad210e29c2813d324b2d42ed7b","eb9db4974c2c84b3de7248f0dcc19ddbe9fe5a895134ac9ee72db3e7aec44cbf","","method","void SetKeyTangentMode(FCurveKeyHandle KeyHandle, ERichCurveTangentMode NewTangentMode, bool bAutoSetTangents = true)","SetKeyTangentMode","","void","3","FCurveKeyHandle;ERichCurveTangentMode;bool","True","False","False","available","/Script/AngelscriptRuntime.RuntimeFloatCurveMixinLibrary:SetKeyTangentMode","manual","AngelscriptRuntime","Angelscript","","","","","unclassified","pending-native-form-source-join"
"8493428759620684de4e35cafb8361c3122a3e056baead7317e21a90ebaa967f","c95f0db7bcacf8830e775c79cf299664fcce64e41a8cde810e3b957ddc183b65","","method","void Abort(AActor OwnerActor)","Abort","","void","1","AActor","False","False","True","available","/Script/AIModule.BTTask_BlueprintBase:ReceiveAbort","manual","AIModule","","","","","","unclassified","pending-native-form-source-join"
"84a9be2255b1d9889c9bc81fa46b9ed62ea43178e03e51abaf1d9351969478aa","","UBlueprintSpringMathLibrary","global-function","void CriticalSpringDampQuat(FQuat&inout InOutRotation, FVector&inout InOutAngularVelocity, const FQuat&inout TargetRotation, float32 DeltaTime, float32 SmoothingTime = 0.200000)","CriticalSpringDampQuat","","void","5","FQuat;FVector;FQuat;float32;float32","True","True","False","available","/Script/Engine.BlueprintSpringMathLibrary:CriticalSpringDampQuat","manual","Engine","","","","","","unclassified","pending-native-form-source-join"
"84af88e98ba827d3d4496c0f76c5f51a4a0cce7afae9e8b1efdce80ac22b9848","","FQuat4f","global-function","FQuat4f MakeFromAxes(const FVector3f&inout Forward, const FVector3f&inout Right, const FVector3f&inout Up)","MakeFromAxes","","FQuat4f","3","FVector3f;FVector3f;FVector3f","False","True","False","available","/Script/AngelscriptRuntime.AngelscriptFQuat4fLibrary:MakeFromAxes","manual","AngelscriptRuntime","Angelscript","","","","","unclassified","pending-native-form-source-join"
"84b621ea22ded975709a0743a5ebd7e0e3aef4ae37339100737757d61c5074ae","9b14d4cb6b1a0568f8d516a6b0bab21095edcf53fd978700c0128bf5c85619aa","","method","void ClientSendReservationFull()","ClientSendReservationFull","","void","0","","False","False","False","available","/Script/OnlineSubsystemUtils.PartyBeaconClient:ClientSendReservationFull","manual","OnlineSubsystemUtils","OnlineSubsystemUtils","","","","","unclassified","pending-native-form-source-join"
"84e19c394a19759240f46f9945f81459a7e9b71f4c90a4fc1e81e6ef90321763","a048e09fab5b35c796657bb67d416dd5c79c96ad1914c69990329d6bc1e2dc7a","","method","void ClientIgnoreMoveInput(bool bIgnore)","ClientIgnoreMoveInput","","void","1","bool","False","False","False","available","/Script/Engine.PlayerController:ClientIgnoreMoveInput","manual","Engine","","","","","","unclassified","pending-native-form-source-join"
"8506d7f6b32a5862aebd1a0c8cd20c115169f87f863065df249df1f8be9158a2","","UConstraintInstanceBlueprintLibrary","global-function","void GetProjectionParams(FConstraintInstanceAccessor&inout Accessor, bool&inout bEnableProjection, float32&inout ProjectionLinearAlpha, float32&inout ProjectionAngularAlpha)","GetProjectionParams","","void","4","FConstraintInstanceAccessor;bool;float32;float32","False","True","False","available","/Script/Engine.ConstraintInstanceBlueprintLibrary:GetProjectionParams","manual","Engine","","","","","","unclassified","pending-native-form-source-join"
"850bd101d668c7ec438a80d55b1e5e42d9fd4b133ced0299bb6ce3b62674b2bd","","UGameplayStatics","global-function","void ClearSoundMixClassOverride(const UObject WorldContextObject, USoundMix InSoundMixModifier, USoundClass InSoundClass, float32 FadeOutTime = 1.000000)","ClearSoundMixClassOverride","","void","4","const UObject;USoundMix;USoundClass;float32","True","False","True","available","/Script/Engine.GameplayStatics:ClearSoundMixClassOverride","manual","Engine","","","","","","unclassified","pending-native-form-source-join"
"8523040db1e703c849dd1468e6ba44e818ee6e1666ca431d42dbfabbafdfe8f2","37d3caf17e79de34aeba05029e3a80e50c00667f251ab624d817b1e42deabe06","","method","void RequestPathMove(const FVector&inout MoveInput)","RequestPathMove","","void","1","FVector","False","True","False","available","/Script/Engine.NavMovementInterface:RequestPathMove","manual","Engine","","","","","","unclassified","pending-native-form-source-join"
"85afe36112452f42ea110adb462f200a632af8d71079c230108cc302495672e4","84e8e60a97c77753e87b2f1625204d301b6f478e43671df6226832fee5dee615","","method","void OnObjectBoundBySequencer(UMovieSceneSequencePlayer Player, FMovieSceneObjectBindingID BindingID)","OnObjectBoundBySequencer","","void","2","UMovieSceneSequencePlayer;FMovieSceneObjectBindingID","False","False","True","available","/Script/MovieScene.MovieSceneBindingEventReceiverInterface:OnObjectBoundBySequencer","manual","MovieScene","","","","","","unclassified","pending-native-form-source-join"
"85d089a1b741006fea9290ff05efbf9e9c2032582a8f9b0d42900d7c60198919","30a9c856ae05f758e1707c451a3d6ddfe150bed5bd6708f17dec0be991689c41","","method","bool ReadyToEndMatch()","ReadyToEndMatch","","bool","0","","False","False","False","available","/Script/Engine.GameMode:ReadyToEndMatch","manual","Engine","","","","","","unclassified","pending-native-form-source-join"
"85ddbd579a7605f7a1f552e7075a21b890e547a64ffcfa6937f142e16330020f","21d382cd7255d52cbb20566516d6b3ceb07797f145c23c7f2383421ca5d88295","","method","FEventReply OnMouseButtonUp(FGeometry MyGeometry, const FPointerEvent&inout MouseEvent)","OnMouseButtonUp","","FEventReply","2","FGeometry;FPointerEvent","False","True","False","available","/Script/UMG.UserWidget:OnMouseButtonUp","manual","UMG","","","","","","unclassified","pending-native-form-source-join"
"860b2b82e5c8959ac37398097f0e5d356b3ceec4fd9d250e118369129b4a9cba","48c1111f70539cbd6d1285d6bc2c25f4629fe1bf1442d7fdc4750982eff660e1","","method","void SetIgnoreTimeDilation(bool bNewIgnoreTimeDilation)","SetIgnoreTimeDilation","","void","1","bool","False","False","False","available","/Script/Engine.TimelineComponent:SetIgnoreTimeDilation","manual","Engine","","","","","","unclassified","pending-native-form-source-join"
"862674a0e6876dca3247afea9a01eea997a65426e7b7fbd4380c183617be6ceb","0852d513fd9a3d7728cab969ae7445c0f54b221f4b0ab16bab2f331aa4b8a7ab","","method","void Drop(const FPointerEvent&inout PointerEvent)","Drop","","void","1","FPointerEvent","False","True","False","available","/Script/UMG.DragDropOperation:Drop","manual","UMG","","","","","","unclassified","pending-native-form-source-join"
"8648b98b8ebbfac0dad3c3dfa2b4a5ad01418feb07e0dfbe1a910268604b267e","fa24378319ef169d1149805ded22c404f691f2ea8b34352ec52aeaff336adb02","","method","int GetTextureQuality() const","GetTextureQuality","","int","0","","False","False","False","available","/Script/Engine.GameUserSettings:GetTextureQuality","manual","Engine","","","","","","unclassified","pending-native-form-source-join"
"865b1b78c9ffcd6e159945dcb678c513b165d55f58ea49c07408122c2c7e2cd1","02590f39a5726d13aa1628f777897340c97e4c9b8ec407378167ac3f47b1e974","","method","void SetPadding(FMargin InPadding)","SetPadding","","void","1","FMargin","False","False","False","available","/Script/UMG.WindowTitleBarAreaSlot:SetPadding","manual","UMG","","","","","","unclassified","pending-native-form-source-join"
"8662f5ce19018d04edbf260c5c9353cf45a23bcac6f52ecb73e08093a0bd48a2","c216a4301fda5128f435ebffc5984eb87aa1e7e29c90a464ec1298fb853a55f1","","method","EInterchangePipelineConfigurationDialogResult ScriptedShowReimportPipelineConfigurationDialog(FInterchangeStackInfo[]&inout PipelineStacks, UInterchangePipelineBase[]&inout OutPipelines, UInterchangeSourceData SourceData, UInterchangeTranslatorBase Translator, UInterchangeBaseNodeContainer BaseNodeContainer, UObject ReimportAsset, bool bSceneImport = false)","ScriptedShowReimportPipelineConfigurationDialog","","EInterchangePipelineConfigurationDialogResult","7","FInterchangeStackInfo[];UInterchangePipelineBase[];UInterchangeSourceData;UInterchangeTranslatorBase;UInterchangeBaseNodeContainer;UObject;bool","True","True","True","available","/Script/InterchangeEngine.InterchangePipelineConfigurationBase:ScriptedShowReimportPipelineConfigurationDialog","manual","InterchangeEngine","","","","","","unclassified","pending-native-form-source-join"
"866f0b91c1b6e9106a23d55255a853ea3e3d72b80668886b4ffcaafa2dfb14f5","1b02d55ea768fb4596386f9a397c6c5338994b1e50b0f72797b558cac16368f7","","method","bool WhileActive(AActor MyTarget, const FGameplayCueParameters&inout Parameters) const","WhileActive","","bool","2","AActor;FGameplayCueParameters","False","True","True","available","/Script/GameplayAbilities.GameplayCueNotify_Static:WhileActive","manual","GameplayAbilities","GameplayAbilities","","","","","unclassified","pending-native-form-source-join"
"86a965b852db13f1fa18e17d6b432ccec90c196981d8c50eca2c51ef433d3880","","WidgetLibrary","global-function","FEventReply ReleaseMouseCapture(FEventReply&inout Reply)","ReleaseMouseCapture","","FEventReply","1","FEventReply","False","True","False","available","/Script/UMG.WidgetBlueprintLibrary:ReleaseMouseCapture","manual","UMG","","","","","","unclassified","pending-native-form-source-join"
"8729faaf09deb273cf287aa37c799c9b5e53ca503e5ed2fa40e66135d7badc6f","4281c020654d89195c0724e24d30f849fa3d1f6540841ae713584f4d70850afd","","method","void OnPostForwardsSolve(UControlRigComponent Component)","OnPostForwardsSolve","","void","1","UControlRigComponent","False","False","True","available","/Script/ControlRig.ControlRigComponent:OnPostForwardsSolve","manual","ControlRig","ControlRig","","","","","unclassified","pending-native-form-source-join"
"87410736e39d35be2f912a91e312cb23cefc9a0a5d13bbd012df7da12be6b080","42d4abe93ec578dc541b493b76a5a1f73aa8cf703a83df8d4ac456d74e3c9f2e","","method","bool EqualEqual_PlatformUserId(FPlatformUserId B)","EqualEqual_PlatformUserId","","bool","1","FPlatformUserId","False","False","False","available","/Script/Engine.InputDeviceLibrary:EqualEqual_PlatformUserId","manual","Engine","","","","","","unclassified","pending-native-form-source-join"
"87a91ac3b03ded094d9f3c9b3ee56dec15782746c33ae2ba7b1df5d35598d04c","5351c4ffe82bbb28d1a84ba46be8b8b08876e3a366f59925a2568dc5b35e1c9c","","method","APawn SpawnDefaultPawnAtTransform(AController NewPlayer, const FTransform&inout SpawnTransform)","SpawnDefaultPawnAtTransform","","APawn","2","AController;FTransform","False","True","True","available","/Script/Engine.GameModeBase:SpawnDefaultPawnAtTransform","manual","Engine","","","","","","unclassified","pending-native-form-source-join"
"87ac25a807f28bb7de00111a7610dfcfb59fceac0f82793508a42f9ceb343912","25476ae48137cafccca9adc65f6f8ceaa43556d67e751a64c06db06b699f5a96","","method","void OnEntryDragged(UDragDropOperation Operation)","OnEntryDragged","","void","1","UDragDropOperation","False","False","True","available","/Script/UMG.UserListEntry:BP_OnEntryDragged","manual","UMG","","","","","","unclassified","pending-native-form-source-join"
"884b07ed1220e1c4e056188aca707f993e63fa8ca700a45d8e22108890c93bbc","","SlateLibrary","global-function","FVector2D TransformVectorLocalToAbsolute(const FGeometry&inout Geometry, FVector2D LocalVector)","TransformVectorLocalToAbsolute","","FVector2D","2","FGeometry;FVector2D","False","True","False","deprecated","/Script/UMG.SlateBlueprintLibrary:TransformVectorLocalToAbsolute","manual","UMG","","","","","","unclassified","pending-native-form-source-join"
"886fc6ab14c6456d91d2295d53004ff1b3b9b82b5d3fc017a908cba0d769e4ca","6bffd1732cf488f360666775155ba0393bfb1b059aa8c53f08cc7046bcad49ba","","method","void BindVectorAxis(const FKey&inout AxisKey, const FInputVectorAxisHandlerDynamicSignature&inout Delegate = FInputVectorAxisHandlerDynamicSignature ( ))","BindVectorAxis","","void","2","FKey;FInputVectorAxisHandlerDynamicSignature","True","True","False","available","/Script/AngelscriptRuntime.InputComponentScriptMixinLibrary:BindVectorAxis","manual","AngelscriptRuntime","Angelscript","","","","","unclassified","pending-native-form-source-join"
"887791901145c18d8feb0b9531a4d0bbe67a6d8f3ed0a561aca34930655b7e89","8408ed834089f0d30abf8476c0078c8637280efdb97766920767c790ba00fc66","","method","void StopContinuousInputInjectionForPlayerMapping(FName MappingName)","StopContinuousInputInjectionForPlayerMapping","","void","1","FName","False","False","False","available","/Script/EnhancedInput.EnhancedInputSubsystemInterface:StopContinuousInputInjectionForPlayerMapping","manual","EnhancedInput","EnhancedInput","","","","","unclassified","pending-native-form-source-join"
"888a0a37c35d9a937a836ff1c4d757017ae519c987d1560d55c8dd323caec99b","56b0b9c0c7e9572bc287a3d55cc9af0d167ae97c0a5b8710f205241ed97c2793","","method","void BlueprintModifyCamera(float32 DeltaTime, FVector ViewLocation, FRotator ViewRotation, float32 FOV, FVector&inout NewViewLocation, FRotator&inout NewViewRotation, float32&inout NewFOV)","BlueprintModifyCamera","","void","7","float32;FVector;FRotator;float32;FVector;FRotator;float32","False","True","False","available","/Script/Engine.CameraModifier:BlueprintModifyCamera","manual","Engine","","","","","","unclassified","pending-native-form-source-join"
"88de8f801f66c088d82ea79eb2536038567c51a8f612f9d046308f80a7aa0594","ed84ba87314fbf821e3ae58fea49fe490b0cafb630268404e41561aa338388c3","","method","UBlackboardData GetBlackboardAsset() const","GetBlackboardAsset","","UBlackboardData","0","","False","False","False","available","/Script/AIModule.BlackboardAssetProvider:GetBlackboardAsset","manual","AIModule","","","","","","unclassified","pending-native-form-source-join"
"88edac95bbb11f1bbfbcedb44b0d9bcecf385825d8fc8bf660a01d0353eaf3d5","","FTransform3f","global-function","FTransform3f MakeFromYZ(const FVector3f&inout YAxis, const FVector3f&inout ZAxis)","MakeFromYZ","","FTransform3f","2","FVector3f;FVector3f","False","True","False","available","/Script/AngelscriptRuntime.AngelscriptFTransform3fLibrary:MakeFromYZ","manual","AngelscriptRuntime","Angelscript","","","","","unclassified","pending-native-form-source-join"
"8916358209e5277cb184c0feafb5d5371de50b9a7d48767526a929b23a6796c7","35d29f5a35fcaf8f82f55b61b32dd1252884337241f47a38d3eb51e25267801e","","method","void ServerCurrentMontageJumpToSectionName(UAnimSequenceBase ClientAnimation, FName SectionName)","ServerCurrentMontageJumpToSectionName","","void","2","UAnimSequenceBase;FName","False","False","True","available","/Script/GameplayAbilities.AbilitySystemComponent:ServerCurrentMontageJumpToSectionName","manual","GameplayAbilities","GameplayAbilities","","","","","unclassified","pending-native-form-source-join"
"891adc3054ddd38dec012c8b231362b577fa6bbd15feba603a04a55e952a9ba1","","UGameplayStatics","global-function","UForceFeedbackComponent SpawnForceFeedbackAtLocation(const UObject WorldContextObject, UForceFeedbackEffect ForceFeedbackEffect, FVector Location, FRotator Rotation = FRotator ( ), bool bLooping = false, float32 IntensityMultiplier = 1.000000, float32 StartTime = 0.000000, UForceFeedbackAttenuation AttenuationSettings = nullptr, bool bAutoDestroy = true)","SpawnForceFeedbackAtLocation","","UForceFeedbackComponent","9","const UObject;UForceFeedbackEffect;FVector;FRotator;bool;float32;float32;UForceFeedbackAttenuation;bool","True","False","True","available","/Script/Engine.GameplayStatics:SpawnForceFeedbackAtLocation","manual","Engine","","","","","","unclassified","pending-native-form-source-join"
"894a7975b47c099926fe4e0eff8b7c62ef949960d5f446bbef50f00e74ce3e54","a048e09fab5b35c796657bb67d416dd5c79c96ad1914c69990329d6bc1e2dc7a","","method","void ClientSetForceMipLevelsToBeResident(UMaterialInterface Material, float32 ForceDuration, int CinematicTextureGroups)","ClientSetForceMipLevelsToBeResident","","void","3","UMaterialInterface;float32;int","False","False","True","available","/Script/Engine.PlayerController:ClientSetForceMipLevelsToBeResident","manual","Engine","","","","","","unclassified","pending-native-form-source-join"
"8962c7f36125802c5058150bb90e88fd8ad5568326efc7ad5e206f521da1cd82","","UGameplayStatics","global-function","UForceFeedbackComponent SpawnForceFeedbackAttached(UForceFeedbackEffect ForceFeedbackEffect, USceneComponent AttachToComponent, FName AttachPointName = NAME_None, FVector Location = FVector ( ), FRotator Rotation = FRotator ( ), EAttachLocation LocationType = EAttachLocation :: KeepRelativeOffset, bool bStopWhenAttachedToDestroyed = false, bool bLooping = false, float32 IntensityMultiplier = 1.000000, float32 StartTime = 0.000000, UForceFeedbackAttenuation AttenuationSettings = nullptr, bool bAutoDestroy = true)","SpawnForceFeedbackAttached","","UForceFeedbackComponent","12","UForceFeedbackEffect;USceneComponent;FName;FVector;FRotator;EAttachLocation;bool;bool;float32;float32;UForceFeedbackAttenuation;bool","True","False","True","available","/Script/Engine.GameplayStatics:SpawnForceFeedbackAttached","manual","Engine","","","","","","unclassified","pending-native-form-source-join"
"89b9b532f52db62a0b81b57badd607516b366ec70a88c3d180c454ed30509655","a2d1a5f352f4cac01bc4fedc3e39c7274efc7aae83183f9ebafb58df9ab26227","","method","void StartTest()","StartTest","","void","0","","False","False","False","available","/Script/FunctionalTesting.FunctionalTest:ReceiveStartTest","manual","FunctionalTesting","","","","","","unclassified","pending-native-form-source-join"
"89e5af35b6e855af5dec56dff79ef62b163ad5b357aaff0381439e8ba451227f","","UBlueprintSpringMathLibrary","global-function","void CriticalDoubleSpringDampVector2D(FVector2D&inout InOutX, FVector2D&inout InOutV, FVector2D&inout InOutXi, FVector2D&inout InOutVi, const FVector2D&inout TargetX, float32 DeltaTime, float32 SmoothingTime = 0.200000)","CriticalDoubleSpringDampVector2D","","void","7","FVector2D;FVector2D;FVector2D;FVector2D;FVector2D;float32;float32","True","True","False","available","/Script/Engine.BlueprintSpringMathLibrary:CriticalDoubleSpringDampVector2D","manual","Engine","","","","","","unclassified","pending-native-form-source-join"
"89f040030a0b188b7fa626eec52fe9a4822773ae31844c17abc8b3f708ed9f08","","UConstraintInstanceBlueprintLibrary","global-function","void SetAngularBreakable(FConstraintInstanceAccessor&inout Accessor, bool bAngularBreakable, float32 AngularBreakThreshold)","SetAngularBreakable","","void","3","FConstraintInstanceAccessor;bool;float32","False","True","False","available","/Script/Engine.ConstraintInstanceBlueprintLibrary:SetAngularBreakable","manual","Engine","","","","","","unclassified","pending-native-form-source-join"
"8a4067b5223d6081997edf0b26a19ab048b72991cd1cbce799bcee4bea989d57","fa24378319ef169d1149805ded22c404f691f2ea8b34352ec52aeaff336adb02","","method","void SetHDREnabled(bool bEnableHDR)","SetHDREnabled","","void","1","bool","False","False","False","available","/Script/Engine.GameUserSettings:SetHDREnabled","manual","Engine","","","","","","unclassified","pending-native-form-source-join"
"8a4ee93d5cfb0a87829feb251d237bd11999d3959c651e80e6b03c8e0179d8fe","ce03e8ad9e753f7ce0833b6dfcc8edbd7020df289398d04827f0cffed55f159e","","method","void Fail(FString Message)","Fail","","void","1","FString","False","False","False","available","/Script/AngelscriptRuntime.LatentAutomationCommandClientExecutor:Fail","manual","AngelscriptRuntime","Angelscript","","","","","unclassified","pending-native-form-source-join"
"8a5659b50e0ae3568ecec39e4d809195905b1b4ac6bb79edd05f49af305dde16","a048e09fab5b35c796657bb67d416dd5c79c96ad1914c69990329d6bc1e2dc7a","","method","void ClientGotoState(FName NewState)","ClientGotoState","","void","1","FName","False","False","False","available","/Script/Engine.PlayerController:ClientGotoState","manual","Engine","","","","","","unclassified","pending-native-form-source-join"
"8a5a5e0b53fa7d9f9fb0c0e5b45f10ef1c10f111d8d45de14e60b87c01d5846c","0b39ef8f4c38a19b1d728008a77e29cf99bb8a184e8fde1e6bdcd2be36d48e10","","method","bool ValidatePreconditions(const UPCGPointData InPointData) const","ValidatePreconditions","","bool","1","const UPCGPointData","False","False","True","available","/Script/PCG.PCGMatchAndSetBase:ValidatePreconditions","manual","PCG","PCG","","","","","unclassified","pending-native-form-source-join"
"8ab01d7f03894b54590599fc8b26cc2533ef9f0a729a2ddf9d2ad679d855ec46","a048e09fab5b35c796657bb67d416dd5c79c96ad1914c69990329d6bc1e2dc7a","","method","void ServerVerifyViewTarget()","ServerVerifyViewTarget","","void","0","","False","False","False","available","/Script/Engine.PlayerController:ServerVerifyViewTarget","manual","Engine","","","","","","unclassified","pending-native-form-source-join"
"8ae97b861a72c3719e266b5fa53e278a5af90c081f31c63714a4a78266f5d6e4","061c90b40526e6537347bd4f5817dbd2e124e0a07d2267c5a3ab507b0c2662ae","","method","void ServerMoveOld(float32 OldTimeStamp, FVector OldAccel, uint8 OldMoveFlags)","ServerMoveOld","","void","3","float32;FVector;uint8","False","False","False","available","/Script/Engine.Character:ServerMoveOld","manual","Engine","","","","","","unclassified","pending-native-form-source-join"
"8b0fbd964a91ef7b01bb41b5fdd1027b06d3cfbf88745b84f21c6e253a01e725","fa24378319ef169d1149805ded22c404f691f2ea8b34352ec52aeaff336adb02","","method","void SetBenchmarkFallbackValues()","SetBenchmarkFallbackValues","","void","0","","False","False","False","available","/Script/Engine.GameUserSettings:SetBenchmarkFallbackValues","manual","Engine","","","","","","unclassified","pending-native-form-source-join"
"8b28ac48049d76e35ddd5eafbbde38c81161c3222e2ce583e5b6d4271ed87ed7","56b0b9c0c7e9572bc287a3d55cc9af0d167ae97c0a5b8710f205241ed97c2793","","method","bool IsDisabled() const","IsDisabled","","bool","0","","False","False","False","available","/Script/Engine.CameraModifier:IsDisabled","manual","Engine","","","","","","unclassified","pending-native-form-source-join"
"8b2e26e575a4456875a2e5781d6d3bdc98e14317b9ee0dfc04273af0c233b55e","","FQuat","global-function","FQuat MakeFromZX(const FVector&inout ZAxis, const FVector&inout XAxis)","MakeFromZX","","FQuat","2","FVector;FVector","False","True","False","available","/Script/AngelscriptRuntime.AngelscriptFQuatLibrary:MakeFromZX","manual","AngelscriptRuntime","Angelscript","","","","","unclassified","pending-native-form-source-join"
"8b5cbe3fb72d011b680a31d1483419e17971ea777b54f71524fe614f05507dc0","7394d5fa67d40991e30a15aaa08d190dd56fd4d7dcbf0f6e895351f89c684fd4","","method","FVector3f ConstrainToDirection(const FVector3f&inout Direction) const","ConstrainToDirection","","FVector3f","1","FVector3f","False","True","False","available","/Script/AngelscriptRuntime.AngelscriptFVector3fMixinLibrary:ConstrainToDirection","manual","AngelscriptRuntime","Angelscript","","","","","unclassified","pending-native-form-source-join"
"8b7fe93bcdaff4c9c2662b4132e5c58c2aa48664f705e0faa82b3a275f2f6852","37bcc56137e6a420e62cf2e07774f8ab1bda170a82945a2ae8428f275ae4117a","","method","FVector PointPlaneProject(const FVector&inout PlaneBase, const FVector&inout PlaneNormal) const","PointPlaneProject","","FVector","2","FVector;FVector","False","True","False","available","/Script/AngelscriptRuntime.AngelscriptFVectorMixinLibrary:PointPlaneProjectForVector","manual","AngelscriptRuntime","Angelscript","","","","","unclassified","pending-native-form-source-join"
"8b96d11a0d5ce747c9af5b4cdde332d9606a0b3368123620290378f5b83372f7","a3b66db2d596b4b2819bef7022bbcd1353f5507b8c579266d184db7d8cf1ff70","","method","void SetVerticalAlignment(EVerticalAlignment InVerticalAlignment)","SetVerticalAlignment","","void","1","EVerticalAlignment","False","False","False","available","/Script/UMG.OverlaySlot:SetVerticalAlignment","manual","UMG","","","","","","unclassified","pending-native-form-source-join"
"8bc38707989537d21e79165b4c34e6f2498eed649033d14a566610a7c3e66d0a","","InternationalizationLibrary","global-function","bool SetCurrentAssetGroupCulture(FName AssetGroup, FString Culture, bool SaveToConfig = false)","SetCurrentAssetGroupCulture","","bool","3","FName;FString;bool","True","False","False","available","/Script/Engine.KismetInternationalizationLibrary:SetCurrentAssetGroupCulture","manual","Engine","","","","","","unclassified","pending-native-form-source-join"
"8bc6a5ec6691dd93576ff4b9a64cdee5fb259c1c1a79094cf84c78abfc15b671","","UConstraintInstanceBlueprintLibrary","global-function","void GetLinearPositionTarget(FConstraintInstanceAccessor&inout Accessor, FVector&inout OutPosTarget)","GetLinearPositionTarget","","void","2","FConstraintInstanceAccessor;FVector","False","True","False","available","/Script/Engine.ConstraintInstanceBlueprintLibrary:GetLinearPositionTarget","manual","Engine","","","","","","unclassified","pending-native-form-source-join"
"8bcd457718a5ec220f20b4e677b82cb337a31ac9494063bfb873fe0450e22d1b","","FTransform","global-function","FTransform GetDelta(const FTransform&inout OriginTransform, const FTransform&inout TargetTransform)","GetDelta","","FTransform","2","FTransform;FTransform","False","True","False","available","/Script/AngelscriptRuntime.AngelscriptFTransformStaticLibrary:GetDelta","manual","AngelscriptRuntime","Angelscript","","","","","unclassified","pending-native-form-source-join"
"8bd66ca698afa136d57a793b32c0530d1f89885f4a2b721986f4f7708bd5d851","061c90b40526e6537347bd4f5817dbd2e124e0a07d2267c5a3ab507b0c2662ae","","method","void OnLaunched(FVector LaunchVelocity, bool bXYOverride, bool bZOverride)","OnLaunched","","void","3","FVector;bool;bool","False","False","False","available","/Script/Engine.Character:OnLaunched","manual","Engine","","","","","","unclassified","pending-native-form-source-join"
"8c14bec6c2a88ee67b27e214a17767949b281790b5cbe4de697e52d1efb76296","95c5bd2590e7410565721b207a1d17bc6be9388f92234c7eba4b0ba57a3a44b1","","method","bool AddBoneCurve(FName BoneName, bool bShouldTransact)","AddBoneCurve","","bool","2","FName;bool","False","False","False","available","/Script/Engine.AnimationDataController:AddBoneCurve","manual","Engine","","","","","","unclassified","pending-native-form-source-join"
"8c14d6b2baf94735e5652a52d50187c35cabfd9965a8d35f2239a629c2befb66","","UBlueprintSpringMathLibrary","global-function","void TrackVelocityRotator(FRotator&inout InOutValue, FVector&inout InOutVelocity, FRotator InValue, float32 DeltaTime)","TrackVelocityRotator","","void","4","FRotator;FVector;FRotator;float32","False","True","False","available","/Script/Engine.BlueprintSpringMathLibrary:TrackVelocityRotator","manual","Engine","","","","","","unclassified","pending-native-form-source-join"
"8c245d3b6cee4e15985d0338348d6cae5a914037be979f97d187c24eaaf72580","48c1111f70539cbd6d1285d6bc2c25f4629fe1bf1442d7fdc4750982eff660e1","","method","void AddInterpLinearColor(UCurveLinearColor LinearColorCurve, FOnTimelineLinearColor InterpFunc = FOnTimelineLinearColor ( ), FName PropertyName = NAME_None, FName TrackName = NAME_None)","AddInterpLinearColor","","void","4","UCurveLinearColor;FOnTimelineLinearColor;FName;FName","True","False","True","available","/Script/Engine.TimelineComponent:AddInterpLinearColor","manual","Engine","","","","","","unclassified","pending-native-form-source-join"
"8c2c5ceef6a1f99e12bb4fa193ec9feff4288cd126799bbbb465a8eeb25396f3","fa24378319ef169d1149805ded22c404f691f2ea8b34352ec52aeaff336adb02","","method","int GetVisualEffectQuality() const","GetVisualEffectQuality","","int","0","","False","False","False","available","/Script/Engine.GameUserSettings:GetVisualEffectQuality","manual","Engine","","","","","","unclassified","pending-native-form-source-join"
"8c363781aa65fd921516ffdf377c9d333af881cb11e2cf45de20b8de8a850edb","8fb03d2805f10d52065d1c65e9dcd91b4549d6c486b24f525bcd3787c984fb66","","method","bool GetAssetsByPaths(FName[] PackagePaths, FAssetData[]&inout OutAssetData, bool bRecursive, bool bIncludeOnlyOnDiskAssets) const","GetAssetsByPaths","","bool","4","FName[];FAssetData[];bool;bool","False","True","False","available","/Script/AssetRegistry.AssetRegistry:GetAssetsByPaths","manual","AssetRegistry","","","","","","unclassified","pending-native-form-source-join"
"8c3a2a03781ece44c0982f597f4ab2170735c2b475c42db30710093f095223e0","","UGameplayStatics","global-function","void SetBaseSoundMix(const UObject WorldContextObject, USoundMix InSoundMix)","SetBaseSoundMix","","void","2","const UObject;USoundMix","False","False","True","available","/Script/Engine.GameplayStatics:SetBaseSoundMix","manual","Engine","","","","","","unclassified","pending-native-form-source-join"
"8c464d5e0661bd7f688df5f5dece4e389534a52159b1f1fa585024e7dc2e671d","e4f6fa758817ff1701c713b6c7b7dc7b5dd5377e486f70afd7cb920809237f15","","method","void GetChildElements(const FScriptTypedElementHandle&inout InElementHandle, FScriptTypedElementHandle[]&inout OutElementHandles, bool bAllowCreate)","GetChildElements","","void","3","FScriptTypedElementHandle;FScriptTypedElementHandle[];bool","False","True","False","available","/Script/TypedElementRuntime.TypedElementHierarchyInterface:GetChildElements","manual","TypedElementRuntime","","","","","","unclassified","pending-native-form-source-join"
"8d02bcb26ea4700d42f3e4895b1a4a819eeacacba533b310ad4eab998a10242d","","UBlueprintInstancedStructLibrary","global-function","bool IsValid_InstancedStruct(const FInstancedStruct&inout InstancedStruct)","IsValid_InstancedStruct","","bool","1","FInstancedStruct","False","True","False","available","/Script/Engine.BlueprintInstancedStructLibrary:IsValid_InstancedStruct","manual","Engine","","","","","","unclassified","pending-native-form-source-join"
"8dc8746f06ba7fd34c14017b369ceaf974992a683237cf326a7ef3f906371733","","WidgetLibrary","global-function","FEventReply SetMousePosition(FEventReply&inout Reply, FVector2D NewMousePosition)","SetMousePosition","","FEventReply","2","FEventReply;FVector2D","False","True","False","available","/Script/UMG.WidgetBlueprintLibrary:SetMousePosition","manual","UMG","","","","","","unclassified","pending-native-form-source-join"
"8dfe7aea73af8a41b63a9296115d5036274ec2e418d136ab876755b45e3c7bcb","6dbc676174b970b3f7493479788947a1ee141d45bb7b707ff5af8452731a1027","","method","void PhysicsCollision(const FChaosPhysicsCollisionInfo&inout CollisionInfo)","PhysicsCollision","","void","1","FChaosPhysicsCollisionInfo","False","True","False","available","/Script/GeometryCollectionEngine.GeometryCollectionComponent:ReceivePhysicsCollision","manual","GeometryCollectionEngine","","","","","","unclassified","pending-native-form-source-join"
"8e7d7688b1f68eb9d7cbd141d57badd9312d2b7cc8dc3d3d4fd3347a12f2b752","","Math","global-function","bool LineBoxIntersection(const FBox&inout Box, const FVector&inout Start, const FVector&inout End)","LineBoxIntersection","","bool","3","FBox;FVector;FVector","False","True","False","available","/Script/AngelscriptRuntime.AngelscriptMathLibrary:LineBoxIntersection","manual","AngelscriptRuntime","Angelscript","","","","","unclassified","pending-native-form-source-join"
"8e9550f93b481ecfbd47cef60e26391239b19f1953b7d9f033ee88f067a4310f","","UBlueprintSpringMathLibrary","global-function","void CriticalSpringDampTransform(FTransform&inout InOutTransform, FSpringTransformVelocity&inout InOutVelocity, const FTransform&inout TargetTransform, float32 DeltaTime, float32 SmoothingTime = 0.200000)","CriticalSpringDampTransform","","void","5","FTransform;FSpringTransformVelocity;FTransform;float32;float32","True","True","False","available","/Script/Engine.BlueprintSpringMathLibrary:CriticalSpringDampTransform","manual","Engine","","","","","","unclassified","pending-native-form-source-join"
"8ee2d8e55dee2511b1df4fddc4a07e8b81dd75547b5ee2ebb519bbbede0a7ffd","eb9db4974c2c84b3de7248f0dcc19ddbe9fe5a895134ac9ee72db3e7aec44cbf","","method","void SetPreInfinityExtrap(ERichCurveExtrapolation Extrapolation)","SetPreInfinityExtrap","","void","1","ERichCurveExtrapolation","False","False","False","available","/Script/AngelscriptRuntime.RuntimeFloatCurveMixinLibrary:SetPreInfinityExtrap","manual","AngelscriptRuntime","Angelscript","","","","","unclassified","pending-native-form-source-join"
"8ef145c1f85ccfbf481351a51ac624e2cae507e91d9754be40ad4b374f971491","77def77c7e6a035ee4f4c7688b4b8f0cb2dc712bf20e4a9fb8b7207990f0f262","","method","void OnValidTargetChanged(bool bNewValue)","OnValidTargetChanged","","void","1","bool","False","False","False","available","/Script/GameplayAbilities.GameplayAbilityWorldReticle:OnValidTargetChanged","manual","GameplayAbilities","GameplayAbilities","","","","","unclassified","pending-native-form-source-join"
"8ef824859cbd0b8d97b8400b2a4faf659f69d324ea44a1b634cfe918d72214a0","a048e09fab5b35c796657bb67d416dd5c79c96ad1914c69990329d6bc1e2dc7a","","method","void ServerAcknowledgePossession(APawn P)","ServerAcknowledgePossession","","void","1","APawn","False","False","True","available","/Script/Engine.PlayerController:ServerAcknowledgePossession","manual","Engine","","","","","","unclassified","pending-native-form-source-join"
"8f1ffd9d208c09079f19c10a725d4e0750e502c612126688b5497ad3e750dfff","94aad154bf9360bdb3330fb75452194b52ae7b8b4a2cccde2d1cdcedffebf6ad","","method","void Initialize()","Initialize","","void","0","","False","False","False","available","/Script/AngelscriptRuntime.ScriptEngineSubsystem:BP_Initialize","manual","AngelscriptRuntime","Angelscript","","","","","unclassified","pending-native-form-source-join"
"8f613af586e3717473d7722ea0d275fb81d95223a92358376dda455927d1454b","","UGameplayStatics","global-function","void SetWorldOriginLocation(const UObject WorldContextObject, FIntVector NewLocation)","SetWorldOriginLocation","","void","2","const UObject;FIntVector","False","False","True","available","/Script/Engine.GameplayStatics:SetWorldOriginLocation","manual","Engine","","","","","","unclassified","pending-native-form-source-join"
"8fb3da5f75faf0d34f6ab5ba2862e00c531869b281543073b25f4db0090536df","95c5bd2590e7410565721b207a1d17bc6be9388f92234c7eba4b0ba57a3a44b1","","method","int RemoveAllAttributesForBone(const FName&inout BoneName, bool bShouldTransact)","RemoveAllAttributesForBone","","int","2","FName;bool","False","True","False","available","/Script/Engine.AnimationDataController:RemoveAllAttributesForBone","manual","Engine","","","","","","unclassified","pending-native-form-source-join"
"8fb84a536cb5b164e25b80f96e7fa90e9ca88033c50c2bfc30f518e5ec9a8c44","","MaterialLibrary","global-function","void SetVectorParameterValue(UObject WorldContextObject, UMaterialParameterCollection Collection, FName ParameterName, const FLinearColor&inout ParameterValue)","SetVectorParameterValue","","void","4","UObject;UMaterialParameterCollection;FName;FLinearColor","False","True","True","available","/Script/Engine.KismetMaterialLibrary:SetVectorParameterValue","manual","Engine","","","","","","unclassified","pending-native-form-source-join"
"902779a3c899d9971007e7767b440b5b270f120a355200514be86919a8ade266","","UBlueprintSpringMathLibrary","global-function","float32 SpringCharacterSmoothingTimeFromStoppingTime(float32 InitialVelocity, float32 StoppingTime = 1.000000, float32 VelocityThreshold = 10.000000)","SpringCharacterSmoothingTimeFromStoppingTime","","float32","3","float32;float32;float32","True","False","False","available","/Script/Engine.BlueprintSpringMathLibrary:SpringCharacterSmoothingTimeFromStoppingTime","manual","Engine","","","","","","unclassified","pending-native-form-source-join"
"908a9ec840b37d28a03ead503b37ee64d5f8273211dc98015448a443107060ed","a048e09fab5b35c796657bb67d416dd5c79c96ad1914c69990329d6bc1e2dc7a","","method","void ClientEnableNetworkVoice(bool bEnable)","ClientEnableNetworkVoice","","void","1","bool","False","False","False","available","/Script/Engine.PlayerController:ClientEnableNetworkVoice","manual","Engine","","","","","","unclassified","pending-native-form-source-join"
"909702e5d2b0cf295a5371440c7623600314ad086eb47210cf9c976030527176","","InternationalizationLibrary","global-function","FString GetCurrentCulture()","GetCurrentCulture","","FString","0","","False","False","False","available","/Script/Engine.KismetInternationalizationLibrary:GetCurrentCulture","manual","Engine","","","","","","unclassified","pending-native-form-source-join"
"90a43e18b38936ca509171e94b3592d8a38762b0c7cd736dad3678601963a622","abf73796a44b7720aec99f689293c11d1394f589f456deaff3243a9c6776dfac","","method","UEnhancedPlayerMappableKeyProfile GetKeyProfileWithId(FString ProfileId) const","GetKeyProfileWithId","","UEnhancedPlayerMappableKeyProfile","1","FString","False","False","False","available","/Script/EnhancedInput.EnhancedInputUserSettings:GetKeyProfileWithId","manual","EnhancedInput","EnhancedInput","","","","","unclassified","pending-native-form-source-join"
"90d6cd24b8e8e4a15b606aa0f5269f4293aaf98a7545f30d9bc1d18a33fc7d32","0fcb3c247d6b30fdf52800684776762ea5ecc3460b9e5e9080a261a01be856ce","","method","void GetValueRange(float&inout MinValue, float&inout MaxValue) const","GetValueRange","","void","2","float;float","False","True","False","available","/Script/AngelscriptRuntime.RuntimeFloatCurveMixinLibrary:GetValueRange_Double","manual","AngelscriptRuntime","Angelscript","","","","","unclassified","pending-native-form-source-join"
"90e678fcad96a8f9306ca4de02ea607c2945dee6fd31293a8b160f515e511bf1","c20244b47ee8508006d90b0eb2fff6802cbb4dfa9fab6cc140fbcd05be77de57","","method","void ObserverActivatedAI(AAIController OwnerController, APawn ControlledPawn)","ObserverActivatedAI","","void","2","AAIController;APawn","False","False","True","available","/Script/AIModule.BTDecorator_BlueprintBase:ReceiveObserverActivatedAI","manual","AIModule","","","","","","unclassified","pending-native-form-source-join"
"90e94ef39a156248036aa981fd7313acaf29af80a486d7955f5fb535bba5bb76","","InternationalizationLibrary","global-function","bool IsCultureRightToLeft(FString Culture)","IsCultureRightToLeft","","bool","1","FString","False","False","False","available","/Script/Engine.KismetInternationalizationLibrary:IsCultureRightToLeft","manual","Engine","","","","","","unclassified","pending-native-form-source-join"
"90ff5fa6aab45aad37fa651c6196cd20b5e892bc0f127a8420ef8cd9ea791bd6","","UGameplayStatics","global-function","void SetSoundMixClassOverride(const UObject WorldContextObject, USoundMix InSoundMixModifier, USoundClass InSoundClass, float32 Volume = 1.000000, float32 Pitch = 1.000000, float32 FadeInTime = 1.000000, bool bApplyToChildren = true)","SetSoundMixClassOverride","","void","7","const UObject;USoundMix;USoundClass;float32;float32;float32;bool","True","False","True","available","/Script/Engine.GameplayStatics:SetSoundMixClassOverride","manual","Engine","","","","","","unclassified","pending-native-form-source-join"
"9111fbd0a2425b1b2b701c9510c3ac1487751b4e1fc269bfff5cfca516f4c29f","77def77c7e6a035ee4f4c7688b4b8f0cb2dc712bf20e4a9fb8b7207990f0f262","","method","void SetReticleMaterialParamFloat(FName ParamName, float32 value)","SetReticleMaterialParamFloat","","void","2","FName;float32","False","False","False","available","/Script/GameplayAbilities.GameplayAbilityWorldReticle:SetReticleMaterialParamFloat","manual","GameplayAbilities","GameplayAbilities","","","","","unclassified","pending-native-form-source-join"
"9132be55c4f95b9448687258818678a7291b8b929fa7908cc478800d1f254175","a3970432cc516078901d57ce3bc78a5cb35fbb18cabc8574eb99820453388b07","","method","UObject GetBindingObject(int InBindingIndex)","GetBindingObject","","UObject","1","int","False","False","False","available","/Script/ComputeFramework.ComputeGraphComponent:GetBindingObject","manual","ComputeFramework","ComputeFramework","","","","","unclassified","pending-native-form-source-join"
"917cee88510a5c2fc75083124fd603e6c5c74ad0ab41c92e41e3903e460e2f52","fe9872df7a1b2b0580fa1914d48882004765ea69722f4eebce827c06c38f1891","","method","void RemovedFromCheatManager()","RemovedFromCheatManager","","void","0","","False","False","False","available","/Script/Engine.CheatManagerExtension:RemovedFromCheatManager","manual","Engine","","","","","","unclassified","pending-native-form-source-join"
"91898bd158495a25653796a258aaf41c326d4cf851783d7f69d9d12dd4b7e964","","Math","global-function","FRotator RInterpShortestPathTo(const FRotator&inout Current, const FRotator&inout Target, float32 DeltaTime, float32 InterpSpeed)","RInterpShortestPathTo","","FRotator","4","FRotator;FRotator;float32;float32","False","True","False","available","/Script/AngelscriptRuntime.AngelscriptMathLibrary:RInterpShortestPathTo","manual","AngelscriptRuntime","Angelscript","","","","","unclassified","pending-native-form-source-join"
"9192a7f14f30bb4c5b5047682e7ea5d201d7b81ace8a57adf21c64cb775ee54e","1276dd68d56bae6aeb1a5645e6fb69ab42a608aaa06d9c0ae962ea8a4380b3ea","","method","void AddIKGoals(TMap<FName,FIKRigGoal>&inout OutGoals)","AddIKGoals","","void","1","TMap<FName,FIKRigGoal>","False","True","False","available","/Script/IKRig.IKGoalCreatorInterface:AddIKGoals","manual","IKRig","IKRig","","","","","unclassified","pending-native-form-source-join"
"9196402bf29592cb6a7b53d82d576620bd3acfea55d83f96ca7f3506509fd6cf","","Math","global-function","float Wrap(float X, float Min, float Max)","Wrap","","float","3","float;float;float","False","False","False","available","/Script/AngelscriptRuntime.AngelscriptMathLibrary:WrapDouble","manual","AngelscriptRuntime","Angelscript","","","","","unclassified","pending-native-form-source-join"
"91c33b4778f8f8512c00b289aec03f085d0b777b19a21b2316962ab98c044f2b","1c63e38631f9e24b16de7e6806982018e3b614f211572565ce2702db73d16f97","","method","void Execute(const FToolMenuContext&inout Context)","Execute","","void","1","FToolMenuContext","False","True","False","available","/Script/ToolMenus.ToolMenuEntryScript:Execute","manual","ToolMenus","","","","","","unclassified","pending-native-form-source-join"
"91da2c9e23177bca5407a1ef2ffa46d570d266c976c3aa09e084b25b1e38cf43","","FQuat","global-function","FQuat MakeFromXY(const FVector&inout XAxis, const FVector&inout YAxis)","MakeFromXY","","FQuat","2","FVector;FVector","False","True","False","available","/Script/AngelscriptRuntime.AngelscriptFQuatLibrary:MakeFromXY","manual","AngelscriptRuntime","Angelscript","","","","","unclassified","pending-native-form-source-join"
"922c62f3c5299b9e34ca148a2b7ca36705f8ccd60a6c6cc9c062c133e1b6d656","07e6ab7f0b39cb2ddeb6518256adc8ab61caefe3d5a485fac2d45547adb2973d","","method","void OnPreTick()","OnPreTick","","void","0","","False","False","False","available","/Script/MovieSceneCapture.UserDefinedCaptureProtocol:OnPreTick","manual","MovieSceneCapture","","","","","","unclassified","pending-native-form-source-join"
"926c59a28ba3e69a57f9e2defdbe19d1d9a6b29bc9f5fa1fda7cd5ea93f51735","d572d4b597884ff440189ed875b81d329c5203f7b44c789bf0d668bc3dd6940a","","method","void TreeStart()","TreeStart","","void","0","","False","False","False","available","/Script/StateTreeModule.StateTreeEvaluatorBlueprintBase:ReceiveTreeStart","manual","StateTreeModule","StateTree","","","","","unclassified","pending-native-form-source-join"
"92df600ce63320d03453e8877d2d7f992e4221916bb0aae14b5db7d4be9cb09f","5351c4ffe82bbb28d1a84ba46be8b8b08876e3a366f59925a2568dc5b35e1c9c","","method","void RestartPlayerAtPlayerStart(AController NewPlayer, AActor StartSpot)","RestartPlayerAtPlayerStart","","void","2","AController;AActor","False","False","True","available","/Script/Engine.GameModeBase:RestartPlayerAtPlayerStart","manual","Engine","","","","","","unclassified","pending-native-form-source-join"
"9301d4bee47795e29b0ea9a490f632a623291b769e2019a73e47d65d63a70408","","UAngelscriptAbilityAsyncLibrary","global-function","UAbilityAsync_WaitGameplayEvent WaitGameplayEventToActor(AActor TargetActor, FGameplayTag Tag, bool bTriggerOnce = false, bool bMatchExact = true)","WaitGameplayEventToActor","","UAbilityAsync_WaitGameplayEvent","4","AActor;FGameplayTag;bool;bool","True","False","True","available","/Script/AngelscriptGAS.AngelscriptAbilityAsyncLibrary:WaitGameplayEventToActor","manual","AngelscriptGAS","AngelscriptGAS","","","","","unclassified","pending-native-form-source-join"
"934bee9f687a031cce22fc128b5afa8d23338f4c8a61626e8a2cdfcffd34e831","fa24378319ef169d1149805ded22c404f691f2ea8b34352ec52aeaff336adb02","","method","bool IsHDREnabled() const","IsHDREnabled","","bool","0","","False","False","False","available","/Script/Engine.GameUserSettings:IsHDREnabled","manual","Engine","","","","","","unclassified","pending-native-form-source-join"
"93c7dc93cc9ce453d58bb28b90d7bd38aa549c46f0dc525b9a2b34df779e1718","1b02d55ea768fb4596386f9a397c6c5338994b1e50b0f72797b558cac16368f7","","method","void HandleGameplayCue(AActor MyTarget, EGameplayCueEvent EventType, const FGameplayCueParameters&inout Parameters) const","HandleGameplayCue","","void","3","AActor;EGameplayCueEvent;FGameplayCueParameters","False","True","True","available","/Script/GameplayAbilities.GameplayCueNotify_Static:K2_HandleGameplayCue","manual","GameplayAbilities","GameplayAbilities","","","","","unclassified","pending-native-form-source-join"
"93cddc327d19dff5246fedb9e4e95e14e27440c9f054da11834a51d66fc1b541","6678b5f5a16ef1c6c399ee87f2dda2bcc5490778ea459cc3fa221012258a07bc","","method","void AddDefaultKey(float32 InTime, FLinearColor InColor)","AddDefaultKey","","void","2","float32;FLinearColor","False","False","False","available","/Script/AngelscriptRuntime.RuntimeCurveLinearColorMixinLibrary:AddDefaultKey","manual","AngelscriptRuntime","Angelscript","","","","","unclassified","pending-native-form-source-join"
"9405f6d618a78f39d87f098fddf0b8b2c1e3f7c8a693f9c91b9934b285d338fd","a6aa67985a5e65d2276dd4d90be7ddbd8156210ef5aba5f40d929026aa763364","","method","void ScriptedExecuteExportPipeline(UInterchangeBaseNodeContainer BaseNodeContainer)","ScriptedExecuteExportPipeline","","void","1","UInterchangeBaseNodeContainer","False","False","True","available","/Script/InterchangeCore.InterchangePipelineBase:ScriptedExecuteExportPipeline","manual","InterchangeCore","","","","","","unclassified","pending-native-form-source-join"
"9417c320bf1c37f2aba7c6d0658a81cff304a6321b90e3044ac8efd3ddb0224b","","FQuat4f","global-function","FQuat4f MakeFromXZ(const FVector3f&inout XAxis, const FVector3f&inout ZAxis)","MakeFromXZ","","FQuat4f","2","FVector3f;FVector3f","False","True","False","available","/Script/AngelscriptRuntime.AngelscriptFQuat4fLibrary:MakeFromXZ","manual","AngelscriptRuntime","Angelscript","","","","","unclassified","pending-native-form-source-join"
"94187f343a74e60d06b8acc9f15e4292803d93351790f2e304fe6256fcdf5fc9","22c88d07843f2f5849aadeea6efcf3bc52cb3082bff8bade972b20544b1f2b3a","","method","void InitReplaceableBinding(UObject SourceObject, UMovieScene OwnerMovieScene)","InitReplaceableBinding","","void","2","UObject;UMovieScene","False","False","True","available","/Script/MovieSceneTracks.MovieSceneReplaceableActorBinding_BPBase:BP_InitReplaceableBinding","manual","MovieSceneTracks","","","","","","unclassified","pending-native-form-source-join"
"94292464bbd7193ff8697c54da6b7e2d4c0e8730234e72bf2b8ef7da166d6c5b","4159abbd91461ceba2726bc46a803f8fce04f34112fe9e88b20342e21594e437","","method","bool AfterOnClient()","AfterOnClient","","bool","0","","False","False","False","available","/Script/AngelscriptRuntime.LatentAutomationCommand:AfterOnClient","manual","AngelscriptRuntime","Angelscript","","","","","unclassified","pending-native-form-source-join"
"94500a9f62480ed753094f9d3f906a76424fbda3c7457c9e6132760d804c3710","2b73f44d1b313ba2ee6485b71ae99ed84f44d68dad7eba3b1bae38eb04bf8e4c","","method","float32 GetCurveValue(FName CurveName) const","GetCurveValue","","float32","1","FName","False","False","False","available","/Script/Engine.CurveSourceInterface:GetCurveValue","manual","Engine","","","","","","unclassified","pending-native-form-source-join"
"94ad9dd7a5a299ddc8150b0405fa7145fb5276df298c18e083e9252f4f49276a","aafc390ad2b6c616d8283f777abbedbc3ae249211d1cba37623650a093bb90ea","","method","float GetLengthFromPosition(FVector Position, int NextPathPointIndex) const","GetLengthFromPosition","","float","2","FVector;int","False","False","False","available","/Script/NavigationSystem.NavigationPath:GetLengthFromPosition","manual","NavigationSystem","","","","","","unclassified","pending-native-form-source-join"
"94ba569a839abe9eeb29fbdf8e3af97790341170b12c8d4f903a72553bc51ed3","d3376830c9d045ef17bf83cd67f2190f9c2d8ce62e0d305d3be3c892d75c1e28","","method","void UnmapKey(const UInputAction Action, FKey Key)","UnmapKey","","void","2","const UInputAction;FKey","False","False","True","available","/Script/EnhancedInput.InputMappingContext:UnmapKey","manual","EnhancedInput","EnhancedInput","","","","","unclassified","pending-native-form-source-join"
"94c8bc24c643e5a30fcd0114aef81e49eb2ff477a3f2a1e9bfca3d202a56f6eb","f0e0aff25e2233e7488dbb93eb3db45dc3f94f6519daa80b7f0d167832161954","","method","void Blend(const FTransform&inout Atom1, const FTransform&inout Atom2, float Alpha)","Blend","","void","3","FTransform;FTransform;float","False","True","False","available","/Script/AngelscriptRuntime.AngelscriptFTransformLibrary:Blend","manual","AngelscriptRuntime","Angelscript","","","","","unclassified","pending-native-form-source-join"
"94d571e1ad2460e2c8982b90095e6a87244aab767961b8c81233e778498e2ff4","b838e8e9400cbd0a44522d60aab9dd66298f676e9917d955c70e780e9fc7d949","","method","void BPOnTalkingBegin(UAudioComponent AudioComponent)","BPOnTalkingBegin","","void","1","UAudioComponent","False","False","True","available","/Script/Engine.VOIPTalker:BPOnTalkingBegin","manual","Engine","","","","","","unclassified","pending-native-form-source-join"
"94d9dc8992839cf076b4e1cbaf16281fc629067092b530cf4be481dfacaf0017","","UGameplayStatics","global-function","FString GetPlatformName()","GetPlatformName","","FString","0","","False","False","False","available","/Script/Engine.GameplayStatics:GetPlatformName","manual","Engine","","","","","","unclassified","pending-native-form-source-join"
"94de60887ec8761dcb3a63f029502c4b2604bc54c79a4e3bd83181a74515a1dc","877242e59f270f3007210bf5cd3764d6f9178a314708334fc1089e9ccdd2d912","","method","void ReceivePossess(APawn PossessedPawn)","ReceivePossess","","void","1","APawn","False","False","True","available","/Script/Engine.Controller:ReceivePossess","manual","Engine","","","","","","unclassified","pending-native-form-source-join"
"94e924ec3f6895e21adceac32ea9672a11c08e6a0027b206d15522db63aca9ae","8fb03d2805f10d52065d1c65e9dcd91b4549d6c486b24f525bcd3787c984fb66","","method","bool GetAllAssets(FAssetData[]&inout OutAssetData, bool bIncludeOnlyOnDiskAssets) const","GetAllAssets","","bool","2","FAssetData[];bool","False","True","False","available","/Script/AssetRegistry.AssetRegistry:GetAllAssets","manual","AssetRegistry","","","","","","unclassified","pending-native-form-source-join"
"94f9f0875caef4281eded4de8e87cafc396585549add050bfb352081661f4f07","af227d35a24db9f5ce01b0ebcf9f55bd104b5cf86322c7403be4d525e4a5041b","","method","void AnyDamage(float32 Damage, const UDamageType DamageType, AController InstigatedBy, AActor DamageCauser)","AnyDamage","","void","4","float32;const UDamageType;AController;AActor","False","False","True","available","/Script/Engine.Actor:ReceiveAnyDamage","manual","Engine","","","","","","unclassified","pending-native-form-source-join"
"9500c656154dae3979adf8c8f05eca759ae3ace301a2c4e85bde6e176c8ec6b6","a048e09fab5b35c796657bb67d416dd5c79c96ad1914c69990329d6bc1e2dc7a","","method","void ServerExecRPC(FString Msg)","ServerExecRPC","","void","1","FString","False","False","False","available","/Script/Engine.PlayerController:ServerExecRPC","manual","Engine","","","","","","unclassified","pending-native-form-source-join"
"95276ad5726cfe3b5bdbe438994fc28097d63c8484243310cd368f2e33c29457","fa24378319ef169d1149805ded22c404f691f2ea8b34352ec52aeaff336adb02","","method","FString GetDisplayID() const","GetDisplayID","","FString","0","","False","False","False","available","/Script/Engine.GameUserSettings:GetDisplayID","manual","Engine","","","","","","unclassified","pending-native-form-source-join"
"9530e697e7cff6bbba7bc430f1d90687e8d9661bd79af36e9bfdfb342607f572","638fcf4cf315d2a9c093e5ad76bba411fbeda9be5a9c0482962d9e31f086736a","","method","bool IsActuated(const FInputActionValue&inout ForValue) const","IsActuated","","bool","1","FInputActionValue","False","True","False","available","/Script/EnhancedInput.InputTrigger:IsActuated","manual","EnhancedInput","EnhancedInput","","","","","unclassified","pending-native-form-source-join"
"953cdf9bcaa7f8c866eb077554298e12f745cd7451026864d6d40d77d2a1c50a","8fb03d2805f10d52065d1c65e9dcd91b4549d6c486b24f525bcd3787c984fb66","","method","bool K2_GetReferencers(FName PackageName, const FAssetRegistryDependencyOptions&inout ReferenceOptions, FName[]&inout OutReferencers) const","K2_GetReferencers","","bool","3","FName;FAssetRegistryDependencyOptions;FName[]","False","True","False","available","/Script/AssetRegistry.AssetRegistry:K2_GetReferencers","manual","AssetRegistry","","","","","","unclassified","pending-native-form-source-join"
"956f0da4f63890c56a5b16507f231a2a8ea86a0016404508e8d46e2b209d4d87","7c512897178e856205f0b20d178f0ad05e330e5254fab86dd63c95149a5893b4","","method","void OnManipulatingChanged(bool bIsManipulating)","OnManipulatingChanged","","void","1","bool","False","False","False","available","/Script/ControlRig.ControlRigShapeActor:OnManipulatingChanged","manual","ControlRig","ControlRig","","","","","unclassified","pending-native-form-source-join"
"9596efdff7c004fb594fec8c89828729fd8e02395e9915f7f0cb7a68925bc592","","FRotator","global-function","FRotator MakeFromAxes(const FVector&inout Forward, const FVector&inout Right, const FVector&inout Up)","MakeFromAxes","","FRotator","3","FVector;FVector;FVector","False","True","False","available","/Script/AngelscriptRuntime.AngelscriptFRotatorLibrary:MakeFromAxes","manual","AngelscriptRuntime","Angelscript","","","","","unclassified","pending-native-form-source-join"
"95ce67285d3c0737d72f1eb412980f0c31993b3e067339e2deb6f2784d4b4671","a048e09fab5b35c796657bb67d416dd5c79c96ad1914c69990329d6bc1e2dc7a","","method","void ServerShortTimeout()","ServerShortTimeout","","void","0","","False","False","False","available","/Script/Engine.PlayerController:ServerShortTimeout","manual","Engine","","","","","","unclassified","pending-native-form-source-join"
"95ff4260e8200c1ff09f726a08e37569b75f6974921ad4929cb2f58bd55b8e18","","UBTFunctionLibrary","global-function","int GetBlackboardValueAsInt(UBTNode NodeOwner, const FBlackboardKeySelector&inout Key)","GetBlackboardValueAsInt","","int","2","UBTNode;FBlackboardKeySelector","False","True","True","available","/Script/AIModule.BTFunctionLibrary:GetBlackboardValueAsInt","manual","AIModule","","","","","","unclassified","pending-native-form-source-join"
"9603f8d7db60d44b2c10f7a0675c5263e24bef34466fcc994da9fd44559c613d","37d3caf17e79de34aeba05029e3a80e50c00667f251ab624d817b1e42deabe06","","method","bool IsSwimming() const","IsSwimming","","bool","0","","False","False","False","available","/Script/Engine.NavMovementInterface:IsSwimming","manual","Engine","","","","","","unclassified","pending-native-form-source-join"
"960457e292b06b2e0820e52d17b150c9b45cdecb283fb8404799a923122c5e5f","be62f0cbbf09d73bb841fde0d378a8be9b9926f6268a1e34c670edd34ff5ba1f","","method","void LatentTick(float32 DeltaTime)","LatentTick","","void","1","float32","False","False","False","available","/Script/StateTreeModule.StateTreeTaskBlueprintBase:ReceiveLatentTick","manual","StateTreeModule","StateTree","","","","","unclassified","pending-native-form-source-join"
"962cddbea98e476286a02bb0bea21cdd41659b55048c779370724e2ee9d132d0","fa24378319ef169d1149805ded22c404f691f2ea8b34352ec52aeaff336adb02","","method","bool IsVSyncEnabled() const","IsVSyncEnabled","","bool","0","","False","False","False","available","/Script/Engine.GameUserSettings:IsVSyncEnabled","manual","Engine","","","","","","unclassified","pending-native-form-source-join"
"965c81f852cc534075ef12826550ab16c1111c931d66fcd6122a16583d1435fb","","SlateLibrary","global-function","bool EqualEqual_SlateBrush(const FSlateBrush&inout A, const FSlateBrush&inout B)","EqualEqual_SlateBrush","","bool","2","FSlateBrush;FSlateBrush","False","True","False","available","/Script/UMG.SlateBlueprintLibrary:EqualEqual_SlateBrush","manual","UMG","","","","","","unclassified","pending-native-form-source-join"
"96606a02c20714f427fceb53dbfc713f4d324f712ee8d00d63cf0f817890f602","96931ae7d5bfd12ce8910bb783d53314694ed9004397348fbb63ebae7c210b67","","method","void ParticleData(const FBasicParticleData[]&inout Data, UNiagaraSystem NiagaraSystem, const FVector&inout SimulationPositionOffset)","ParticleData","","void","3","FBasicParticleData[];UNiagaraSystem;FVector","False","True","True","available","/Script/Niagara.NiagaraParticleCallbackHandler:ReceiveParticleData","manual","Niagara","Niagara","","","","","unclassified","pending-native-form-source-join"
"9664f5d99b1f8b766995a4e80afb6993a26216e884c00fa92b29d19ce17b714c","e72266ef590b39a0d7c9a04061e56492357f679277179b594761949892f5fdc9","","method","bool OnCeaseRelevant(AActor MyTarget, const FGameplayCueParameters&inout Parameters)","OnCeaseRelevant","","bool","2","AActor;FGameplayCueParameters","False","True","True","available","/Script/GameplayAbilities.GameplayCueNotify_Actor:OnRemove","manual","GameplayAbilities","GameplayAbilities","","","","","unclassified","pending-native-form-source-join"
"9686c8c920c396a2909ee556ccaae1ac76db261169fac6696937cb6fe368ff6e","","UBlueprintSpringMathLibrary","global-function","void CriticalDoubleSpringDampScale(FVector&inout InOutScale, FVector&inout InOutScalarVelocity, FVector&inout InOutIntermediateScale, FVector&inout InOutIntermediateScalarVelocity, const FVector&inout TargetScale, float32 DeltaTime, float32 SmoothingTime = 0.200000)","CriticalDoubleSpringDampScale","","void","7","FVector;FVector;FVector;FVector;FVector;float32;float32","True","True","False","available","/Script/Engine.BlueprintSpringMathLibrary:CriticalDoubleSpringDampScale","manual","Engine","","","","","","unclassified","pending-native-form-source-join"
"969de9fe543dfb3448f27037ddf6affe037c18c03644068eef3e6562ceae4d30","","UGameplayStatics","global-function","FString ParseOption(FString Options, FString Key)","ParseOption","","FString","2","FString;FString","False","False","False","available","/Script/Engine.GameplayStatics:ParseOption","manual","Engine","","","","","","unclassified","pending-native-form-source-join"
"96a93708bda973300f2777d560fe00e21be426ab6e42acc88ee31dcf9e8bb39c","6e9dcc4f18691047675fdf57eab25aa058a26b825c43334757a1d3be615ff8ea","","method","void OnResetToDefault()","OnResetToDefault","","void","0","","False","False","False","available","/Script/Engine.LocalPlayerSaveGame:OnResetToDefault","manual","Engine","","","","","","unclassified","pending-native-form-source-join"
"96c7bd5854193139b9933d3967e33ff8e63a1b02df76746410b7860c44d79947","a2d1a5f352f4cac01bc4fedc3e39c7274efc7aae83183f9ebafb58df9ab26227","","method","FString OnAdditionalTestFinishedMessageRequest(EFunctionalTestResult TestResult) const","OnAdditionalTestFinishedMessageRequest","","FString","1","EFunctionalTestResult","False","False","False","available","/Script/FunctionalTesting.FunctionalTest:OnAdditionalTestFinishedMessageRequest","manual","FunctionalTesting","","","","","","unclassified","pending-native-form-source-join"
"96d8bcbbd94bd564e6d6f8d89eebcd4b9cf9e278878757cb2695efac281deb8a","4b234073e4131692a708413e0cd443beaf9252bb3165c3887bb4059999301b1c","","method","void SetLooping(bool bIsLooping)","SetLooping","","void","1","bool","False","False","False","available","/Script/Engine.AnimSingleNodeInstance:SetLooping","manual","Engine","","","","","","unclassified","pending-native-form-source-join"
"970c09ec3e7131674decd038974af497e17d64e8e0ac88ce76d59ff5b088dc68","b0697b21743308261702f67329e44db0bc229dd72304c0d0f5c43e2adcf62eaf","","method","float32 GetMouseSensitivityY()","GetMouseSensitivityY","","float32","0","","False","False","False","available","/Script/AngelscriptRuntime.PlayerInputScriptMixinLibrary:GetMouseSensitivityY","manual","AngelscriptRuntime","Angelscript","","","","","unclassified","pending-native-form-source-join"
"97249d4b6c67fc42c49bf3e6933e596839963e118c12388670095b6f33e9dd0b","6e9dcc4f18691047675fdf57eab25aa058a26b825c43334757a1d3be615ff8ea","","method","void OnPreSave()","OnPreSave","","void","0","","False","False","False","available","/Script/Engine.LocalPlayerSaveGame:OnPreSave","manual","Engine","","","","","","unclassified","pending-native-form-source-join"
"972ce032d87ed59e46ac18840669b0dac3d0dee0436673e332591726d6a9bac1","","Math","global-function","void SinCos(float32&inout ScalarSin, float32&inout ScalarCos, float32 Value)","SinCos","","void","3","float32;float32;float32","False","True","False","available","/Script/AngelscriptRuntime.AngelscriptMathLibrary:SinCos_32","manual","AngelscriptRuntime","Angelscript","","","","","unclassified","pending-native-form-source-join"
"972fe9b9e4ae5afd127721962de9cf697bc74f73a8a6c0d46aa30e4b65dc094c","","UBlueprintSpringMathLibrary","global-function","void DeadBlendTransitionTransform(FTransform&inout InOutTransformTransition, FSpringTransformVelocity&inout InOutVelocityTransition, FTransform InSrcTransform, FSpringTransformVelocity InSrcVelocity, float32 TimeSinceTransition, float32 BlendTime = 0.200000, float32 SmoothingTime = 0.200000)","DeadBlendTransitionTransform","","void","7","FTransform;FSpringTransformVelocity;FTransform;FSpringTransformVelocity;float32;float32;float32","True","True","False","available","/Script/Engine.BlueprintSpringMathLibrary:DeadBlendTransitionTransform","manual","Engine","","","","","","unclassified","pending-native-form-source-join"
"973de738b8050b33dcac01b7ab749c4e0b3994b3cc0532db43eb55d3d35515b0","339a778a47b28d90a21f75037fa86472d09260ad9f9b63803ea7592f3e560150","","method","UObject DuplicateAssetWithDialogAndTitle(FString AssetName, FString PackagePath, UObject OriginalObject, FText DialogTitle)","DuplicateAssetWithDialogAndTitle","","UObject","4","FString;FString;UObject;FText","False","False","True","available","/Script/AssetTools.AssetTools:DuplicateAssetWithDialogAndTitle","manual","AssetTools","","","","","","unclassified","pending-native-form-source-join"
"978f55d01badc5eaaaec446cae35c3e6ba4f00ec2634ebf1cdba87c867840e99","21d382cd7255d52cbb20566516d6b3ceb07797f145c23c7f2383421ca5d88295","","method","void OnDragCancelled(const FPointerEvent&inout PointerEvent, UDragDropOperation Operation)","OnDragCancelled","","void","2","FPointerEvent;UDragDropOperation","False","True","True","available","/Script/UMG.UserWidget:OnDragCancelled","manual","UMG","","","","","","unclassified","pending-native-form-source-join"
"97cd2df8b58f6104884a1a5f8724b68c056c397efa905a52d6dcd2c9ef5eaa21","a048e09fab5b35c796657bb67d416dd5c79c96ad1914c69990329d6bc1e2dc7a","","method","void PopInputComponent(UInputComponent Component)","PopInputComponent","","void","1","UInputComponent","False","False","True","available","/Script/AngelscriptRuntime.PlayerControllerInputScriptMixinLibrary:PopInputComponent","manual","AngelscriptRuntime","Angelscript","","","","","unclassified","pending-native-form-source-join"
"97df9f9acb018ddc660a10a7181d92be31bdb3bf49282f7f4f70f6d72e147b04","339a778a47b28d90a21f75037fa86472d09260ad9f9b63803ea7592f3e560150","","method","UObject DuplicateAssetWithDialog(FString AssetName, FString PackagePath, UObject OriginalObject)","DuplicateAssetWithDialog","","UObject","3","FString;FString;UObject","False","False","True","available","/Script/AssetTools.AssetTools:DuplicateAssetWithDialog","manual","AssetTools","","","","","","unclassified","pending-native-form-source-join"
"97ff7ef06a7cea0f381c2ce41bae81e0f56aca7d29680764a468f4ca6aa3368d","","PlatformLibrary","global-function","int ScheduleLocalNotificationBadgeAtTime(const FDateTime&inout FireDateTime, bool LocalTime, FString ActivationEvent)","ScheduleLocalNotificationBadgeAtTime","","int","3","FDateTime;bool;FString","False","True","False","available","/Script/Engine.BlueprintPlatformLibrary:ScheduleLocalNotificationBadgeAtTime","manual","Engine","","","","","","unclassified","pending-native-form-source-join"
"9808f2a923140323339cad11472bfb1f373b1c0d5138502440e90486d7623361","d5f2882870ba27b7a3f7373307ff48f7eb09ea60cf295620ee4afec13f6e3dcf","","method","void SetEnableDamageFromCollision(bool bValue)","SetEnableDamageFromCollision","","void","1","bool","False","False","False","available","/Script/Engine.ClusterUnionComponent:SetEnableDamageFromCollision","manual","Engine","","","","","","unclassified","pending-native-form-source-join"
"98240353d8887aa50919a36cd946a603be745f1b8e6efbd7c4fbe92318950330","","USubsystemLibrary","global-function","UObject GetLocalPlayerSubsystemFromPlayerController(APlayerController PlayerController, UClass Class)","GetLocalPlayerSubsystemFromPlayerController","","UObject","2","APlayerController;UClass","False","False","True","available","/Script/AngelscriptRuntime.SubsystemLibrary:GetLocalPlayerSubsystemFromPlayerController","manual","AngelscriptRuntime","Angelscript","","","","","unclassified","pending-native-form-source-join"
"98527e9a93640961254f42004e927c77cf912cbbcf595354e086e84353b54b54","061c90b40526e6537347bd4f5817dbd2e124e0a07d2267c5a3ab507b0c2662ae","","method","void ClientAdjustRootMotionPosition(float32 TimeStamp, float32 ServerMontageTrackPosition, FVector ServerLoc, FVector ServerRotation, float32 ServerVelZ, UPrimitiveComponent ServerBase, FName ServerBoneName, bool bHasBase, bool bBaseRelativePosition, uint8 ServerMovementMode)","ClientAdjustRootMotionPosition","","void","10","float32;float32;FVector;FVector;float32;UPrimitiveComponent;FName;bool;bool;uint8","False","False","True","available","/Script/Engine.Character:ClientAdjustRootMotionPosition","manual","Engine","","","","","","unclassified","pending-native-form-source-join"
"986864145e99fdd8f66eed7e85d565e12afe42ef7919379cc90439d3f3660585","c20244b47ee8508006d90b0eb2fff6802cbb4dfa9fab6cc140fbcd05be77de57","","method","void ObserverActivated(AActor OwnerActor)","ObserverActivated","","void","1","AActor","False","False","True","available","/Script/AIModule.BTDecorator_BlueprintBase:ReceiveObserverActivated","manual","AIModule","","","","","","unclassified","pending-native-form-source-join"
"987228feb17894bca4e1395f2d8a45adee3568b340602c75735d0f8dc9f139d6","22c88d07843f2f5849aadeea6efcf3bc52cb3082bff8bade972b20544b1f2b3a","","method","bool SupportsBindingCreationFromObject(const UObject SourceObject) const","SupportsBindingCreationFromObject","","bool","1","const UObject","False","False","True","available","/Script/MovieSceneTracks.MovieSceneReplaceableActorBinding_BPBase:BP_SupportsBindingCreationFromObject","manual","MovieSceneTracks","","","","","","unclassified","pending-native-form-source-join"
"9890eed479d4dd8768088c83b47b6fb61df3b851dd8b6003283e76e1924bec23","eb9db4974c2c84b3de7248f0dcc19ddbe9fe5a895134ac9ee72db3e7aec44cbf","","method","FCurveKeyHandle AddCurveKeyWeightedLeaveTangent(float32 InTime, float32 InValue, bool bBrokenTangent, float32 ArriveTangent, float32 LeaveTangent, float32 ArriveTangentWeight, float32 LeaveTangentWeight)","AddCurveKeyWeightedLeaveTangent","","FCurveKeyHandle","7","float32;float32;bool;float32;float32;float32;float32","False","False","False","available","/Script/AngelscriptRuntime.RuntimeFloatCurveMixinLibrary:AddCurveKeyWeightedLeaveTangent","manual","AngelscriptRuntime","Angelscript","","","","","unclassified","pending-native-form-source-join"
"98b0d110f19d03058bf109177bd6b17dab67c2a95ddd91bafb74c5a523fc0864","67769666047721cc74255fb0d3d1beea262bc05a8581e3c71239c2a69b3aa391","","method","void SetHorizontalAlignment(EHorizontalAlignment InHorizontalAlignment)","SetHorizontalAlignment","","void","1","EHorizontalAlignment","False","False","False","available","/Script/UMG.ButtonSlot:SetHorizontalAlignment","manual","UMG","","","","","","unclassified","pending-native-form-source-join"
"992ca6c4c4889a75af1aec4b9a977763af508b488bd77577894ccfbf08cc9174","5fac7644503053c91e90254fd3a15c51ba01595bc14a4f2c33e87a7bbda7198b","","method","void Activate()","Activate","","void","0","","False","False","False","available","/Script/AngelscriptGAS.AngelscriptAbilityTask:BP_Activate","manual","AngelscriptGAS","AngelscriptGAS","","","","","unclassified","pending-native-form-source-join"
"994ba4a965f1d45113a6f9835540a26c80b384c0de5567647ee5607ab63515ad","37bcc56137e6a420e62cf2e07774f8ab1bda170a82945a2ae8428f275ae4117a","","method","float DistSquared2D(const FVector&inout Other, const FVector&inout UpDirection) const","DistSquared2D","","float","2","FVector;FVector","False","True","False","available","/Script/AngelscriptRuntime.AngelscriptFVectorMixinLibrary:DistSquared2D","manual","AngelscriptRuntime","Angelscript","","","","","unclassified","pending-native-form-source-join"
"99b28f0ecf5e19fb7dca42af37edb0ed6bc8143765d1d243a156f1d1af7c33f0","","SlateLibrary","global-function","float32 Scalar_AbsoluteToLocal(const FGeometry&inout Geometry, float32 AbsoluteScalar)","Scalar_AbsoluteToLocal","","float32","2","FGeometry;float32","False","True","False","available","/Script/UMG.SlateBlueprintLibrary:Scalar_AbsoluteToLocal","manual","UMG","","","","","","unclassified","pending-native-form-source-join"
"9a235a679b9354e1abcd2d5b3d90fde66886d3c8e4ebb872548e935d4dffa394","","WidgetLibrary","global-function","FEventReply Handled()","Handled","","FEventReply","0","","False","False","False","available","/Script/UMG.WidgetBlueprintLibrary:Handled","manual","UMG","","","","","","unclassified","pending-native-form-source-join"
"9a5b16ba5c0371cb5ef62887e378224ef894b0c5d90a3c7740a261e38efd2af1","82b49778050438b5a27d8b1df094f6d3b772d4216282a4dc80a142446a746688","","method","void HitBoxEndCursorOver(FName BoxName)","HitBoxEndCursorOver","","void","1","FName","False","False","False","available","/Script/Engine.HUD:ReceiveHitBoxEndCursorOver","manual","Engine","","","","","","unclassified","pending-native-form-source-join"
"9a9cd272569dd9c5be52736767a5ab8c13e9650ab8246992dd32c5846ae273d2","0fcb3c247d6b30fdf52800684776762ea5ecc3460b9e5e9080a261a01be856ce","","method","int GetNumKeys() const","GetNumKeys","","int","0","","False","False","False","available","/Script/AngelscriptRuntime.RuntimeFloatCurveMixinLibrary:GetNumKeys","manual","AngelscriptRuntime","Angelscript","","","","","unclassified","pending-native-form-source-join"
"9aa1cff9c29d4133251ce81998608b1faf9e471b6be4b66db02424b1a0d74307","fa24378319ef169d1149805ded22c404f691f2ea8b34352ec52aeaff336adb02","","method","int GetCurrentHDRDisplayNits() const","GetCurrentHDRDisplayNits","","int","0","","False","False","False","available","/Script/Engine.GameUserSettings:GetCurrentHDRDisplayNits","manual","Engine","","","","","","unclassified","pending-native-form-source-join"
"9ae3d0d3b36d4f3d16126e52af6ccd968119e46e1a110749de550e9d0db213ac","07e6ab7f0b39cb2ddeb6518256adc8ab61caefe3d5a485fac2d45547adb2973d","","method","void OnStartCapture()","OnStartCapture","","void","0","","False","False","False","available","/Script/MovieSceneCapture.UserDefinedCaptureProtocol:OnStartCapture","manual","MovieSceneCapture","","","","","","unclassified","pending-native-form-source-join"
"9b092d1cfa832bb18da68853b13b3bfb046d9177af88bf54957b334e8b16fe89","d572d4b597884ff440189ed875b81d329c5203f7b44c789bf0d668bc3dd6940a","","method","void Tick(float32 DeltaTime)","Tick","","void","1","float32","False","False","False","available","/Script/StateTreeModule.StateTreeEvaluatorBlueprintBase:ReceiveTick","manual","StateTreeModule","StateTree","","","","","unclassified","pending-native-form-source-join"
"9b27cc1ad2ff2ba3e2ea25c5b07f5185a32b2602078798ff4029f839c8924f14","","WidgetLibrary","global-function","FInputEvent GetInputEventFromPointerEvent(const FPointerEvent&inout Event)","GetInputEventFromPointerEvent","","FInputEvent","1","FPointerEvent","False","True","False","available","/Script/UMG.WidgetBlueprintLibrary:GetInputEventFromPointerEvent","manual","UMG","","","","","","unclassified","pending-native-form-source-join"
"9b58f15dc0ed50a66ea07048da1ac6f49f4991a679431822ac6bfe8183aaab56","5351c4ffe82bbb28d1a84ba46be8b8b08876e3a366f59925a2568dc5b35e1c9c","","method","void OnLogout(AController ExitingController)","OnLogout","","void","1","AController","False","False","True","available","/Script/Engine.GameModeBase:K2_OnLogout","manual","Engine","","","","","","unclassified","pending-native-form-source-join"
"9b5b693a54958971c7e8fb0f20c116483272be7dc71146dcad85a7307b9091fd","","UBlueprintSpringMathLibrary","global-function","void CubicInertializeTransitionFloat(float32&inout InOutValueOffset, float32&inout InOutVelocityOffset, float32 InSrcValue, float32 InSrcVelocity, float32 InDstValue, float32 InDstVelocity, float32 TimeSinceTransition, float32 BlendTime = 0.200000)","CubicInertializeTransitionFloat","","void","8","float32;float32;float32;float32;float32;float32;float32;float32","True","True","False","available","/Script/Engine.BlueprintSpringMathLibrary:CubicInertializeTransitionFloat","manual","Engine","","","","","","unclassified","pending-native-form-source-join"
"9b79233ef32aba279ebd021c0fb17ef8dbd5f6a14bb331ab59a99495cbb5366e","fa24378319ef169d1149805ded22c404f691f2ea8b34352ec52aeaff336adb02","","method","int GetFoliageQuality() const","GetFoliageQuality","","int","0","","False","False","False","available","/Script/Engine.GameUserSettings:GetFoliageQuality","manual","Engine","","","","","","unclassified","pending-native-form-source-join"
"9b9224c1eaa3a16d76984ecd8b7ae6159776031c0ba3b0ee2f01e48c0f40ffb3","","UGameplayStatics","global-function","void PopSoundMixModifier(const UObject WorldContextObject, USoundMix InSoundMixModifier)","PopSoundMixModifier","","void","2","const UObject;USoundMix","False","False","True","available","/Script/Engine.GameplayStatics:PopSoundMixModifier","manual","Engine","","","","","","unclassified","pending-native-form-source-join"
"9b973ded1c656eb818fd854f8c2bd2e16cf45f6eb6c0ee84307bd08028129d05","25dd3cbe668c863bb38b40f640a8460326d4cce5e93de6ffeb5938782b7cb13b","","method","void ActivateAbilityFromEvent(const FGameplayEventData&inout EventData)","ActivateAbilityFromEvent","","void","1","FGameplayEventData","False","True","False","available","/Script/GameplayAbilities.GameplayAbility:K2_ActivateAbilityFromEvent","manual","GameplayAbilities","GameplayAbilities","","","","","unclassified","pending-native-form-source-join"
"9bdb168606c6d2ae372fcebf2ff1c54fa94fbb4d58ab4481e78504acee576698","37d3caf17e79de34aeba05029e3a80e50c00667f251ab624d817b1e42deabe06","","method","void StopActiveMovement()","StopActiveMovement","","void","0","","False","False","False","available","/Script/Engine.NavMovementInterface:StopActiveMovement","manual","Engine","","","","","","unclassified","pending-native-form-source-join"
"9c1d045cbd5fb43e99f802e9dc389750ee2ac497c933c87f89fb1061c21ababc","e54395c8e8514953dfbf3fbeabf065860f6a71585f8f76b50ad0927920f7fcb1","","method","int GetPriority() const","GetPriority","","int","0","","False","False","False","available","/Script/Engine.StereoLayerComponent:GetPriority","manual","Engine","","","","","","unclassified","pending-native-form-source-join"
"9c6c7386e05ec881b5999322b014710fe92e35f9171a5686ff7d06940b827ffb","a6aa67985a5e65d2276dd4d90be7ddbd8156210ef5aba5f40d929026aa763364","","method","FString ScriptedGetPipelineDisplayName() const","ScriptedGetPipelineDisplayName","","FString","0","","False","False","False","available","/Script/InterchangeCore.InterchangePipelineBase:ScriptedGetPipelineDisplayName","manual","InterchangeCore","","","","","","unclassified","pending-native-form-source-join"
"9c933da25489f71177589781fa430b85ab71fad4743e7190ab492c61164cf09d","1e5cac0f4b788b6c1908a6df5af11fc02747f4c0d1d052816486ecb68fb23334","","method","void MakeNoise(AActor NoiseMaker, float32 Loudness, const FVector&inout NoiseLocation)","MakeNoise","","void","3","AActor;float32;FVector","False","True","True","available","/Script/Engine.PawnNoiseEmitterComponent:MakeNoise","manual","Engine","","","","","","unclassified","pending-native-form-source-join"
"9c9c07de874baf62c7112ca8cbc44c30bab70900a14ff469524aa290774f1480","","UWidgetLayoutLibrary","global-function","UGridSlot SlotAsGridSlot(UWidget Widget)","SlotAsGridSlot","","UGridSlot","1","UWidget","False","False","True","available","/Script/UMG.WidgetLayoutLibrary:SlotAsGridSlot","manual","UMG","","","","","","unclassified","pending-native-form-source-join"
"9cc2b20e9b9bc6fa7f99d41a41d13ae94d2a1fc4154a804dd982ac77b379c8a3","4df085944005dd0da254f067eaae0f4b1a4be877051d3d0cd60138c4207cc987","","method","FQualifiedFrameTime GetDelayedQualifiedFrameTime() const","GetDelayedQualifiedFrameTime","","FQualifiedFrameTime","0","","False","False","False","available","/Script/Engine.TimecodeProvider:GetDelayedQualifiedFrameTime","manual","Engine","","","","","","unclassified","pending-native-form-source-join"
"9ce67e2ec5549c82fbdba61641aa2c9e18c0444dd96508f6fecef472d8c6819b","","UInputDeviceLibrary","global-function","int GetAllInputDevicesForUser(FPlatformUserId UserId, FInputDeviceId[]&inout OutInputDevices)","GetAllInputDevicesForUser","","int","2","FPlatformUserId;FInputDeviceId[]","False","True","False","available","/Script/Engine.InputDeviceLibrary:GetAllInputDevicesForUser","manual","Engine","","","","","","unclassified","pending-native-form-source-join"
"9cf4d5d9be666fa5ca4428c8ad80d20c7e3b8ea968db917be67d40b3ba586c98","b7763e3f18c8656cfc1420ca00d93a10a259c1d343943632502ddc8a716da650","","method","float GetServerWorldTimeSeconds() const","GetServerWorldTimeSeconds","","float","0","","False","False","False","available","/Script/Engine.GameStateBase:GetServerWorldTimeSeconds","manual","Engine","","","","","","unclassified","pending-native-form-source-join"
"9d015cd412ef8bec1c7fb3375862eb7dd421e7ef535fc8bafd0cecf65e8a715e","801788eccde01ef4326d9743f85d3f44d9d957486768be101028a0fdcb116b06","","method","float32 AngularDistance(const FRotator3f&inout B) const","AngularDistance","","float32","1","FRotator3f","False","True","False","available","/Script/AngelscriptRuntime.AngelscriptFRotator3fLibrary:AngularDistance","manual","AngelscriptRuntime","Angelscript","","","","","unclassified","pending-native-form-source-join"
"9d74849f750a7e53496ecdb85353467f415dba10fe45f583894d933bb7f81e0d","f114739dad8eec28fa480409a4fe844f0d95d53ddc54fb1dd0d2b1c16ec0a9d7","","method","EAnimSequenceTrackMode GetTrackMode(int TrackIndex, int LayerIndex) const","GetTrackMode","","EAnimSequenceTrackMode","2","int;int","False","False","False","available","/Script/Engine.AnimSequenceTransformProviderDataInstance:GetTrackMode","manual","Engine","","","","","","unclassified","pending-native-form-source-join"
"9dc419bb8654b71df0ec203861ea8282725638db8674b817a9d2cda355bb21fb","221735b2ef09d2dff90eada6b7ac0853d3139484f79de08dd996d968d950a15e","","method","void UnloadLevelInstance()","UnloadLevelInstance","","void","0","","False","False","False","available","/Script/Engine.LevelInstanceInterface:UnloadLevelInstance","manual","Engine","","","","","","unclassified","pending-native-form-source-join"
"9dda34e2bf8c4328f2896ccede08d3fa0f92eb49a6180c0637c4215518547848","eb9db4974c2c84b3de7248f0dcc19ddbe9fe5a895134ac9ee72db3e7aec44cbf","","method","FCurveKeyHandle AddCurveKeyTangent(float32 InTime, float32 InValue, float32 Tangent)","AddCurveKeyTangent","","FCurveKeyHandle","3","float32;float32;float32","False","False","False","available","/Script/AngelscriptRuntime.RuntimeFloatCurveMixinLibrary:AddCurveKeyTangent","manual","AngelscriptRuntime","Angelscript","","","","","unclassified","pending-native-form-source-join"
"9de951a76be7cb485df07053182ac6f6526f103c3605e59fdfdf98272c7bb77b","4f8e7441dd6629847eb00d9f80705d20098ad235220d252c2a2c723530d64500","","method","void NotifyMovementEnded(const FScriptTypedElementHandle&inout InElementHandle)","NotifyMovementEnded","","void","1","FScriptTypedElementHandle","False","True","False","available","/Script/Engine.TypedElementWorldInterface:NotifyMovementEnded","manual","Engine","","","","","","unclassified","pending-native-form-source-join"
"9e05fbb48bd56aa6cff3c3649490769b4f26484f8ae279507df0e728194d3d05","e72266ef590b39a0d7c9a04061e56492357f679277179b594761949892f5fdc9","","method","void HandleGameplayCue(AActor MyTarget, EGameplayCueEvent EventType, const FGameplayCueParameters&inout Parameters)","HandleGameplayCue","","void","3","AActor;EGameplayCueEvent;FGameplayCueParameters","False","True","True","available","/Script/GameplayAbilities.GameplayCueNotify_Actor:K2_HandleGameplayCue","manual","GameplayAbilities","GameplayAbilities","","","","","unclassified","pending-native-form-source-join"
"9e0888cffc67dadca2e9864cb4953f74e85b1d0ae5db40ec5de7fd6b007b8ece","1459aeee77456b259eec65d3c93c821e51379be0e872cc927e1d51c42442bb66","","method","void OnNewPawn(APawn NewPawn)","OnNewPawn","","void","1","APawn","False","False","True","available","/Script/AIModule.AISense_Blueprint:K2_OnNewPawn","manual","AIModule","","","","","","unclassified","pending-native-form-source-join"
"9e1caa000a63936ff58d588329a89d068a0f4ab2daaafc946f846c8005d69376","8fb03d2805f10d52065d1c65e9dcd91b4549d6c486b24f525bcd3787c984fb66","","method","void SearchAllAssets(bool bSynchronousSearch)","SearchAllAssets","","void","1","bool","False","False","False","available","/Script/AssetRegistry.AssetRegistry:SearchAllAssets","manual","AssetRegistry","","","","","","unclassified","pending-native-form-source-join"
"9e3e0e590540beb22d10d4a0b2c41e40e3b621c3f4366d106687146986c95f28","d9531c8fad8dfcfe5d18dcee6327b5831ef050ae4f76e71c1c742ede19173f83","","method","void AddMovementInput(FVector WorldDirection, float32 ScaleValue = 1.0, bool bForce = false)","AddMovementInput","","void","3","FVector;float32;bool","True","False","False","available","/Script/Engine.Pawn:AddMovementInput","manual","Engine","","","","","","unclassified","pending-native-form-source-join"
"9e5c3d47236b8667f83638210c9804fbc8a21436a1bb78a4b3f800e13adb558b","eb9db4974c2c84b3de7248f0dcc19ddbe9fe5a895134ac9ee72db3e7aec44cbf","","method","FCurveKeyHandle AddCurveKeyWeightedBothTangent(float32 InTime, float32 InValue, bool bBrokenTangent, float32 ArriveTangent, float32 LeaveTangent, float32 ArriveTangentWeight, float32 LeaveTangentWeight)","AddCurveKeyWeightedBothTangent","","FCurveKeyHandle","7","float32;float32;bool;float32;float32;float32;float32","False","False","False","available","/Script/AngelscriptRuntime.RuntimeFloatCurveMixinLibrary:AddCurveKeyWeightedBothTangent","manual","AngelscriptRuntime","Angelscript","","","","","unclassified","pending-native-form-source-join"
"9e7fb20200ef7a44ef991f91d4245d43894661f4abcc2d65833c420ec0639d98","3bedb7b478dcbe264857d0b9a6139b828fed6f22204384249a4c2d9a5c517f78","","method","void TickCameraNode(float32 DeltaTime)","TickCameraNode","","void","1","float32","False","False","False","available","/Script/GameplayCameras.BlueprintCameraNodeEvaluator:TickCameraNode","manual","GameplayCameras","GameplayCameras","","","","","unclassified","pending-native-form-source-join"
"9e9efd6b0f33082cb9211cf1a5d11f0de8f3a5d47241bf5508d17c0fd3688506","8099f625508a3be3a926c07b87654a1154d064a2b8b3847eaf3263a939c5f4cf","","method","bool AddWidgetForPlayer(UWidget Widget, ULocalPlayer Player, FGameViewportWidgetSlot Slot)","AddWidgetForPlayer","","bool","3","UWidget;ULocalPlayer;FGameViewportWidgetSlot","False","False","True","available","/Script/UMG.GameViewportSubsystem:AddWidgetForPlayer","manual","UMG","","","","","","unclassified","pending-native-form-source-join"
"9ea3d85a689072649b8ebbe4920655cd5a8f3e99913bb78c046abca392f577e9","","UConstraintInstanceBlueprintLibrary","global-function","void GetAngularLimits(FConstraintInstanceAccessor&inout Accessor, EAngularConstraintMotion&inout Swing1MotionType, float32&inout Swing1LimitAngle, EAngularConstraintMotion&inout Swing2MotionType, float32&inout Swing2LimitAngle, EAngularConstraintMotion&inout TwistMotionType, float32&inout TwistLimitAngle)","GetAngularLimits","","void","7","FConstraintInstanceAccessor;EAngularConstraintMotion;float32;EAngularConstraintMotion;float32;EAngularConstraintMotion;float32","False","True","False","available","/Script/Engine.ConstraintInstanceBlueprintLibrary:GetAngularLimits","manual","Engine","","","","","","unclassified","pending-native-form-source-join"
"9ea86144e9b605570df05bf710fad729a4e7cf0c104629da6207022429e0cdce","a048e09fab5b35c796657bb67d416dd5c79c96ad1914c69990329d6bc1e2dc7a","","method","void ClientSetHUD(TSubclassOf<AHUD> NewHUDClass)","ClientSetHUD","","void","1","TSubclassOf<AHUD>","False","False","False","available","/Script/Engine.PlayerController:ClientSetHUD","manual","Engine","","","","","","unclassified","pending-native-form-source-join"
"9ebc4bb1f05ab8577e5054784f619bc50649ab053c59c4eb686b46ee3527f1a1","c0bb55b31b172af739ea5a3161cf385fce49e56d3e6b543cf9b759a260180619","","method","FName NodeTitleOverride() const","NodeTitleOverride","","FName","0","","False","False","False","available","/Script/PCG.PCGBlueprintBaseElement:NodeTitleOverride","manual","PCG","PCG","","","","","unclassified","pending-native-form-source-join"
"9ed517221cdf270fbb3ee36eae4a9fedefda969ac605fe84ec702d41f9c587de","6e9dcc4f18691047675fdf57eab25aa058a26b825c43334757a1d3be615ff8ea","","method","bool SaveGameToSlotForLocalPlayer()","SaveGameToSlotForLocalPlayer","","bool","0","","False","False","False","available","/Script/Engine.LocalPlayerSaveGame:SaveGameToSlotForLocalPlayer","manual","Engine","","","","","","unclassified","pending-native-form-source-join"
"9ed7b2fb269d1032f071dceba43f35fc9a7328fc77f985bc5173ffc4f90a5bdb","bf3903cbca18b0ef0db7f73b96343bf92fa98c3d9c680e1243c4009d3c3a936a","","method","void Shutdown()","Shutdown","","void","0","","False","False","False","available","/Script/Engine.GameInstance:ReceiveShutdown","manual","Engine","","","","","","unclassified","pending-native-form-source-join"
"9f0360ecd661f0c0ff48db2ad7d0ba0f13ab8e20a7901b9645211f58fbd7c2f8","fa24378319ef169d1149805ded22c404f691f2ea8b34352ec52aeaff336adb02","","method","void SetResolutionScaleValueEx(float32 NewScaleValue)","SetResolutionScaleValueEx","","void","1","float32","False","False","False","available","/Script/Engine.GameUserSettings:SetResolutionScaleValueEx","manual","Engine","","","","","","unclassified","pending-native-form-source-join"
"9f0885ee41739016bcc2dbb8e18e270b158e432d4702450d86bfbbf91d76d631","","UWidgetLayoutLibrary","global-function","UUniformGridSlot SlotAsUniformGridSlot(UWidget Widget)","SlotAsUniformGridSlot","","UUniformGridSlot","1","UWidget","False","False","True","available","/Script/UMG.WidgetLayoutLibrary:SlotAsUniformGridSlot","manual","UMG","","","","","","unclassified","pending-native-form-source-join"
"9f23f9a31aededbcdfededfd37e1fb062dd8d5239818269e18e96a6c5b5a5993","","UInputDeviceLibrary","global-function","bool IsDevicePropertyHandleValid(const FInputDevicePropertyHandle&inout InHandle)","IsDevicePropertyHandleValid","","bool","1","FInputDevicePropertyHandle","False","True","False","available","/Script/Engine.InputDeviceLibrary:IsDevicePropertyHandleValid","manual","Engine","","","","","","unclassified","pending-native-form-source-join"
"9f29bd0b95e6af9809bed383ff052f2244f357eda60c3a6aecf14c04236de321","fa24378319ef169d1149805ded22c404f691f2ea8b34352ec52aeaff336adb02","","method","bool IsHDRCalibrationUsed() const","IsHDRCalibrationUsed","","bool","0","","False","False","False","available","/Script/Engine.GameUserSettings:IsHDRCalibrationUsed","manual","Engine","","","","","","unclassified","pending-native-form-source-join"
"9f7058fa35eece27554f939ec9794555dd123c777e4a6740a80d9e9ca0378dc0","11dabff3ebe856ce7caa89795572004898ad948fcfcf0ccffb022dd91ce01ec4","","method","void GrabComponentAtLocation(UPrimitiveComponent Component, FName InBoneName, FVector GrabLocation)","GrabComponentAtLocation","","void","3","UPrimitiveComponent;FName;FVector","False","False","True","available","/Script/Engine.PhysicsHandleComponent:GrabComponentAtLocation","manual","Engine","","","","","","unclassified","pending-native-form-source-join"
"9f7cad90156c8b50d6fac281b6a01e995c2c1d23342d440393930cbcee9818e3","b0697b21743308261702f67329e44db0bc229dd72304c0d0f5c43e2adcf62eaf","","method","FInputActionKeyMapping[]& GetEngineDefinedActionMappings()","GetEngineDefinedActionMappings","","FInputActionKeyMapping[]","0","","False","False","False","available","/Script/AngelscriptRuntime.PlayerInputScriptMixinLibrary:GetEngineDefinedActionMappings","manual","AngelscriptRuntime","Angelscript","","","","","unclassified","pending-native-form-source-join"
"9f7e38ef98bfe2d7938a72efa3b7773d0b4af50f3804e5276ef7dab6b810beb0","","UBTFunctionLibrary","global-function","UClass GetBlackboardValueAsClass(UBTNode NodeOwner, const FBlackboardKeySelector&inout Key)","GetBlackboardValueAsClass","","UClass","2","UBTNode;FBlackboardKeySelector","False","True","True","available","/Script/AIModule.BTFunctionLibrary:GetBlackboardValueAsClass","manual","AIModule","","","","","","unclassified","pending-native-form-source-join"
"9fb025c20321309c899ef3e59a38b7ce9f2dd4287edbff8dbc64ff502333c1b3","e38ef7ea0f66c8623c024d02acd9c7cb508adde716218283bd4a3eb213c78049","","method","void Play()","Play","","void","0","","False","False","False","available","/Script/Engine.AnimatedSparseVolumeTextureController:Play","manual","Engine","","","","","","unclassified","pending-native-form-source-join"
"9fee726fc86958841bc08153854152b78debbb6154e270fd2dd4d775c6f3b5b8","","USubsystemLibrary","global-function","UObject GetLocalPlayerSubsystemFromLocalPlayer(ULocalPlayer LocalPlayer, UClass Class)","GetLocalPlayerSubsystemFromLocalPlayer","","UObject","2","ULocalPlayer;UClass","False","False","True","available","/Script/AngelscriptRuntime.SubsystemLibrary:GetLocalPlayerSubsystemFromLocalPlayer","manual","AngelscriptRuntime","Angelscript","","","","","unclassified","pending-native-form-source-join"
"9ff1632104a87778c6fa1597a4208c612abaf405224f93a265a99dcb1282a109","10d28a6a7e73a717185afd3be4dfea0d4bfa305cabdc727398179250ceec9e1f","","method","float32 GetCurrentAnimationTimeRatio() const","GetCurrentAnimationTimeRatio","","float32","0","","False","False","False","available","/Script/Engine.AnimNotifyLibrary:GetCurrentAnimationTimeRatio","manual","Engine","","","","","","unclassified","pending-native-form-source-join"
"a06484321e2fa622657123771b50765a4600e045f0f4ca8f21b35618573daa40","05ca90096d1d613b3b7471d750a402762d6db71ef84b8fabaedc0a1ba79d0cb8","","method","float AngularDistance(const FRotator&inout B) const","AngularDistance","","float","1","FRotator","False","True","False","available","/Script/AngelscriptRuntime.AngelscriptFRotatorLibrary:AngularDistance","manual","AngelscriptRuntime","Angelscript","","","","","unclassified","pending-native-form-source-join"
"a06db3300c99d1524face9476a3875889776342630189a4a4b9179784458e2f9","","WidgetLibrary","global-function","void SetWindowTitleBarOnCloseClickedDelegate(FOnGameWindowCloseButtonClickedDelegate__WidgetBlueprintLibrary Delegate = FOnGameWindowCloseButtonClickedDelegate__WidgetBlueprintLibrary ( ))","SetWindowTitleBarOnCloseClickedDelegate","","void","1","FOnGameWindowCloseButtonClickedDelegate__WidgetBlueprintLibrary","True","False","False","available","/Script/UMG.WidgetBlueprintLibrary:SetWindowTitleBarOnCloseClickedDelegate","manual","UMG","","","","","","unclassified","pending-native-form-source-join"
"a086f9610935ef9333040411f17df4848987b84526509ecb220c86d45b95d074","","UBlueprintSpringMathLibrary","global-function","FTransform DeadBlendApplyToTransform(FTransform InTransform, FTransform InTransformTransition, FSpringTransformVelocity InVelocityTransition, float32 TimeSinceTransition, float32 BlendTime = 0.200000, float32 SmoothingTime = 0.200000)","DeadBlendApplyToTransform","","FTransform","6","FTransform;FTransform;FSpringTransformVelocity;float32;float32;float32","True","False","False","available","/Script/Engine.BlueprintSpringMathLibrary:DeadBlendApplyToTransform","manual","Engine","","","","","","unclassified","pending-native-form-source-join"
"a0a37dd6af00dc2fb46b4b59d3ee76199abbc9fbb3c523bf5b660c2c6c149745","","UEnhancedInputLibrary","global-function","bool IsActionKeyMappingPlayerMappable(const FEnhancedActionKeyMapping&inout ActionKeyMapping)","IsActionKeyMappingPlayerMappable","","bool","1","FEnhancedActionKeyMapping","False","True","False","available","/Script/EnhancedInput.EnhancedInputLibrary:IsActionKeyMappingPlayerMappable","manual","EnhancedInput","EnhancedInput","","","","","unclassified","pending-native-form-source-join"
"a0b67a6ac3c59b381da1a0f6e6487d9134fb5823e64a2460596298c1ff616c8f","22f0aa2ae5c2941e8436109af0ac0903f97ff5625a4d15fd4101e1bafde97065","","method","APawn GetPawnOwner() const","GetPawnOwner","","APawn","0","","False","False","False","available","/Script/Engine.PawnMovementComponent:GetPawnOwner","manual","Engine","","","","","","unclassified","pending-native-form-source-join"
"a0daa4592c4457cc15a63a179efccac830f1c95f114b098a8e6f2721173bab98","a768aab09a9e75123179d64a4c99ba732fc6b6ef9f9b8593e6efcf26914ded09","","method","bool TestCondition() const","TestCondition","","bool","0","","False","False","False","available","/Script/StateTreeModule.StateTreeConditionBlueprintBase:ReceiveTestCondition","manual","StateTreeModule","StateTree","","","","","unclassified","pending-native-form-source-join"
"a0dbd76f4d71a4b390d3ec57997d142ebeaed54522573a99b4851a4b00dd0c62","fdf59f0e3c0842a609f238f762a8b05bfa4feb6bde861b66ec5a8bccfa31fda0","","method","void PreAttributeChange(const FGameplayAttribute&inout Attribute, float32&inout NewValue)","PreAttributeChange","","void","2","FGameplayAttribute;float32","False","True","False","available","/Script/AngelscriptGAS.AngelscriptAttributeSet:BP_PreAttributeChange","manual","AngelscriptGAS","AngelscriptGAS","","","","","unclassified","pending-native-form-source-join"
"a0fefe1a4d01242fdb7c9a3a2638021b6d2821e3b9732abdac4a83afb44b1e64","82b49778050438b5a27d8b1df094f6d3b772d4216282a4dc80a142446a746688","","method","void DrawMaterialTriangle(UMaterialInterface Material, FVector2D V0_Pos, FVector2D V1_Pos, FVector2D V2_Pos, FVector2D V0_UV, FVector2D V1_UV, FVector2D V2_UV, FLinearColor V0_Color = FLinearColor ( 1.000000 , 1.000000 , 1.000000 , 1.000000 ), FLinearColor V1_Color = FLinearColor ( 1.000000 , 1.000000 , 1.000000 , 1.000000 ), FLinearColor V2_Color = FLinearColor ( 1.000000 , 1.000000 , 1.000000 , 1.000000 ))","DrawMaterialTriangle","","void","10","UMaterialInterface;FVector2D;FVector2D;FVector2D;FVector2D;FVector2D;FVector2D;FLinearColor;FLinearColor;FLinearColor","True","False","True","available","/Script/Engine.HUD:DrawMaterialTriangle","manual","Engine","","","","","","unclassified","pending-native-form-source-join"
"a1114ff6d676be0e6ed668d6f4e4ee8f91329b6675fe80fa0a8ae6067abdc6cd","8408ed834089f0d30abf8476c0078c8637280efdb97766920767c790ba00fc66","","method","void InjectInputVectorForPlayerMapping(FName MappingName, FVector Value, const UInputModifier[]&inout Modifiers, const UInputTrigger[]&inout Triggers)","InjectInputVectorForPlayerMapping","","void","4","FName;FVector;UInputModifier[];UInputTrigger[]","False","True","False","available","/Script/EnhancedInput.EnhancedInputSubsystemInterface:InjectInputVectorForPlayerMapping","manual","EnhancedInput","EnhancedInput","","","","","unclassified","pending-native-form-source-join"
"a120bbb8dc9995068d7ef4a70954c07fec7a19533ad6258f35c56310f4ac2fea","49a15a5d334ada092aad7f499a033e9a00dc34f18bd3602bcc86de7375f1a97a","","method","void OnUsingBlackBoard(UBlackboardComponent BlackboardComp, UBlackboardData BlackboardAsset)","OnUsingBlackBoard","","void","2","UBlackboardComponent;UBlackboardData","False","False","True","available","/Script/AIModule.AIController:OnUsingBlackBoard","manual","AIModule","","","","","","unclassified","pending-native-form-source-join"
"a1575d0c6474398d1274987ee4ff46d0c768e46c38b22ddcc1ca3640617b57a2","196d00ce68899768ad4f9f6ad88b0526803ac4b5bfb0e008fcef467d86d4f66f","","method","FText& GetProfileDisplayName() const","GetProfileDisplayName","","FText","0","","False","False","False","available","/Script/EnhancedInput.EnhancedPlayerMappableKeyProfile:GetProfileDisplayName","manual","EnhancedInput","EnhancedInput","","","","","unclassified","pending-native-form-source-join"
"a1587272959eeef4c9d3af0915f5a8d94fad04d0454bde091982e3fe74a7cd8d","abd7dcbf3cb4042046ba954e8912cc9fd2a3d2d757cc19949e4617544efd5bc6","","method","bool IterationLoopBody(const FPCGContext&inout InContext, int64 Iteration, const UPCGSpatialData InA, const UPCGSpatialData InB, FPCGPoint&inout OutPoint, UPCGMetadata OutMetadata) const","IterationLoopBody","","bool","6","FPCGContext;int64;const UPCGSpatialData;const UPCGSpatialData;FPCGPoint;UPCGMetadata","False","True","True","available","/Script/PCG.PCGBlueprintElement:IterationLoopBody","manual","PCG","PCG","","","","","unclassified","pending-native-form-source-join"
"a15d3e168422ec47d67732647a348bbbeb769c40d291bda7d325815fe4369a5b","","FTransform3f","global-function","FTransform3f MakeFromXY(const FVector3f&inout XAxis, const FVector3f&inout YAxis)","MakeFromXY","","FTransform3f","2","FVector3f;FVector3f","False","True","False","available","/Script/AngelscriptRuntime.AngelscriptFTransform3fLibrary:MakeFromXY","manual","AngelscriptRuntime","Angelscript","","","","","unclassified","pending-native-form-source-join"
"a161ef1efebe5fc096e31493aab0a071031fb483db1abfbbde760fc0307f2806","c20244b47ee8508006d90b0eb2fff6802cbb4dfa9fab6cc140fbcd05be77de57","","method","void ExecutionStart(AActor OwnerActor)","ExecutionStart","","void","1","AActor","False","False","True","available","/Script/AIModule.BTDecorator_BlueprintBase:ReceiveExecutionStart","manual","AIModule","","","","","","unclassified","pending-native-form-source-join"
"a1a77a1d8d86199ddd50d2dd3ea6a5c83458e4b13307c93125bc270199e98439","","UBlueprintSpringMathLibrary","global-function","void CriticalDoubleSpringDampQuat(FQuat&inout InOutRotation, FVector&inout InOutAngularVelocity, FQuat&inout InOutIntermediateRotation, FVector&inout InOutIntermediateAngularVelocity, const FQuat&inout TargetRotation, float32 DeltaTime, float32 SmoothingTime = 0.200000)","CriticalDoubleSpringDampQuat","","void","7","FQuat;FVector;FQuat;FVector;FQuat;float32;float32","True","True","False","available","/Script/Engine.BlueprintSpringMathLibrary:CriticalDoubleSpringDampQuat","manual","Engine","","","","","","unclassified","pending-native-form-source-join"
"a22870445c35ed0b7945619af16e941b0a1268a9986e82837f1b9aae1b095979","e397244109f21450e3f5cd68040f81224f3537db603a046823e9a44f19809c2e","","method","bool DeselectElement(const FScriptTypedElementHandle&inout InElementHandle, FScriptTypedElementListProxy InSelectionSet, const FTypedElementSelectionOptions&inout InSelectionOptions)","DeselectElement","","bool","3","FScriptTypedElementHandle;FScriptTypedElementListProxy;FTypedElementSelectionOptions","False","True","False","available","/Script/TypedElementRuntime.TypedElementSelectionInterface:DeselectElement","manual","TypedElementRuntime","","","","","","unclassified","pending-native-form-source-join"
"a28c1aa79585684858367c32af2cdc6b3cdd13ec84dff848400ff5af697d37d4","9b14d4cb6b1a0568f8d516a6b0bab21095edcf53fd978700c0128bf5c85619aa","","method","void ClientSendReservationUpdates(int NumRemainingReservations)","ClientSendReservationUpdates","","void","1","int","False","False","False","available","/Script/OnlineSubsystemUtils.PartyBeaconClient:ClientSendReservationUpdates","manual","OnlineSubsystemUtils","OnlineSubsystemUtils","","","","","unclassified","pending-native-form-source-join"
"a29915734afa026131c15878564edaaed105e92ad06a5cf08652a8eb30c1e42c","37bcc56137e6a420e62cf2e07774f8ab1bda170a82945a2ae8428f275ae4117a","","method","float SizeSquared2D(const FVector&inout UpDirection) const","SizeSquared2D","","float","1","FVector","False","True","False","available","/Script/AngelscriptRuntime.AngelscriptFVectorMixinLibrary:SizeSquared2D","manual","AngelscriptRuntime","Angelscript","","","","","unclassified","pending-native-form-source-join"
"a2b94efb948c2a182b5edc2d2f01f000ca5dfe5a3f9ea1ca7310a9dd3079dcbb","5351c4ffe82bbb28d1a84ba46be8b8b08876e3a366f59925a2568dc5b35e1c9c","","method","bool PlayerCanRestart(APlayerController Player)","PlayerCanRestart","","bool","1","APlayerController","False","False","True","available","/Script/Engine.GameModeBase:PlayerCanRestart","manual","Engine","","","","","","unclassified","pending-native-form-source-join"
"a2f531a725fde219a0f47336343ec4ae633169683682aabecef27a79d58a5049","","FQuat","global-function","FQuat MakeFromYX(const FVector&inout YAxis, const FVector&inout XAxis)","MakeFromYX","","FQuat","2","FVector;FVector","False","True","False","available","/Script/AngelscriptRuntime.AngelscriptFQuatLibrary:MakeFromYX","manual","AngelscriptRuntime","Angelscript","","","","","unclassified","pending-native-form-source-join"
"a3adc68a5bfc3c4f168fa95f1299ae604f64f7523ec520f3497005ea6e965c35","801788eccde01ef4326d9743f85d3f44d9d957486768be101028a0fdcb116b06","","method","FRotator3f Compose(const FRotator3f&inout B) const","Compose","","FRotator3f","1","FRotator3f","False","True","False","available","/Script/AngelscriptRuntime.AngelscriptFRotator3fLibrary:Compose","manual","AngelscriptRuntime","Angelscript","","","","","unclassified","pending-native-form-source-join"
"a3c0fbdc8156543bdc6162bdcaff67e62ad834dbcbc4fd858dfc6d779491c99b","38db8d3836b23b02f5b6964f879d62766dd9aefe824407443f98887f5d9846f9","","method","bool ShouldCreateSubsystem(UObject Outer) const","ShouldCreateSubsystem","","bool","1","UObject","False","False","True","available","/Script/AngelscriptRuntime.ScriptWorldSubsystem:BP_ShouldCreateSubsystem","manual","AngelscriptRuntime","Angelscript","","","","","unclassified","pending-native-form-source-join"
"a3c39587e64be2bf01a3d4cd7ff33f58ff7fd7899dfaa1368f7d780550dbc49f","4bb347d0725f2bb3d1fa15a74cf86db18dce09ad18af3b6ccfcd9a54fca6fb0d","","method","FVector GetComponentVelocity() const","GetComponentVelocity","","FVector","0","","False","False","False","available","/Script/Engine.SceneComponent:GetComponentVelocity","manual","Engine","","","","","","unclassified","pending-native-form-source-join"
"a40bc8cd2600b718bbf253e817c828e62beaea9e122f85659938a0930f7bc211","221735b2ef09d2dff90eada6b7ac0853d3139484f79de08dd996d968d950a15e","","method","ULevel GetLoadedLevel() const","GetLoadedLevel","","ULevel","0","","False","False","False","available","/Script/Engine.LevelInstanceInterface:GetLoadedLevel","manual","Engine","","","","","","unclassified","pending-native-form-source-join"
"a42e966346607a0c3749abf1fb3370df913b79a41babdb9cc23888a91d270162","d3c26b09cb69440ef5cea48b8cd2bb16451c461ce4aa3cafa3d573c20dfad90d","","method","void BlueprintLinkedAnimationLayersInitialized()","BlueprintLinkedAnimationLayersInitialized","","void","0","","False","False","False","available","/Script/Engine.AnimInstance:BlueprintLinkedAnimationLayersInitialized","manual","Engine","","","","","","unclassified","pending-native-form-source-join"
"a4486efd0dd082db045d57685fea208106161a5eb3b5f61c47d8242b30048e30","","WidgetLibrary","global-function","void GetAllWidgetsWithInterface(const UObject WorldContextObject, UUserWidget[]&inout FoundWidgets, TSubclassOf<UInterface> Interface, bool TopLevelOnly)","GetAllWidgetsWithInterface","","void","4","const UObject;UUserWidget[];TSubclassOf<UInterface>;bool","False","True","True","available","/Script/UMG.WidgetBlueprintLibrary:GetAllWidgetsWithInterface","manual","UMG","","","","","","unclassified","pending-native-form-source-join"
"a44a3548fc07dc2486c13e1e4f0d8f6b28dc66c8854483b2771107ce265bf73f","","PlatformLibrary","global-function","void GetLaunchNotification(bool&inout NotificationLaunchedApp, FString&inout ActivationEvent, int&inout FireDate)","GetLaunchNotification","","void","3","bool;FString;int","False","True","False","available","/Script/Engine.BlueprintPlatformLibrary:GetLaunchNotification","manual","Engine","","","","","","unclassified","pending-native-form-source-join"
"a44b383404dc1bfb429672b399da30625560d04ba3927d8bc5dc056413b46fdd","","UPhysicsFieldStatics","global-function","int EvalPhysicsIntegerField(const UObject WorldContextObject, const FVector&inout WorldPosition, EFieldIntegerType IntegerType)","EvalPhysicsIntegerField","","int","3","const UObject;FVector;EFieldIntegerType","False","True","True","available","/Script/Engine.PhysicsFieldStatics:EvalPhysicsIntegerField","manual","Engine","","","","","","unclassified","pending-native-form-source-join"
"a48ea303861d4f7fc23070702142b799418a00b9043060e0259f7448c5919650","6c8eb79f6e5cc4f6eba87c30db73030d9249c2733f493092366cbc6cf7c41a69","","method","bool NotEqual_InputDeviceId(FInputDeviceId B)","NotEqual_InputDeviceId","","bool","1","FInputDeviceId","False","False","False","available","/Script/Engine.InputDeviceLibrary:NotEqual_InputDeviceId","manual","Engine","","","","","","unclassified","pending-native-form-source-join"
"a4a6e567fb7d5dbd6f188e44bf959681ebdbb4bf868cf4c10efa935bce81d4c6","0fcb3c247d6b30fdf52800684776762ea5ecc3460b9e5e9080a261a01be856ce","","method","void GetValueRange(float32&inout MinValue, float32&inout MaxValue) const","GetValueRange","","void","2","float32;float32","False","True","False","available","/Script/AngelscriptRuntime.RuntimeFloatCurveMixinLibrary:GetValueRange","manual","AngelscriptRuntime","Angelscript","","","","","unclassified","pending-native-form-source-join"
"a4bc110b627b6de9f972d34dd07f02312a1669ebb78f2268d066d6ed017938f6","fa24378319ef169d1149805ded22c404f691f2ea8b34352ec52aeaff336adb02","","method","FIntPoint GetDesktopResolution() const","GetDesktopResolution","","FIntPoint","0","","False","False","False","available","/Script/Engine.GameUserSettings:GetDesktopResolution","manual","Engine","","","","","","unclassified","pending-native-form-source-join"
"a4f94afd4a22705d537414d4d0e0568e2dd6c6cf8513762c784b949e4fc9bdd9","101cc1a48ebe2ceea513aec9480d048b0e764d83151acf1586894b100ddf5dfd","","method","void OnApplication(AActor Target, const FGameplayCueParameters&inout Parameters, const FGameplayCueNotify_SpawnResult&inout SpawnResults)","OnApplication","","void","3","AActor;FGameplayCueParameters;FGameplayCueNotify_SpawnResult","False","True","True","available","/Script/GameplayAbilities.GameplayCueNotify_Looping:OnApplication","manual","GameplayAbilities","GameplayAbilities","","","","","unclassified","pending-native-form-source-join"
"a523c3db0a62a56cbc49740d3bd60359b9336694958a21e1e5aa8588b5761834","9dd728209834c4c02036508adcbbc22ac253bfafa67a96c31482939c39c8e488","","method","void ProvideSingleLocation(UObject QuerierObject, AActor QuerierActor, FVector&inout ResultingLocation) const","ProvideSingleLocation","","void","3","UObject;AActor;FVector","False","True","True","available","/Script/AIModule.EnvQueryContext_BlueprintBase:ProvideSingleLocation","manual","AIModule","","","","","","unclassified","pending-native-form-source-join"
"a530b428388dba7f8390fb322513c2a4d7b403a28a2f700d17523dd551310f71","7564a8f162d23a7cf4396513a49fd6c12adc1dd5e8a45007c3a3686457c46e68","","method","bool IsLinkPlaying() const","IsLinkPlaying","","bool","0","","False","False","False","available","/Script/AudioLinkEngine.AudioLinkBlueprintInterface:IsLinkPlaying","manual","AudioLinkEngine","","","","","","unclassified","pending-native-form-source-join"
"a534aaa10a6e60631a5587475cce96e1b68911f0bb7b9d9442565cff547ebc19","8408ed834089f0d30abf8476c0078c8637280efdb97766920767c790ba00fc66","","method","void RemoveMappingContext(const UInputMappingContext MappingContext, const FModifyContextOptions&inout Options)","RemoveMappingContext","","void","2","const UInputMappingContext;FModifyContextOptions","False","True","True","available","/Script/EnhancedInput.EnhancedInputSubsystemInterface:RemoveMappingContext","manual","EnhancedInput","EnhancedInput","","","","","unclassified","pending-native-form-source-join"
"a557b8c9619769997eb6e71d64a887defda173d64828d5eeaea72a65fbe59f7c","95c5bd2590e7410565721b207a1d17bc6be9388f92234c7eba4b0ba57a3a44b1","","method","bool AddCurve(const FAnimationCurveIdentifier&inout CurveId, int CurveFlags, bool bShouldTransact)","AddCurve","","bool","3","FAnimationCurveIdentifier;int;bool","False","True","False","available","/Script/Engine.AnimationDataController:AddCurve","manual","Engine","","","","","","unclassified","pending-native-form-source-join"
"a5833e537e6bff0789bb4b8d9d5a57423cc23831faf6b8a96ab796719f08886d","4b234073e4131692a708413e0cd443beaf9252bb3165c3887bb4059999301b1c","","method","void SetPosition(float32 InPosition, bool bFireNotifies = true)","SetPosition","","void","2","float32;bool","True","False","False","available","/Script/Engine.AnimSingleNodeInstance:SetPosition","manual","Engine","","","","","","unclassified","pending-native-form-source-join"
"a59d53ad534181e589787b0ef6023fc9ac52af874df1f3d9d5e4f4167bd2b9e9","be62f0cbbf09d73bb841fde0d378a8be9b9926f6268a1e34c670edd34ff5ba1f","","method","void StateCompleted(EStateTreeRunStatus CompletionStatus, FStateTreeActiveStates CompletedActiveStates)","StateCompleted","","void","2","EStateTreeRunStatus;FStateTreeActiveStates","False","False","False","available","/Script/StateTreeModule.StateTreeTaskBlueprintBase:ReceiveStateCompleted","manual","StateTreeModule","StateTree","","","","","unclassified","pending-native-form-source-join"
"a63017d526f8adc431a49c04ba9362315a7da8572ec369b9bd5fea96886af415","","UAngelscriptAbilityAsyncLibrary","global-function","UAbilityAsync_WaitGameplayTagRemoved WaitGameplayTagRemoveFromActor(AActor TargetActor, FGameplayTag Tag, bool bTriggerOnce = false)","WaitGameplayTagRemoveFromActor","","UAbilityAsync_WaitGameplayTagRemoved","3","AActor;FGameplayTag;bool","True","False","True","available","/Script/AngelscriptGAS.AngelscriptAbilityAsyncLibrary:WaitGameplayTagRemoveFromActor","manual","AngelscriptGAS","AngelscriptGAS","","","","","unclassified","pending-native-form-source-join"
"a657884b5c4a18395fcd9e2a46c2b23f6724458de91b4a11888ac90a8a5eb625","77def77c7e6a035ee4f4c7688b4b8f0cb2dc712bf20e4a9fb8b7207990f0f262","","method","void OnTargetingAnActor(bool bNewValue)","OnTargetingAnActor","","void","1","bool","False","False","False","available","/Script/GameplayAbilities.GameplayAbilityWorldReticle:OnTargetingAnActor","manual","GameplayAbilities","GameplayAbilities","","","","","unclassified","pending-native-form-source-join"
"a67d5f75911cf747c948badd5a0bf2e6d0130acd481e34bbb7a2efc8f4815cf9","8099f625508a3be3a926c07b87654a1154d064a2b8b3847eaf3263a939c5f4cf","","method","void SetWidgetSlot(UWidget Widget, FGameViewportWidgetSlot Slot)","SetWidgetSlot","","void","2","UWidget;FGameViewportWidgetSlot","False","False","True","available","/Script/UMG.GameViewportSubsystem:SetWidgetSlot","manual","UMG","","","","","","unclassified","pending-native-form-source-join"
"a69dc7677dd6e37c7ca59c77bdf5f799d34e4e9116278b994d39cd49d8a5db3d","a048e09fab5b35c796657bb67d416dd5c79c96ad1914c69990329d6bc1e2dc7a","","method","void ServerCheckClientPossessionReliable()","ServerCheckClientPossessionReliable","","void","0","","False","False","False","available","/Script/Engine.PlayerController:ServerCheckClientPossessionReliable","manual","Engine","","","","","","unclassified","pending-native-form-source-join"
"a6b617325435bd56ff38a9a20f6c2b6b0dce3f8b92a626143ed5d028def143c5","","UBlueprintSpringMathLibrary","global-function","float32 SpringInertializeApplyToAngle(float32 InAngle, float32 InAngleOffset, float32 InAngularVelocityOffset, float32 TimeSinceTransition, float32 SmoothingTime = 0.200000)","SpringInertializeApplyToAngle","","float32","5","float32;float32;float32;float32;float32","True","False","False","available","/Script/Engine.BlueprintSpringMathLibrary:SpringInertializeApplyToAngle","manual","Engine","","","","","","unclassified","pending-native-form-source-join"
"a6f0da52731de5dddb79644aaf1836fe4d8c5650d6a63197bc884657bb0f6322","","USubsystemLibrary","global-function","UObject GetLocalPlayerSubsystem(UClass Class)","GetLocalPlayerSubsystem","","UObject","1","UClass","False","False","True","available","/Script/AngelscriptRuntime.SubsystemLibrary:GetLocalPlayerSubsystem","manual","AngelscriptRuntime","Angelscript","","","","","unclassified","pending-native-form-source-join"
"a6f0e9f0c25f893793a35b17f83421c6d93b73a274f0fb66627c1f90673d3f5b","","WidgetLibrary","global-function","UMaterialInterface GetBrushResourceAsMaterial(const FSlateBrush&inout Brush)","GetBrushResourceAsMaterial","","UMaterialInterface","1","FSlateBrush","False","True","False","available","/Script/UMG.WidgetBlueprintLibrary:GetBrushResourceAsMaterial","manual","UMG","","","","","","unclassified","pending-native-form-source-join"
"a6f1e3a8ac1b20c94bf3010ea9f95bf680e5890fc668cb47aa83698271d1d6ac","","MaterialLibrary","global-function","float32 GetScalarParameterValue(UObject WorldContextObject, UMaterialParameterCollection Collection, FName ParameterName)","GetScalarParameterValue","","float32","3","UObject;UMaterialParameterCollection;FName","False","False","True","available","/Script/Engine.KismetMaterialLibrary:GetScalarParameterValue","manual","Engine","","","","","","unclassified","pending-native-form-source-join"
"a75381c9f69a68823f98c25a9ff5490eb42cd5ceddacdeb15c1b93b11f699d8c","f0e0aff25e2233e7488dbb93eb3db45dc3f94f6519daa80b7f0d167832161954","","method","void BlendWith(const FTransform&inout OtherAtom, float Alpha)","BlendWith","","void","2","FTransform;float","False","True","False","available","/Script/AngelscriptRuntime.AngelscriptFTransformLibrary:BlendWith","manual","AngelscriptRuntime","Angelscript","","","","","unclassified","pending-native-form-source-join"
"a757c1265fd502cfc5f944492c59684b759a661a659e755ce9781fb5ba035e40","1c63e38631f9e24b16de7e6806982018e3b614f211572565ce2702db73d16f97","","method","FText GetToolTip(const FToolMenuContext&inout Context) const","GetToolTip","","FText","1","FToolMenuContext","False","True","False","available","/Script/ToolMenus.ToolMenuEntryScript:GetToolTip","manual","ToolMenus","","","","","","unclassified","pending-native-form-source-join"
"a76548ba0029549892b023a2fda4d40619464f345df0744ea457bc1979311739","d9531c8fad8dfcfe5d18dcee6327b5831ef050ae4f76e71c1c742ede19173f83","","method","void Unpossessed(AController OldController)","Unpossessed","","void","1","AController","False","False","True","available","/Script/Engine.Pawn:ReceiveUnpossessed","manual","Engine","","","","","","unclassified","pending-native-form-source-join"
"a778752b79127845e140b059f761c9ab1d9c06bdbfaca91b455ea228c325b750","8408ed834089f0d30abf8476c0078c8637280efdb97766920767c790ba00fc66","","method","void AddTagToInputMode(const FGameplayTag&inout TagToAdd, const FModifyContextOptions&inout Options)","AddTagToInputMode","","void","2","FGameplayTag;FModifyContextOptions","False","True","False","available","/Script/EnhancedInput.EnhancedInputSubsystemInterface:AddTagToInputMode","manual","EnhancedInput","EnhancedInput","","","","","unclassified","pending-native-form-source-join"
"a7bfe1bcdd5cedabc13793c6ba4b87b014a020c33d14347992b38e9203965426","5351c4ffe82bbb28d1a84ba46be8b8b08876e3a366f59925a2568dc5b35e1c9c","","method","bool ShouldReset(AActor ActorToReset)","ShouldReset","","bool","1","AActor","False","False","True","available","/Script/Engine.GameModeBase:ShouldReset","manual","Engine","","","","","","unclassified","pending-native-form-source-join"
"a7c348e150049915a3c12b974029bd5964da67e847421ff0dac2726a5aafef5b","","UBlueprintSpringMathLibrary","global-function","void SpringInertializeTransitionAngle(float32&inout InOutAngleOffset, float32&inout InOutAngularVelocityOffset, float32 InSrcAngle, float32 InSrcAngularVelocity, float32 InDstAngle, float32 InDstAngularVelocity, float32 TimeSinceTransition, float32 SmoothingTime = 0.200000)","SpringInertializeTransitionAngle","","void","8","float32;float32;float32;float32;float32;float32;float32;float32","True","True","False","available","/Script/Engine.BlueprintSpringMathLibrary:SpringInertializeTransitionAngle","manual","Engine","","","","","","unclassified","pending-native-form-source-join"
"a7cbb2b16ef09a25ea9d9c1199cf035a3df55b4d05afd6900bb8929ce3a515e6","df92d9f100e093bc467fb0aa383fca90bb23f565bab03aba609bbc8cd84f5a8a","","method","bool CanApplyGameplayEffect(const UGameplayEffect GameplayEffect, const FGameplayEffectSpec&inout Spec, UAbilitySystemComponent ASC) const","CanApplyGameplayEffect","","bool","3","const UGameplayEffect;FGameplayEffectSpec;UAbilitySystemComponent","False","True","True","available","/Script/GameplayAbilities.GameplayEffectCustomApplicationRequirement:CanApplyGameplayEffect","manual","GameplayAbilities","GameplayAbilities","","","","","unclassified","pending-native-form-source-join"
"a7ef99c75cf9bf7ef325b4042d2ceaa6124947e23be6ee83051cf4dbddd36bf1","","UAngelscriptUhtOverloadCoverageLibrary","global-function","int ResolveCoverageOverload(UObject Target, int Value)","ResolveCoverageOverload","","int","2","UObject;int","False","False","True","available","/Script/AngelscriptRuntime.AngelscriptUhtOverloadCoverageLibrary:ResolveCoverageOverload","manual","AngelscriptRuntime","Angelscript","","","","","unclassified","pending-native-form-source-join"
"a8194d4d907bee974195a16506356cbf5dd3f4c56ea4c5212a76bbbf8a31d183","30a9c856ae05f758e1707c451a3d6ddfe150bed5bd6708f17dec0be991689c41","","method","bool ReadyToStartMatch()","ReadyToStartMatch","","bool","0","","False","False","False","available","/Script/Engine.GameMode:ReadyToStartMatch","manual","Engine","","","","","","unclassified","pending-native-form-source-join"
"a8492c6a556c1f3427f9cfb4c2efe369e3278b95b095ee71ece30b7682eaf17d","f133cb39882c99f854780ad55b06c9c9ffffd57d223e6f4a7088eb655962fb64","","method","UAsyncPhysicsData GetDataToWrite() const","GetDataToWrite","","UAsyncPhysicsData","0","","False","False","False","available","/Script/Engine.AsyncPhysicsInputComponent:GetDataToWrite","manual","Engine","","","","","","unclassified","pending-native-form-source-join"
"a850b108abb7ed0d91076a258c53fd25e218d22f156aad0badfc5460c0d038d0","c0bb55b31b172af739ea5a3161cf385fce49e56d3e6b543cf9b759a260180619","","method","FLinearColor NodeColorOverride() const","NodeColorOverride","","FLinearColor","0","","False","False","False","available","/Script/PCG.PCGBlueprintBaseElement:NodeColorOverride","manual","PCG","PCG","","","","","unclassified","pending-native-form-source-join"
"a86431061da284803c4b22b3a981943c03f74c5d289eaa78236389ff305b4338","","FTransform","global-function","FTransform GetRelative(const FTransform&inout ParentWorldTransform, const FTransform&inout ChildWorldTransform)","GetRelative","","FTransform","2","FTransform;FTransform","False","True","False","available","/Script/AngelscriptRuntime.AngelscriptFTransformStaticLibrary:GetRelative","manual","AngelscriptRuntime","Angelscript","","","","","unclassified","pending-native-form-source-join"
"a87facc4016753f35fff5ca2fc50aa074c3308dc3e5e09d0b520eca3ed41aceb","","UBTFunctionLibrary","global-function","FName GetBlackboardValueAsName(UBTNode NodeOwner, const FBlackboardKeySelector&inout Key)","GetBlackboardValueAsName","","FName","2","UBTNode;FBlackboardKeySelector","False","True","True","available","/Script/AIModule.BTFunctionLibrary:GetBlackboardValueAsName","manual","AIModule","","","","","","unclassified","pending-native-form-source-join"
"a880a655c8859955ab34e6915f75ad0b227aa24e2d2c103d932cbc586643ba1a","061c90b40526e6537347bd4f5817dbd2e124e0a07d2267c5a3ab507b0c2662ae","","method","void ClientCheatFly()","ClientCheatFly","","void","0","","False","False","False","available","/Script/Engine.Character:ClientCheatFly","manual","Engine","","","","","","unclassified","pending-native-form-source-join"
"a8b33235f466a5728f9a17c5e495de8af9a8dc430e395fd2341fffa622d2683e","1faf72d570c983d905cca55e0035e5894a0d04627821af98056987712c374fb4","","method","void OnFunctionalTestingBegin()","OnFunctionalTestingBegin","","void","0","","False","False","False","available","/Script/FunctionalTesting.PhasedAutomationActorBase:OnFunctionalTestingBegin","manual","FunctionalTesting","","","","","","unclassified","pending-native-form-source-join"
"a90352656937c1aa36cba4873faf6a7b98a77240a8ff6f2ec178b92f5dc0796d","","UConstraintInstanceBlueprintLibrary","global-function","void SetLinearVelocityDrive(FConstraintInstanceAccessor&inout Accessor, bool bEnableDriveX, bool bEnableDriveY, bool bEnableDriveZ)","SetLinearVelocityDrive","","void","4","FConstraintInstanceAccessor;bool;bool;bool","False","True","False","available","/Script/Engine.ConstraintInstanceBlueprintLibrary:SetLinearVelocityDrive","manual","Engine","","","","","","unclassified","pending-native-form-source-join"
"a90e6ad4238f1327f25b4631c61daaa9b505d221ad996a3f4b0a8f59b6b60939","d5f2882870ba27b7a3f7373307ff48f7eb09ea60cf295620ee4afec13f6e3dcf","","method","void RemoveComponentBonesFromCluster(UPrimitiveComponent InComponent, const int[]&inout BoneIds)","RemoveComponentBonesFromCluster","","void","2","UPrimitiveComponent;int[]","False","True","True","available","/Script/Engine.ClusterUnionComponent:RemoveComponentBonesFromCluster","manual","Engine","","","","","","unclassified","pending-native-form-source-join"
"a91a40ddd51ca7c49eda32c6200ee78ff06a06c0affd7372bd464d07d7821ddf","aa93c3664e196389b3787153f322e00de937f4768f6f938dc56bc8419ff85a6a","","method","void SetSystem(UNiagaraSystem InSystem)","SetSystem","","void","1","UNiagaraSystem","False","False","True","available","/Script/Niagara.NiagaraPreviewBase:SetSystem","manual","Niagara","Niagara","","","","","unclassified","pending-native-form-source-join"
"a925592b54f5f5efc6abc314bb1a756a3571966c679ecff240c8b669f420e36d","","UBlueprintSpringMathLibrary","global-function","FTransform DampTransform(const FTransform&inout Transform, const FTransform&inout TargetTransform, float32 DeltaTime, float32 SmoothingTime = 0.200000)","DampTransform","","FTransform","4","FTransform;FTransform;float32;float32","True","True","False","available","/Script/Engine.BlueprintSpringMathLibrary:DampTransform","manual","Engine","","","","","","unclassified","pending-native-form-source-join"
"a963bd43297f0b0b1b1a3539b7955f7bffecd59649809e852c13eb3e8a763882","","UGameplayStatics","global-function","UDecalComponent SpawnDecalAtLocation(const UObject WorldContextObject, UMaterialInterface DecalMaterial, FVector DecalSize, FVector Location, FRotator Rotation = FRotator ( - 90.000000 , 0.000000 , 0.000000 ), float32 LifeSpan = 0.000000)","SpawnDecalAtLocation","","UDecalComponent","6","const UObject;UMaterialInterface;FVector;FVector;FRotator;float32","True","False","True","available","/Script/Engine.GameplayStatics:SpawnDecalAtLocation","manual","Engine","","","","","","unclassified","pending-native-form-source-join"
"a9adf8eece02f838c30acf30a9db2de770438409bcf86c3b5ba43b2de2e48cdc","fa24378319ef169d1149805ded22c404f691f2ea8b34352ec52aeaff336adb02","","method","void ValidateSettings()","ValidateSettings","","void","0","","False","False","False","available","/Script/Engine.GameUserSettings:ValidateSettings","manual","Engine","","","","","","unclassified","pending-native-form-source-join"
"a9b735250a2e6a2ee3848f03bd58b6b6e9068f0f7483e7b4d68373aba3a5b85d","","USubsystemLibrary","global-function","UEngineSubsystem GetEngineSubsystem(TSubclassOf<UEngineSubsystem> Class)","GetEngineSubsystem","","UEngineSubsystem","1","TSubclassOf<UEngineSubsystem>","False","False","False","available","/Script/AngelscriptRuntime.SubsystemLibrary:GetEngineSubsystem","manual","AngelscriptRuntime","Angelscript","","","","","unclassified","pending-native-form-source-join"
"a9ba12f171498261d6a0fd4ef3aa56c1119b05e58faf84ffab236a6727376f00","","UBlueprintSpringMathLibrary","global-function","float32 DampAngle(float32 Angle, float32 TargetAngle, float32 DeltaTime, float32 SmoothingTime = 0.200000)","DampAngle","","float32","4","float32;float32;float32;float32","True","False","False","available","/Script/Engine.BlueprintSpringMathLibrary:DampAngle","manual","Engine","","","","","","unclassified","pending-native-form-source-join"
"a9d4b73be27905c2e5c0a95a3a624d2bfb4b5548c95361ef94aa63b1a5713b92","36bb62b32eedc9d7f5cb94d388bb4a89da01e22e70939e82f2abbec70d5c94c6","","method","FString GetNotifyName() const","GetNotifyName","","FString","0","","False","False","False","available","/Script/Engine.AnimNotify:GetNotifyName","manual","Engine","","","","","","unclassified","pending-native-form-source-join"
"aa0650d6f224676a14fdd557d2cac8f3eb5c7b864745ab7c3e4cada48ee22407","a048e09fab5b35c796657bb67d416dd5c79c96ad1914c69990329d6bc1e2dc7a","","method","void ClientSetBlockOnAsyncLoading()","ClientSetBlockOnAsyncLoading","","void","0","","False","False","False","available","/Script/Engine.PlayerController:ClientSetBlockOnAsyncLoading","manual","Engine","","","","","","unclassified","pending-native-form-source-join"
"aa34f71ff3a80cc9e94b742a6674d4a3688926163785f2568bb929e16659fced","","UWidgetLayoutLibrary","global-function","FWidgetDesignTimeInfo GetDesignTimeInfo(const UWidget Widget)","GetDesignTimeInfo","","FWidgetDesignTimeInfo","1","const UWidget","False","False","True","available","/Script/UMG.WidgetLayoutLibrary:GetDesignTimeInfo","manual","UMG","","","","","","unclassified","pending-native-form-source-join"
"aa6c3cf2a2dce63c204b19a50c04b3e05400d2fa313d23bc6aaa8886ae490ba9","5fac7644503053c91e90254fd3a15c51ba01595bc14a4f2c33e87a7bbda7198b","","method","void OnDestroy(bool bInOwnerFinished)","OnDestroy","","void","1","bool","False","False","False","available","/Script/AngelscriptGAS.AngelscriptAbilityTask:BP_OnDestroy","manual","AngelscriptGAS","AngelscriptGAS","","","","","unclassified","pending-native-form-source-join"
"aa82cb868a5b4538066e281fd2f1c84aad4e8c69426c0170d887d6c5cbb2edf4","07e6ab7f0b39cb2ddeb6518256adc8ab61caefe3d5a485fac2d45547adb2973d","","method","void OnFinalize()","OnFinalize","","void","0","","False","False","False","available","/Script/MovieSceneCapture.UserDefinedCaptureProtocol:OnFinalize","manual","MovieSceneCapture","","","","","","unclassified","pending-native-form-source-join"
"aa9ef9b124a714b50be9b2dfa4acad9af3f489c9a14e86eebc0741fb57ea2792","a048e09fab5b35c796657bb67d416dd5c79c96ad1914c69990329d6bc1e2dc7a","","method","void ClientAddTextureStreamingLoc(FVector InLoc, float32 Duration, bool bOverrideLocation)","ClientAddTextureStreamingLoc","","void","3","FVector;float32;bool","False","False","False","available","/Script/Engine.PlayerController:ClientAddTextureStreamingLoc","manual","Engine","","","","","","unclassified","pending-native-form-source-join"
"aaccf7873e90ba0da97de6aad905d2c542352f886a50abcce64f0e436bed2bf9","","PlatformLibrary","global-function","void SetAllowedDeviceOrientation(EScreenOrientation NewAllowedDeviceOrientation)","SetAllowedDeviceOrientation","","void","1","EScreenOrientation","False","False","False","available","/Script/Engine.BlueprintPlatformLibrary:SetAllowedDeviceOrientation","manual","Engine","","","","","","unclassified","pending-native-form-source-join"
"aae1b8bebdf239817e6a142ddbabe2b7ef04c8179616019dd38377b0f5d8871f","608e7e7c4ee55f85b068d102478b12fb104ba357ad55abe9f75465cbfd4127b7","","method","FVector GetBoneScaleByName(FName BoneName, EBoneSpaces BoneSpace)","GetBoneScaleByName","","FVector","2","FName;EBoneSpaces","False","False","False","available","/Script/Engine.PoseableMeshComponent:GetBoneScaleByName","manual","Engine","","","","","","unclassified","pending-native-form-source-join"
"ab0a302a8b458f99692800feca7e2381903896b59955b2e24f8e779d787e3009","","UWidgetLayoutLibrary","global-function","void RemoveAllWidgets(const UObject WorldContextObject = __WorldContext ( ))","RemoveAllWidgets","","void","1","const UObject","True","False","True","available","/Script/UMG.WidgetLayoutLibrary:RemoveAllWidgets","manual","UMG","","","","","","unclassified","pending-native-form-source-join"
"ab3eee528c06d39f342c6fd45b44ff797aeaa92363ae574f2ff9fb6cb64beb17","48c1111f70539cbd6d1285d6bc2c25f4629fe1bf1442d7fdc4750982eff660e1","","method","void Stop()","Stop","","void","0","","False","False","False","available","/Script/Engine.TimelineComponent:Stop","manual","Engine","","","","","","unclassified","pending-native-form-source-join"
"ab3faa63c7cf890108bb4171824193edff56f8555dcad5f07562c2db5e16cb72","b0697b21743308261702f67329e44db0bc229dd72304c0d0f5c43e2adcf62eaf","","method","void AddAxisMapping(const FInputAxisKeyMapping&inout KeyMapping)","AddAxisMapping","","void","1","FInputAxisKeyMapping","False","True","False","available","/Script/AngelscriptRuntime.PlayerInputScriptMixinLibrary:AddAxisMapping","manual","AngelscriptRuntime","Angelscript","","","","","unclassified","pending-native-form-source-join"
"ab50969399e6031b26781e9536d729695e32819249f8e16590b3a7a61543e00e","37bcc56137e6a420e62cf2e07774f8ab1bda170a82945a2ae8428f275ae4117a","","method","FVector MoveTowards(const FVector&inout Target, float StepSize) const","MoveTowards","","FVector","2","FVector;float","False","True","False","available","/Script/AngelscriptRuntime.AngelscriptFVectorMixinLibrary:MoveTowards","manual","AngelscriptRuntime","Angelscript","","","","","unclassified","pending-native-form-source-join"
"ab695867e34ac40c62773057f5713a0b18c9dc1db30001e598a0f69b43782850","21d382cd7255d52cbb20566516d6b3ceb07797f145c23c7f2383421ca5d88295","","method","FEventReply OnMotionDetected(FGeometry MyGeometry, FMotionEvent InMotionEvent)","OnMotionDetected","","FEventReply","2","FGeometry;FMotionEvent","False","False","False","available","/Script/UMG.UserWidget:OnMotionDetected","manual","UMG","","","","","","unclassified","pending-native-form-source-join"
"ab79d529d70ecf68317758ed073f77fbed2a7154338fea7d63152a002e49131c","fa24378319ef169d1149805ded22c404f691f2ea8b34352ec52aeaff336adb02","","method","void SetAntiAliasingQuality(int Value)","SetAntiAliasingQuality","","void","1","int","False","False","False","available","/Script/Engine.GameUserSettings:SetAntiAliasingQuality","manual","Engine","","","","","","unclassified","pending-native-form-source-join"
"ab9e75295f782f2b3f25a90f72a14e230e27496377f7082e43ab8e07086f06d1","c89de0ee5303c1d15cebf087f4bc1c185f0cc77c921b954f46579d08b4519874","","method","void OnConstructed(USoundEffectPreset Preset)","OnConstructed","","void","1","USoundEffectPreset","False","False","True","available","/Script/Engine.SoundEffectPresetWidgetInterface:OnConstructed","manual","Engine","","","","","","unclassified","pending-native-form-source-join"
"aba20ecae02dd1ed5a14f3f7100ffca7e6c426095696816aee438690b1f58a3f","4b234073e4131692a708413e0cd443beaf9252bb3165c3887bb4059999301b1c","","method","void SetAnimationAsset(UAnimationAsset NewAsset, bool bIsLooping = true, float32 InPlayRate = 1.000000)","SetAnimationAsset","","void","3","UAnimationAsset;bool;float32","True","False","True","available","/Script/Engine.AnimSingleNodeInstance:SetAnimationAsset","manual","Engine","","","","","","unclassified","pending-native-form-source-join"
"abad765dbc99b5eee3c4cd033b13b95df634b39e7df97310c4caa2cd08981ded","","UBlueprintSpringMathLibrary","global-function","FVector DeadBlendApplyToVector(FVector InValue, FVector InValueTransition, FVector InVelocityTransition, float32 TimeSinceTransition, float32 BlendTime = 0.200000, float32 SmoothingTime = 0.200000)","DeadBlendApplyToVector","","FVector","6","FVector;FVector;FVector;float32;float32;float32","True","False","False","available","/Script/Engine.BlueprintSpringMathLibrary:DeadBlendApplyToVector","manual","Engine","","","","","","unclassified","pending-native-form-source-join"
"abd379cd1e7805958d190ba2c23fbf8369512a814399d0e57553a3e5bcda9b34","a3970432cc516078901d57ce3bc78a5cb35fbb18cabc8574eb99820453388b07","","method","void InitializeProvider(int InDataInterfaceIndex, UObject InOutDataProvider)","InitializeProvider","","void","2","int;UObject","False","False","True","available","/Script/ComputeFramework.ComputeGraphComponent:InitializeProvider","manual","ComputeFramework","ComputeFramework","","","","","unclassified","pending-native-form-source-join"
"abec6598d268cae86024f24466fdc58a465d7d5ab1b0f3a8dff11100a89c488b","b4040670765ebd4cb3d41291ec1905e636d41fd2c920d9e07b675492cca40fc3","","method","void Tick(float32 DeltaTime)","Tick","","void","1","float32","False","False","False","available","/Script/AngelscriptRuntime.ScriptGameInstanceSubsystem:BP_Tick","manual","AngelscriptRuntime","Angelscript","","","","","unclassified","pending-native-form-source-join"
"ac00cd2ac1875c26204db9807b0f923ae30bbfa86285dab1a531ad18e15700a8","4a6186eb680d181b47b23647f330adaca0077a04121049b7a22e50bd67557aee","","method","void SetSettings(UObject InSettings)","SetSettings","","void","1","UObject","False","False","True","available","/Script/LevelSequence.LevelSequenceBurnIn:SetSettings","manual","LevelSequence","","","","","","unclassified","pending-native-form-source-join"
"ac4c7ddf03e1f2bf0287ea185a1bfe3fe98333af6cee6e533a09ba3a69aad961","f681455ac66979f7786ebdb9a61ba07b8b9dc6dd9d29ba664f83df24ffaec2cc","","method","void SmartLinkReached(AActor Agent, FVector Destination)","SmartLinkReached","","void","2","AActor;FVector","False","False","True","available","/Script/AIModule.GeneratedNavLinksProxy:ReceiveSmartLinkReached","manual","AIModule","","","","","","unclassified","pending-native-form-source-join"
"acbe85747e57a96874d1fd0a7614fb3a50c38a8ecf437339ecfb36adb8e42320","8fb03d2805f10d52065d1c65e9dcd91b4549d6c486b24f525bcd3787c984fb66","","method","bool K2_GetDependencies(FName PackageName, const FAssetRegistryDependencyOptions&inout DependencyOptions, FName[]&inout OutDependencies) const","K2_GetDependencies","","bool","3","FName;FAssetRegistryDependencyOptions;FName[]","False","True","False","available","/Script/AssetRegistry.AssetRegistry:K2_GetDependencies","manual","AssetRegistry","","","","","","unclassified","pending-native-form-source-join"
"ad1effd0aafaedbe4671345110d00b725ae3d10e4d5d704c238644dd8a9f8ee7","9a7b3fd2b3bbfcb9d2cfda93028cd369b393ecd70a9869ef5f4adbda7667822b","","method","void ProcessActorState(int&inout OutState, AActor InActor, uint8 CurrentState, uint8 OnDemandState, bool&inout bShouldProcess)","ProcessActorState","","void","5","int;AActor;uint8;uint8;bool","False","True","True","available","/Script/AnimationSharing.AnimationSharingStateProcessor:ProcessActorState","manual","AnimationSharing","AnimationSharing","","","","","unclassified","pending-native-form-source-join"
"ad27b62f47d3b37444939848285f0702ce4ef9cfd8275127e5b7ec5dfa94cb6c","82b49778050438b5a27d8b1df094f6d3b772d4216282a4dc80a142446a746688","","method","void AddDebugText(FString DebugText, AActor SrcActor, float32 Duration, FVector Offset, FVector DesiredOffset, FColor TextColor, bool bSkipOverwriteCheck, bool bAbsoluteLocation, bool bKeepAttachedToActor, UFont InFont, float32 FontScale, bool bDrawShadow)","AddDebugText","","void","12","FString;AActor;float32;FVector;FVector;FColor;bool;bool;bool;UFont;float32;bool","False","False","True","available","/Script/Engine.HUD:AddDebugText","manual","Engine","","","","","","unclassified","pending-native-form-source-join"
"ad76fb37693a88bae36bd9637a9920c44fcf944fa330a9f823b47df2b637cc82","5351c4ffe82bbb28d1a84ba46be8b8b08876e3a366f59925a2568dc5b35e1c9c","","method","void StartPlay()","StartPlay","","void","0","","False","False","False","available","/Script/Engine.GameModeBase:StartPlay","manual","Engine","","","","","","unclassified","pending-native-form-source-join"
"adc0904d1d837415f8692a9d2fd652dd0aec7042b355a9827da0ddb0c6299cb5","eb9db4974c2c84b3de7248f0dcc19ddbe9fe5a895134ac9ee72db3e7aec44cbf","","method","FCurveKeyHandle AddCurveKeyWeightedArriveTangent(float32 InTime, float32 InValue, bool bBrokenTangent, float32 ArriveTangent, float32 LeaveTangent, float32 ArriveTangentWeight, float32 LeaveTangentWeight)","AddCurveKeyWeightedArriveTangent","","FCurveKeyHandle","7","float32;float32;bool;float32;float32;float32;float32","False","False","False","available","/Script/AngelscriptRuntime.RuntimeFloatCurveMixinLibrary:AddCurveKeyWeightedArriveTangent","manual","AngelscriptRuntime","Angelscript","","","","","unclassified","pending-native-form-source-join"
"adccc0e08945ed8a03582c278fd8013cc9bbb0c9772c060141507ec8f9fbf613","fdf59f0e3c0842a609f238f762a8b05bfa4feb6bde861b66ec5a8bccfa31fda0","","method","void PostAttributeChange(const FGameplayAttribute&inout Attribute, float32 OldValue, float32 NewValue)","PostAttributeChange","","void","3","FGameplayAttribute;float32;float32","False","True","False","available","/Script/AngelscriptGAS.AngelscriptAttributeSet:BP_PostAttributeChange","manual","AngelscriptGAS","AngelscriptGAS","","","","","unclassified","pending-native-form-source-join"
"ade8c5ec80933cf0fdfab1b3682ee97a7937643249744c94ea73496119d04600","","FQuat","global-function","FQuat MakeFromAxes(const FVector&inout Forward, const FVector&inout Right, const FVector&inout Up)","MakeFromAxes","","FQuat","3","FVector;FVector;FVector","False","True","False","available","/Script/AngelscriptRuntime.AngelscriptFQuatLibrary:MakeFromAxes","manual","AngelscriptRuntime","Angelscript","","","","","unclassified","pending-native-form-source-join"
"adefe909a7a5f055772dc0e3ca549d1ea7041cf97d75dbee3e8be4c8fd5e41bd","","FQuat","global-function","FQuat MakeFromXZ(const FVector&inout XAxis, const FVector&inout ZAxis)","MakeFromXZ","","FQuat","2","FVector;FVector","False","True","False","available","/Script/AngelscriptRuntime.AngelscriptFQuatLibrary:MakeFromXZ","manual","AngelscriptRuntime","Angelscript","","","","","unclassified","pending-native-form-source-join"
"adf182c292b54c6933e3fe90fa26261ef2cc73f34b48afcc275547d153319771","aafc390ad2b6c616d8283f777abbedbc3ae249211d1cba37623650a093bb90ea","","method","float GetPathLength() const","GetPathLength","","float","0","","False","False","False","available","/Script/NavigationSystem.NavigationPath:GetPathLength","manual","NavigationSystem","","","","","","unclassified","pending-native-form-source-join"
"ae337ddd1662cc2d86239afd06ecb38af19770097081605b0a3e8f131bb83f70","","UBTFunctionLibrary","global-function","UObject GetBlackboardValueAsObject(UBTNode NodeOwner, const FBlackboardKeySelector&inout Key)","GetBlackboardValueAsObject","","UObject","2","UBTNode;FBlackboardKeySelector","False","True","True","available","/Script/AIModule.BTFunctionLibrary:GetBlackboardValueAsObject","manual","AIModule","","","","","","unclassified","pending-native-form-source-join"
"ae5a91eaea504163c6285d38a338aab52cb022b1b4f3df36eacde5d8623d6615","d9531c8fad8dfcfe5d18dcee6327b5831ef050ae4f76e71c1c742ede19173f83","","method","void Possessed(AController NewController)","Possessed","","void","1","AController","False","False","True","available","/Script/Engine.Pawn:ReceivePossessed","manual","Engine","","","","","","unclassified","pending-native-form-source-join"
"ae664bdf888929b0608409a062ef6ea09bbd4cb13bbdc47cfef017a5385f018a","","UConstraintInstanceBlueprintLibrary","global-function","void GetLinearPlasticity(FConstraintInstanceAccessor&inout Accessor, bool&inout bLinearPlasticity, float32&inout LinearPlasticityThreshold, EConstraintPlasticityType&inout PlasticityType)","GetLinearPlasticity","","void","4","FConstraintInstanceAccessor;bool;float32;EConstraintPlasticityType","False","True","False","available","/Script/Engine.ConstraintInstanceBlueprintLibrary:GetLinearPlasticity","manual","Engine","","","","","","unclassified","pending-native-form-source-join"
"ae787190950065d332128cf06a6c3ce1c7666edab8559d6fc5ad077e45799b0f","","UConstraintInstanceBlueprintLibrary","global-function","void SetAngularVelocityDriveSLERP(FConstraintInstanceAccessor&inout Accessor, bool bEnableSLERP)","SetAngularVelocityDriveSLERP","","void","2","FConstraintInstanceAccessor;bool","False","True","False","available","/Script/Engine.ConstraintInstanceBlueprintLibrary:SetAngularVelocityDriveSLERP","manual","Engine","","","","","","unclassified","pending-native-form-source-join"
"aeb5d948316572e405f6cc94879610f0e4d01946fa33ea93af8a1e20366b496e","4f8e7441dd6629847eb00d9f80705d20098ad235220d252c2a2c723530d64500","","method","bool IsTemplateElement(const FScriptTypedElementHandle&inout InElementHandle)","IsTemplateElement","","bool","1","FScriptTypedElementHandle","False","True","False","available","/Script/Engine.TypedElementWorldInterface:IsTemplateElement","manual","Engine","","","","","","unclassified","pending-native-form-source-join"
"aebaa88e3728af71ea0adcdfbc3355478594e8653b665788c6e5a1941177333a","6e9dcc4f18691047675fdf57eab25aa058a26b825c43334757a1d3be615ff8ea","","method","bool IsSaveInProgress() const","IsSaveInProgress","","bool","0","","False","False","False","available","/Script/Engine.LocalPlayerSaveGame:IsSaveInProgress","manual","Engine","","","","","","unclassified","pending-native-form-source-join"
"af0e29e4714f691b58c2bd50edbad20102baf6d134fa783b16bf340340b2720b","21d382cd7255d52cbb20566516d6b3ceb07797f145c23c7f2383421ca5d88295","","method","void OnRemovedFromFocusPath(FFocusEvent InFocusEvent)","OnRemovedFromFocusPath","","void","1","FFocusEvent","False","False","False","available","/Script/UMG.UserWidget:OnRemovedFromFocusPath","manual","UMG","","","","","","unclassified","pending-native-form-source-join"
"af22b83adf5f832d298922a9c87d6425c111eebd51e1256caf75fcf0cd12e86b","","UGameplayStatics","global-function","bool HasLaunchOption(FString OptionToCheck)","HasLaunchOption","","bool","1","FString","False","False","False","available","/Script/Engine.GameplayStatics:HasLaunchOption","manual","Engine","","","","","","unclassified","pending-native-form-source-join"
"af246dd1f1e1febb72b80c96b573dbf91e9f9b905ee760704d8662ff8659a987","fe9872df7a1b2b0580fa1914d48882004765ea69722f4eebce827c06c38f1891","","method","void AddedToCheatManager()","AddedToCheatManager","","void","0","","False","False","False","available","/Script/Engine.CheatManagerExtension:AddedToCheatManager","manual","Engine","","","","","","unclassified","pending-native-form-source-join"
"afcb85c450871ee484cf05a4d80b331a7b5d60b3e909f6bef6618a9acfc8e5a3","","UGameplayStatics","global-function","bool DeleteGameInSlot(FString SlotName, int UserIndex)","DeleteGameInSlot","","bool","2","FString;int","False","False","False","available","/Script/Engine.GameplayStatics:DeleteGameInSlot","manual","Engine","","","","","","unclassified","pending-native-form-source-join"
"b0043a5231f3d8b7f0dace979b8109956ca82fec6d8e905fc4de0731728f424e","eb9db4974c2c84b3de7248f0dcc19ddbe9fe5a895134ac9ee72db3e7aec44cbf","","method","void SetDefaultValue(float32 DefaultValue)","SetDefaultValue","","void","1","float32","False","False","False","available","/Script/AngelscriptRuntime.RuntimeFloatCurveMixinLibrary:SetDefaultValue","manual","AngelscriptRuntime","Angelscript","","","","","unclassified","pending-native-form-source-join"
"b022450688b7d4087b3cb077ab5f84da93993c5e6ac73f59084c6a5ebba2d078","fe9872df7a1b2b0580fa1914d48882004765ea69722f4eebce827c06c38f1891","","method","APlayerController GetPlayerController() const","GetPlayerController","","APlayerController","0","","False","False","False","available","/Script/Engine.CheatManagerExtension:GetPlayerController","manual","Engine","","","","","","unclassified","pending-native-form-source-join"
"b035507a18bcef62f720195bb55d6222d1f81110dad6ee280580e6504e4bd875","","UBTFunctionLibrary","global-function","void SetBlackboardValueAsString(UBTNode NodeOwner, const FBlackboardKeySelector&inout Key, FString Value)","SetBlackboardValueAsString","","void","3","UBTNode;FBlackboardKeySelector;FString","False","True","True","available","/Script/AIModule.BTFunctionLibrary:SetBlackboardValueAsString","manual","AIModule","","","","","","unclassified","pending-native-form-source-join"
"b0b978c70d32be2380c4553196f37dc6f010b8ab06ae58467216e3e55023dae4","339a778a47b28d90a21f75037fa86472d09260ad9f9b63803ea7592f3e560150","","method","void MigratePackages(const FName[]&inout PackageNamesToMigrate, FString DestinationPath, const FMigrationOptions&inout Options) const","MigratePackages","","void","3","FName[];FString;FMigrationOptions","False","True","False","available","/Script/AssetTools.AssetTools:MigratePackages","manual","AssetTools","","","","","","unclassified","pending-native-form-source-join"
"b0d806ea304f6fe0482be7452747231f96073d6cc63528cef2abf400fee15129","1c63e38631f9e24b16de7e6806982018e3b614f211572565ce2702db73d16f97","","method","bool ShowInToolbarTopLevel(const FToolMenuContext&inout Context) const","ShowInToolbarTopLevel","","bool","1","FToolMenuContext","False","True","False","available","/Script/ToolMenus.ToolMenuEntryScript:ShowInToolbarTopLevel","manual","ToolMenus","","","","","","unclassified","pending-native-form-source-join"
"b10f90efc6560d46d58ed6172b9d42c0228e8c8b7266cc5354fd36019b892feb","abf73796a44b7720aec99f689293c11d1394f589f456deaff3243a9c6776dfac","","method","void ApplySettings()","ApplySettings","","void","0","","False","False","False","available","/Script/EnhancedInput.EnhancedInputUserSettings:ApplySettings","manual","EnhancedInput","EnhancedInput","","","","","unclassified","pending-native-form-source-join"
"b1420a4a635a22a5eebfc8795bfd9bc3449ac98f8975a00bd0e14ab01e145165","","UConstraintInstanceBlueprintLibrary","global-function","void SetAngularOrientationTarget(FConstraintInstanceAccessor&inout Accessor, const FRotator&inout InPosTarget)","SetAngularOrientationTarget","","void","2","FConstraintInstanceAccessor;FRotator","False","True","False","available","/Script/Engine.ConstraintInstanceBlueprintLibrary:SetAngularOrientationTarget","manual","Engine","","","","","","unclassified","pending-native-form-source-join"
"b1c4aca5aa0a424ee055957c4babc261456076549c1451d1dd32d66db1c8c25b","53dafc4dc5086ca0c80b77b67c7874ea7848e252d8420707e0d471549b6e36b2","","method","bool BlueprintUpdateCamera(AActor CameraTarget, FVector&inout NewCameraLocation, FRotator&inout NewCameraRotation, float32&inout NewCameraFOV)","BlueprintUpdateCamera","","bool","4","AActor;FVector;FRotator;float32","False","True","True","available","/Script/Engine.PlayerCameraManager:BlueprintUpdateCamera","manual","Engine","","","","","","unclassified","pending-native-form-source-join"
"b1e39cbe1e927b0b1201a960de517011f2b639b70d045217bb5317bc93957ac7","5a8e3615aa69dd13f32d83636e5d653d8a25f9f1267baa726b4bbb01b520cfe6","","method","void SearchStart(AActor OwnerActor)","SearchStart","","void","1","AActor","False","False","True","available","/Script/AIModule.BTService_BlueprintBase:ReceiveSearchStart","manual","AIModule","","","","","","unclassified","pending-native-form-source-join"
"b1f7d7ba1948d16898fdb5be836a75524b27b200c17a8c3b913cd07cc33f0bb4","4bb347d0725f2bb3d1fa15a74cf86db18dce09ad18af3b6ccfcd9a54fca6fb0d","","method","int GetNumChildrenComponents() const","GetNumChildrenComponents","","int","0","","False","False","False","available","/Script/AngelscriptRuntime.AngelscriptComponentLibrary:GetNumChildrenComponents","manual","AngelscriptRuntime","Angelscript","","","","","unclassified","pending-native-form-source-join"
"b25357aea33bc848051678fa6d0ae8957612e416e9f2c3ef6017b3ca877ba1e9","fa24378319ef169d1149805ded22c404f691f2ea8b34352ec52aeaff336adb02","","method","float32 GetDefaultResolutionScale()","GetDefaultResolutionScale","","float32","0","","False","False","False","available","/Script/Engine.GameUserSettings:GetDefaultResolutionScale","manual","Engine","","","","","","unclassified","pending-native-form-source-join"
"b279069d3f3d1625ad676c21674d51bd0dfbecb2d8fb1533c9857997dfc11d41","","SlateLibrary","global-function","void ScreenToWidgetLocal(const UObject WorldContextObject, const FGeometry&inout Geometry, FVector2D ScreenPosition, FVector2D&inout LocalCoordinate, bool bIncludeWindowPosition = false)","ScreenToWidgetLocal","","void","5","const UObject;FGeometry;FVector2D;FVector2D;bool","True","True","True","available","/Script/UMG.SlateBlueprintLibrary:ScreenToWidgetLocal","manual","UMG","","","","","","unclassified","pending-native-form-source-join"
"b2841a8d2aaa4011e08497980cc187377926135f923caa921b4b59dd4ed86015","c20244b47ee8508006d90b0eb2fff6802cbb4dfa9fab6cc140fbcd05be77de57","","method","void ExecutionFinish(AActor OwnerActor, EBTNodeResult NodeResult)","ExecutionFinish","","void","2","AActor;EBTNodeResult","False","False","True","available","/Script/AIModule.BTDecorator_BlueprintBase:ReceiveExecutionFinish","manual","AIModule","","","","","","unclassified","pending-native-form-source-join"
"b299335bb7634b4dfd0b82ea43ec2747c42bef1b859cba8974b46a7a88e29f5a","","UInputDeviceLibrary","global-function","int GetAllActiveUsers(FPlatformUserId[]&inout OutUsers)","GetAllActiveUsers","","int","1","FPlatformUserId[]","False","True","False","available","/Script/Engine.InputDeviceLibrary:GetAllActiveUsers","manual","Engine","","","","","","unclassified","pending-native-form-source-join"
"b340c5f10fd00fc29cda10bec8666652a22aa1fbd5a69e5deee104b807de17e7","","UGameplayStatics","global-function","FName GetActiveSpatialPluginName(const UObject WorldContextObject = __WorldContext ( ))","GetActiveSpatialPluginName","","FName","1","const UObject","True","False","True","available","/Script/Engine.GameplayStatics:GetActiveSpatialPluginName","manual","Engine","","","","","","unclassified","pending-native-form-source-join"
"b348a2c662c8eacc4968a4923a16ac7314f2b3d34e255fd84c3d9a230a84df65","1459aeee77456b259eec65d3c93c821e51379be0e872cc927e1d51c42442bb66","","method","void OnListenerUpdated(AActor ActorListener, UAIPerceptionComponent PerceptionComponent)","OnListenerUpdated","","void","2","AActor;UAIPerceptionComponent","False","False","True","available","/Script/AIModule.AISense_Blueprint:OnListenerUpdated","manual","AIModule","","","","","","unclassified","pending-native-form-source-join"
"b35ddc598cde3e8c50d135d408a598426a459fdfd05c6d86de0371dff7a1ce99","fa24378319ef169d1149805ded22c404f691f2ea8b34352ec52aeaff336adb02","","method","void ConfirmVideoMode()","ConfirmVideoMode","","void","0","","False","False","False","available","/Script/Engine.GameUserSettings:ConfirmVideoMode","manual","Engine","","","","","","unclassified","pending-native-form-source-join"
"b3624990fb6e33cf25d8e444373a31df08f5d26e6e13bb14b9a8bdf4c6a23d92","5351c4ffe82bbb28d1a84ba46be8b8b08876e3a366f59925a2568dc5b35e1c9c","","method","void InitializeHUDForPlayer(APlayerController NewPlayer)","InitializeHUDForPlayer","","void","1","APlayerController","False","False","True","available","/Script/Engine.GameModeBase:InitializeHUDForPlayer","manual","Engine","","","","","","unclassified","pending-native-form-source-join"
"b38255ec5e06a87a5308fa6b0d5006796a2650dd281aeb5bb3f3ef234f5b3d50","f0aca1eb8212b6ae105fbd2e8ce832acd1bbecadccf250fab8d979683cc5058a","","method","int GetNumberOfFrames() const","GetNumberOfFrames","","int","0","","False","False","False","available","/Script/Engine.AnimationDataModel:GetNumberOfFrames","manual","Engine","","","","","","unclassified","pending-native-form-source-join"
"b39ebf58e1a811d06e4ca9a11c0aab7acc85b6225078490ca8384259991d6aec","c375565b8bc7d59a45f79269d328bdba586eff989b4afbdd7e9653e56dffb86e","","method","void SetIntParameter(FName InName, int InInt)","SetIntParameter","","void","2","FName;int","False","False","False","available","/Script/AudioExtensions.AudioParameterControllerInterface:SetIntParameter","manual","AudioExtensions","","","","","","unclassified","pending-native-form-source-join"
"b3aed6051fb679d044ddfbce94e13b60e7f4222f71b45067e52b131615219559","fa24378319ef169d1149805ded22c404f691f2ea8b34352ec52aeaff336adb02","","method","void SetGlobalIlluminationQuality(int Value)","SetGlobalIlluminationQuality","","void","1","int","False","False","False","available","/Script/Engine.GameUserSettings:SetGlobalIlluminationQuality","manual","Engine","","","","","","unclassified","pending-native-form-source-join"
"b3d62359005bbc0e8f317655191a592ff7bc625f09c1a9c81f0cb00535e61459","a048e09fab5b35c796657bb67d416dd5c79c96ad1914c69990329d6bc1e2dc7a","","method","void ClientUnmutePlayer(FUniqueNetIdRepl PlayerId)","ClientUnmutePlayer","","void","1","FUniqueNetIdRepl","False","False","False","available","/Script/Engine.PlayerController:ClientUnmutePlayer","manual","Engine","","","","","","unclassified","pending-native-form-source-join"
"b421650d5f167bcb1a4e4c209e41114cb383e0b13ac40bac85a362b0921af5b4","4a6186eb680d181b47b23647f330adaca0077a04121049b7a22e50bd67557aee","","method","TSubclassOf<ULevelSequenceBurnInInitSettings> GetSettingsClass() const","GetSettingsClass","","TSubclassOf<ULevelSequenceBurnInInitSettings>","0","","False","False","False","available","/Script/LevelSequence.LevelSequenceBurnIn:GetSettingsClass","manual","LevelSequence","","","","","","unclassified","pending-native-form-source-join"
"b4487cdf32d7cc538d4353e6fb9148d950ba83e642da1732c3dfefbfac44bbc4","21d382cd7255d52cbb20566516d6b3ceb07797f145c23c7f2383421ca5d88295","","method","bool OnDrop(FGeometry MyGeometry, FPointerEvent PointerEvent, UDragDropOperation Operation)","OnDrop","","bool","3","FGeometry;FPointerEvent;UDragDropOperation","False","False","True","available","/Script/UMG.UserWidget:OnDrop","manual","UMG","","","","","","unclassified","pending-native-form-source-join"
"b44d625f703e15fcbcd38a54771d698e817a4c15f6f772613e646ecb11d140ac","53dafc4dc5086ca0c80b77b67c7874ea7848e252d8420707e0d471549b6e36b2","","method","void OnPhotographySessionStart()","OnPhotographySessionStart","","void","0","","False","False","False","available","/Script/Engine.PlayerCameraManager:OnPhotographySessionStart","manual","Engine","","","","","","unclassified","pending-native-form-source-join"
"b454a8c2bc530f2313306a55e0a02f7c6bfb03edbf609d39330c6f720df4ab20","","FRotator","global-function","FRotator GetDelta(const FRotator&inout OriginRotation, const FRotator&inout TargetRotation)","GetDelta","","FRotator","2","FRotator;FRotator","False","True","False","available","/Script/AngelscriptRuntime.AngelscriptFRotatorStaticLibrary:GetDelta","manual","AngelscriptRuntime","Angelscript","","","","","unclassified","pending-native-form-source-join"
"b47adeecd994004d3e86eeaef6f77bd6d46755e495823885e074a313eab28d6f","4f8e7441dd6629847eb00d9f80705d20098ad235220d252c2a2c723530d64500","","method","void NotifyMovementStarted(const FScriptTypedElementHandle&inout InElementHandle)","NotifyMovementStarted","","void","1","FScriptTypedElementHandle","False","True","False","available","/Script/Engine.TypedElementWorldInterface:NotifyMovementStarted","manual","Engine","","","","","","unclassified","pending-native-form-source-join"
"b4adb303a6c578c17d7b872579df7d3e4fe12fd834079c7542938b27f40a7942","339a778a47b28d90a21f75037fa86472d09260ad9f9b63803ea7592f3e560150","","method","UObject DuplicateAsset(FString AssetName, FString PackagePath, UObject OriginalObject)","DuplicateAsset","","UObject","3","FString;FString;UObject","False","False","True","available","/Script/AssetTools.AssetTools:DuplicateAsset","manual","AssetTools","","","","","","unclassified","pending-native-form-source-join"
"b502ded0ac35ffcd2d09a652f03a927db08ff73786e46dbcfd9669454746cddd","","UGameplayStatics","global-function","int GrassOverlappingSphereCount(const UObject WorldContextObject, const UStaticMesh StaticMesh, FVector CenterPosition, float32 Radius)","GrassOverlappingSphereCount","","int","4","const UObject;const UStaticMesh;FVector;float32","False","False","True","available","/Script/Engine.GameplayStatics:GrassOverlappingSphereCount","manual","Engine","","","","","","unclassified","pending-native-form-source-join"
"b54358fdbbdf0716af446fe04419e8330a5dd90288ed33d12bc588f8f0199a32","","UConstraintInstanceBlueprintLibrary","global-function","void GetLinearVelocityTarget(FConstraintInstanceAccessor&inout Accessor, FVector&inout OutVelTarget)","GetLinearVelocityTarget","","void","2","FConstraintInstanceAccessor;FVector","False","True","False","available","/Script/Engine.ConstraintInstanceBlueprintLibrary:GetLinearVelocityTarget","manual","Engine","","","","","","unclassified","pending-native-form-source-join"
"b55353db61918526e4c0740bf0e077c2f386be1a6c39b8ca51da91fd180bc9fe","10179ba4cd45a355694c0e20bcfb7b4d15a1a3448b64054e9be61a2089d30216","","method","bool AllowsCinematicOverride() const","AllowsCinematicOverride","","bool","0","","False","False","False","available","/Script/AnimGraphRuntime.SequencerAnimationOverride:AllowsCinematicOverride","manual","AnimGraphRuntime","","","","","","unclassified","pending-native-form-source-join"
"b5a35e348a368f0bd31113164865b3c3adcc5520a029e9e94641ed491e1df912","98291aca18f7071f5cff18a02f8b9a2f0b9f68f9e7ec11827ee6c8465fdf4232","","method","FVector[] GetScaleKeys() const","GetScaleKeys","","FVector[]","0","","False","False","False","available","/Script/Engine.RawAnimSequenceTrackExtensions:GetScaleKeys","manual","Engine","","","","","","unclassified","pending-native-form-source-join"
"b5c077b825b42c8bd0a809a310066ca02fdff4241077bd70ebbbe2b51f640f33","d9531c8fad8dfcfe5d18dcee6327b5831ef050ae4f76e71c1c742ede19173f83","","method","void Restarted()","Restarted","","void","0","","False","False","False","available","/Script/Engine.Pawn:ReceiveRestarted","manual","Engine","","","","","","unclassified","pending-native-form-source-join"
"b5d4065ac919f1624d006e4440333c0f174dac7747fb7e5e817f1c78a6f30fed","25476ae48137cafccca9adc65f6f8ceaa43556d67e751a64c06db06b699f5a96","","method","void OnUpdateEntryDropIndicator(EUMGItemDropZone DropZone)","OnUpdateEntryDropIndicator","","void","1","EUMGItemDropZone","False","False","False","available","/Script/UMG.UserListEntry:BP_OnUpdateEntryDropIndicator","manual","UMG","","","","","","unclassified","pending-native-form-source-join"
"b5e5f24e025ea9e6c0a9cd7eb360baeccf3c6a9082af09587720b8330b3f175b","b4040670765ebd4cb3d41291ec1905e636d41fd2c920d9e07b675492cca40fc3","","method","UGameInstance GetGameInstance() const","GetGameInstance","","UGameInstance","0","","False","False","False","available","/Script/AngelscriptRuntime.ScriptGameInstanceSubsystem:BP_GetGameInstance","manual","AngelscriptRuntime","Angelscript","","","","","unclassified","pending-native-form-source-join"
"b5edf99b7c908a3dff54b404986c6498c9ce16334a8b325e4e1e6111fd9d340f","c0bb55b31b172af739ea5a3161cf385fce49e56d3e6b543cf9b759a260180619","","method","void Execute(const FPCGDataCollection&inout Input, FPCGDataCollection&inout Output)","Execute","","void","2","FPCGDataCollection;FPCGDataCollection","False","True","False","available","/Script/PCG.PCGBlueprintBaseElement:Execute","manual","PCG","PCG","","","","","unclassified","pending-native-form-source-join"
"b5fe93a072c7cdf87a7a10b57c3ded7922ad57d8a24feada2238843149d59765","a048e09fab5b35c796657bb67d416dd5c79c96ad1914c69990329d6bc1e2dc7a","","method","void ServerViewSelf(FViewTargetTransitionParams TransitionParams)","ServerViewSelf","","void","1","FViewTargetTransitionParams","False","False","False","available","/Script/Engine.PlayerController:ServerViewSelf","manual","Engine","","","","","","unclassified","pending-native-form-source-join"
"b626c34586d57b993b810ef0c7e0d9fcce87b751f7dc92a6d236c5bc1e06ebb8","","UWidgetLayoutLibrary","global-function","UScaleBoxSlot SlotAsScaleBoxSlot(UWidget Widget)","SlotAsScaleBoxSlot","","UScaleBoxSlot","1","UWidget","False","False","True","available","/Script/UMG.WidgetLayoutLibrary:SlotAsScaleBoxSlot","manual","UMG","","","","","","unclassified","pending-native-form-source-join"
"b6278a6f2bb89e853ceafb490a042395f48eab3915ddc1faa7fa09c73af6e7fe","","UBlueprintSpringMathLibrary","global-function","void TrackVelocityFloat(float32&inout InOutValue, float32&inout InOutVelocity, float32 InValue, float32 DeltaTime)","TrackVelocityFloat","","void","4","float32;float32;float32;float32","False","True","False","available","/Script/Engine.BlueprintSpringMathLibrary:TrackVelocityFloat","manual","Engine","","","","","","unclassified","pending-native-form-source-join"
"b63c07d6fbd3030b6a01753a096944cfbb6dc3b0357bcddc26a78eeb5efc4408","339a778a47b28d90a21f75037fa86472d09260ad9f9b63803ea7592f3e560150","","method","void OpenEditorForAssets(const UObject[]&inout Assets)","OpenEditorForAssets","","void","1","UObject[]","False","True","False","deprecated","/Script/AssetTools.AssetTools:OpenEditorForAssets","manual","AssetTools","","","","","","unclassified","pending-native-form-source-join"
"b6585a12ba0a7a07e045c54bf84a7149ee179d98a9fcf9761995f692efbb6c41","fa24378319ef169d1149805ded22c404f691f2ea8b34352ec52aeaff336adb02","","method","void SetResolutionScaleNormalized(float32 NewScaleNormalized)","SetResolutionScaleNormalized","","void","1","float32","False","False","False","available","/Script/Engine.GameUserSettings:SetResolutionScaleNormalized","manual","Engine","","","","","","unclassified","pending-native-form-source-join"
"b66b83cfcf4d8f17197493b7f886513eee55d5f05c5a4ef1547530a8672af7f2","","UConstraintInstanceBlueprintLibrary","global-function","void GetContactTransferScale(FConstraintInstanceAccessor&inout Accessor, float32&inout ContactTransferScale)","GetContactTransferScale","","void","2","FConstraintInstanceAccessor;float32","False","True","False","available","/Script/Engine.ConstraintInstanceBlueprintLibrary:GetContactTransferScale","manual","Engine","","","","","","unclassified","pending-native-form-source-join"
"b6706db25a5d4eb3c4b55fc1a5dfdb0004001ddc13b5c141bc0a6db4585c8b5c","82b49778050438b5a27d8b1df094f6d3b772d4216282a4dc80a142446a746688","","method","void DrawLine(float32 StartScreenX, float32 StartScreenY, float32 EndScreenX, float32 EndScreenY, FLinearColor LineColor, float32 LineThickness = 0.000000)","DrawLine","","void","6","float32;float32;float32;float32;FLinearColor;float32","True","False","False","available","/Script/Engine.HUD:DrawLine","manual","Engine","","","","","","unclassified","pending-native-form-source-join"
"b672947359930f86e134c3aaac5df7b3d130f8083cbfe0b8cab5d5356682c493","5351c4ffe82bbb28d1a84ba46be8b8b08876e3a366f59925a2568dc5b35e1c9c","","method","AActor K2_FindPlayerStart(AController Player, FString IncomingName = """")","K2_FindPlayerStart","","AActor","2","AController;FString","True","False","True","available","/Script/Engine.GameModeBase:K2_FindPlayerStart","manual","Engine","","","","","","unclassified","pending-native-form-source-join"
"b6c6e43b504d6d93046b2a279e41bcf4e407ac3b83a93d72466192a09a052612","4b234073e4131692a708413e0cd443beaf9252bb3165c3887bb4059999301b1c","","method","void SetPlayRate(float32 InPlayRate)","SetPlayRate","","void","1","float32","False","False","False","available","/Script/Engine.AnimSingleNodeInstance:SetPlayRate","manual","Engine","","","","","","unclassified","pending-native-form-source-join"
"b746de5d8fd20dd0c98c740681a9165ee887768d00ee2c662e146c58feb068b3","","UWidgetLayoutLibrary","global-function","bool GetMousePositionScaledByDPI(const APlayerController Player, float32&inout LocationX, float32&inout LocationY)","GetMousePositionScaledByDPI","","bool","3","const APlayerController;float32;float32","False","True","True","available","/Script/UMG.WidgetLayoutLibrary:GetMousePositionScaledByDPI","manual","UMG","","","","","","unclassified","pending-native-form-source-join"
"b75d626a47b40e98f7f5be72a2841c9a0f754c670af4c76acdab65e2131b1e72","38db8d3836b23b02f5b6964f879d62766dd9aefe824407443f98887f5d9846f9","","method","void PostInitialize()","PostInitialize","","void","0","","False","False","False","available","/Script/AngelscriptRuntime.ScriptWorldSubsystem:BP_PostInitialize","manual","AngelscriptRuntime","Angelscript","","","","","unclassified","pending-native-form-source-join"
"b77776290d4dd737658524bc899af266b18304b7c6ec1d6633533bd3cee03682","530097bf8741c28c52b45bafafe586904af02754de66810484d7f6c2a324870b","","method","void OnBurst(AActor Target, const FGameplayCueParameters&inout Parameters, const FGameplayCueNotify_SpawnResult&inout SpawnResults)","OnBurst","","void","3","AActor;FGameplayCueParameters;FGameplayCueNotify_SpawnResult","False","True","True","available","/Script/GameplayAbilities.GameplayCueNotify_BurstLatent:OnBurst","manual","GameplayAbilities","GameplayAbilities","","","","","unclassified","pending-native-form-source-join"
"b782736ae3bffd9199fc9a683f791f16ea0c72ee95f8cd8d3b278aaa2e55b1a7","27ddad6fedf9b8f7de9094a8b871547cb583cd27bb8201d52384c0d6916b16c2","","method","void SetVerticalAlignment(EVerticalAlignment InVerticalAlignment)","SetVerticalAlignment","","void","1","EVerticalAlignment","False","False","False","available","/Script/UMG.WrapBoxSlot:SetVerticalAlignment","manual","UMG","","","","","","unclassified","pending-native-form-source-join"
"b7bd5e627ef5684ffa5b32fdabeaf0617ac7d3f4531ca3462c8cfafbf1722b52","17e645d76780a6448473617f00c8e91d7fc8c14f54e5605a844d3b7651736df5","","method","void OnDataflowSimulationEnabledChanged(bool bSimulationEnabled)","OnDataflowSimulationEnabledChanged","","void","1","bool","False","False","False","available","/Script/DataflowSimulation.DataflowSimulationActor:OnDataflowSimulationEnabledChanged","manual","DataflowSimulation","","","","","","unclassified","pending-native-form-source-join"
"b7d868870e541c0a07bb5205ec182abf6d6a175021fcab38c3f1bbe95ee5addc","5fac7644503053c91e90254fd3a15c51ba01595bc14a4f2c33e87a7bbda7198b","","method","void TickTask(float32 DeltaTimeSecs)","TickTask","","void","1","float32","False","False","False","available","/Script/AngelscriptGAS.AngelscriptAbilityTask:BP_TickTask","manual","AngelscriptGAS","AngelscriptGAS","","","","","unclassified","pending-native-form-source-join"
"b7f138534893c409c494a51a57f045b7313f62fac86cebbc69ed96a8ecb9c20f","","UGameplayStatics","global-function","float GetRealTimeSeconds(const UObject WorldContextObject = __WorldContext ( ))","GetRealTimeSeconds","","float","1","const UObject","True","False","True","available","/Script/Engine.GameplayStatics:GetRealTimeSeconds","manual","Engine","","","","","","unclassified","pending-native-form-source-join"
"b7f407a52d50e0383d6f7bd30d0d5da6251a6424c6999119e69fafa64a6367b9","","Math","global-function","float32 Wrap(float32 X, float32 Min, float32 Max)","Wrap","","float32","3","float32;float32;float32","False","False","False","available","/Script/AngelscriptRuntime.AngelscriptMathLibrary:WrapFloat","manual","AngelscriptRuntime","Angelscript","","","","","unclassified","pending-native-form-source-join"
"b80dd8c67306a58a95a7c633c213ca15d7730a25490b30ce16d10e11a6b52860","9b14d4cb6b1a0568f8d516a6b0bab21095edcf53fd978700c0128bf5c85619aa","","method","void ClientReservationResponse(EPartyReservationResult ReservationResponse)","ClientReservationResponse","","void","1","EPartyReservationResult","False","False","False","available","/Script/OnlineSubsystemUtils.PartyBeaconClient:ClientReservationResponse","manual","OnlineSubsystemUtils","OnlineSubsystemUtils","","","","","unclassified","pending-native-form-source-join"
"b85ca62a779bb76027bb60dada1e662488690fd0e54f4d86da58c3a38cf386a6","21d382cd7255d52cbb20566516d6b3ceb07797f145c23c7f2383421ca5d88295","","method","FEventReply OnTouchGesture(FGeometry MyGeometry, const FPointerEvent&inout GestureEvent)","OnTouchGesture","","FEventReply","2","FGeometry;FPointerEvent","False","True","False","available","/Script/UMG.UserWidget:OnTouchGesture","manual","UMG","","","","","","unclassified","pending-native-form-source-join"
"b876f0e1f7dcea8b96ed000dda5d5e16f9c34b24ee178a5a5dd72af523957c3b","799b90ba8b18bce814d612059a004d33f44dabc489bb4a62bf2f639bdf1c7154","","method","void OnActorSelected(AActor NewSelectedActor, const FVector&inout SelectHitLocation, const FVector&inout SelectHitNormal, const FHitResult&inout Hit)","OnActorSelected","","void","4","AActor;FVector;FVector;FHitResult","False","True","True","available","/Script/Engine.DebugCameraController:ReceiveOnActorSelected","manual","Engine","","","","","","unclassified","pending-native-form-source-join"
"b87c844c5727ba2bfae4d50841ec62bff0305387306753c82d09fbd115893a73","8408ed834089f0d30abf8476c0078c8637280efdb97766920767c790ba00fc66","","method","void InjectInputForAction(const UInputAction Action, FInputActionValue RawValue, const UInputModifier[]&inout Modifiers, const UInputTrigger[]&inout Triggers)","InjectInputForAction","","void","4","const UInputAction;FInputActionValue;UInputModifier[];UInputTrigger[]","False","True","True","available","/Script/EnhancedInput.EnhancedInputSubsystemInterface:InjectInputForAction","manual","EnhancedInput","EnhancedInput","","","","","unclassified","pending-native-form-source-join"
"b88af2ded7866c3ae9f15296002c352fb2b3f9dd55109b4ec0daba5618fbb13a","d9531c8fad8dfcfe5d18dcee6327b5831ef050ae4f76e71c1c742ede19173f83","","method","bool IsPlayerControlled() const","IsPlayerControlled","","bool","0","","False","False","False","available","/Script/Engine.Pawn:IsPlayerControlled","manual","Engine","","","","","","unclassified","pending-native-form-source-join"
"b8ed7e3c4ec421c44ea67542ccc1ba98b7aa1192ce30db695c1e83c2eae7dc64","","USubsystemLibrary","global-function","ULocalPlayerSubsystem GetLocalPlayerSubsystemFromPlayerController(APlayerController PlayerController, TSubclassOf<ULocalPlayerSubsystem> Class)","GetLocalPlayerSubsystemFromPlayerController","","ULocalPlayerSubsystem","2","APlayerController;TSubclassOf<ULocalPlayerSubsystem>","False","False","True","available","/Script/AngelscriptRuntime.SubsystemLibrary:GetLocalPlayerSubsystemFromPlayerController","manual","AngelscriptRuntime","Angelscript","","","","","unclassified","pending-native-form-source-join"
"b8fecb4719518378387f522196da38e92b992142849d44ad262603de63b220fe","3d3f08e187780c119f6cb5c8f13a5aa601dcf3468bdc919ce371b83107d55531","","method","void SetSphereRadius(float32 InSphereRadius, bool bUpdateOverlaps = true)","SetSphereRadius","","void","2","float32;bool","True","False","False","available","/Script/Engine.SphereComponent:SetSphereRadius","manual","Engine","","","","","","unclassified","pending-native-form-source-join"
"b928d90997f5657b057c00c51d0531d5fbb41cb1d316cacc27f54c8325087681","f114739dad8eec28fa480409a4fe844f0d95d53ddc54fb1dd0d2b1c16ec0a9d7","","method","int GetSequenceIndex(int TrackIndex, int LayerIndex) const","GetSequenceIndex","","int","2","int;int","False","False","False","available","/Script/Engine.AnimSequenceTransformProviderDataInstance:GetSequenceIndex","manual","Engine","","","","","","unclassified","pending-native-form-source-join"
"b93af891aad6f3c698c2b33f889054f481c67c129347b2558e173829ca9e5b86","d9531c8fad8dfcfe5d18dcee6327b5831ef050ae4f76e71c1c742ede19173f83","","method","AController GetController() const","GetController","","AController","0","","False","False","False","available","/Script/Engine.Pawn:GetController","manual","Engine","","","","","","unclassified","pending-native-form-source-join"
"b946ad5e29a629aa2c04bd9861de6816dba946dab576bccf494a861817b3c5ea","21d382cd7255d52cbb20566516d6b3ceb07797f145c23c7f2383421ca5d88295","","method","void Tick(FGeometry MyGeometry, float32 InDeltaTime)","Tick","","void","2","FGeometry;float32","False","False","False","available","/Script/UMG.UserWidget:Tick","manual","UMG","","","","","","unclassified","pending-native-form-source-join"
"b94c24ce1ffda0eaf0006c7b10e6d31b7843b252489a0e8857a66bbe81d0494d","c20244b47ee8508006d90b0eb2fff6802cbb4dfa9fab6cc140fbcd05be77de57","","method","void ExecutionFinishAI(AAIController OwnerController, APawn ControlledPawn, EBTNodeResult NodeResult)","ExecutionFinishAI","","void","3","AAIController;APawn;EBTNodeResult","False","False","True","available","/Script/AIModule.BTDecorator_BlueprintBase:ReceiveExecutionFinishAI","manual","AIModule","","","","","","unclassified","pending-native-form-source-join"
"b989ff8d35afb688d448817eb51cc88117363f73f5ecb0a1a1557b043e55535c","","UGameplayStatics","global-function","UReverbEffect GetCurrentReverbEffect(const UObject WorldContextObject = __WorldContext ( ))","GetCurrentReverbEffect","","UReverbEffect","1","const UObject","True","False","True","available","/Script/Engine.GameplayStatics:GetCurrentReverbEffect","manual","Engine","","","","","","unclassified","pending-native-form-source-join"
"b99ab14034c1256f3335f944c23d78910ec2d6ff03c8bed1e20db6db52a42a0b","9b14d4cb6b1a0568f8d516a6b0bab21095edcf53fd978700c0128bf5c85619aa","","method","void ClientCancelReservationResponse(EPartyReservationResult ReservationResponse)","ClientCancelReservationResponse","","void","1","EPartyReservationResult","False","False","False","available","/Script/OnlineSubsystemUtils.PartyBeaconClient:ClientCancelReservationResponse","manual","OnlineSubsystemUtils","OnlineSubsystemUtils","","","","","unclassified","pending-native-form-source-join"
"b9a92d94f796685dfb2045d2c506fd8824f20a926751a9280e2bee68bb05a9dd","fa24378319ef169d1149805ded22c404f691f2ea8b34352ec52aeaff336adb02","","method","void SetViewDistanceQuality(int Value)","SetViewDistanceQuality","","void","1","int","False","False","False","available","/Script/Engine.GameUserSettings:SetViewDistanceQuality","manual","Engine","","","","","","unclassified","pending-native-form-source-join"
"b9b3c58fea35b461270b28889a13787b54d99771f501dce25fd817095b051e82","b4040670765ebd4cb3d41291ec1905e636d41fd2c920d9e07b675492cca40fc3","","method","void Deinitialize()","Deinitialize","","void","0","","False","False","False","available","/Script/AngelscriptRuntime.ScriptGameInstanceSubsystem:BP_Deinitialize","manual","AngelscriptRuntime","Angelscript","","","","","unclassified","pending-native-form-source-join"
"b9fd83b865c201fec90d7bd610a657d5e88f36c9659d99d114d3b5257c0afaba","56b0b9c0c7e9572bc287a3d55cc9af0d167ae97c0a5b8710f205241ed97c2793","","method","void BlueprintModifyPostProcess(float32 DeltaTime, float32&inout PostProcessBlendWeight, FPostProcessSettings&inout PostProcessSettings)","BlueprintModifyPostProcess","","void","3","float32;float32;FPostProcessSettings","False","True","False","available","/Script/Engine.CameraModifier:BlueprintModifyPostProcess","manual","Engine","","","","","","unclassified","pending-native-form-source-join"
"ba046fc7105bee12b9b71731f7af7a6d008b44e9d166174f5522c7846d5523f1","a048e09fab5b35c796657bb67d416dd5c79c96ad1914c69990329d6bc1e2dc7a","","method","void ServerViewPrevPlayer()","ServerViewPrevPlayer","","void","0","","False","False","False","available","/Script/Engine.PlayerController:ServerViewPrevPlayer","manual","Engine","","","","","","unclassified","pending-native-form-source-join"
"ba2bdbbf7feacd3ab47d1d4f6d336905df86ff4d6e3a3cc800883f555bcdb470","37bcc56137e6a420e62cf2e07774f8ab1bda170a82945a2ae8428f275ae4117a","","method","float AngularDistanceForNormals(const FVector&inout B) const","AngularDistanceForNormals","","float","1","FVector","False","True","False","available","/Script/AngelscriptRuntime.AngelscriptFVectorMixinLibrary:AngularDistanceForNormals","manual","AngelscriptRuntime","Angelscript","","","","","unclassified","pending-native-form-source-join"
"ba2feaafcb1c09216b66a84a2de8b813e3602bf52e124a61cf7e99147106f893","196d00ce68899768ad4f9f6ad88b0526803ac4b5bfb0e008fcef467d86d4f66f","","method","FString GetProfileIdString() const","GetProfileIdString","","FString","0","","False","False","False","available","/Script/EnhancedInput.EnhancedPlayerMappableKeyProfile:GetProfileIdString","manual","EnhancedInput","EnhancedInput","","","","","unclassified","pending-native-form-source-join"
"ba4e8192f8a6caf1c7a6cf06949ea8ac5d4c8e757bf583dab07e821123836f57","11dabff3ebe856ce7caa89795572004898ad948fcfcf0ccffb022dd91ce01ec4","","method","void SetAngularStiffness(float32 NewAngularStiffness)","SetAngularStiffness","","void","1","float32","False","False","False","available","/Script/Engine.PhysicsHandleComponent:SetAngularStiffness","manual","Engine","","","","","","unclassified","pending-native-form-source-join"
"ba6d2c1e19f3a15047313a18406a4958082ae04680d98d032800284bc366fb0c","","UConstraintInstanceBlueprintLibrary","global-function","void SetLinearDriveParams(FConstraintInstanceAccessor&inout Accessor, float32 PositionStrength, float32 VelocityStrength, float32 InForceLimit)","SetLinearDriveParams","","void","4","FConstraintInstanceAccessor;float32;float32;float32","False","True","False","available","/Script/Engine.ConstraintInstanceBlueprintLibrary:SetLinearDriveParams","manual","Engine","","","","","","unclassified","pending-native-form-source-join"
"ba978bd6ab47d3dfe96ccfad2df0d6031bdd231f340b2c18d4d2b4dbeee8ef90","","UGameplayStatics","global-function","void GetViewProjectionMatrix(FMinimalViewInfo DesiredView, FMatrix&inout ViewMatrix, FMatrix&inout ProjectionMatrix, FMatrix&inout ViewProjectionMatrix)","GetViewProjectionMatrix","","void","4","FMinimalViewInfo;FMatrix;FMatrix;FMatrix","False","True","False","available","/Script/Engine.GameplayStatics:GetViewProjectionMatrix","manual","Engine","","","","","","unclassified","pending-native-form-source-join"
"ba9ab07ddd3881a03092fe7b8ed8b1c5e2ee2cd9c88980251e110efb60757949","a048e09fab5b35c796657bb67d416dd5c79c96ad1914c69990329d6bc1e2dc7a","","method","UPlayerInput GetPlayerInput()","GetPlayerInput","","UPlayerInput","0","","False","False","False","available","/Script/AngelscriptRuntime.PlayerControllerInputScriptMixinLibrary:GetPlayerInput","manual","AngelscriptRuntime","Angelscript","","","","","unclassified","pending-native-form-source-join"
"bad51cc4be23a656ebe1767ab009dad6abf9bb07c7c2ffc702d9ba2785165d84","4159abbd91461ceba2726bc46a803f8fce04f34112fe9e88b20342e21594e437","","method","bool HasAuthority() const","HasAuthority","","bool","0","","False","False","False","available","/Script/AngelscriptRuntime.LatentAutomationCommand:HasAuthority","manual","AngelscriptRuntime","Angelscript","","","","","unclassified","pending-native-form-source-join"
"bad598a402772b9702d691a174e3f607490000c09b0e213fa2f27c029da8fe3e","","SlateLibrary","global-function","FVector2D GetAbsoluteSize(const FGeometry&inout Geometry)","GetAbsoluteSize","","FVector2D","1","FGeometry","False","True","False","available","/Script/UMG.SlateBlueprintLibrary:GetAbsoluteSize","manual","UMG","","","","","","unclassified","pending-native-form-source-join"
"bae7945939853d75a04a3a661ba05afd30cee70a4166ed82d38a756a20d42b5b","4f8e7441dd6629847eb00d9f80705d20098ad235220d252c2a2c723530d64500","","method","bool GetPivotOffset(const FScriptTypedElementHandle&inout InElementHandle, FVector&inout OutPivotOffset)","GetPivotOffset","","bool","2","FScriptTypedElementHandle;FVector","False","True","False","available","/Script/Engine.TypedElementWorldInterface:GetPivotOffset","manual","Engine","","","","","","unclassified","pending-native-form-source-join"
"bafcccdcfbe8273600921e549a45db415af6e073068d6b9bd223ec45a06e827e","fa24378319ef169d1149805ded22c404f691f2ea8b34352ec52aeaff336adb02","","method","void SetShadowQuality(int Value)","SetShadowQuality","","void","1","int","False","False","False","available","/Script/Engine.GameUserSettings:SetShadowQuality","manual","Engine","","","","","","unclassified","pending-native-form-source-join"
"bb0fac1a8d22ea0f5baa399f2eb63696814860c4c8d0884e122b87b2064c9d18","21d382cd7255d52cbb20566516d6b3ceb07797f145c23c7f2383421ca5d88295","","method","FEventReply OnFocusReceived(FGeometry MyGeometry, FFocusEvent InFocusEvent)","OnFocusReceived","","FEventReply","2","FGeometry;FFocusEvent","False","False","False","available","/Script/UMG.UserWidget:OnFocusReceived","manual","UMG","","","","","","unclassified","pending-native-form-source-join"
"bb461dca8c0cf140139af4b15d7de8699df02b7bef8de453dcea888ed8a7baa9","","UPluginBlueprintLibrary","global-function","bool GetPluginNameForObjectPath(const FSoftObjectPath&inout ObjectPath, FString&inout OutPluginName)","GetPluginNameForObjectPath","","bool","2","FSoftObjectPath;FString","False","True","False","available","/Script/Engine.PluginBlueprintLibrary:GetPluginNameForObjectPath","manual","Engine","","","","","","unclassified","pending-native-form-source-join"
"bb68130c76f0a4702090ab3eb901603b7fd8131071b09a3342b56ae469de9bf4","","UBlueprintSpringMathLibrary","global-function","float32 ConvertSmoothingTimeToStrength(float32 SmoothingTime)","ConvertSmoothingTimeToStrength","","float32","1","float32","False","False","False","available","/Script/Engine.BlueprintSpringMathLibrary:ConvertSmoothingTimeToStrength","manual","Engine","","","","","","unclassified","pending-native-form-source-join"
"bb69f4fabf580d3b8634379368e79b9649572e96c555ab3c843b2e20f8e4fc11","","UGameplayStatics","global-function","bool GetClosestListenerLocation(const UObject WorldContextObject, const FVector&inout Location, float32 MaximumRange, bool bAllowAttenuationOverride, FVector&inout ListenerPosition)","GetClosestListenerLocation","","bool","5","const UObject;FVector;float32;bool;FVector","False","True","True","available","/Script/Engine.GameplayStatics:GetClosestListenerLocation","manual","Engine","","","","","","unclassified","pending-native-form-source-join"
"bb6d88513cc0e16547e51b81ddffb4e193560a51954ce1ebe377e48d8035764d","7564a8f162d23a7cf4396513a49fd6c12adc1dd5e8a45007c3a3686457c46e68","","method","void StopLink()","StopLink","","void","0","","False","False","False","available","/Script/AudioLinkEngine.AudioLinkBlueprintInterface:StopLink","manual","AudioLinkEngine","","","","","","unclassified","pending-native-form-source-join"
"bb72c93302c2cdc3d3338fe7d12c0791447f7068f5f95e0854d02a5d69d87262","acffebc4eca7329cc32dab3a0ccf0ad3548923654ce1a9f55c6644648679c17a","","method","UObject GetObject(const FScriptTypedElementHandle&inout InElementHandle)","GetObject","","UObject","1","FScriptTypedElementHandle","False","True","False","available","/Script/TypedElementRuntime.TypedElementObjectInterface:GetObject","manual","TypedElementRuntime","","","","","","unclassified","pending-native-form-source-join"
"bb7cf7012351779480109c948fd3272cd3a7eae007f48d93e7d02731944bd4a2","c20244b47ee8508006d90b0eb2fff6802cbb4dfa9fab6cc140fbcd05be77de57","","method","void ObserverDeactivatedAI(AAIController OwnerController, APawn ControlledPawn)","ObserverDeactivatedAI","","void","2","AAIController;APawn","False","False","True","available","/Script/AIModule.BTDecorator_BlueprintBase:ReceiveObserverDeactivatedAI","manual","AIModule","","","","","","unclassified","pending-native-form-source-join"
"bb8c953787a283196a68e16367242d724cad7f9404c30a89c4d795c34d08b7b2","4159abbd91461ceba2726bc46a803f8fce04f34112fe9e88b20342e21594e437","","method","bool Update()","Update","","bool","0","","False","False","False","available","/Script/AngelscriptRuntime.LatentAutomationCommand:Update","manual","AngelscriptRuntime","Angelscript","","","","","unclassified","pending-native-form-source-join"
"bbd0cf4285bee95f7eac6e449c8b60eb8b13debceb11f385fb1c175e7fc5be09","3e2f4ef72c4255d57829091814d381cfdd629142546cb02ebc82d51725ea015c","","method","void OnPostEvaluate()","OnPostEvaluate","","void","0","","False","False","False","available","/Script/NamingTokens.NamingTokens:OnPostEvaluate","manual","NamingTokens","NamingTokens","","","","","unclassified","pending-native-form-source-join"
"bbe6e60a5a5f51eca6aa13d6e367bf95dcbee5624c05e0c815bc74c82712e187","bdfd6fc9b0cd4f63c56bc1f16a1f982e1dafe5169120628f7fc28111a0656728","","method","void SetPadding(FMargin InPadding)","SetPadding","","void","1","FMargin","False","False","False","available","/Script/UMG.SizeBoxSlot:SetPadding","manual","UMG","","","","","","unclassified","pending-native-form-source-join"
"bc29ee8930d6fe1d9ccb244b3a2a0f74fb9432c08c9c0c19fe2984ae4454eba5","","UGameplayStatics","global-function","EPhysicalSurface GetSurfaceType(const FHitResult&inout Hit)","GetSurfaceType","","EPhysicalSurface","1","FHitResult","False","True","False","available","/Script/Engine.GameplayStatics:GetSurfaceType","manual","Engine","","","","","","unclassified","pending-native-form-source-join"
"bc32a70e18e401310dc574432eea03ec5d7b1b36a7601d54ea23ccd6c9ff2e90","b7763e3f18c8656cfc1420ca00d93a10a259c1d343943632502ddc8a716da650","","method","float32 GetPlayerRespawnDelay(AController Controller) const","GetPlayerRespawnDelay","","float32","1","AController","False","False","True","available","/Script/Engine.GameStateBase:GetPlayerRespawnDelay","manual","Engine","","","","","","unclassified","pending-native-form-source-join"
"bc8288feb7f8ac64dbb79d1ead441cdcfd266b8c7dea39655b6b035427954d91","0cfe66077b122d5d33faa119807898dff88e24a8220272eb3477d8977269f6ee","","method","bool IsActive() const","IsActive","","bool","0","","False","False","False","available","/Script/Engine.CancellableAsyncAction:IsActive","manual","Engine","","","","","","unclassified","pending-native-form-source-join"
"bc8a78fb23787f74122c4e107fbf1e82bce88499a4713ea0c4762ddeda9a1f32","","WidgetLibrary","global-function","void SetWindowTitleBarState(UWidget TitleBarContent, EWindowTitleBarMode Mode, bool bTitleBarDragEnabled, bool bWindowButtonsVisible, bool bTitleBarVisible)","SetWindowTitleBarState","","void","5","UWidget;EWindowTitleBarMode;bool;bool;bool","False","False","True","available","/Script/UMG.WidgetBlueprintLibrary:SetWindowTitleBarState","manual","UMG","","","","","","unclassified","pending-native-form-source-join"
"bccb0f6f3eb3b7e4acc3427409c49e3beb595737913824411ae63c8e8dc8e484","09aff05850bb3b4d9e98c6663427f2c90168a2acb25da163c3456ffe87822f03","","method","UCameraShakePattern GetRootShakePattern() const","GetRootShakePattern","","UCameraShakePattern","0","","False","False","False","available","/Script/Engine.CameraShakeBase:GetRootShakePattern","manual","Engine","","","","","","unclassified","pending-native-form-source-join"
"bced5037c35481bb7ce1537491fac066e2939c22df7132e8b2a6df7c88fb7f6e","a048e09fab5b35c796657bb67d416dd5c79c96ad1914c69990329d6bc1e2dc7a","","method","void ClientCapBandwidth(int Cap)","ClientCapBandwidth","","void","1","int","False","False","False","available","/Script/Engine.PlayerController:ClientCapBandwidth","manual","Engine","","","","","","unclassified","pending-native-form-source-join"
"bcfb22db6e0e557e30b70ed56e18be598d8545a4777d88505d6925251aa02b1f","","PrimitiveComponentUtilities","global-function","void RemoveVisibilityOwner(UPrimitiveComponent Component, const AActor Owner)","RemoveVisibilityOwner","","void","2","UPrimitiveComponent;const AActor","False","False","True","available","/Script/Engine.PrimitiveComponentUtilities:RemoveVisibilityOwner","manual","Engine","","","","","","unclassified","pending-native-form-source-join"
"bd0cd6258fe5086f08ca0fb4fa2951c6f692172968defdc2f917596541ba61a5","37bcc56137e6a420e62cf2e07774f8ab1bda170a82945a2ae8428f275ae4117a","","method","float Dist2D(const FVector&inout Other, const FVector&inout UpDirection) const","Dist2D","","float","2","FVector;FVector","False","True","False","available","/Script/AngelscriptRuntime.AngelscriptFVectorMixinLibrary:Dist2D","manual","AngelscriptRuntime","Angelscript","","","","","unclassified","pending-native-form-source-join"
"bd334bc257d23c9215448089b8fad3bb8d08f5c67995d4b04f20c5a8120e43ba","82b49778050438b5a27d8b1df094f6d3b772d4216282a4dc80a142446a746688","","method","void DrawMaterialSimple(UMaterialInterface Material, float32 ScreenX, float32 ScreenY, float32 ScreenW, float32 ScreenH, float32 Scale = 1.000000, bool bScalePosition = false)","DrawMaterialSimple","","void","7","UMaterialInterface;float32;float32;float32;float32;float32;bool","True","False","True","available","/Script/Engine.HUD:DrawMaterialSimple","manual","Engine","","","","","","unclassified","pending-native-form-source-join"
"bd3e17bf1cbb3a27fcafad8734d0cda81b5b97106863fae2b250d327070b9ca8","068198afa84d7780512208e5dc28daf6e0dbae69c51293df1afba11b6609bddb","","method","void ServerSetViewTargetPosition(FVector ViewTargetPos)","ServerSetViewTargetPosition","","void","1","FVector","False","False","False","available","/Script/Engine.NoPawnPlayerController:ServerSetViewTargetPosition","manual","Engine","","","","","","unclassified","pending-native-form-source-join"
"bd440d2297f6935bf08997bc0802a45759cd699d909acb68c7c2bbd0e880c339","6e9dcc4f18691047675fdf57eab25aa058a26b825c43334757a1d3be615ff8ea","","method","int GetSavedDataVersion() const","GetSavedDataVersion","","int","0","","False","False","False","available","/Script/Engine.LocalPlayerSaveGame:GetSavedDataVersion","manual","Engine","","","","","","unclassified","pending-native-form-source-join"
"bd79ded26f5e858c24c7bb5f85e82029b966920fd29424195dfab01e5dd10d1c","7500b633e643de75590fa98d9105059dc4e402a1d1aee18ab54acab1550d837f","","method","void Cleanup(bool bRemoveComponents)","Cleanup","","void","1","bool","False","False","False","available","/Script/PCG.PCGComponent:Cleanup","manual","PCG","PCG","","","","","unclassified","pending-native-form-source-join"
"bdcff6229a0f74aecea4f3cba027691aa0448e2a473e58f18d5fe07d379e0326","101cc1a48ebe2ceea513aec9480d048b0e764d83151acf1586894b100ddf5dfd","","method","void OnLoopingStart(AActor Target, const FGameplayCueParameters&inout Parameters, const FGameplayCueNotify_SpawnResult&inout SpawnResults)","OnLoopingStart","","void","3","AActor;FGameplayCueParameters;FGameplayCueNotify_SpawnResult","False","True","True","available","/Script/GameplayAbilities.GameplayCueNotify_Looping:OnLoopingStart","manual","GameplayAbilities","GameplayAbilities","","","","","unclassified","pending-native-form-source-join"
"bdf020beed288bd2050c25a0a2c1838bc7e0bf8e5aa610663b23db397994cb1f","","FQuat","global-function","FQuat MakeFromY(const FVector&inout YAxis)","MakeFromY","","FQuat","1","FVector","False","True","False","available","/Script/AngelscriptRuntime.AngelscriptFQuatLibrary:MakeFromY","manual","AngelscriptRuntime","Angelscript","","","","","unclassified","pending-native-form-source-join"
"bdfcd4a0c04931651c444c588003cd609d2812d0073f91840bcb136d1e06c254","","UInputDeviceLibrary","global-function","FInputDeviceId GetDefaultInputDevice()","GetDefaultInputDevice","","FInputDeviceId","0","","False","False","False","available","/Script/Engine.InputDeviceLibrary:GetDefaultInputDevice","manual","Engine","","","","","","unclassified","pending-native-form-source-join"
"be313d74850277a601dccb4c7b4522528aa433a44cc663d8a48f2294f6d76a3c","abf73796a44b7720aec99f689293c11d1394f589f456deaff3243a9c6776dfac","","method","void ResetKeyProfileIdToDefault(FString ProfileId, FGameplayTagContainer&inout FailureReason)","ResetKeyProfileIdToDefault","","void","2","FString;FGameplayTagContainer","False","True","False","available","/Script/EnhancedInput.EnhancedInputUserSettings:ResetKeyProfileIdToDefault","manual","EnhancedInput","EnhancedInput","","","","","unclassified","pending-native-form-source-join"
"be314acba15627eaab9e8b63a014cd7a9e5b66182191b757040f8d0eb05bc8e4","f0aca1eb8212b6ae105fbd2e8ce832acd1bbecadccf250fab8d979683cc5058a","","method","bool IsValidBoneTrackName(const FName&inout TrackName) const","IsValidBoneTrackName","","bool","1","FName","False","True","False","available","/Script/Engine.AnimationDataModel:IsValidBoneTrackName","manual","Engine","","","","","","unclassified","pending-native-form-source-join"
"be5e4f213b25e153d3af4403e9592bbbb0f9c67b73ef01a71b81936e48546449","ce03e8ad9e753f7ce0833b6dfcc8edbd7020df289398d04827f0cffed55f159e","","method","void AssertFalse(bool bExpression, FString Message)","AssertFalse","","void","2","bool;FString","False","False","False","available","/Script/AngelscriptRuntime.LatentAutomationCommandClientExecutor:AssertFalse","manual","AngelscriptRuntime","Angelscript","","","","","unclassified","pending-native-form-source-join"
"be6ec4f41362258efc95780ee46db99d5806b683c5469547da29bc0f4246129b","b1a2f44e1ef9307d399a09148531ddcc013fa03746378ef15804751d27058f1d","","method","FString GetSourceFilePath() const","GetSourceFilePath","","FString","0","","False","False","False","available","/Script/AngelscriptRuntime.ASClass:GetSourceFilePath","manual","AngelscriptRuntime","Angelscript","","","","","unclassified","pending-native-form-source-join"
"be75e57cc00579744f3106170e6ce4ea055925bffc1606f2518148955b0aec84","","PrimitiveComponentUtilities","global-function","void ClearVisibilityOwners(UPrimitiveComponent Component)","ClearVisibilityOwners","","void","1","UPrimitiveComponent","False","False","True","available","/Script/Engine.PrimitiveComponentUtilities:ClearVisibilityOwners","manual","Engine","","","","","","unclassified","pending-native-form-source-join"
"bea5543d075a9a87b8a87c67c8a23932a0a8d29617a36bbf563863d5ce2eec44","4f8e7441dd6629847eb00d9f80705d20098ad235220d252c2a2c723530d64500","","method","bool GetBounds(const FScriptTypedElementHandle&inout InElementHandle, FBoxSphereBounds&inout OutBounds)","GetBounds","","bool","2","FScriptTypedElementHandle;FBoxSphereBounds","False","True","False","available","/Script/Engine.TypedElementWorldInterface:GetBounds","manual","Engine","","","","","","unclassified","pending-native-form-source-join"
"beb5b14f291bdfb209bc1789bfd6c994acde42842ddb2376fc5d94e66d802a4b","4281c020654d89195c0724e24d30f849fa3d1f6540841ae713584f4d70850afd","","method","void OnPreConstruction(UControlRigComponent Component)","OnPreConstruction","","void","1","UControlRigComponent","False","False","True","available","/Script/ControlRig.ControlRigComponent:OnPreConstruction","manual","ControlRig","ControlRig","","","","","unclassified","pending-native-form-source-join"
"beeda811a938ac7ca744abcbf47e1f942b1c9b94a9b8a3aa64948a41230a51ee","","SlateLibrary","global-function","FVector2D GetLocalSize(const FGeometry&inout Geometry)","GetLocalSize","","FVector2D","1","FGeometry","False","True","False","available","/Script/UMG.SlateBlueprintLibrary:GetLocalSize","manual","UMG","","","","","","unclassified","pending-native-form-source-join"
"bf478ba358a76a9a25fdcdb2651d961e8d3108835b90b29c814ef99713942788","8fb03d2805f10d52065d1c65e9dcd91b4549d6c486b24f525bcd3787c984fb66","","method","void GetSubPaths(FString InBasePath, FString[]&inout OutPathList, bool bInRecurse) const","GetSubPaths","","void","3","FString;FString[];bool","False","True","False","available","/Script/AssetRegistry.AssetRegistry:GetSubPaths","manual","AssetRegistry","","","","","","unclassified","pending-native-form-source-join"
"bf5505057c52e3581fc25397947f5f2fb48c88426d270362d8d6379c7cf59335","e54395c8e8514953dfbf3fbeabf065860f6a71585f8f76b50ad0927920f7fcb1","","method","void MarkTextureForUpdate()","MarkTextureForUpdate","","void","0","","False","False","False","available","/Script/Engine.StereoLayerComponent:MarkTextureForUpdate","manual","Engine","","","","","","unclassified","pending-native-form-source-join"
"bf55f6dcae17d2d453a7b7abd7b281f33a03d0eead1407d840c45691a7371c98","af227d35a24db9f5ce01b0ebcf9f55bd104b5cf86322c7403be4d525e4a5041b","","method","void PointDamage(float32 Damage, const UDamageType DamageType, FVector HitLocation, FVector HitNormal, UPrimitiveComponent HitComponent, FName BoneName, FVector ShotFromDirection, AController InstigatedBy, AActor DamageCauser, const FHitResult&inout HitInfo)","PointDamage","","void","10","float32;const UDamageType;FVector;FVector;UPrimitiveComponent;FName;FVector;AController;AActor;FHitResult","False","True","True","available","/Script/Engine.Actor:ReceivePointDamage","manual","Engine","","","","","","unclassified","pending-native-form-source-join"
"bfc54f3ab79ba39a8edd3db202cc3ae6b7be4191d15d390a33aa57795636cb43","196d00ce68899768ad4f9f6ad88b0526803ac4b5bfb0e008fcef467d86d4f66f","","method","FString ToString() const","ToString","","FString","0","","False","False","False","available","/Script/EnhancedInput.EnhancedPlayerMappableKeyProfile:ToString","manual","EnhancedInput","EnhancedInput","","","","","unclassified","pending-native-form-source-join"
"bfd291eb3850c933e559d6efc5722008985e457bfded072010b1cd34a0540c2f","","UBlueprintSpringMathLibrary","global-function","float32 SpringCharacterSmoothingTimeFromStartingDistance(float32 TargetVelocity, float32 StartingDistance = 100.000000, float32 VelocityThreshold = 10.000000)","SpringCharacterSmoothingTimeFromStartingDistance","","float32","3","float32;float32;float32","True","False","False","available","/Script/Engine.BlueprintSpringMathLibrary:SpringCharacterSmoothingTimeFromStartingDistance","manual","Engine","","","","","","unclassified","pending-native-form-source-join"
"bfe747dda5e5aa5bfa0d339cd3227c3769ea8b641665ee2d582972385c2d470a","","UAISense_Prediction","global-function","void RequestPawnPredictionEvent(APawn Requestor, AActor PredictedActor, float32 PredictionTime)","RequestPawnPredictionEvent","","void","3","APawn;AActor;float32","False","False","True","available","/Script/AIModule.AISense_Prediction:RequestPawnPredictionEvent","manual","AIModule","","","","","","unclassified","pending-native-form-source-join"
"c02e8a7016db00d1d2af01008f150df6d5d9f8e180e0f10ff00b46ebd87dfb45","25dd3cbe668c863bb38b40f640a8460326d4cce5e93de6ffeb5938782b7cb13b","","method","bool CanActivateAbility(FGameplayAbilityActorInfo ActorInfo, FGameplayAbilitySpecHandle Handle, FGameplayTagContainer&inout RelevantTags) const","CanActivateAbility","","bool","3","FGameplayAbilityActorInfo;FGameplayAbilitySpecHandle;FGameplayTagContainer","False","True","False","available","/Script/GameplayAbilities.GameplayAbility:K2_CanActivateAbility","manual","GameplayAbilities","GameplayAbilities","","","","","unclassified","pending-native-form-source-join"
"c03bc77118ac0e6413dc215f4ceef93c0c3592d694a79aa0e2bb0b2d0742ebf8","","UConstraintInstanceBlueprintLibrary","global-function","void GetLinearVelocityDrive(FConstraintInstanceAccessor&inout Accessor, bool&inout bOutEnableDriveX, bool&inout bOutEnableDriveY, bool&inout bOutEnableDriveZ)","GetLinearVelocityDrive","","void","4","FConstraintInstanceAccessor;bool;bool;bool","False","True","False","available","/Script/Engine.ConstraintInstanceBlueprintLibrary:GetLinearVelocityDrive","manual","Engine","","","","","","unclassified","pending-native-form-source-join"
"c04481c93a13816c1549d6744a898e767aab29bb09c1eb6a5284e95de247ce32","","UGameplayStatics","global-function","void SetGlobalListenerFocusParameters(const UObject WorldContextObject = __WorldContext ( ), float32 FocusAzimuthScale = 1.000000, float32 NonFocusAzimuthScale = 1.000000, float32 FocusDistanceScale = 1.000000, float32 NonFocusDistanceScale = 1.000000, float32 FocusVolumeScale = 1.000000, float32 NonFocusVolumeScale = 1.000000, float32 FocusPriorityScale = 1.000000, float32 NonFocusPriorityScale = 1.000000)","SetGlobalListenerFocusParameters","","void","9","const UObject;float32;float32;float32;float32;float32;float32;float32;float32","True","False","True","available","/Script/Engine.GameplayStatics:SetGlobalListenerFocusParameters","manual","Engine","","","","","","unclassified","pending-native-form-source-join"
"c066194b53746fe1839950d115082ff861ba3e96793dfeeceb66bea748e9ef5d","8fb03d2805f10d52065d1c65e9dcd91b4549d6c486b24f525bcd3787c984fb66","","method","void ScanPathsSynchronous(const FString[]&inout InPaths, bool bForceRescan, bool bIgnoreDenyListScanFilters)","ScanPathsSynchronous","","void","3","FString[];bool;bool","False","True","False","available","/Script/AssetRegistry.AssetRegistry:ScanPathsSynchronous","manual","AssetRegistry","","","","","","unclassified","pending-native-form-source-join"
"c094580844339d60c1f217793c6ade330e9aa45e787d43e7f6044f220599de22","763e2ea4f8b5beda2e017f7d17189e083c721ae3d7b760b8595fe0e813707294","","method","void SetCustomData(const FScriptTypedElementHandle&inout InElementHandle, const float32[]&inout CustomDataFloats, bool bMarkRenderStateDirty)","SetCustomData","","void","3","FScriptTypedElementHandle;float32[];bool","False","True","False","available","/Script/TypedElementRuntime.TypedElementPrimitiveCustomDataInterface:SetCustomData","manual","TypedElementRuntime","","","","","","unclassified","pending-native-form-source-join"
"c09c1ae42bac92974ff00fa6e5ac39437d95a30805f552bcdbb5ee5caf41bcd2","","UEnhancedInputLibrary","global-function","FString Conv_InputActionValueToString(FInputActionValue ActionValue)","Conv_InputActionValueToString","","FString","1","FInputActionValue","False","False","False","available","/Script/EnhancedInput.EnhancedInputLibrary:Conv_InputActionValueToString","manual","EnhancedInput","EnhancedInput","","","","","unclassified","pending-native-form-source-join"
"c0a49d3fcc3f941a32c16ea20dedcc5afb6389d4c3dde351fce8aebde8ac66b7","5351c4ffe82bbb28d1a84ba46be8b8b08876e3a366f59925a2568dc5b35e1c9c","","method","int GetNumPlayers()","GetNumPlayers","","int","0","","False","False","False","available","/Script/Engine.GameModeBase:GetNumPlayers","manual","Engine","","","","","","unclassified","pending-native-form-source-join"
"c0d093c8a72013ab7b078b2f94b26c43aa00dd1be5e0a12361289d24465379cd","0fcb3c247d6b30fdf52800684776762ea5ecc3460b9e5e9080a261a01be856ce","","method","void GetTimeRange(float&inout MinTime, float&inout MaxTime) const","GetTimeRange","","void","2","float;float","False","True","False","available","/Script/AngelscriptRuntime.RuntimeFloatCurveMixinLibrary:GetTimeRange_Double","manual","AngelscriptRuntime","Angelscript","","","","","unclassified","pending-native-form-source-join"
"c0d419f9ea8b3597179193977b64d2a0b16b62a3bedbadfb8ad0385dd7d3533e","","UBlueprintSpringMathLibrary","global-function","void CriticalDoubleSpringDampVector(FVector&inout InOutX, FVector&inout InOutV, FVector&inout InOutXi, FVector&inout InOutVi, const FVector&inout TargetX, float32 DeltaTime, float32 SmoothingTime = 0.200000)","CriticalDoubleSpringDampVector","","void","7","FVector;FVector;FVector;FVector;FVector;float32;float32","True","True","False","available","/Script/Engine.BlueprintSpringMathLibrary:CriticalDoubleSpringDampVector","manual","Engine","","","","","","unclassified","pending-native-form-source-join"
"c0f9766462b70310107fea958688dedc50cf702b9c2e3a90d98f62e2d4295a20","c20244b47ee8508006d90b0eb2fff6802cbb4dfa9fab6cc140fbcd05be77de57","","method","void ExecutionStartAI(AAIController OwnerController, APawn ControlledPawn)","ExecutionStartAI","","void","2","AAIController;APawn","False","False","True","available","/Script/AIModule.BTDecorator_BlueprintBase:ReceiveExecutionStartAI","manual","AIModule","","","","","","unclassified","pending-native-form-source-join"
"c136cda8b79620fc091270c5ca11a2549f35868409e710f213f98cbb7f1ca2a2","","UBlueprintInstancedStructLibrary","global-function","bool EqualEqual_InstancedStruct(const FInstancedStruct&inout A, const FInstancedStruct&inout B)","EqualEqual_InstancedStruct","","bool","2","FInstancedStruct;FInstancedStruct","False","True","False","available","/Script/Engine.BlueprintInstancedStructLibrary:EqualEqual_InstancedStruct","manual","Engine","","","","","","unclassified","pending-native-form-source-join"
"c13f2e9c716f3435cde71707929c7cabfcddc0fc4a99f668326a547922e36d17","76f1625e22313cae47777d1c91cdb2bf6d778879886a2c00dfe0cab221798420","","method","void Initialize(const UPCGBasePointData InputPointData, UPCGBasePointData OutputPointData)","Initialize","","void","2","const UPCGBasePointData;UPCGBasePointData","False","False","True","available","/Script/PCG.PCGBlueprintPointProcessorSimpleElement:Initialize","manual","PCG","PCG","","","","","unclassified","pending-native-form-source-join"
"c17ee0f30f66d230384ca9f04cb9f31d4023e6aada7e1af4f124aa4173b2b250","abf73796a44b7720aec99f689293c11d1394f589f456deaff3243a9c6776dfac","","method","void MapPlayerKey(const FMapPlayerKeyArgs&inout InArgs, FGameplayTagContainer&inout FailureReason)","MapPlayerKey","","void","2","FMapPlayerKeyArgs;FGameplayTagContainer","False","True","False","available","/Script/EnhancedInput.EnhancedInputUserSettings:MapPlayerKey","manual","EnhancedInput","EnhancedInput","","","","","unclassified","pending-native-form-source-join"
"c18706f9bb3b944fd1e9d8dcb6422e7ba42fa50c3b5f3356f12ed452383facfb","","PlatformLibrary","global-function","EScreenOrientation GetAllowedDeviceOrientation()","GetAllowedDeviceOrientation","","EScreenOrientation","0","","False","False","False","available","/Script/Engine.BlueprintPlatformLibrary:GetAllowedDeviceOrientation","manual","Engine","","","","","","unclassified","pending-native-form-source-join"
"c20b15b5b0595cf2cfbec3c6cc8f558b7b7c16606a74715a27dd97ca7f482bf5","35d29f5a35fcaf8f82f55b61b32dd1252884337241f47a38d3eb51e25267801e","","method","void ServerPrintDebug_Request()","ServerPrintDebug_Request","","void","0","","False","False","False","available","/Script/GameplayAbilities.AbilitySystemComponent:ServerPrintDebug_Request","manual","GameplayAbilities","GameplayAbilities","","","","","unclassified","pending-native-form-source-join"
"c211508602692bcb5fc65a1a0a48040b3eb7f9bd6ac622f86ae6d9ab9c629883","8fb03d2805f10d52065d1c65e9dcd91b4549d6c486b24f525bcd3787c984fb66","","method","void WaitForCompletion()","WaitForCompletion","","void","0","","False","False","False","available","/Script/AssetRegistry.AssetRegistry:WaitForCompletion","manual","AssetRegistry","","","","","","unclassified","pending-native-form-source-join"
"c27faf7968be4f3e4e3a9862adaa7d049baa24ea07f82be444d5c9361f6acd99","eb9db4974c2c84b3de7248f0dcc19ddbe9fe5a895134ac9ee72db3e7aec44cbf","","method","void SetKeyInterpMode(FCurveKeyHandle KeyHandle, ERichCurveInterpMode NewInterpMode, bool bAutoSetTangents)","SetKeyInterpMode","","void","3","FCurveKeyHandle;ERichCurveInterpMode;bool","False","False","False","available","/Script/AngelscriptRuntime.RuntimeFloatCurveMixinLibrary:SetKeyInterpMode","manual","AngelscriptRuntime","Angelscript","","","","","unclassified","pending-native-form-source-join"
"c2894f413387e58ca6c4354daf6b80d3652c18692d50521dd07053ea9b547244","","UWidgetLayoutLibrary","global-function","UCanvasPanelSlot SlotAsCanvasSlot(UWidget Widget)","SlotAsCanvasSlot","","UCanvasPanelSlot","1","UWidget","False","False","True","available","/Script/UMG.WidgetLayoutLibrary:SlotAsCanvasSlot","manual","UMG","","","","","","unclassified","pending-native-form-source-join"
"c29232d1d31b58e42b6f5a2b44810aead65ebfcbe94dc73350d4c8369549e10b","22c88d07843f2f5849aadeea6efcf3bc52cb3082bff8bade972b20544b1f2b3a","","method","FMovieSceneBindingResolveResult ResolveRuntimeBinding(const FMovieSceneBindingResolveContext&inout ResolveContext) const","ResolveRuntimeBinding","","FMovieSceneBindingResolveResult","1","FMovieSceneBindingResolveContext","False","True","False","available","/Script/MovieSceneTracks.MovieSceneReplaceableActorBinding_BPBase:BP_ResolveRuntimeBinding","manual","MovieSceneTracks","","","","","","unclassified","pending-native-form-source-join"
"c2d567b45acca031f505ae3014efbd2ba39781daeb66f273b608f88e6e65949a","abf73796a44b7720aec99f689293c11d1394f589f456deaff3243a9c6776dfac","","method","bool UnregisterInputMappingContexts(const TSet<UInputMappingContext>&inout MappingContexts)","UnregisterInputMappingContexts","","bool","1","TSet<UInputMappingContext>","False","True","False","available","/Script/EnhancedInput.EnhancedInputUserSettings:UnregisterInputMappingContexts","manual","EnhancedInput","EnhancedInput","","","","","unclassified","pending-native-form-source-join"
"c2f806c100218353ffe119513ec6440d2615bff0732054a3901548fb4b594f51","fdf59f0e3c0842a609f238f762a8b05bfa4feb6bde861b66ec5a8bccfa31fda0","","method","void PostAttributeBaseChange(const FGameplayAttribute&inout Attribute, float32 OldValue, float32 NewValue) const","PostAttributeBaseChange","","void","3","FGameplayAttribute;float32;float32","False","True","False","available","/Script/AngelscriptGAS.AngelscriptAttributeSet:BP_PostAttributeBaseChange","manual","AngelscriptGAS","AngelscriptGAS","","","","","unclassified","pending-native-form-source-join"
"c2f97a1f4769244cbaec7fcef7878f59b13a36dc5faac0cb237d4f2e917409e4","ce03e8ad9e753f7ce0833b6dfcc8edbd7020df289398d04827f0cffed55f159e","","method","void ServerAssertTrue(bool bExpression, FString Message)","ServerAssertTrue","","void","2","bool;FString","False","False","False","available","/Script/AngelscriptRuntime.LatentAutomationCommandClientExecutor:ServerAssertTrue","manual","AngelscriptRuntime","Angelscript","","","","","unclassified","pending-native-form-source-join"
"c308001d6b0dcbda9f5c89a5156c49f66d9232f0c9a86d18c5c4a1db5c6fedab","956e3de55fc14905d659124709e772134c7ea46f65ba77a3cb19eb6f09952604","","method","FString GetNotifyName() const","GetNotifyName","","FString","0","","False","False","False","available","/Script/Engine.AnimNotifyState:GetNotifyName","manual","Engine","","","","","","unclassified","pending-native-form-source-join"
"c30b27577e841faeb82ff408c0ab728856bf82cc870e971894986348686fb89a","","UEnhancedInputLibrary","global-function","FString Conv_TriggerEventValueToString(ETriggerEvent TriggerEvent)","Conv_TriggerEventValueToString","","FString","1","ETriggerEvent","False","False","False","available","/Script/EnhancedInput.EnhancedInputLibrary:Conv_TriggerEventValueToString","manual","EnhancedInput","EnhancedInput","","","","","unclassified","pending-native-form-source-join"
"c31f129920875f13571aa4dc070bda3c87a09a2211354e94130ac2d537288a02","801788eccde01ef4326d9743f85d3f44d9d957486768be101028a0fdcb116b06","","method","FVector3f GetForwardVector() const","GetForwardVector","","FVector3f","0","","False","False","False","available","/Script/AngelscriptRuntime.AngelscriptFRotator3fLibrary:GetForwardVector","manual","AngelscriptRuntime","Angelscript","","","","","unclassified","pending-native-form-source-join"
"c3351d12a45a0f7d98b1120d02a7f0328b80c3b6e372414cfeb8602fe241ce4a","48c1111f70539cbd6d1285d6bc2c25f4629fe1bf1442d7fdc4750982eff660e1","","method","void SetNewTime(float32 NewTime)","SetNewTime","","void","1","float32","False","False","False","available","/Script/Engine.TimelineComponent:SetNewTime","manual","Engine","","","","","","unclassified","pending-native-form-source-join"
"c345ee35c7344804d03c2efb72db74231dbfe7e73ff56e613c9533a5d76790a3","c216a4301fda5128f435ebffc5984eb87aa1e7e29c90a464ec1298fb853a55f1","","method","EInterchangePipelineConfigurationDialogResult ScriptedShowScenePipelineConfigurationDialog(FInterchangeStackInfo[]&inout PipelineStacks, UInterchangePipelineBase[]&inout OutPipelines, UInterchangeSourceData SourceData, UInterchangeTranslatorBase Translator, UInterchangeBaseNodeContainer BaseNodeContainer)","ScriptedShowScenePipelineConfigurationDialog","","EInterchangePipelineConfigurationDialogResult","5","FInterchangeStackInfo[];UInterchangePipelineBase[];UInterchangeSourceData;UInterchangeTranslatorBase;UInterchangeBaseNodeContainer","False","True","True","available","/Script/InterchangeEngine.InterchangePipelineConfigurationBase:ScriptedShowScenePipelineConfigurationDialog","manual","InterchangeEngine","","","","","","unclassified","pending-native-form-source-join"
"c352efff2bfdfc79b2a13a5289a6863d0b30eeb7275c8d7747658a925a8c4eaf","339a778a47b28d90a21f75037fa86472d09260ad9f9b63803ea7592f3e560150","","method","void CreateUniqueAssetName(FString InBasePackageName, FString InSuffix, FString&inout OutPackageName, FString&inout OutAssetName)","CreateUniqueAssetName","","void","4","FString;FString;FString;FString","False","True","False","available","/Script/AssetTools.AssetTools:CreateUniqueAssetName","manual","AssetTools","","","","","","unclassified","pending-native-form-source-join"
"c375ff7bd3909898517d37852b1bd720d7d2febfcf1a97cf2e5c71d348311a70","95c5bd2590e7410565721b207a1d17bc6be9388f92234c7eba4b0ba57a3a44b1","","method","bool SetTransformCurveKeys(const FAnimationCurveIdentifier&inout CurveId, const FTransform[]&inout TransformValues, const float32[]&inout TimeKeys, bool bShouldTransact)","SetTransformCurveKeys","","bool","4","FAnimationCurveIdentifier;FTransform[];float32[];bool","False","True","False","available","/Script/Engine.AnimationDataController:SetTransformCurveKeys","manual","Engine","","","","","","unclassified","pending-native-form-source-join"
"c38b594a7ecca3bee9c670ccb72848961febeff2e1e0d3e4cfe2caac058dcff5","af227d35a24db9f5ce01b0ebcf9f55bd104b5cf86322c7403be4d525e4a5041b","","method","void ActorEndOverlap(AActor OtherActor)","ActorEndOverlap","","void","1","AActor","False","False","True","available","/Script/Engine.Actor:ReceiveActorEndOverlap","manual","Engine","","","","","","unclassified","pending-native-form-source-join"
"c39721a1b3f4d2cd50d2c6f49c96c28161366d814eb4189c150436f7593cc3a1","4b234073e4131692a708413e0cd443beaf9252bb3165c3887bb4059999301b1c","","method","void SetBlendSpacePosition(const FVector&inout InPosition)","SetBlendSpacePosition","","void","1","FVector","False","True","False","available","/Script/Engine.AnimSingleNodeInstance:SetBlendSpacePosition","manual","Engine","","","","","","unclassified","pending-native-form-source-join"
"c3b1bc92377eb1c6d175dd154b04a624c70358629d489294465a71b4528d3413","8e1debbbe83408b8a87af8e8cf80803c8fc7d6cae6e4fefb8970214e62249321","","method","int AddDisplayDelegate(const FViewportDisplayCallback&inout Delegate = FViewportDisplayCallback ( ))","AddDisplayDelegate","","int","1","FViewportDisplayCallback","True","True","False","available","/Script/Engine.ViewportStatsSubsystem:AddDisplayDelegate","manual","Engine","","","","","","unclassified","pending-native-form-source-join"
"c3c1a43abc623064344497186664b8880bb9e0525dd35e4ea5d05b9fed8c4d40","","UGameUserSettings","global-function","int GetFramePace()","GetFramePace","","int","0","","False","False","False","available","/Script/Engine.GameUserSettings:GetFramePace","manual","Engine","","","","","","unclassified","pending-native-form-source-join"
"c3e20dde9cc535323d4a8c3f9e97ae4fadb5db494201d4b7108b4794897008da","8408ed834089f0d30abf8476c0078c8637280efdb97766920767c790ba00fc66","","method","void AddMappingContext(const UInputMappingContext MappingContext, int Priority, const FModifyContextOptions&inout Options)","AddMappingContext","","void","3","const UInputMappingContext;int;FModifyContextOptions","False","True","True","available","/Script/EnhancedInput.EnhancedInputSubsystemInterface:AddMappingContext","manual","EnhancedInput","EnhancedInput","","","","","unclassified","pending-native-form-source-join"
"c3e6c05bfb246b7c5aa8888e47a846ee3c45280453fba201302685b88eb8f309","25dd3cbe668c863bb38b40f640a8460326d4cce5e93de6ffeb5938782b7cb13b","","method","void EditSpecValues(FGameplayEffectSpecHandle SpecHandle) const","EditSpecValues","","void","1","FGameplayEffectSpecHandle","False","False","False","available","/Script/GameplayAbilities.GameplayAbility:BP_EditSpecValues","manual","GameplayAbilities","GameplayAbilities","","","","","unclassified","pending-native-form-source-join"
"c40eba2c02db9233ada0b46ba0e4671332445b900f10eac0b5baed0499eb5f41","9dd728209834c4c02036508adcbbc22ac253bfafa67a96c31482939c39c8e488","","method","void ProvideSingleActor(UObject QuerierObject, AActor QuerierActor, AActor&inout ResultingActor) const","ProvideSingleActor","","void","3","UObject;AActor;AActor","False","True","True","available","/Script/AIModule.EnvQueryContext_BlueprintBase:ProvideSingleActor","manual","AIModule","","","","","","unclassified","pending-native-form-source-join"
"c4426029df842c0ef03cfc31ba6780504238de9ac7cd642f31c9e9332f76a417","","WidgetLibrary","global-function","FEventReply DetectDrag(FEventReply&inout Reply, UWidget WidgetDetectingDrag, FKey DragKey)","DetectDrag","","FEventReply","3","FEventReply;UWidget;FKey","False","True","True","available","/Script/UMG.WidgetBlueprintLibrary:DetectDrag","manual","UMG","","","","","","unclassified","pending-native-form-source-join"
"c4640e759744ae7835fbd44779198966e401cec5ebb53912d67964e1f0c31897","f0aca1eb8212b6ae105fbd2e8ce832acd1bbecadccf250fab8d979683cc5058a","","method","UAnimSequence GetAnimationSequence() const","GetAnimationSequence","","UAnimSequence","0","","False","False","False","available","/Script/Engine.AnimationDataModel:GetAnimationSequence","manual","Engine","","","","","","unclassified","pending-native-form-source-join"
"c4b0f853527fb18c57e0417410e08cb1a7c2076caa47c0b55716f7390ee0ad5d","9b14d4cb6b1a0568f8d516a6b0bab21095edcf53fd978700c0128bf5c85619aa","","method","void ServerCancelReservationRequest(const FUniqueNetIdRepl&inout PartyLeader)","ServerCancelReservationRequest","","void","1","FUniqueNetIdRepl","False","True","False","available","/Script/OnlineSubsystemUtils.PartyBeaconClient:ServerCancelReservationRequest","manual","OnlineSubsystemUtils","OnlineSubsystemUtils","","","","","unclassified","pending-native-form-source-join"
"c4f8ca8fd87afd9ff98690a23de463fb866d79a529732a2003f0ed7d8ff29a2b","abd7dcbf3cb4042046ba954e8912cc9fd2a3d2d757cc19949e4617544efd5bc6","","method","void ExecuteWithContext(FPCGContext&inout InContext, const FPCGDataCollection&inout Input, FPCGDataCollection&inout Output)","ExecuteWithContext","","void","3","FPCGContext;FPCGDataCollection;FPCGDataCollection","False","True","False","available","/Script/PCG.PCGBlueprintElement:ExecuteWithContext","manual","PCG","PCG","","","","","unclassified","pending-native-form-source-join"
"c52da9e0ed5f43f1d6975dfef134dd6151f5c93886ca2db4030b08335e0d3910","857beee1e323b53bbcc34a4017f8871f21d9f3952b5e6515656dc391547abc23","","method","void RequestCheckpoint()","RequestCheckpoint","","void","0","","False","False","False","available","/Script/Engine.ReplaySubsystem:RequestCheckpoint","manual","Engine","","","","","","unclassified","pending-native-form-source-join"
"c535018e07cf0d5b751105ca0a159f7cdda36a693230dc6a6822fa956d28ead2","","Math","global-function","FRotator RInterpConstantShortestPathTo(const FRotator&inout Current, const FRotator&inout Target, float32 DeltaTime, float32 InterpSpeedDegrees)","RInterpConstantShortestPathTo","","FRotator","4","FRotator;FRotator;float32;float32","False","True","False","available","/Script/AngelscriptRuntime.AngelscriptMathLibrary:RInterpConstantShortestPathTo","manual","AngelscriptRuntime","Angelscript","","","","","unclassified","pending-native-form-source-join"
"c565e71d0ed755b0fed0ac3879d651b76be46491572e1173053f6e752307ae3d","fa24378319ef169d1149805ded22c404f691f2ea8b34352ec52aeaff336adb02","","method","int GetShadowQuality() const","GetShadowQuality","","int","0","","False","False","False","available","/Script/Engine.GameUserSettings:GetShadowQuality","manual","Engine","","","","","","unclassified","pending-native-form-source-join"
"c568444909269e8ef3134661c2d36d1fa6322b2d237e91d8d6c3bf2c9433e2fd","fb938a0487792dec52a77cc8cd03c52cf0b318115ef70d237b8493c0c486d76f","","method","void SmartLinkReached(AActor Agent, const FVector&inout Destination)","SmartLinkReached","","void","2","AActor;FVector","False","True","True","available","/Script/AIModule.NavLinkProxy:ReceiveSmartLinkReached","manual","AIModule","","","","","","unclassified","pending-native-form-source-join"
"c56bb36b14c6b74ce9ba3842eb4e4a319356157050bee8f74bfc1b944bfa7611","f9daf0264e987ba2ce78881edbe2deec2ad9aff95dab69c0d9e7a0d5d4a37c26","","method","void ClientCancelReservationResponse(ESpectatorReservationResult ReservationResponse)","ClientCancelReservationResponse","","void","1","ESpectatorReservationResult","False","False","False","available","/Script/OnlineSubsystemUtils.SpectatorBeaconClient:ClientCancelReservationResponse","manual","OnlineSubsystemUtils","OnlineSubsystemUtils","","","","","unclassified","pending-native-form-source-join"
"c57c5def0df1968239ff3971d8482ff7754dc476a35a7d93f219fddce261cf44","109477db91baeeb1ee4f14bd636c28565424c1d041dd46338be68fe4417d6dfd","","method","void SetRadius(float32 InNewRadius)","SetRadius","","void","1","float32","False","False","False","available","/Script/Engine.WindDirectionalSourceComponent:SetRadius","manual","Engine","","","","","","unclassified","pending-native-form-source-join"
"c5e7004251a375f254f26108e8820402c4dab890bcf1e4c2285ee8454e0c33e1","","UInputDeviceLibrary","global-function","int GetAllInputDevices(FInputDeviceId[]&inout OutInputDevices)","GetAllInputDevices","","int","1","FInputDeviceId[]","False","True","False","available","/Script/Engine.InputDeviceLibrary:GetAllInputDevices","manual","Engine","","","","","","unclassified","pending-native-form-source-join"
"c67d9a28cfec1d3b598116535d22b0e7b9c088a7d4306e47c221cf8967d629f9","3bedb7b478dcbe264857d0b9a6139b828fed6f22204384249a4c2d9a5c517f78","","method","void InitializeCameraNode()","InitializeCameraNode","","void","0","","False","False","False","available","/Script/GameplayCameras.BlueprintCameraNodeEvaluator:InitializeCameraNode","manual","GameplayCameras","GameplayCameras","","","","","unclassified","pending-native-form-source-join"
"c69f74f455c7ccd8c107bf203253b1e05e4f12c27eab2bbe23811688f7b59b17","763e2ea4f8b5beda2e017f7d17189e083c721ae3d7b760b8595fe0e813707294","","method","void SetCustomDataValue(const FScriptTypedElementHandle&inout InElementHandle, int CustomDataIndex, float32 CustomDataValue, bool bMarkRenderStateDirty)","SetCustomDataValue","","void","4","FScriptTypedElementHandle;int;float32;bool","False","True","False","available","/Script/TypedElementRuntime.TypedElementPrimitiveCustomDataInterface:SetCustomDataValue","manual","TypedElementRuntime","","","","","","unclassified","pending-native-form-source-join"
"c6f082e4154b182176ea17d192d9e769d27b51b15a16c8571cf40b083007f239","956e3de55fc14905d659124709e772134c7ea46f65ba77a3cb19eb6f09952604","","method","bool NotifyEnd(USkeletalMeshComponent MeshComp, UAnimSequenceBase Animation, const FAnimNotifyEventReference&inout EventReference) const","NotifyEnd","","bool","3","USkeletalMeshComponent;UAnimSequenceBase;FAnimNotifyEventReference","False","True","True","available","/Script/Engine.AnimNotifyState:Received_NotifyEnd","manual","Engine","","","","","","unclassified","pending-native-form-source-join"
"c71e7831895547ceab82c4dbb8ad32fbb848f3d88bbb9e7e8f0fde48d8ceb5dd","f114739dad8eec28fa480409a4fe844f0d95d53ddc54fb1dd0d2b1c16ec0a9d7","","method","bool SetManualData(int TrackIndex, int LayerIndex, const FAnimSequenceTrackManualData&inout Data)","SetManualData","","bool","3","int;int;FAnimSequenceTrackManualData","False","True","False","available","/Script/Engine.AnimSequenceTransformProviderDataInstance:SetManualData","manual","Engine","","","","","","unclassified","pending-native-form-source-join"
"c787be6610a01e65effda8d3a10f52df5d36f2cc5d615e35eaa0c98a6649e012","","UGameplayStatics","global-function","void UnRetainAllSoundsInSoundClass(USoundClass InSoundClass)","UnRetainAllSoundsInSoundClass","","void","1","USoundClass","False","False","True","available","/Script/Engine.GameplayStatics:UnRetainAllSoundsInSoundClass","manual","Engine","","","","","","unclassified","pending-native-form-source-join"
"c7c1707ab59062f6e5c3132c6aaa766c47368f3c00bed73920184877b30b6158","","UWidgetLayoutLibrary","global-function","UOverlaySlot SlotAsOverlaySlot(UWidget Widget)","SlotAsOverlaySlot","","UOverlaySlot","1","UWidget","False","False","True","available","/Script/UMG.WidgetLayoutLibrary:SlotAsOverlaySlot","manual","UMG","","","","","","unclassified","pending-native-form-source-join"
"c7e66c95fc63683bc9ae9ca8f39d1667e84d9c839041ec3442dee4deb1e977ad","109477db91baeeb1ee4f14bd636c28565424c1d041dd46338be68fe4417d6dfd","","method","void SetMinimumGustAmount(float32 InNewMinGust)","SetMinimumGustAmount","","void","1","float32","False","False","False","available","/Script/Engine.WindDirectionalSourceComponent:SetMinimumGustAmount","manual","Engine","","","","","","unclassified","pending-native-form-source-join"
"c7ed09e38e0b87cacd31c223ed5fe92be5f16b70bb614d3a85dcccae22fdfd32","","UBlueprintSpringMathLibrary","global-function","FVector2D DeadBlendApplyToVector2D(FVector2D InValue, FVector2D InValueTransition, FVector2D InVelocityTransition, float32 TimeSinceTransition, float32 BlendTime = 0.200000, float32 SmoothingTime = 0.200000)","DeadBlendApplyToVector2D","","FVector2D","6","FVector2D;FVector2D;FVector2D;float32;float32;float32","True","False","False","available","/Script/Engine.BlueprintSpringMathLibrary:DeadBlendApplyToVector2D","manual","Engine","","","","","","unclassified","pending-native-form-source-join"
"c7f41009a7da18d37efeb03452018585d9c41a2fd03a212ac3cdfe63cacbb9b8","4159abbd91461ceba2726bc46a803f8fce04f34112fe9e88b20342e21594e437","","method","FString Describe() const","Describe","","FString","0","","False","False","False","available","/Script/AngelscriptRuntime.LatentAutomationCommand:Describe","manual","AngelscriptRuntime","Angelscript","","","","","unclassified","pending-native-form-source-join"
"c836d9a25026bbceaeaf5494edc0526efda99a5b33c438a5bbadd08b7a8120e7","","UGameplayStatics","global-function","void SetMaxAudioChannelsScaled(const UObject WorldContextObject, float32 MaxChannelCountScale)","SetMaxAudioChannelsScaled","","void","2","const UObject;float32","False","False","True","available","/Script/Engine.GameplayStatics:SetMaxAudioChannelsScaled","manual","Engine","","","","","","unclassified","pending-native-form-source-join"
"c86546cb07aa18b706321ba69ac3134099c424ef432f3ceab2bb7522a0d39306","","WidgetLibrary","global-function","bool SetHardwareCursor(const UObject WorldContextObject, EMouseCursor CursorShape, FName CursorName, FVector2D HotSpot)","SetHardwareCursor","","bool","4","const UObject;EMouseCursor;FName;FVector2D","False","False","True","available","/Script/UMG.WidgetBlueprintLibrary:SetHardwareCursor","manual","UMG","","","","","","unclassified","pending-native-form-source-join"
"c869afd402be375f4a8492d8139a34491de9d98444d8f357122e34bc1c3fb4dd","a048e09fab5b35c796657bb67d416dd5c79c96ad1914c69990329d6bc1e2dc7a","","method","void ServerBlockPlayer(FUniqueNetIdRepl PlayerId)","ServerBlockPlayer","","void","1","FUniqueNetIdRepl","False","False","False","available","/Script/Engine.PlayerController:ServerBlockPlayer","manual","Engine","","","","","","unclassified","pending-native-form-source-join"
"c870cd184e0da5330e5b97272a79a0d3f1ff040c713cbbf5c53741a6211eb173","b28204877ad4e233c3d8560f99872515b46ab4b657151910bb9380def669065c","","method","void Update(UCanvas Canvas, int Width, int Height)","Update","","void","3","UCanvas;int;int","False","False","True","available","/Script/Engine.CanvasRenderTarget2D:ReceiveUpdate","manual","Engine","","","","","","unclassified","pending-native-form-source-join"
"c8730d19529e9459374e9bfba71472cb9912059fe9acbe95508b06556394fc9b","cffaa8ddc1f3cda16a72fe692ab89f2d532f18a71ecbed14c7be91f069ec3cc9","","method","bool ScriptedFilePickerForTranslatorAssetType(EInterchangeTranslatorAssetType TranslatorAssetType, const FInterchangeFilePickerParameters&inout Parameters, FString[]&inout OutFilenames)","ScriptedFilePickerForTranslatorAssetType","","bool","3","EInterchangeTranslatorAssetType;FInterchangeFilePickerParameters;FString[]","False","True","False","available","/Script/InterchangeEngine.InterchangeFilePickerBase:ScriptedFilePickerForTranslatorAssetType","manual","InterchangeEngine","","","","","","unclassified","pending-native-form-source-join"
"c87c629b51c05cc04f0ac7120d12aed984003a3478ef6bccf5db1ede3743c047","608e7e7c4ee55f85b068d102478b12fb104ba357ad55abe9f75465cbfd4127b7","","method","FRotator GetBoneRotationByName(FName BoneName, EBoneSpaces BoneSpace)","GetBoneRotationByName","","FRotator","2","FName;EBoneSpaces","False","False","False","available","/Script/Engine.PoseableMeshComponent:GetBoneRotationByName","manual","Engine","","","","","","unclassified","pending-native-form-source-join"
"c8b4061ff05cb76939977e6f696bec60869a0fed2192611250435b58058f31f7","0cfe66077b122d5d33faa119807898dff88e24a8220272eb3477d8977269f6ee","","method","void Cancel()","Cancel","","void","0","","False","False","False","available","/Script/Engine.CancellableAsyncAction:Cancel","manual","Engine","","","","","","unclassified","pending-native-form-source-join"
"c8ded1c85dcca977444e0e69cd65330f6e2f00f14fd83ac2274fd1adac8d7405","df14bd8b09b3fb2279e19859d11fa5dfaefdaf3defc6a308d5205e48915634c6","","method","void ExpandAll()","ExpandAll","","void","0","","False","False","False","available","/Script/UMG.TreeView:ExpandAll","manual","UMG","","","","","","unclassified","pending-native-form-source-join"
"c8ea35a690f9eb81ffd5cab5fcaaa0755f586a53f586cdc3ef87b9199fe2d7ba","e2fc3530efd11e2ff1f287b9612ef6f0dbb7dbb058d11d444146936fc43dd4f0","","method","void SetPeripheralVisionAngle(float32 NewPeripheralVisionAngle)","SetPeripheralVisionAngle","","void","1","float32","False","False","False","available","/Script/AIModule.PawnSensingComponent:SetPeripheralVisionAngle","manual","AIModule","","","","","","unclassified","pending-native-form-source-join"
"c91119c83cf61bb34f150b8df7231077a913789e908e2402045eff5af24c1b6f","877242e59f270f3007210bf5cd3764d6f9178a314708334fc1089e9ccdd2d912","","method","bool IsPlayerController() const","IsPlayerController","","bool","0","","False","False","False","available","/Script/Engine.Controller:IsPlayerController","manual","Engine","","","","","","unclassified","pending-native-form-source-join"
"c91c8e5de83491a4f85f05e8d8128ba326c3cd61e989c914472e0e3913238b6a","8fb03d2805f10d52065d1c65e9dcd91b4549d6c486b24f525bcd3787c984fb66","","method","bool GetAssetsByPath(FName PackagePath, FAssetData[]&inout OutAssetData, bool bRecursive, bool bIncludeOnlyOnDiskAssets) const","GetAssetsByPath","","bool","4","FName;FAssetData[];bool;bool","False","True","False","available","/Script/AssetRegistry.AssetRegistry:GetAssetsByPath","manual","AssetRegistry","","","","","","unclassified","pending-native-form-source-join"
"c947873e388ed6f52fda4563e1ff1607075abfd61701ddafb25cd67579b0af7f","4b234073e4131692a708413e0cd443beaf9252bb3165c3887bb4059999301b1c","","method","const UMirrorDataTable GetMirrorDataTable()","GetMirrorDataTable","","const UMirrorDataTable","0","","False","False","False","available","/Script/Engine.AnimSingleNodeInstance:GetMirrorDataTable","manual","Engine","","","","","","unclassified","pending-native-form-source-join"
"c9527297646ac94f395254859df2391d15b3a155e83e72f460d5a289acdc8420","","UBlueprintSpringMathLibrary","global-function","float32 SpringCharacterStartingTime(float32 TargetVelocity, float32 SmoothingTime = 0.200000, float32 VelocityThreshold = 10.000000)","SpringCharacterStartingTime","","float32","3","float32;float32;float32","True","False","False","available","/Script/Engine.BlueprintSpringMathLibrary:SpringCharacterStartingTime","manual","Engine","","","","","","unclassified","pending-native-form-source-join"
"c962d8dc345084b3ea04711cb41f488e7bb6168fb65fa3742e0f357405eebfa6","4f8e7441dd6629847eb00d9f80705d20098ad235220d252c2a2c723530d64500","","method","bool CanEditElement(const FScriptTypedElementHandle&inout InElementHandle)","CanEditElement","","bool","1","FScriptTypedElementHandle","False","True","False","available","/Script/Engine.TypedElementWorldInterface:CanEditElement","manual","Engine","","","","","","unclassified","pending-native-form-source-join"
"c9843a4a7559e9e0a5b0ab088f07ec9f89fb56c7596c2ac0eff11f238995c3eb","e38ef7ea0f66c8623c024d02acd9c7cb508adde716218283bd4a3eb213c78049","","method","void Stop()","Stop","","void","0","","False","False","False","available","/Script/Engine.AnimatedSparseVolumeTextureController:Stop","manual","Engine","","","","","","unclassified","pending-native-form-source-join"
"c9a2e07b179cbdd62b663921ddf742d40fd7ff80cf4e9db95dbdb071a2968fb9","","UBTFunctionLibrary","global-function","void SetBlackboardValueAsRotator(UBTNode NodeOwner, const FBlackboardKeySelector&inout Key, FRotator Value)","SetBlackboardValueAsRotator","","void","3","UBTNode;FBlackboardKeySelector;FRotator","False","True","True","available","/Script/AIModule.BTFunctionLibrary:SetBlackboardValueAsRotator","manual","AIModule","","","","","","unclassified","pending-native-form-source-join"
"c9b19f75a72bf54f035b2edce857d0c0a3a2e7229b7c6c34287a70d460324667","","Math","global-function","uint WrapIndex(uint Value, uint Min, uint Max)","WrapIndex","","uint","3","uint;uint;uint","False","False","False","available","/Script/AngelscriptRuntime.AngelscriptMathLibrary:WrapIndexUInt","manual","AngelscriptRuntime","Angelscript","","","","","unclassified","pending-native-form-source-join"
"c9b7b7733a3dd4635fd1d68b5984889b7298ba9f99f6eb162ee149f966e47282","5351c4ffe82bbb28d1a84ba46be8b8b08876e3a366f59925a2568dc5b35e1c9c","","method","APawn SpawnDefaultPawnFor(AController NewPlayer, AActor StartSpot)","SpawnDefaultPawnFor","","APawn","2","AController;AActor","False","False","True","available","/Script/Engine.GameModeBase:SpawnDefaultPawnFor","manual","Engine","","","","","","unclassified","pending-native-form-source-join"
"ca299a69b4e0226821ec3785cacb11bfb6952fb89f8c8498f9ed11e08330bbac","","FQuat4f","global-function","FQuat4f MakeFromYZ(const FVector3f&inout YAxis, const FVector3f&inout ZAxis)","MakeFromYZ","","FQuat4f","2","FVector3f;FVector3f","False","True","False","available","/Script/AngelscriptRuntime.AngelscriptFQuat4fLibrary:MakeFromYZ","manual","AngelscriptRuntime","Angelscript","","","","","unclassified","pending-native-form-source-join"
"ca68c20845aae0c8d5a2171b22ca55c0f85a2cd5381dd8ff98a1ee807ae59fb4","","InternationalizationLibrary","global-function","FString GetSuitableCulture(const FString[]&inout AvailableCultures, FString CultureToMatch, FString FallbackCulture = ""en"")","GetSuitableCulture","","FString","3","FString[];FString;FString","True","True","False","available","/Script/Engine.KismetInternationalizationLibrary:GetSuitableCulture","manual","Engine","","","","","","unclassified","pending-native-form-source-join"
"ca9ae91e8c7899c00584914730ae911eb07da0c76ee1fc28d4d6ffef7a7e4852","","UBlueprintSpringMathLibrary","global-function","void TrackVelocityAngle(float32&inout InOutValue, float32&inout InOutVelocity, float32 InValue, float32 DeltaTime)","TrackVelocityAngle","","void","4","float32;float32;float32;float32","False","True","False","available","/Script/Engine.BlueprintSpringMathLibrary:TrackVelocityAngle","manual","Engine","","","","","","unclassified","pending-native-form-source-join"
"caa1c212ad7a59f7eb69b6ac0fb28cb344b833995acd54cd48cd67d96a3053cd","","FQuat4f","global-function","FQuat4f MakeFromX(const FVector3f&inout XAxis)","MakeFromX","","FQuat4f","1","FVector3f","False","True","False","available","/Script/AngelscriptRuntime.AngelscriptFQuat4fLibrary:MakeFromX","manual","AngelscriptRuntime","Angelscript","","","","","unclassified","pending-native-form-source-join"
"cab186c20907e313c3e1cebe33e81fc89586fce8c6a35efb0011c65e0be9e6d9","e79731b5adbffddf1d9cec9129f08c3b8e65d6c8cdcaacc654c4e7162dc85a69","","method","void ActivateCameraDirector(UObject EvaluationContextOwner, const FBlueprintCameraDirectorActivateParams&inout Params)","ActivateCameraDirector","","void","2","UObject;FBlueprintCameraDirectorActivateParams","False","True","True","available","/Script/GameplayCameras.BlueprintCameraDirectorEvaluator:ActivateCameraDirector","manual","GameplayCameras","GameplayCameras","","","","","unclassified","pending-native-form-source-join"
"cabc97e37b97821ed3c9c913d8637898f696c263d2e67651787b60207ab6a500","fa24378319ef169d1149805ded22c404f691f2ea8b34352ec52aeaff336adb02","","method","void ApplyResolutionSettings(bool bCheckForCommandLineOverrides)","ApplyResolutionSettings","","void","1","bool","False","False","False","available","/Script/Engine.GameUserSettings:ApplyResolutionSettings","manual","Engine","","","","","","unclassified","pending-native-form-source-join"
"cacb5bae7e5003129475eb73d47a9e93e0c2b27d2b3bb419cfe173bc52fc9578","","UWidgetLayoutLibrary","global-function","FVector2D GetViewportSize(const UObject WorldContextObject = __WorldContext ( ))","GetViewportSize","","FVector2D","1","const UObject","True","False","True","available","/Script/UMG.WidgetLayoutLibrary:GetViewportSize","manual","UMG","","","","","","unclassified","pending-native-form-source-join"
"cad5050be2455bef42c7add44a40e11a879d118dad1c82da84d58afefae4b3f7","","SlateLibrary","global-function","FVector2D GetLocalTopLeft(const FGeometry&inout Geometry)","GetLocalTopLeft","","FVector2D","1","FGeometry","False","True","False","available","/Script/UMG.SlateBlueprintLibrary:GetLocalTopLeft","manual","UMG","","","","","","unclassified","pending-native-form-source-join"
"cb1f6411050694a4b59edec166f8af3f5fc85f5920c1dc2696842d99ac1b8b47","","WidgetLibrary","global-function","UObject GetBrushResource(const FSlateBrush&inout Brush)","GetBrushResource","","UObject","1","FSlateBrush","False","True","False","available","/Script/UMG.WidgetBlueprintLibrary:GetBrushResource","manual","UMG","","","","","","unclassified","pending-native-form-source-join"
"cb2dba9a93b0fd008a8345709bf922a7fbbd4d0739bfbe4ebe3a5f4a09b335cf","a048e09fab5b35c796657bb67d416dd5c79c96ad1914c69990329d6bc1e2dc7a","","method","void ServerPause()","ServerPause","","void","0","","False","False","False","available","/Script/Engine.PlayerController:ServerPause","manual","Engine","","","","","","unclassified","pending-native-form-source-join"
"cb4059e3321892796ea71663ed2a7fbee6741a859e2cc92f76da60a32ef02b57","1c63e38631f9e24b16de7e6806982018e3b614f211572565ce2702db73d16f97","","method","void ConstructMenuEntry(UToolMenu Menu, FName SectionName, const FToolMenuContext&inout Context)","ConstructMenuEntry","","void","3","UToolMenu;FName;FToolMenuContext","False","True","True","available","/Script/ToolMenus.ToolMenuEntryScript:ConstructMenuEntry","manual","ToolMenus","","","","","","unclassified","pending-native-form-source-join"
"cb6bed7cc59fbc6e3372de92e7b5fae2cb659bffff788d0428c83e61fb52b521","f9daf0264e987ba2ce78881edbe2deec2ad9aff95dab69c0d9e7a0d5d4a37c26","","method","void ServerCancelReservationRequest(const FUniqueNetIdRepl&inout Spectator)","ServerCancelReservationRequest","","void","1","FUniqueNetIdRepl","False","True","False","available","/Script/OnlineSubsystemUtils.SpectatorBeaconClient:ServerCancelReservationRequest","manual","OnlineSubsystemUtils","OnlineSubsystemUtils","","","","","unclassified","pending-native-form-source-join"
"cb74d824229bcb70d18f81e3fd3e7483e2127a7c24a6e92407a3db4f0e4f9a37","a2d1a5f352f4cac01bc4fedc3e39c7274efc7aae83183f9ebafb58df9ab26227","","method","bool IsReady()","IsReady","","bool","0","","False","False","False","available","/Script/FunctionalTesting.FunctionalTest:IsReady","manual","FunctionalTesting","","","","","","unclassified","pending-native-form-source-join"
"cb8e7b996f0b73b4b7c6cf27ae8839edcf33d86fc699c7743fe4e02845f62ae0","11dabff3ebe856ce7caa89795572004898ad948fcfcf0ccffb022dd91ce01ec4","","method","void GrabComponentAtLocationWithRotation(UPrimitiveComponent Component, FName InBoneName, FVector Location, FRotator Rotation)","GrabComponentAtLocationWithRotation","","void","4","UPrimitiveComponent;FName;FVector;FRotator","False","False","True","available","/Script/Engine.PhysicsHandleComponent:GrabComponentAtLocationWithRotation","manual","Engine","","","","","","unclassified","pending-native-form-source-join"
"cbad6d492752b38f1047ba8cd672af3e57f84e8bea744c6ecdc99261dac82064","5351c4ffe82bbb28d1a84ba46be8b8b08876e3a366f59925a2568dc5b35e1c9c","","method","void RestartPlayer(AController NewPlayer)","RestartPlayer","","void","1","AController","False","False","True","available","/Script/Engine.GameModeBase:RestartPlayer","manual","Engine","","","","","","unclassified","pending-native-form-source-join"
"cbb1424c51a3dab614568ffa572eddd64268ff3287fc7a34adc66b2c97e512d5","ce03e8ad9e753f7ce0833b6dfcc8edbd7020df289398d04827f0cffed55f159e","","method","void ServerAssertNotNull(const UObject Object, FString Message)","ServerAssertNotNull","","void","2","const UObject;FString","False","False","True","available","/Script/AngelscriptRuntime.LatentAutomationCommandClientExecutor:ServerAssertNotNull","manual","AngelscriptRuntime","Angelscript","","","","","unclassified","pending-native-form-source-join"
"cc206ba4d06cd721f7caa7804f92b2cb813997363efce201d707482e8c0ebf5b","339a778a47b28d90a21f75037fa86472d09260ad9f9b63803ea7592f3e560150","","method","EAssetRenameResult RenameAssetsWithDialog(const FAssetRenameData[]&inout AssetsAndNames, bool bAutoCheckout)","RenameAssetsWithDialog","","EAssetRenameResult","2","FAssetRenameData[];bool","False","True","False","available","/Script/AssetTools.AssetTools:RenameAssetsWithDialog","manual","AssetTools","","","","","","unclassified","pending-native-form-source-join"
"cc2928d3a24475e7c85d8a44bd63ef96f32bd1277684f54fa06ebe1a4239f4d4","d9e10957a8ae9ff44422cdef46b25ffaaa03e90ff1580a8e3183dc41c84a8e25","","method","bool HasMatchingGameplayTag(FGameplayTag TagToCheck) const","HasMatchingGameplayTag","","bool","1","FGameplayTag","False","False","False","available","/Script/GameplayTags.GameplayTagAssetInterface:HasMatchingGameplayTag","manual","GameplayTags","","","","","","unclassified","pending-native-form-source-join"
"cc4d422bfa634332abf5b2e42997af4c2b74f92709c3529d8a8c4cbbdc9f233b","","UGameplayStatics","global-function","int GetIntOption(FString Options, FString Key, int DefaultValue)","GetIntOption","","int","3","FString;FString;int","False","False","False","available","/Script/Engine.GameplayStatics:GetIntOption","manual","Engine","","","","","","unclassified","pending-native-form-source-join"
"cc7ab9837c209f4c9f5adb346a4e4b68b6932efabdf0e2fd6cb10c4d9998db42","339a778a47b28d90a21f75037fa86472d09260ad9f9b63803ea7592f3e560150","","method","void FindSoftReferencesToObject(FSoftObjectPath TargetObject, UObject[]&inout ReferencingObjects)","FindSoftReferencesToObject","","void","2","FSoftObjectPath;UObject[]","False","True","False","available","/Script/AssetTools.AssetTools:FindSoftReferencesToObject","manual","AssetTools","","","","","","unclassified","pending-native-form-source-join"
"cc986e11e6f5b89568f16ee95b796432893e23ac835cb48c5c15d4b653094068","53dafc4dc5086ca0c80b77b67c7874ea7848e252d8420707e0d471549b6e36b2","","method","void OnPhotographySessionEnd()","OnPhotographySessionEnd","","void","0","","False","False","False","available","/Script/Engine.PlayerCameraManager:OnPhotographySessionEnd","manual","Engine","","","","","","unclassified","pending-native-form-source-join"
"cca90350ded67fd10ddf7ce2fee071f6248f6afd8f430584150f063e82edb14c","94aad154bf9360bdb3330fb75452194b52ae7b8b4a2cccde2d1cdcedffebf6ad","","method","bool ShouldCreateSubsystem(UObject Outer) const","ShouldCreateSubsystem","","bool","1","UObject","False","False","True","available","/Script/AngelscriptRuntime.ScriptEngineSubsystem:BP_ShouldCreateSubsystem","manual","AngelscriptRuntime","Angelscript","","","","","unclassified","pending-native-form-source-join"
"cce1f5ed1d876a9f2859b0c91ad886de9b20cb32b1a5c06573d8d5171343c1d2","67769666047721cc74255fb0d3d1beea262bc05a8581e3c71239c2a69b3aa391","","method","void SetPadding(FMargin InPadding)","SetPadding","","void","1","FMargin","False","False","False","available","/Script/UMG.ButtonSlot:SetPadding","manual","UMG","","","","","","unclassified","pending-native-form-source-join"
"ccfd050736e5e7863cad394cdc399fa6ec8cdd70635bfa47bacef7c5339d24a3","21d382cd7255d52cbb20566516d6b3ceb07797f145c23c7f2383421ca5d88295","","method","void OnMouseLeave(const FPointerEvent&inout MouseEvent)","OnMouseLeave","","void","1","FPointerEvent","False","True","False","available","/Script/UMG.UserWidget:OnMouseLeave","manual","UMG","","","","","","unclassified","pending-native-form-source-join"
"cd1af67723b4d7bf84f56346ff2b33afb9c0d4c2b76f99239f4bb711c5864f7c","d7255359e896cb5aa2af07b32c0b734ffe1d1cd340846b8fbb232bde49314648","","method","void PackInstances(FPCGContext&inout Context, const UPCGSpatialData InSpatialData, const FPCGMeshInstanceList&inout InstanceList, FPCGPackedCustomData&inout OutPackedCustomData) const","PackInstances","","void","4","FPCGContext;const UPCGSpatialData;FPCGMeshInstanceList;FPCGPackedCustomData","False","True","True","available","/Script/PCG.PCGInstanceDataPackerBase:PackInstances","manual","PCG","PCG","","","","","unclassified","pending-native-form-source-join"
"cd5ff95fa5526ed89098047c8723883f09d4f89c374ca7fe5c1561e6af92ee1d","fa24378319ef169d1149805ded22c404f691f2ea8b34352ec52aeaff336adb02","","method","void SetDynamicResolutionEnabled(bool bEnable)","SetDynamicResolutionEnabled","","void","1","bool","False","False","False","available","/Script/Engine.GameUserSettings:SetDynamicResolutionEnabled","manual","Engine","","","","","","unclassified","pending-native-form-source-join"
"cda6469cb289a316869b3ccf599125e26b15ec53156d1ab8a649169217994ca2","35d29f5a35fcaf8f82f55b61b32dd1252884337241f47a38d3eb51e25267801e","","method","void ClientTryActivateAbility(FGameplayAbilitySpecHandle AbilityToActivate)","ClientTryActivateAbility","","void","1","FGameplayAbilitySpecHandle","False","False","False","available","/Script/GameplayAbilities.AbilitySystemComponent:ClientTryActivateAbility","manual","GameplayAbilities","GameplayAbilities","","","","","unclassified","pending-native-form-source-join"
"cdae18ece596989b62efeca6fc9503030cc7f5f1678ecedc1cd7068f0bcca7c4","799b90ba8b18bce814d612059a004d33f44dabc489bb4a62bf2f639bdf1c7154","","method","void OnDeactivate(APlayerController RestoredPC)","OnDeactivate","","void","1","APlayerController","False","False","True","available","/Script/Engine.DebugCameraController:ReceiveOnDeactivate","manual","Engine","","","","","","unclassified","pending-native-form-source-join"
"cdd4b5c4beb33cf5abaa8f330e15c599c6276736aca6827e04ee8bf2b3cfa418","7394d5fa67d40991e30a15aaa08d190dd56fd4d7dcbf0f6e895351f89c684fd4","","method","float32 DistSquared2D(const FVector3f&inout Other, const FVector3f&inout UpDirection) const","DistSquared2D","","float32","2","FVector3f;FVector3f","False","True","False","available","/Script/AngelscriptRuntime.AngelscriptFVector3fMixinLibrary:DistSquared2D","manual","AngelscriptRuntime","Angelscript","","","","","unclassified","pending-native-form-source-join"
"cde45f3d9c36e43b1979d9b53e87fb6ae34e4f76146c3d4244ccaef2200328ff","","UGameplayStatics","global-function","FVector TransformFirstPersonToWorld(const FMinimalViewInfo&inout ViewInfo, const FVector&inout FirstPersonPosition, bool bScaleWasIgnoredOnInput)","TransformFirstPersonToWorld","","FVector","3","FMinimalViewInfo;FVector;bool","False","True","False","available","/Script/Engine.GameplayStatics:TransformFirstPersonToWorld","manual","Engine","","","","","","unclassified","pending-native-form-source-join"
"cde7c75009a6beef5ccb24beb60a6efc56376754fce10eac29cf0019eeedc503","a048e09fab5b35c796657bb67d416dd5c79c96ad1914c69990329d6bc1e2dc7a","","method","void ServerCheckClientPossession()","ServerCheckClientPossession","","void","0","","False","False","False","available","/Script/Engine.PlayerController:ServerCheckClientPossession","manual","Engine","","","","","","unclassified","pending-native-form-source-join"
"cdf515f4c87fbd32fd9f20f5ac40fdd2ba8baebeca0e2dd342595451fb56383f","21d382cd7255d52cbb20566516d6b3ceb07797f145c23c7f2383421ca5d88295","","method","void AddToViewport(int ZOrder = 0)","AddToViewport","","void","1","int","True","False","False","available","/Script/UMG.UserWidget:AddToViewport","manual","UMG","","","","","","unclassified","pending-native-form-source-join"
"ce2b73b8f607196334f2e2baffe571a2a088e2e590b7d2b45d0cdd00589cfa80","5351c4ffe82bbb28d1a84ba46be8b8b08876e3a366f59925a2568dc5b35e1c9c","","method","void HandleStartingNewPlayer(APlayerController NewPlayer)","HandleStartingNewPlayer","","void","1","APlayerController","False","False","True","available","/Script/Engine.GameModeBase:HandleStartingNewPlayer","manual","Engine","","","","","","unclassified","pending-native-form-source-join"
"ce758ff5c5c901f21c51316599f836dbce60c95862ecfdf6a3ef52296cccb019","","UWidgetLayoutLibrary","global-function","FGeometry GetPlayerScreenWidgetGeometry(APlayerController PlayerController)","GetPlayerScreenWidgetGeometry","","FGeometry","1","APlayerController","False","False","True","available","/Script/UMG.WidgetLayoutLibrary:GetPlayerScreenWidgetGeometry","manual","UMG","","","","","","unclassified","pending-native-form-source-join"
"ce7c1381ffce2594b602da3a48795fd538ca74053886e53304c5daee4aab26ed","0852d513fd9a3d7728cab969ae7445c0f54b221f4b0ab16bab2f331aa4b8a7ab","","method","void DragCancelled(const FPointerEvent&inout PointerEvent)","DragCancelled","","void","1","FPointerEvent","False","True","False","available","/Script/UMG.DragDropOperation:DragCancelled","manual","UMG","","","","","","unclassified","pending-native-form-source-join"
"ce93430cd4863bed698aa7a02c1d999d8fa95e5c08ee5ab87aaa8ce608375c40","061c90b40526e6537347bd4f5817dbd2e124e0a07d2267c5a3ab507b0c2662ae","","method","void ClientCheatWalk()","ClientCheatWalk","","void","0","","False","False","False","available","/Script/Engine.Character:ClientCheatWalk","manual","Engine","","","","","","unclassified","pending-native-form-source-join"
"ce9e9f512473323dd6c84767cf1f76eee8f5b5eb5a557051702b87fb7c18ff16","95c5bd2590e7410565721b207a1d17bc6be9388f92234c7eba4b0ba57a3a44b1","","method","bool RemoveBoneTrack(FName BoneName, bool bShouldTransact)","RemoveBoneTrack","","bool","2","FName;bool","False","False","False","available","/Script/Engine.AnimationDataController:RemoveBoneTrack","manual","Engine","","","","","","unclassified","pending-native-form-source-join"
"cea1368b8e99526f7a68e29ba771e5903c755b5d0c770c8075c5eab89623e7cd","37d3caf17e79de34aeba05029e3a80e50c00667f251ab624d817b1e42deabe06","","method","void RequestDirectMove(const FVector&inout MoveVelocity, bool bForceMaxSpeed)","RequestDirectMove","","void","2","FVector;bool","False","True","False","available","/Script/Engine.NavMovementInterface:RequestDirectMove","manual","Engine","","","","","","unclassified","pending-native-form-source-join"
"ceb10b58a74fd13c6510d154f9eff1ae2e7ebaa35bbae79c7963656279526a62","21d382cd7255d52cbb20566516d6b3ceb07797f145c23c7f2383421ca5d88295","","method","void OnFocusLost(FFocusEvent InFocusEvent)","OnFocusLost","","void","1","FFocusEvent","False","False","False","available","/Script/UMG.UserWidget:OnFocusLost","manual","UMG","","","","","","unclassified","pending-native-form-source-join"
"ceb2c16b27e5e9c6843245002931aad4d43ea1470bd6c2c65915b0cbcdc55c69","0fcb3c247d6b30fdf52800684776762ea5ecc3460b9e5e9080a261a01be856ce","","method","void AddDefaultKey(float32 InTime, float32 InValue)","AddDefaultKey","","void","2","float32;float32","False","False","False","available","/Script/AngelscriptRuntime.RuntimeFloatCurveMixinLibrary:AddDefaultKey","manual","AngelscriptRuntime","Angelscript","","","","","unclassified","pending-native-form-source-join"
"cefd51d2a7c093990bcc65dbb91d627cfb6166a4f3de1d255be0a98d0371a6a0","dcbd99e0aca928697bec9e20348375bb54f1ae30e4dd5cc36edd140325fe7d61","","method","void OnEndTest(FNiagaraPerfBaselineStats Stats)","OnEndTest","","void","1","FNiagaraPerfBaselineStats","False","False","False","available","/Script/Niagara.NiagaraBaselineController:OnEndTest","manual","Niagara","Niagara","","","","","unclassified","pending-native-form-source-join"
"cf016b769144285711fc5425d521ec2c2b7232c137206b9191fa7cf0d12aeacb","ce03e8ad9e753f7ce0833b6dfcc8edbd7020df289398d04827f0cffed55f159e","","method","void AssertNotNull(const UObject Object, FString Message)","AssertNotNull","","void","2","const UObject;FString","False","False","True","available","/Script/AngelscriptRuntime.LatentAutomationCommandClientExecutor:AssertNotNull","manual","AngelscriptRuntime","Angelscript","","","","","unclassified","pending-native-form-source-join"
"cf3454de170b4fed048b55a3e0d9c1dcfc74c758ac1dfbd0d1015b85d27bc474","a83d35a672981fa2ea3bb63451bfa7106723aadf8213b57dd66d5aefde9057c0","","method","void ModifierReinstanced(const UInputModifier OldModifier)","ModifierReinstanced","","void","1","const UInputModifier","False","False","True","available","/Script/EnhancedInput.InputModifier:ReceiveModifierReinstanced","manual","EnhancedInput","EnhancedInput","","","","","unclassified","pending-native-form-source-join"
"cf5671a96085d2572f5e81dff83ef975ad3d2d777b0016436eb81374ca14457a","","WidgetLibrary","global-function","FEventReply UnlockMouse(FEventReply&inout Reply)","UnlockMouse","","FEventReply","1","FEventReply","False","True","False","available","/Script/UMG.WidgetBlueprintLibrary:UnlockMouse","manual","UMG","","","","","","unclassified","pending-native-form-source-join"
"cf7e5ceae8aeee7fd4fb434c52e238dce782aeeb1783ee929720bbd45c4945cf","8408ed834089f0d30abf8476c0078c8637280efdb97766920767c790ba00fc66","","method","FKey[] QueryKeysMappedToAction(const UInputAction Action) const","QueryKeysMappedToAction","","FKey[]","1","const UInputAction","False","False","True","available","/Script/EnhancedInput.EnhancedInputSubsystemInterface:QueryKeysMappedToAction","manual","EnhancedInput","EnhancedInput","","","","","unclassified","pending-native-form-source-join"
"cf85e06a9e6e0342f7b3c03544f62f9001e076180c1ead31781fe18c7d85a00d","","USubsystemLibrary","global-function","UObject GetWorldSubsystem(UClass Class)","GetWorldSubsystem","","UObject","1","UClass","False","False","True","available","/Script/AngelscriptRuntime.SubsystemLibrary:GetWorldSubsystem","manual","AngelscriptRuntime","Angelscript","","","","","unclassified","pending-native-form-source-join"
"cf8a73899f5d3f55d869339119f3092751c8c27eb4c7560f62da0a4c865e08d2","abf73796a44b7720aec99f689293c11d1394f589f456deaff3243a9c6776dfac","","method","bool RegisterInputMappingContext(const UInputMappingContext IMC)","RegisterInputMappingContext","","bool","1","const UInputMappingContext","False","False","True","available","/Script/EnhancedInput.EnhancedInputUserSettings:RegisterInputMappingContext","manual","EnhancedInput","EnhancedInput","","","","","unclassified","pending-native-form-source-join"
"cfb37f6dc98fdc9d4f94e399cb5ba5e525b1427d3acc9262b73d4618860b2957","","FQuat4f","global-function","FQuat4f MakeFromXY(const FVector3f&inout XAxis, const FVector3f&inout YAxis)","MakeFromXY","","FQuat4f","2","FVector3f;FVector3f","False","True","False","available","/Script/AngelscriptRuntime.AngelscriptFQuat4fLibrary:MakeFromXY","manual","AngelscriptRuntime","Angelscript","","","","","unclassified","pending-native-form-source-join"
"cfcf179974e02dc6e491c78c6a4ab01914efb7a6ef592634b87abf87c260d7c1","fa24378319ef169d1149805ded22c404f691f2ea8b34352ec52aeaff336adb02","","method","void GetResolutionScaleInformationEx(float32&inout CurrentScaleNormalized, float32&inout CurrentScaleValue, float32&inout MinScaleValue, float32&inout MaxScaleValue) const","GetResolutionScaleInformationEx","","void","4","float32;float32;float32;float32","False","True","False","available","/Script/Engine.GameUserSettings:GetResolutionScaleInformationEx","manual","Engine","","","","","","unclassified","pending-native-form-source-join"
"cff301240e58ccc8684f3647e1068be287e0ac65bc4a009e54e195d3ffbc1539","c20244b47ee8508006d90b0eb2fff6802cbb4dfa9fab6cc140fbcd05be77de57","","method","void TickAI(AAIController OwnerController, APawn ControlledPawn, float32 DeltaSeconds)","TickAI","","void","3","AAIController;APawn;float32","False","False","True","available","/Script/AIModule.BTDecorator_BlueprintBase:ReceiveTickAI","manual","AIModule","","","","","","unclassified","pending-native-form-source-join"
"d01bb8cc4a1694d364b430624e62c1b36e0809559f26fb83719197f10813a02b","","UInputDeviceLibrary","global-function","FPlatformUserId GetUserForUnpairedInputDevices()","GetUserForUnpairedInputDevices","","FPlatformUserId","0","","False","False","False","available","/Script/Engine.InputDeviceLibrary:GetUserForUnpairedInputDevices","manual","Engine","","","","","","unclassified","pending-native-form-source-join"
"d01d275dfc2aaeadcf39720d5d54ca4cba46638dc495075831d5a10a6af2fb68","963d40ad58971f34b1657ec6842fc5b633ddb71446375851d53091403c53936c","","method","void OnMatchEnded(FString Match)","OnMatchEnded","","void","1","FString","False","False","False","available","/Script/OnlineSubsystem.TurnBasedMatchInterface:OnMatchEnded","manual","OnlineSubsystem","OnlineSubsystem","","","","","unclassified","pending-native-form-source-join"
"d058a7998dd2050540bbc1394d9edf8eab99d2e2f1952471265ec16716b30d32","","UGameplayStatics","global-function","UAudioComponent SpawnSoundAtLocation(const UObject WorldContextObject, USoundBase Sound, FVector Location, FRotator Rotation = FRotator ( ), float32 VolumeMultiplier = 1.000000, float32 PitchMultiplier = 1.000000, float32 StartTime = 0.000000, USoundAttenuation AttenuationSettings = nullptr, USoundConcurrency ConcurrencySettings = nullptr, bool bAutoDestroy = true)","SpawnSoundAtLocation","","UAudioComponent","10","const UObject;USoundBase;FVector;FRotator;float32;float32;float32;USoundAttenuation;USoundConcurrency;bool","True","False","True","available","/Script/Engine.GameplayStatics:SpawnSoundAtLocation","manual","Engine","","","","","","unclassified","pending-native-form-source-join"
"d078046d7e875316a5fce010396ab4aa0513efa860142fd8670ec3ed7073cfe3","","UGameplayStatics","global-function","void ActivateReverbEffect(const UObject WorldContextObject, UReverbEffect ReverbEffect, FName TagName, float32 Priority = 0.000000, float32 Volume = 0.500000, float32 FadeTime = 2.000000)","ActivateReverbEffect","","void","6","const UObject;UReverbEffect;FName;float32;float32;float32","True","False","True","available","/Script/Engine.GameplayStatics:ActivateReverbEffect","manual","Engine","","","","","","unclassified","pending-native-form-source-join"
"d080082857a18fc427fdcdb3ede7d87ec20991f104b11220a4caf5e908779102","","PlatformLibrary","global-function","int ScheduleLocalNotificationAtTime(const FDateTime&inout FireDateTime, bool LocalTime, const FText&inout Title, const FText&inout Body, const FText&inout Action, FString ActivationEvent)","ScheduleLocalNotificationAtTime","","int","6","FDateTime;bool;FText;FText;FText;FString","False","True","False","available","/Script/Engine.BlueprintPlatformLibrary:ScheduleLocalNotificationAtTime","manual","Engine","","","","","","unclassified","pending-native-form-source-join"
"d084f8d99cdd505a81fbfa79f29d3e15293d9342f92fabc0c6227666e251a932","aafc390ad2b6c616d8283f777abbedbc3ae249211d1cba37623650a093bb90ea","","method","FString GetDebugString() const","GetDebugString","","FString","0","","False","False","False","available","/Script/NavigationSystem.NavigationPath:GetDebugString","manual","NavigationSystem","","","","","","unclassified","pending-native-form-source-join"
"d09fb7e02c0413311015bfbb7b47c8e4150de944514dda25eef9f333f08c1ba4","","WidgetLibrary","global-function","FEventReply SetUserFocus(FEventReply&inout Reply, UWidget FocusWidget, bool bInAllUsers = false)","SetUserFocus","","FEventReply","3","FEventReply;UWidget;bool","True","True","True","available","/Script/UMG.WidgetBlueprintLibrary:SetUserFocus","manual","UMG","","","","","","unclassified","pending-native-form-source-join"
"d0b5a6e309d29209682116621ab87b2ef1cc357e9834c782c3f1eabb0e724967","0263a8284e1e91f4e02ae1b1f2fe1f137a27488c205e7c0f8937b56bf4954254","","method","UParticleSystem OverridePSTemplate(USkeletalMeshComponent MeshComp, UAnimSequenceBase Animation) const","OverridePSTemplate","","UParticleSystem","2","USkeletalMeshComponent;UAnimSequenceBase","False","False","True","available","/Script/Engine.AnimNotifyState_Trail:OverridePSTemplate","manual","Engine","","","","","","unclassified","pending-native-form-source-join"
"d0ea834c7b092e2b5d62f1b8e68e78a65ead2ea1feebacde63ba4fd144841990","48c1111f70539cbd6d1285d6bc2c25f4629fe1bf1442d7fdc4750982eff660e1","","method","float32 GetPlayRate() const","GetPlayRate","","float32","0","","False","False","False","available","/Script/Engine.TimelineComponent:GetPlayRate","manual","Engine","","","","","","unclassified","pending-native-form-source-join"
"d15ee55444284b2d611499b0d975fadd1c7599bd37ec7a67146e395871422573","","UConstraintInstanceBlueprintLibrary","global-function","void GetAngularSoftTwistLimitParams(FConstraintInstanceAccessor&inout Accessor, bool&inout bSoftTwistLimit, float32&inout TwistLimitStiffness, float32&inout TwistLimitDamping, float32&inout TwistLimitRestitution, float32&inout TwistLimitContactDistance)","GetAngularSoftTwistLimitParams","","void","6","FConstraintInstanceAccessor;bool;float32;float32;float32;float32","False","True","False","available","/Script/Engine.ConstraintInstanceBlueprintLibrary:GetAngularSoftTwistLimitParams","manual","Engine","","","","","","unclassified","pending-native-form-source-join"
"d1631bfac404fb6558fdf4057204b66ae99548272a1e54e0914f2fd71ed7e524","","UGameplayStatics","global-function","void SetSubtitlesEnabled(bool bEnabled)","SetSubtitlesEnabled","","void","1","bool","False","False","False","available","/Script/Engine.GameplayStatics:SetSubtitlesEnabled","manual","Engine","","","","","","unclassified","pending-native-form-source-join"
"d18024af9bb978bd6fdf1df5f0aeaa114ec8ba18f4a0a1eeddc078a1a49e1738","","FQuat","global-function","FQuat GetRelative(const FQuat&inout ParentWorldRotation, const FQuat&inout ChildWorldRotation)","GetRelative","","FQuat","2","FQuat;FQuat","False","True","False","available","/Script/AngelscriptRuntime.AngelscriptFQuatStaticLibrary:GetRelative","manual","AngelscriptRuntime","Angelscript","","","","","unclassified","pending-native-form-source-join"
"d1a04ef4e1a6f421d58bf46f3da2ef8d5397c78018e89e131b7d42891396eda3","8fb03d2805f10d52065d1c65e9dcd91b4549d6c486b24f525bcd3787c984fb66","","method","void ScanModifiedAssetFiles(const FString[]&inout InFilePaths)","ScanModifiedAssetFiles","","void","1","FString[]","False","True","False","available","/Script/AssetRegistry.AssetRegistry:ScanModifiedAssetFiles","manual","AssetRegistry","","","","","","unclassified","pending-native-form-source-join"
"d21c100151315a5259a87aad7596a983fefb999082f2b18b083cc9de2c20d754","221735b2ef09d2dff90eada6b7ac0853d3139484f79de08dd996d968d950a15e","","method","bool SetWorldAsset(TSoftObjectPtr<UWorld> WorldAsset)","SetWorldAsset","","bool","1","TSoftObjectPtr<UWorld>","False","False","False","available","/Script/Engine.LevelInstanceInterface:SetWorldAsset","manual","Engine","","","","","","unclassified","pending-native-form-source-join"
"d27ebee6e69c2c8f345f37327030f80e5bd5f978773987465a049a0750445d49","8230f3845037455d9c38306067afdbe0eb7d1c8cfa840273417ef24dffac3c92","","method","FWidgetTransform& GetRenderTransform()","GetRenderTransform","","FWidgetTransform","0","","False","False","False","available","/Script/AngelscriptRuntime.AngelscriptWidgetMixinLibrary:GetRenderTransform","manual","AngelscriptRuntime","Angelscript","","","","","unclassified","pending-native-form-source-join"
"d27f47846faca3a1faccc85c95aedd3d6db32498a176723502fe958017391682","b2b9a078c3b1fca05cd23fdbe561ec8700e291a4052fc7e9215d4508e0247299","","method","void GetActorSoundParams(FAudioParameter[]&inout Params) const","GetActorSoundParams","","void","1","FAudioParameter[]","False","True","False","available","/Script/Engine.ActorSoundParameterInterface:GetActorSoundParams","manual","Engine","","","","","","unclassified","pending-native-form-source-join"
"d2a5e6273397a981acd0bf05d2628faafd73d9dacaae7b7e9e4dcef45559b464","af227d35a24db9f5ce01b0ebcf9f55bd104b5cf86322c7403be4d525e4a5041b","","method","void ActorOnReleased(FKey ButtonReleased)","ActorOnReleased","","void","1","FKey","False","False","False","available","/Script/Engine.Actor:ReceiveActorOnReleased","manual","Engine","","","","","","unclassified","pending-native-form-source-join"
"d2d04ad481730dfa592ead3f7a247770a3cb25a0b708fee08fbaaeb1e18f086f","","UBlueprintSpringMathLibrary","global-function","FVector CubicInertializeApplyToScale(FVector InScale, FVector InScaleOffset, FVector InScalarVelocityOffset, float32 TimeSinceTransition, float32 BlendTime = 0.200000)","CubicInertializeApplyToScale","","FVector","5","FVector;FVector;FVector;float32;float32","True","False","False","available","/Script/Engine.BlueprintSpringMathLibrary:CubicInertializeApplyToScale","manual","Engine","","","","","","unclassified","pending-native-form-source-join"
"d2e960ab5e6c7ae97f3b0c5ad09d46a0dbe07fb24970cadd473eb993c9add44a","c0bb55b31b172af739ea5a3161cf385fce49e56d3e6b543cf9b759a260180619","","method","int DynamicPinTypesOverride(const UPCGSettings InSettings, const UPCGPin InPin) const","DynamicPinTypesOverride","","int","2","const UPCGSettings;const UPCGPin","False","False","True","available","/Script/PCG.PCGBlueprintBaseElement:DynamicPinTypesOverride","manual","PCG","PCG","","","","","unclassified","pending-native-form-source-join"
"d2fd8652f04eb564dda6dae487a07e5a5c23757c4553c018a2ca4a11f4fe244a","799b90ba8b18bce814d612059a004d33f44dabc489bb4a62bf2f639bdf1c7154","","method","void OnActivate(APlayerController OriginalPC)","OnActivate","","void","1","APlayerController","False","False","True","available","/Script/Engine.DebugCameraController:ReceiveOnActivate","manual","Engine","","","","","","unclassified","pending-native-form-source-join"
"d304816368935bee227b6ab6e28d0bd7de5774e3d2c2c2935b34a5e76cd64a9e","","UGameplayStatics","global-function","bool SuggestProjectileVelocity_CustomArc(const UObject WorldContextObject, FVector&inout OutLaunchVelocity, FVector StartPos, FVector EndPos, float32 OverrideGravityZ = 0.000000, float32 ArcParam = 0.500000)","SuggestProjectileVelocity_CustomArc","","bool","6","const UObject;FVector;FVector;FVector;float32;float32","True","True","True","available","/Script/Engine.GameplayStatics:SuggestProjectileVelocity_CustomArc","manual","Engine","","","","","","unclassified","pending-native-form-source-join"
"d3350cf32cf25eb5d663a1880283e33bdafce22de0e534174d12b83b4a516300","","UInputDeviceLibrary","global-function","bool IsValidPlatformId(FPlatformUserId UserId)","IsValidPlatformId","","bool","1","FPlatformUserId","False","False","False","available","/Script/Engine.InputDeviceLibrary:IsValidPlatformId","manual","Engine","","","","","","unclassified","pending-native-form-source-join"
"d33ff0e8bc47f710a1f02ff4c91ced88445523d641c44905f48cb2a76499c7ed","a048e09fab5b35c796657bb67d416dd5c79c96ad1914c69990329d6bc1e2dc7a","","method","void ClientGameEnded(AActor EndGameFocus, bool bIsWinner)","ClientGameEnded","","void","2","AActor;bool","False","False","True","available","/Script/Engine.PlayerController:ClientGameEnded","manual","Engine","","","","","","unclassified","pending-native-form-source-join"
"d35c49af01c0d9e4b467737c210408bc9932ceeac15b2678921b122124d77eb8","","FTransform3f","global-function","FTransform3f MakeFromYX(const FVector3f&inout YAxis, const FVector3f&inout XAxis)","MakeFromYX","","FTransform3f","2","FVector3f;FVector3f","False","True","False","available","/Script/AngelscriptRuntime.AngelscriptFTransform3fLibrary:MakeFromYX","manual","AngelscriptRuntime","Angelscript","","","","","unclassified","pending-native-form-source-join"
"d375089456f16f78252257dbf7881c79b3c74a7073cfef47fea1829922692be0","af227d35a24db9f5ce01b0ebcf9f55bd104b5cf86322c7403be4d525e4a5041b","","method","void AsyncPhysicsTick(float32 DeltaSeconds, float32 SimSeconds)","AsyncPhysicsTick","","void","2","float32;float32","False","False","False","available","/Script/Engine.Actor:ReceiveAsyncPhysicsTick","manual","Engine","","","","","","unclassified","pending-native-form-source-join"
"d3892fd4b64fe46e58c3f7de8d79a00ee4d8dc55384970b6122d5397b27bf0a8","2858a5f3b4611eebb1accb6676c7a46a708c228089fdf11a28fea1f451b3a916","","method","void ApplyToPreview(UNiagaraComponent PreviewComponent, int PreviewIndex, bool bIsXAxis, FString&inout OutLabelText)","ApplyToPreview","","void","4","UNiagaraComponent;int;bool;FString","False","True","True","available","/Script/Niagara.NiagaraPreviewAxis:ApplyToPreview","manual","Niagara","Niagara","","","","","unclassified","pending-native-form-source-join"
"d38a877ae6fb114103a7278dcb35fac230534e9be2f5e188ef7593c7bcf4dc54","bf3903cbca18b0ef0db7f73b96343bf92fa98c3d9c680e1243c4009d3c3a936a","","method","void HandleNetworkError(ENetworkFailure FailureType, bool bIsServer)","HandleNetworkError","","void","2","ENetworkFailure;bool","False","False","False","available","/Script/Engine.GameInstance:HandleNetworkError","manual","Engine","","","","","","unclassified","pending-native-form-source-join"
"d39449220c100b06a1649cb4cd4be66427fea8574fef40a7217c4574d2f3cbcf","4f8e7441dd6629847eb00d9f80705d20098ad235220d252c2a2c723530d64500","","method","void NotifyMovementOngoing(const FScriptTypedElementHandle&inout InElementHandle)","NotifyMovementOngoing","","void","1","FScriptTypedElementHandle","False","True","False","available","/Script/Engine.TypedElementWorldInterface:NotifyMovementOngoing","manual","Engine","","","","","","unclassified","pending-native-form-source-join"
"d3b13617f00b20c8ad94e265f789ddc7395bcbb646b529a3874832ef450ccee3","af227d35a24db9f5ce01b0ebcf9f55bd104b5cf86322c7403be4d525e4a5041b","","method","APawn GetInstigator() const","GetInstigator","","APawn","0","","False","False","False","available","/Script/Engine.Actor:GetInstigator","manual","Engine","","","","","","unclassified","pending-native-form-source-join"
"d3ddad9f748ac6edf16adb174984fba5ce992e89cea13556747cd147750b0fa8","abf73796a44b7720aec99f689293c11d1394f589f456deaff3243a9c6776dfac","","method","void SaveSettings()","SaveSettings","","void","0","","False","False","False","available","/Script/EnhancedInput.EnhancedInputUserSettings:SaveSettings","manual","EnhancedInput","EnhancedInput","","","","","unclassified","pending-native-form-source-join"
"d3e1d25d037a96fc35a32b22cbac9c0e1144d0f4fe14b0e24e2b1d3e7423b7eb","a6aa67985a5e65d2276dd4d90be7ddbd8156210ef5aba5f40d929026aa763364","","method","void ScriptedExecutePostFactoryPipeline(const UInterchangeBaseNodeContainer BaseNodeContainer, FString FactoryNodeKey, UObject CreatedAsset, bool bIsAReimport)","ScriptedExecutePostFactoryPipeline","","void","4","const UInterchangeBaseNodeContainer;FString;UObject;bool","False","False","True","available","/Script/InterchangeCore.InterchangePipelineBase:ScriptedExecutePostFactoryPipeline","manual","InterchangeCore","","","","","","unclassified","pending-native-form-source-join"
"d3efb3d89838ef5da864aabd1bcade2b1493ce617a3675920df70ecf81570e8c","39cb973d05d8085ad37bb26adc1a74cb06aa0c10800b6ec5fec40eacc3bcff1e","","method","EMovieSceneConditionScope GetScope() const","GetScope","","EMovieSceneConditionScope","0","","False","False","False","available","/Script/MovieScene.MovieSceneCondition:BP_GetScope","manual","MovieScene","","","","","","unclassified","pending-native-form-source-join"
"d3fae71f0f03165493f3cb1a44f37855dd22fff3aebc2e2d1f03ce5960008d52","82b49778050438b5a27d8b1df094f6d3b772d4216282a4dc80a142446a746688","","method","void DrawText(FString Text, FLinearColor TextColor, float32 ScreenX, float32 ScreenY, UFont Font = nullptr, float32 Scale = 1.000000, bool bScalePosition = false)","DrawText","","void","7","FString;FLinearColor;float32;float32;UFont;float32;bool","True","False","True","available","/Script/Engine.HUD:DrawText","manual","Engine","","","","","","unclassified","pending-native-form-source-join"
"d4069bfd2f5588e9548c60e644ba73310d520f8eb580fe7d84f59570be896ef8","","WidgetLibrary","global-function","UTexture2D GetBrushResourceAsTexture2D(const FSlateBrush&inout Brush)","GetBrushResourceAsTexture2D","","UTexture2D","1","FSlateBrush","False","True","False","available","/Script/UMG.WidgetBlueprintLibrary:GetBrushResourceAsTexture2D","manual","UMG","","","","","","unclassified","pending-native-form-source-join"
"d44e5e5cef3952fddfb7d296e3d70c7c511938062508c7d6b61ce90e9b22314c","eb9db4974c2c84b3de7248f0dcc19ddbe9fe5a895134ac9ee72db3e7aec44cbf","","method","FCurveKeyHandle AddCurveKeyBrokenTangent(float32 InTime, float32 InValue, float32 ArriveTangent, float32 LeaveTangent)","AddCurveKeyBrokenTangent","","FCurveKeyHandle","4","float32;float32;float32;float32","False","False","False","available","/Script/AngelscriptRuntime.RuntimeFloatCurveMixinLibrary:AddCurveKeyBrokenTangent","manual","AngelscriptRuntime","Angelscript","","","","","unclassified","pending-native-form-source-join"
"d45615cc3f61390b743c4c1c22af12af66137005b5fb670f49591b01775b60cb","","UGameplayStatics","global-function","bool SuggestProjectileVelocity_MovingTarget(const UObject WorldContextObject, FVector&inout OutLaunchVelocity, FVector ProjectileStartLocation, AActor TargetActor, FVector TargetLocationOffset = FVector ( ), float GravityZOverride = 0.000000, float TimeToTarget = 1.000000, EDrawDebugTrace DrawDebugType = Type :: None, float32 DrawDebugTime = 3.000000, FLinearColor DrawDebugColor = FLinearColor ( 1.000000 , 0.000000 , 0.000000 , 1.000000 ))","SuggestProjectileVelocity_MovingTarget","","bool","10","const UObject;FVector;FVector;AActor;FVector;float;float;EDrawDebugTrace;float32;FLinearColor","True","True","True","available","/Script/Engine.GameplayStatics:SuggestProjectileVelocity_MovingTarget","manual","Engine","","","","","","unclassified","pending-native-form-source-join"
"d47e2c4cdac95e17baab2b2a7d00adc784da9fedcef3803d1740a6fccf26b2d3","fb0d0e69d455f41eb245c1bd16b08ee5ea1da3aa0a0c7605bb09b76168f08b34","","method","void BeforeAll()","BeforeAll","","void","0","","False","False","False","available","/Script/AngelscriptRuntime.AngelscriptTestSuite:BeforeAll","manual","AngelscriptRuntime","Angelscript","","","","","unclassified","pending-native-form-source-join"
"d48fa8e13fe75827896fc60db13aadaa2d33f952d3fe5451f162771fdebf26a2","6c209a9c09297820472fd09ebffb6ec8db0c910c82a19313dcbb743f3ad7f792","","method","void InitCheatManager()","InitCheatManager","","void","0","","False","False","False","available","/Script/Engine.CheatManager:ReceiveInitCheatManager","manual","Engine","","","","","","unclassified","pending-native-form-source-join"
"d4c659f4cb622538fe0ca7b8642394763ef60d810f3597ddeafa777bc0f59b11","27ddad6fedf9b8f7de9094a8b871547cb583cd27bb8201d52384c0d6916b16c2","","method","void SetPadding(FMargin InPadding)","SetPadding","","void","1","FMargin","False","False","False","available","/Script/UMG.WrapBoxSlot:SetPadding","manual","UMG","","","","","","unclassified","pending-native-form-source-join"
"d4f14fb68c2c55e515cb6658c88fd39c97ecaaaf8f004f88ba53b605379b5365","66e8fa3eb6d39fd7ac2555adb43e2e561982b10b1716182fefc8953400ac14b8","","method","FScriptTypedElementHandle[] PasteElementsFromString(UTypedElementSelectionSet SelectionSet, UWorld World, const FTypedElementPasteOptions&inout PasteOption, FString InputString)","PasteElementsFromString","","FScriptTypedElementHandle[]","4","UTypedElementSelectionSet;UWorld;FTypedElementPasteOptions;FString","False","True","True","available","/Script/Engine.TypedElementCommonActions:PasteElementsFromString","manual","Engine","","","","","","unclassified","pending-native-form-source-join"
"d527da1eab345b4e2de40f4050e14d2d29afaa426bafc3090b077a7710e67fe4","608e7e7c4ee55f85b068d102478b12fb104ba357ad55abe9f75465cbfd4127b7","","method","FVector GetBoneLocationByName(FName BoneName, EBoneSpaces BoneSpace)","GetBoneLocationByName","","FVector","2","FName;EBoneSpaces","False","False","False","available","/Script/Engine.PoseableMeshComponent:GetBoneLocationByName","manual","Engine","","","","","","unclassified","pending-native-form-source-join"
"d5668fa8ebc63c2f62a06b45c7d5c816691a1b8eea63262bd4112f7b30dcd42a","37bcc56137e6a420e62cf2e07774f8ab1bda170a82945a2ae8428f275ae4117a","","method","FString ToColorString() const","ToColorString","","FString","0","","False","False","False","available","/Script/AngelscriptRuntime.AngelscriptFVectorMixinLibrary:ToColorString","manual","AngelscriptRuntime","Angelscript","","","","","unclassified","pending-native-form-source-join"
"d573c944a60e1d5fa964b180b3b30f6d0b92cb544e63028e1a72baaa67ff6755","e92da10d4c25e2124b49ea4bcb62f9fdea96b4ab8e990364a52cb5fd8e1b57c7","","method","void OnDataLayerRuntimeStateChanged(const UDataLayerInstance InDataLayer, EDataLayerRuntimeState InState)","OnDataLayerRuntimeStateChanged","","void","2","const UDataLayerInstance;EDataLayerRuntimeState","False","False","True","available","/Script/Engine.WorldDataLayers:OnDataLayerRuntimeStateChanged","manual","Engine","","","","","","unclassified","pending-native-form-source-join"
"d58a571a4b9ac7bcd04818f8bd5274bb9e7b401de8e6f108de17fa75db538ee4","6e9dcc4f18691047675fdf57eab25aa058a26b825c43334757a1d3be615ff8ea","","method","APlayerController GetLocalPlayerController() const","GetLocalPlayerController","","APlayerController","0","","False","False","False","available","/Script/Engine.LocalPlayerSaveGame:GetLocalPlayerController","manual","Engine","","","","","","unclassified","pending-native-form-source-join"
"d5962dbe4ce89899ab2e25d181f42d7c2bdc9b4011c11da84435d970f3a30330","962636ab7932ed55dcdae3f5ff9d67867f35e44a1ed24778dd6b10931980c8e6","","method","void OnConstructed(USoundSubmixBase SoundSubmix)","OnConstructed","","void","1","USoundSubmixBase","False","False","True","available","/Script/Engine.SoundSubmixWidgetInterface:OnConstructed","manual","Engine","","","","","","unclassified","pending-native-form-source-join"
"d5a2d1c3009f462a593bbc2521ef70a96fc801838e931241985ca698ce0b9e3b","82b49778050438b5a27d8b1df094f6d3b772d4216282a4dc80a142446a746688","","method","void DrawMaterial(UMaterialInterface Material, float32 ScreenX, float32 ScreenY, float32 ScreenW, float32 ScreenH, float32 MaterialU, float32 MaterialV, float32 MaterialUWidth, float32 MaterialVHeight, float32 Scale = 1.000000, bool bScalePosition = false, float32 Rotation = 0.000000, FVector2D RotPivot = FVector2D ( ))","DrawMaterial","","void","13","UMaterialInterface;float32;float32;float32;float32;float32;float32;float32;float32;float32;bool;float32;FVector2D","True","False","True","available","/Script/Engine.HUD:DrawMaterial","manual","Engine","","","","","","unclassified","pending-native-form-source-join"
"d5b5ba459376a82edd43fcefa7d6d7550f9f50e0019f5545fdab52cab7eb98f5","37d3caf17e79de34aeba05029e3a80e50c00667f251ab624d817b1e42deabe06","","method","void StopMovementKeepPathing()","StopMovementKeepPathing","","void","0","","False","False","False","available","/Script/Engine.NavMovementInterface:StopMovementKeepPathing","manual","Engine","","","","","","unclassified","pending-native-form-source-join"
"d638dc9d13d58005e6bcda54408ff2275f1b5e469d4ef23410639fdc39983a88","af227d35a24db9f5ce01b0ebcf9f55bd104b5cf86322c7403be4d525e4a5041b","","method","void SetActorScale3D(FVector NewScale3D)","SetActorScale3D","","void","1","FVector","False","False","False","available","/Script/Engine.Actor:SetActorScale3D","manual","Engine","","","","","","unclassified","pending-native-form-source-join"
"d63ca88cca0b43fe5497777eebbc9da61ead051c8d14c6904110c3914dfe7067","","UConstraintInstanceBlueprintLibrary","global-function","void SetMassConditioningEnabled(FConstraintInstanceAccessor&inout Accessor, bool bEnableMassConditioning)","SetMassConditioningEnabled","","void","2","FConstraintInstanceAccessor;bool","False","True","False","available","/Script/Engine.ConstraintInstanceBlueprintLibrary:SetMassConditioningEnabled","manual","Engine","","","","","","unclassified","pending-native-form-source-join"
"d63ff089ef37d78c2a03ec794d902b3507814e3b61af6cfd9225d5937137a19f","348b58163d08063d0ce690d043406e3b905e43c4238d9267ab287848a9d0f5c0","","method","void ClientOnConnected()","ClientOnConnected","","void","0","","False","False","False","available","/Script/OnlineSubsystemUtils.OnlineBeaconClient:ClientOnConnected","manual","OnlineSubsystemUtils","OnlineSubsystemUtils","","","","","unclassified","pending-native-form-source-join"
"d6587be59fc76c3fb36a0edfba0edb04174c2db74ca08bf54b6626545f426d90","fa24378319ef169d1149805ded22c404f691f2ea8b34352ec52aeaff336adb02","","method","void SetScreenResolution(FIntPoint Resolution)","SetScreenResolution","","void","1","FIntPoint","False","False","False","available","/Script/Engine.GameUserSettings:SetScreenResolution","manual","Engine","","","","","","unclassified","pending-native-form-source-join"
"d660a29039d8c59813e263e5bad77a0fd9d0f7019927257f5d4bf16cb84e4699","c375565b8bc7d59a45f79269d328bdba586eff989b4afbdd7e9653e56dffb86e","","method","void SetStringParameter(FName InName, FString InValue)","SetStringParameter","","void","2","FName;FString","False","False","False","available","/Script/AudioExtensions.AudioParameterControllerInterface:SetStringParameter","manual","AudioExtensions","","","","","","unclassified","pending-native-form-source-join"
"d67742da4c454dfe3c101de4ed4e7919e6c555d66d9f615ba29684020777cfac","9cad6108f171e0f69ded0ac54edb8896a1680585edebaa5c9df0609cdf9111f7","","method","float32 OnEvaluate(float32 Interp) const","OnEvaluate","","float32","1","float32","False","False","False","available","/Script/MovieScene.MovieSceneEasingFunction:OnEvaluate","manual","MovieScene","","","","","","unclassified","pending-native-form-source-join"
"d678d9dc1c25ff4b7d69edae01121de2785196a8bfeee903ec564fd8b8208415","c375565b8bc7d59a45f79269d328bdba586eff989b4afbdd7e9653e56dffb86e","","method","void SetStringArrayParameter(FName InName, const FString[]&inout InValue)","SetStringArrayParameter","","void","2","FName;FString[]","False","True","False","available","/Script/AudioExtensions.AudioParameterControllerInterface:SetStringArrayParameter","manual","AudioExtensions","","","","","","unclassified","pending-native-form-source-join"
"d6d0e24113088b0e83f0abafe59d2a6a3177aa5e7ba742b38b0297c5852038e0","e54395c8e8514953dfbf3fbeabf065860f6a71585f8f76b50ad0927920f7fcb1","","method","void SetQuadSize(FVector2D InQuadSize)","SetQuadSize","","void","1","FVector2D","False","False","False","available","/Script/Engine.StereoLayerComponent:SetQuadSize","manual","Engine","","","","","","unclassified","pending-native-form-source-join"
"d6ec7a009db1d54d218802e1926f626857403cc39d1d4d922b2aac2527aa9590","","UConstraintInstanceBlueprintLibrary","global-function","void GetAngularVelocityTarget(FConstraintInstanceAccessor&inout Accessor, FVector&inout OutVelTarget)","GetAngularVelocityTarget","","void","2","FConstraintInstanceAccessor;FVector","False","True","False","available","/Script/Engine.ConstraintInstanceBlueprintLibrary:GetAngularVelocityTarget","manual","Engine","","","","","","unclassified","pending-native-form-source-join"
"d6f01bc6b923c0c92390264312dd267e92d5d8b8e8f78bc9511862821b283276","4159abbd91461ceba2726bc46a803f8fce04f34112fe9e88b20342e21594e437","","method","bool UpdateOnClient()","UpdateOnClient","","bool","0","","False","False","False","available","/Script/AngelscriptRuntime.LatentAutomationCommand:UpdateOnClient","manual","AngelscriptRuntime","Angelscript","","","","","unclassified","pending-native-form-source-join"
"d6f84bc33ec5e7224eea6052cc7c923e082421c488700b549cc1a19362481347","801788eccde01ef4326d9743f85d3f44d9d957486768be101028a0fdcb116b06","","method","FVector3f GetRightVector() const","GetRightVector","","FVector3f","0","","False","False","False","available","/Script/AngelscriptRuntime.AngelscriptFRotator3fLibrary:GetRightVector","manual","AngelscriptRuntime","Angelscript","","","","","unclassified","pending-native-form-source-join"
"d716c23f5aa326acb0ac6b38fd901485065fec2042d0ca69a22beb6d5ce8ee21","94aad154bf9360bdb3330fb75452194b52ae7b8b4a2cccde2d1cdcedffebf6ad","","method","void Deinitialize()","Deinitialize","","void","0","","False","False","False","available","/Script/AngelscriptRuntime.ScriptEngineSubsystem:BP_Deinitialize","manual","AngelscriptRuntime","Angelscript","","","","","unclassified","pending-native-form-source-join"
"d71f921f18c652e41f61c442abe07de0d63d0a9b9b4480d9bfa7d9ae112cbccd","be62f0cbbf09d73bb841fde0d378a8be9b9926f6268a1e34c670edd34ff5ba1f","","method","void ExitState(const FStateTreeTransitionResult&inout Transition)","ExitState","","void","1","FStateTreeTransitionResult","False","True","False","available","/Script/StateTreeModule.StateTreeTaskBlueprintBase:ReceiveExitState","manual","StateTreeModule","StateTree","","","","","unclassified","pending-native-form-source-join"
"d72dfe1ccb1e68b510bad7a3e77d45290afc240609f6b695d74a297ee97cb3ef","","PrimitiveComponentUtilities","global-function","void RemoveVisibilityOwnerActor(AActor Actor, AActor Owner, bool bRecursivelyIncludeAttachedActors)","RemoveVisibilityOwnerActor","","void","3","AActor;AActor;bool","False","False","True","available","/Script/Engine.PrimitiveComponentUtilities:RemoveVisibilityOwnerActor","manual","Engine","","","","","","unclassified","pending-native-form-source-join"
"d73efd534683628fb3d06f7db0a09ab51502e9cb9591271c120df78595d9f217","fa24378319ef169d1149805ded22c404f691f2ea8b34352ec52aeaff336adb02","","method","bool IsHDRUILuminanceSeparate() const","IsHDRUILuminanceSeparate","","bool","0","","False","False","False","available","/Script/Engine.GameUserSettings:IsHDRUILuminanceSeparate","manual","Engine","","","","","","unclassified","pending-native-form-source-join"
"d73f148e443664134108291633131c5a9891c819aeb73bacf578be2f1986fb6f","877242e59f270f3007210bf5cd3764d6f9178a314708334fc1089e9ccdd2d912","","method","bool IsLocalPlayerController() const","IsLocalPlayerController","","bool","0","","False","False","False","available","/Script/Engine.Controller:IsLocalPlayerController","manual","Engine","","","","","","unclassified","pending-native-form-source-join"
"d7431909d820243af744ba7802571850bf5b290b8b81e5a2e5de3dca46d9e6ae","","UDEPRECATED_LightWeightInstanceBlueprintFunctionLibrary","global-function","FActorInstanceHandle ConvertActorToLightWeightInstance(AActor Actor)","ConvertActorToLightWeightInstance","","FActorInstanceHandle","1","AActor","False","False","True","available","/Script/Engine.LightWeightInstanceBlueprintFunctionLibrary:ConvertActorToLightWeightInstance","manual","Engine","","","","","","unclassified","pending-native-form-source-join"
"d77e52c6fda4cf1f4737ec27a85ca225fcc3655bfec30f222a71d7f9b38405ff","a048e09fab5b35c796657bb67d416dd5c79c96ad1914c69990329d6bc1e2dc7a","","method","void ClientPlaySoundAtLocation(USoundBase Sound, FVector Location, float32 VolumeMultiplier, float32 PitchMultiplier)","ClientPlaySoundAtLocation","","void","4","USoundBase;FVector;float32;float32","False","False","True","available","/Script/Engine.PlayerController:ClientPlaySoundAtLocation","manual","Engine","","","","","","unclassified","pending-native-form-source-join"
"d79fdd6987395cf71ee4489fe7fc19a8cad1288b6bac0fe26164c168c1081be5","","UBlueprintSpringMathLibrary","global-function","void VelocitySpringDampVector2D(FVector2D&inout InOutX, FVector2D&inout InOutV, FVector2D&inout InOutVi, const FVector2D&inout TargetX, float32 MaxSpeed, float32 DeltaTime, float32 SmoothingTime = 0.200000)","VelocitySpringDampVector2D","","void","7","FVector2D;FVector2D;FVector2D;FVector2D;float32;float32;float32","True","True","False","available","/Script/Engine.BlueprintSpringMathLibrary:VelocitySpringDampVector2D","manual","Engine","","","","","","unclassified","pending-native-form-source-join"
"d813b1f135947dd6b1996451d53f428cac0f7c8ebbd3c03d79c751f2b62f38a1","3d4d1119908556da08477e1469fb83b3cf78931ae24580881c93a9939c454775","","method","bool ExportToAsset(UPCGDataAsset Asset)","ExportToAsset","","bool","1","UPCGDataAsset","False","False","True","available","/Script/PCG.PCGAssetExporter:BP_ExportToAsset","manual","PCG","PCG","","","","","unclassified","pending-native-form-source-join"
"d857cc2a3fba8357adc8f107d2a401baa407a100c84bc142afa6dbba9cd99630","","UWidgetLayoutLibrary","global-function","UWrapBoxSlot SlotAsWrapBoxSlot(UWidget Widget)","SlotAsWrapBoxSlot","","UWrapBoxSlot","1","UWidget","False","False","True","available","/Script/UMG.WidgetLayoutLibrary:SlotAsWrapBoxSlot","manual","UMG","","","","","","unclassified","pending-native-form-source-join"
"d8b568a92d833aa1ce1de783f0c776f1fb604d5b9518853e69704558ecb31088","5a8e3615aa69dd13f32d83636e5d653d8a25f9f1267baa726b4bbb01b520cfe6","","method","void Activation(AActor OwnerActor)","Activation","","void","1","AActor","False","False","True","available","/Script/AIModule.BTService_BlueprintBase:ReceiveActivation","manual","AIModule","","","","","","unclassified","pending-native-form-source-join"
"d8d764f8fd6a6250ee0f3c15e43c22522fc9d2d7ef24195c30109098197a029e","","SlateLibrary","global-function","FVector2D Vector_AbsoluteToLocal(const FGeometry&inout Geometry, FVector2D AbsoluteVector)","Vector_AbsoluteToLocal","","FVector2D","2","FGeometry;FVector2D","False","True","False","available","/Script/UMG.SlateBlueprintLibrary:Vector_AbsoluteToLocal","manual","UMG","","","","","","unclassified","pending-native-form-source-join"
"d8e47fbb67bd5e4c9bb2ddb09ff9627b932b32c0429fa435a4a2af3ee56de688","fa24378319ef169d1149805ded22c404f691f2ea8b34352ec52aeaff336adb02","","method","void SetHDRUILuminanceNits(float32 Nits)","SetHDRUILuminanceNits","","void","1","float32","False","False","False","available","/Script/Engine.GameUserSettings:SetHDRUILuminanceNits","manual","Engine","","","","","","unclassified","pending-native-form-source-join"
"d903e812a5e56c5778d7a1ce3f065d46c1e338ad0dc831591991545f82b39e4f","95c5bd2590e7410565721b207a1d17bc6be9388f92234c7eba4b0ba57a3a44b1","","method","int RemoveAllAttributes(bool bShouldTransact)","RemoveAllAttributes","","int","1","bool","False","False","False","available","/Script/Engine.AnimationDataController:RemoveAllAttributes","manual","Engine","","","","","","unclassified","pending-native-form-source-join"
"d941b44aa62ef195351ebe2efe59d74b14fdcd1c28488a00c5d667846aaf5281","10d28a6a7e73a717185afd3be4dfea0d4bfa305cabdc727398179250ceec9e1f","","method","bool IsBlendingOut() const","IsBlendingOut","","bool","0","","False","False","False","available","/Script/Engine.AnimNotifyLibrary:IsBlendingOut","manual","Engine","","","","","","unclassified","pending-native-form-source-join"
"d942254ed8f13a114d0de7e968a4e69939665365af7a8b493094c1a111f2f063","fa24378319ef169d1149805ded22c404f691f2ea8b34352ec52aeaff336adb02","","method","void ApplySettings(bool bCheckForCommandLineOverrides)","ApplySettings","","void","1","bool","False","False","False","available","/Script/Engine.GameUserSettings:ApplySettings","manual","Engine","","","","","","unclassified","pending-native-form-source-join"
"d9608a80f77d54e8d794b24dc223f0fa18dca070cfede14a737dedbe21d1ebfa","6bffd1732cf488f360666775155ba0393bfb1b059aa8c53f08cc7046bcad49ba","","method","void BindChord(const FInputChord&inout Chord, EInputEvent KeyEvent, const FInputActionHandlerDynamicSignature&inout Delegate = FInputActionHandlerDynamicSignature ( ))","BindChord","","void","3","FInputChord;EInputEvent;FInputActionHandlerDynamicSignature","True","True","False","available","/Script/AngelscriptRuntime.InputComponentScriptMixinLibrary:BindChord","manual","AngelscriptRuntime","Angelscript","","","","","unclassified","pending-native-form-source-join"
"d97afba174096f0c6cdde30e3c39c893e9070ee6e39d3f7d205691e4eac4fd90","","UGameplayStatics","global-function","bool FindCollisionUV(const FHitResult&inout Hit, int UVChannel, FVector2D&inout UV)","FindCollisionUV","","bool","3","FHitResult;int;FVector2D","False","True","False","available","/Script/Engine.GameplayStatics:FindCollisionUV","manual","Engine","","","","","","unclassified","pending-native-form-source-join"
"d9b1d57f6199b4d2f7a86e339e63df2f52af2a9635e12cb2ae1a999c028b48b6","4159abbd91461ceba2726bc46a803f8fce04f34112fe9e88b20342e21594e437","","method","void After()","After","","void","0","","False","False","False","available","/Script/AngelscriptRuntime.LatentAutomationCommand:After","manual","AngelscriptRuntime","Angelscript","","","","","unclassified","pending-native-form-source-join"
"d9c18f17fbfecbb8c9752285ef744a34bc39803692aad312ebf479cd656962e8","fa24378319ef169d1149805ded22c404f691f2ea8b34352ec52aeaff336adb02","","method","float32 GetHDRUILuminanceNits() const","GetHDRUILuminanceNits","","float32","0","","False","False","False","available","/Script/Engine.GameUserSettings:GetHDRUILuminanceNits","manual","Engine","","","","","","unclassified","pending-native-form-source-join"
"d9f104ee8a3001d84c5dda2c59a9002b8d51b63627b07a1330c0b304ed4593aa","7394d5fa67d40991e30a15aaa08d190dd56fd4d7dcbf0f6e895351f89c684fd4","","method","FVector3f PointPlaneProject(const FVector3f&inout PlaneBase, const FVector3f&inout PlaneNormal) const","PointPlaneProject","","FVector3f","2","FVector3f;FVector3f","False","True","False","available","/Script/AngelscriptRuntime.AngelscriptFVector3fMixinLibrary:PointPlaneProjectForVector3f","manual","AngelscriptRuntime","Angelscript","","","","","unclassified","pending-native-form-source-join"
"da012ccc0ebc0792b9ee0ce18138521975632991d46f553c0fc1367f070e9401","bdfd6fc9b0cd4f63c56bc1f16a1f982e1dafe5169120628f7fc28111a0656728","","method","void SetHorizontalAlignment(EHorizontalAlignment InHorizontalAlignment)","SetHorizontalAlignment","","void","1","EHorizontalAlignment","False","False","False","available","/Script/UMG.SizeBoxSlot:SetHorizontalAlignment","manual","UMG","","","","","","unclassified","pending-native-form-source-join"
"da234493ec0ba546d9c376b7a0a4d2f95567a8f4b5512a6607258db3420c9bf1","d6377384611109aa435545c0b00864e227caf3f8876599806eddb127f1283e24","","method","bool GetIsTested(const FScriptTypedElementHandle&inout InElementHandle) const","GetIsTested","","bool","1","FScriptTypedElementHandle","False","True","False","available","/Script/TypedElementFramework.TestTypedElementInterfaceC:GetIsTested","manual","TypedElementFramework","","","","","","unclassified","pending-native-form-source-join"
"da505404c2ff0d91721388ec234ff22b845f6c61eed42826c0d772aac4902484","339a778a47b28d90a21f75037fa86472d09260ad9f9b63803ea7592f3e560150","","method","void ExportAssetsWithDialog(const FString[]&inout AssetsToExport, bool bPromptForIndividualFilenames)","ExportAssetsWithDialog","","void","2","FString[];bool","False","True","False","available","/Script/AssetTools.AssetTools:ExportAssetsWithDialog","manual","AssetTools","","","","","","unclassified","pending-native-form-source-join"
"da5370d5433aca7bbff58409da63412d7fa1d93143ea8a00ff4c89d533dcde2f","","UConstraintInstanceBlueprintLibrary","global-function","void SetLinearPlasticity(FConstraintInstanceAccessor&inout Accessor, bool bLinearPlasticity, float32 LinearPlasticityThreshold, EConstraintPlasticityType PlasticityType)","SetLinearPlasticity","","void","4","FConstraintInstanceAccessor;bool;float32;EConstraintPlasticityType","False","True","False","available","/Script/Engine.ConstraintInstanceBlueprintLibrary:SetLinearPlasticity","manual","Engine","","","","","","unclassified","pending-native-form-source-join"
"da5fddc8fcf28192ea969d457aa77863bba15686bc626656d113dfa7e28baaf5","","FQuat","global-function","FQuat MakeFromZY(const FVector&inout ZAxis, const FVector&inout YAxis)","MakeFromZY","","FQuat","2","FVector;FVector","False","True","False","available","/Script/AngelscriptRuntime.AngelscriptFQuatLibrary:MakeFromZY","manual","AngelscriptRuntime","Angelscript","","","","","unclassified","pending-native-form-source-join"
"da64f0a1e8a924bcccba2ee3e6bc4528caa1cf9cf5f937b3c7af7c6d8fc92cd7","","UBlueprintSpringMathLibrary","global-function","float32 ConvertHalfLifeToSmoothingTime(float32 HalfLife)","ConvertHalfLifeToSmoothingTime","","float32","1","float32","False","False","False","available","/Script/Engine.BlueprintSpringMathLibrary:ConvertHalfLifeToSmoothingTime","manual","Engine","","","","","","unclassified","pending-native-form-source-join"
"da7116e57cac52290b44027bcb65588f5dc7121306bf5a244d0aa8f08dcbd3a5","25dd3cbe668c863bb38b40f640a8460326d4cce5e93de6ffeb5938782b7cb13b","","method","void CommitExecute()","CommitExecute","","void","0","","False","False","False","available","/Script/GameplayAbilities.GameplayAbility:K2_CommitExecute","manual","GameplayAbilities","GameplayAbilities","","","","","unclassified","pending-native-form-source-join"
"da83de03aaa4d6582f390d7ee9c6c04a8220f130b11249a5ddfa04485cb20abc","ce03e8ad9e753f7ce0833b6dfcc8edbd7020df289398d04827f0cffed55f159e","","method","void ServerAssertSame(const UObject Expected, const UObject Actual, FString Message)","ServerAssertSame","","void","3","const UObject;const UObject;FString","False","False","True","available","/Script/AngelscriptRuntime.LatentAutomationCommandClientExecutor:ServerAssertSame","manual","AngelscriptRuntime","Angelscript","","","","","unclassified","pending-native-form-source-join"
"da90930ce338a2ccfb068583bf6ebfc87b847fc7c454a539e5c699395e0ce655","a048e09fab5b35c796657bb67d416dd5c79c96ad1914c69990329d6bc1e2dc7a","","method","void ClientEndOnlineSession()","ClientEndOnlineSession","","void","0","","False","False","False","available","/Script/Engine.PlayerController:ClientEndOnlineSession","manual","Engine","","","","","","unclassified","pending-native-form-source-join"
"da9cf903498821f3ae63ecc8ff96aa260f6f583027f3c6edac37acde123532c2","","UGameplayStatics","global-function","bool SaveGameToSlot(USaveGame SaveGameObject, FString SlotName, int UserIndex)","SaveGameToSlot","","bool","3","USaveGame;FString;int","False","False","True","available","/Script/Engine.GameplayStatics:SaveGameToSlot","manual","Engine","","","","","","unclassified","pending-native-form-source-join"
"daa17d736a87295765f40d6d292042cc4af8d84a82d0ea351e05719bd25582de","c01f69dc85551cf5d89484bc5682609aaf62fba8adfe3e91dce30755c6a39897","","method","void BlueprintUpdateCameraShake(float32 DeltaTime, float32 Alpha, const FMinimalViewInfo&inout POV, FMinimalViewInfo&inout ModifiedPOV)","BlueprintUpdateCameraShake","","void","4","float32;float32;FMinimalViewInfo;FMinimalViewInfo","False","True","False","available","/Script/EngineCameras.LegacyCameraShake:BlueprintUpdateCameraShake","manual","EngineCameras","EngineCameras","","","","","unclassified","pending-native-form-source-join"
"daad53102263f3c187126ac5a5e096f4871ff248ef8984ce0e9c31be445a1a6e","","ULocalPlayerSaveGame","global-function","bool AsyncLoadOrCreateSaveGameForLocalPlayer(TSubclassOf<ULocalPlayerSaveGame> SaveGameClass, APlayerController LocalPlayerController, FString SlotName, FOnLocalPlayerSaveGameLoaded Delegate = FOnLocalPlayerSaveGameLoaded ( ))","AsyncLoadOrCreateSaveGameForLocalPlayer","","bool","4","TSubclassOf<ULocalPlayerSaveGame>;APlayerController;FString;FOnLocalPlayerSaveGameLoaded","True","False","True","available","/Script/Engine.LocalPlayerSaveGame:AsyncLoadOrCreateSaveGameForLocalPlayer","manual","Engine","","","","","","unclassified","pending-native-form-source-join"
"dacb8cc50810b7928d037dcdfc3ce2f50157571f2067c20bd42a7f27de061e58","","UBTFunctionLibrary","global-function","bool GetBlackboardValueAsBool(UBTNode NodeOwner, const FBlackboardKeySelector&inout Key)","GetBlackboardValueAsBool","","bool","2","UBTNode;FBlackboardKeySelector","False","True","True","available","/Script/AIModule.BTFunctionLibrary:GetBlackboardValueAsBool","manual","AIModule","","","","","","unclassified","pending-native-form-source-join"
"db058213d15ebe76dc1a34d6ada3b8efa1122a61a348582a8d8df78d81bbfcdc","f0aca1eb8212b6ae105fbd2e8ce832acd1bbecadccf250fab8d979683cc5058a","","method","int GetNumberOfFloatCurves() const","GetNumberOfFloatCurves","","int","0","","False","False","False","available","/Script/Engine.AnimationDataModel:GetNumberOfFloatCurves","manual","Engine","","","","","","unclassified","pending-native-form-source-join"
"db0e790a3454bb26e1ebf62bae523744aed6844faee15021f72bc3dd0f36bf82","5351c4ffe82bbb28d1a84ba46be8b8b08876e3a366f59925a2568dc5b35e1c9c","","method","bool HasMatchStarted() const","HasMatchStarted","","bool","0","","False","False","False","available","/Script/Engine.GameModeBase:HasMatchStarted","manual","Engine","","","","","","unclassified","pending-native-form-source-join"
"db266e4e6938bb0334d020c12aa71f5db2f5b8baf9a68b829864296146946a9c","b0697b21743308261702f67329e44db0bc229dd72304c0d0f5c43e2adcf62eaf","","method","float32 GetMouseSensitivityX()","GetMouseSensitivityX","","float32","0","","False","False","False","available","/Script/AngelscriptRuntime.PlayerInputScriptMixinLibrary:GetMouseSensitivityX","manual","AngelscriptRuntime","Angelscript","","","","","unclassified","pending-native-form-source-join"
"db7b0cccad1e1f8d5ff80a9bd7594b84124afc2ccf44e27d58f544fdb5df07e1","8eaf8e44aee47e4f656bfe09f4b18bb3215d96efba74c054f44a63b499785ae9","","method","void ForwardGameplayCueToParent()","ForwardGameplayCueToParent","","void","0","","False","False","False","available","/Script/GameplayAbilities.GameplayCueInterface:ForwardGameplayCueToParent","manual","GameplayAbilities","GameplayAbilities","","","","","unclassified","pending-native-form-source-join"
"db7ff63e81fcd816ba5d8300b0c5c14d50f9294c5ce6815eed23ae66ab2a2952","fa24378319ef169d1149805ded22c404f691f2ea8b34352ec52aeaff336adb02","","method","void SetVSyncEnabled(bool bEnable)","SetVSyncEnabled","","void","1","bool","False","False","False","available","/Script/Engine.GameUserSettings:SetVSyncEnabled","manual","Engine","","","","","","unclassified","pending-native-form-source-join"
"dba206508090294fa7e57ac08d3e7563996f2b719ba862bc12e8ff81d61895fe","","SlateLibrary","global-function","FVector2D TransformVectorAbsoluteToLocal(const FGeometry&inout Geometry, FVector2D AbsoluteVector)","TransformVectorAbsoluteToLocal","","FVector2D","2","FGeometry;FVector2D","False","True","False","deprecated","/Script/UMG.SlateBlueprintLibrary:TransformVectorAbsoluteToLocal","manual","UMG","","","","","","unclassified","pending-native-form-source-join"
"dbaa45835c1b06941f833c0ba14f669fc5794bc092e8b1b28b3993014ecf91dc","0725b75db4c4d090a9f1e9256b27731eb80a6b1def85135af8fc2d59689561b2","","method","void Deinitialize()","Deinitialize","","void","0","","False","False","False","available","/Script/AngelscriptRuntime.ScriptLocalPlayerSubsystem:BP_Deinitialize","manual","AngelscriptRuntime","Angelscript","","","","","unclassified","pending-native-form-source-join"
"dbce56ec9d17a6ac3cb269a344e015b1bbed6a9c5fa0342c71400d5ef02f795b","38db8d3836b23b02f5b6964f879d62766dd9aefe824407443f98887f5d9846f9","","method","void OnWorldBeginPlay()","OnWorldBeginPlay","","void","0","","False","False","False","available","/Script/AngelscriptRuntime.ScriptWorldSubsystem:BP_OnWorldBeginPlay","manual","AngelscriptRuntime","Angelscript","","","","","unclassified","pending-native-form-source-join"
"dbe6252162511c514e96347780f79bd4211dc1ea03dc9f1f43389fe5d1c57de1","","FQuat4f","global-function","FQuat4f MakeFromYX(const FVector3f&inout YAxis, const FVector3f&inout XAxis)","MakeFromYX","","FQuat4f","2","FVector3f;FVector3f","False","True","False","available","/Script/AngelscriptRuntime.AngelscriptFQuat4fLibrary:MakeFromYX","manual","AngelscriptRuntime","Angelscript","","","","","unclassified","pending-native-form-source-join"
"dc0f9180561b284b1e039ae5ce951bfc2c577f27ae4ea69181736342abd7d423","","UBlueprintSpringMathLibrary","global-function","void CriticalDoubleSpringDampTransform(FTransform&inout InOutTransform, FSpringTransformVelocity&inout InOutVelocity, FTransform&inout InOutIntermediateTransform, FSpringTransformVelocity&inout InOutIntermediateTransformVelocity, const FTransform&inout TargetTransform, float32 DeltaTime, float32 SmoothingTime = 0.200000)","CriticalDoubleSpringDampTransform","","void","7","FTransform;FSpringTransformVelocity;FTransform;FSpringTransformVelocity;FTransform;float32;float32","True","True","False","available","/Script/Engine.BlueprintSpringMathLibrary:CriticalDoubleSpringDampTransform","manual","Engine","","","","","","unclassified","pending-native-form-source-join"
"dc10ec11ebecdb6fc57c4e9e27a179dcb8ba054cdd82519a14878f3f80d95f1c","","UBlueprintSpringMathLibrary","global-function","void DeadBlendTransitionRotator(FRotator&inout InOutRotationTransition, FVector&inout InOutAngularVelocityTransition, FRotator InSrcRotation, FVector InSrcAngularVelocity, float32 TimeSinceTransition, float32 BlendTime = 0.200000, float32 SmoothingTime = 0.200000)","DeadBlendTransitionRotator","","void","7","FRotator;FVector;FRotator;FVector;float32;float32;float32","True","True","False","available","/Script/Engine.BlueprintSpringMathLibrary:DeadBlendTransitionRotator","manual","Engine","","","","","","unclassified","pending-native-form-source-join"
"dc1573be4244410a95fe52ab34b512f8f8f35c2815f98458891fdd5fdb5e59d1","","UWidgetLayoutLibrary","global-function","UVerticalBoxSlot SlotAsVerticalBoxSlot(UWidget Widget)","SlotAsVerticalBoxSlot","","UVerticalBoxSlot","1","UWidget","False","False","True","available","/Script/UMG.WidgetLayoutLibrary:SlotAsVerticalBoxSlot","manual","UMG","","","","","","unclassified","pending-native-form-source-join"
"dc18a3dd04f0e69379c178a094c91259367bc7c6df5671a0b7fee827e909756f","","UConstraintInstanceBlueprintLibrary","global-function","void GetLinearLimits(FConstraintInstanceAccessor&inout Accessor, ELinearConstraintMotion&inout XMotion, ELinearConstraintMotion&inout YMotion, ELinearConstraintMotion&inout ZMotion, float32&inout Limit)","GetLinearLimits","","void","5","FConstraintInstanceAccessor;ELinearConstraintMotion;ELinearConstraintMotion;ELinearConstraintMotion;float32","False","True","False","available","/Script/Engine.ConstraintInstanceBlueprintLibrary:GetLinearLimits","manual","Engine","","","","","","unclassified","pending-native-form-source-join"
"dc1f84ced426bc6a54818dce7a7d379093a13dbf983bae270dc7faa58964f9f2","aa93c3664e196389b3787153f322e00de937f4768f6f938dc56bc8419ff85a6a","","method","void SetLabelText(const FText&inout InXAxisText, const FText&inout InYAxisText)","SetLabelText","","void","2","FText;FText","False","True","False","available","/Script/Niagara.NiagaraPreviewBase:SetLabelText","manual","Niagara","Niagara","","","","","unclassified","pending-native-form-source-join"
"dc5a1b0d03022402c1b6247dcd14b6171dd68184ca66dbe2ca9a678432a3e2cd","86d71caf2d967afe99217b674130a0a5f9087028ed6a84b598ace9a9b04f9bcd","","method","void SetVerticalAlignment(EVerticalAlignment InVerticalAlignment)","SetVerticalAlignment","","void","1","EVerticalAlignment","False","False","False","available","/Script/UMG.WidgetSwitcherSlot:SetVerticalAlignment","manual","UMG","","","","","","unclassified","pending-native-form-source-join"
"dc6a035c84610f4a307503d6f2df4908fc04c54cff254971574663eb32b97a2b","af227d35a24db9f5ce01b0ebcf9f55bd104b5cf86322c7403be4d525e4a5041b","","method","void OnEndViewTarget(APlayerController PC)","OnEndViewTarget","","void","1","APlayerController","False","False","True","available","/Script/Engine.Actor:K2_OnEndViewTarget","manual","Engine","","","","","","unclassified","pending-native-form-source-join"
"dc6a4df2bbb1d94ae2a5f8fe43675e38fe1919fcb83d091247dec1263a769eb1","e397244109f21450e3f5cd68040f81224f3537db603a046823e9a44f19809c2e","","method","bool AllowSelectionModifiers(const FScriptTypedElementHandle&inout InElementHandle, FScriptTypedElementListProxy InSelectionSet)","AllowSelectionModifiers","","bool","2","FScriptTypedElementHandle;FScriptTypedElementListProxy","False","True","False","available","/Script/TypedElementRuntime.TypedElementSelectionInterface:AllowSelectionModifiers","manual","TypedElementRuntime","","","","","","unclassified","pending-native-form-source-join"
"dc6fdf825977468bea724873f53533f51d07dd5099db9eb6f755c88214314575","4b234073e4131692a708413e0cd443beaf9252bb3165c3887bb4059999301b1c","","method","UAnimationAsset GetAnimationAsset() const","GetAnimationAsset","","UAnimationAsset","0","","False","False","False","available","/Script/Engine.AnimSingleNodeInstance:GetAnimationAsset","manual","Engine","","","","","","unclassified","pending-native-form-source-join"
"dccfae03656e26af51fbfa4a895c387db3fd05aa604171e873dd5749aec258dd","b7763e3f18c8656cfc1420ca00d93a10a259c1d343943632502ddc8a716da650","","method","bool HasMatchEnded() const","HasMatchEnded","","bool","0","","False","False","False","available","/Script/Engine.GameStateBase:HasMatchEnded","manual","Engine","","","","","","unclassified","pending-native-form-source-join"
"dd0998fe44e218c5c9ba5debe8d687dbc4acba3dbb3cd2d43dd9b89d2af4ddf5","21d382cd7255d52cbb20566516d6b3ceb07797f145c23c7f2383421ca5d88295","","method","FEventReply OnPreviewKeyDown(FGeometry MyGeometry, FKeyEvent InKeyEvent)","OnPreviewKeyDown","","FEventReply","2","FGeometry;FKeyEvent","False","False","False","available","/Script/UMG.UserWidget:OnPreviewKeyDown","manual","UMG","","","","","","unclassified","pending-native-form-source-join"
"dd1390627501b9a7e883ff7c7f32166bcc333871366f861cf900884aabb31fbc","","UEnhancedInputLibrary","global-function","FInputActionValue MakeInputActionValueOfType(float X, float Y, float Z, EInputActionValueType ValueType)","MakeInputActionValueOfType","","FInputActionValue","4","float;float;float;EInputActionValueType","False","False","False","available","/Script/EnhancedInput.EnhancedInputLibrary:MakeInputActionValueOfType","manual","EnhancedInput","EnhancedInput","","","","","unclassified","pending-native-form-source-join"
"dd15006c466e17d47e7dbe4d16e36106a7e0cb1b435d610377b17c356fb53023","","WidgetLibrary","global-function","void CancelDragDrop()","CancelDragDrop","","void","0","","False","False","False","available","/Script/UMG.WidgetBlueprintLibrary:CancelDragDrop","manual","UMG","","","","","","unclassified","pending-native-form-source-join"
"dd3bd7932432c9a147a7f630fdb64bfa65c03f6810dc055834707d838f953093","dcbd99e0aca928697bec9e20348375bb54f1ae30e4dd5cc36edd140325fe7d61","","method","void OnBeginTest()","OnBeginTest","","void","0","","False","False","False","available","/Script/Niagara.NiagaraBaselineController:OnBeginTest","manual","Niagara","Niagara","","","","","unclassified","pending-native-form-source-join"
"ddbad4dee71d5014cc3cafd244662e51e025fee9ce9ace4bfb0410c106f9e5c5","35d29f5a35fcaf8f82f55b61b32dd1252884337241f47a38d3eb51e25267801e","","method","void ClientActivateAbilityFailed(FGameplayAbilitySpecHandle AbilityToActivate, int16 PredictionKey)","ClientActivateAbilityFailed","","void","2","FGameplayAbilitySpecHandle;int16","False","False","False","available","/Script/GameplayAbilities.AbilitySystemComponent:ClientActivateAbilityFailed","manual","GameplayAbilities","GameplayAbilities","","","","","unclassified","pending-native-form-source-join"
"dde9ed3ad7ffa34d5bfc26811a6b2d538846f04dd45388483ce7b7ce1dfea703","f114739dad8eec28fa480409a4fe844f0d95d53ddc54fb1dd0d2b1c16ec0a9d7","","method","void SetLayerWeight(int TrackIndex, int LayerIndex, float32 Weight)","SetLayerWeight","","void","3","int;int;float32","False","False","False","available","/Script/Engine.AnimSequenceTransformProviderDataInstance:SetLayerWeight","manual","Engine","","","","","","unclassified","pending-native-form-source-join"
"ddf7f845bf59b75f1d6fb3d73482c46c38aa387b3470bfd810746103c0614694","","FQuat4f","global-function","FQuat4f MakeFromZ(const FVector3f&inout ZAxis)","MakeFromZ","","FQuat4f","1","FVector3f","False","True","False","available","/Script/AngelscriptRuntime.AngelscriptFQuat4fLibrary:MakeFromZ","manual","AngelscriptRuntime","Angelscript","","","","","unclassified","pending-native-form-source-join"
"de02fb34fd0ccfb0faee27c1d6d7e1e92d78571314a43fa26a7e03204cec9d88","a6aa67985a5e65d2276dd4d90be7ddbd8156210ef5aba5f40d929026aa763364","","method","void ScriptedExecutePostBroadcastPipeline(const UInterchangeBaseNodeContainer BaseNodeContainer, FString FactoryNodeKey, UObject CreatedAsset, bool bIsAReimport)","ScriptedExecutePostBroadcastPipeline","","void","4","const UInterchangeBaseNodeContainer;FString;UObject;bool","False","False","True","available","/Script/InterchangeCore.InterchangePipelineBase:ScriptedExecutePostBroadcastPipeline","manual","InterchangeCore","","","","","","unclassified","pending-native-form-source-join"
"de2dc9dd1e6fe69eb9e3dd82021a1541ea397dcdbad541701b344997437f783b","8fb03d2805f10d52065d1c65e9dcd91b4549d6c486b24f525bcd3787c984fb66","","method","bool IsSearchAsync() const","IsSearchAsync","","bool","0","","False","False","False","available","/Script/AssetRegistry.AssetRegistry:IsSearchAsync","manual","AssetRegistry","","","","","","unclassified","pending-native-form-source-join"
"de302b77c7692ef2141ccb15465ebdc7c669773cc06618c7117b6d8562c48a58","","WidgetLibrary","global-function","void SetBrushResourceToTexture(FSlateBrush&inout Brush, UTexture2D Texture)","SetBrushResourceToTexture","","void","2","FSlateBrush;UTexture2D","False","True","True","available","/Script/UMG.WidgetBlueprintLibrary:SetBrushResourceToTexture","manual","UMG","","","","","","unclassified","pending-native-form-source-join"
"de33f838d8574ee13d4cf0e3b9125e508b25cc22c244c176cc3e4111e963f5ff","dcbd99e0aca928697bec9e20348375bb54f1ae30e4dd5cc36edd140325fe7d61","","method","void OnOwnerTick(float32 DeltaTime)","OnOwnerTick","","void","1","float32","False","False","False","available","/Script/Niagara.NiagaraBaselineController:OnOwnerTick","manual","Niagara","Niagara","","","","","unclassified","pending-native-form-source-join"
"de51a69cac1879a7cb40d635f834ab83c42fe2dd0b31c45c130954ba70c014b1","","InternationalizationLibrary","global-function","FString[] GetLocalizedCultures(bool IncludeGame = true, bool IncludeEngine = false, bool IncludeEditor = false, bool IncludeAdditional = false)","GetLocalizedCultures","","FString[]","4","bool;bool;bool;bool","True","False","False","available","/Script/Engine.KismetInternationalizationLibrary:GetLocalizedCultures","manual","Engine","","","","","","unclassified","pending-native-form-source-join"
"de5dc7c73a91710b0c498f5c0efb351d3fe49eae1bc54d5f1a70a68bf9c40280","4f8e7441dd6629847eb00d9f80705d20098ad235220d252c2a2c723530d64500","","method","bool GetWorldTransform(const FScriptTypedElementHandle&inout InElementHandle, FTransform&inout OutTransform)","GetWorldTransform","","bool","2","FScriptTypedElementHandle;FTransform","False","True","False","available","/Script/Engine.TypedElementWorldInterface:GetWorldTransform","manual","Engine","","","","","","unclassified","pending-native-form-source-join"
"de7b24f0d5291c555981e7f7ccb1ead72e054185608a6c68ee6077a4f64a9c75","3fd78b8dba96d3c30f02a8971934b069dd0daba3251e2bd39e03ff42b1d57178","","method","UPanelSlot SetContent(UWidget Content)","SetContent","","UPanelSlot","1","UWidget","False","False","True","available","/Script/UMG.ContentWidget:SetContent","manual","UMG","","","","","","unclassified","pending-native-form-source-join"
"deb13a54df6858442a38d9fd8cf610665578e0ef9cf39c4c7b15147f36ae210a","","WidgetLibrary","global-function","void SetBrushResourceToMaterial(FSlateBrush&inout Brush, UMaterialInterface Material)","SetBrushResourceToMaterial","","void","2","FSlateBrush;UMaterialInterface","False","True","True","available","/Script/UMG.WidgetBlueprintLibrary:SetBrushResourceToMaterial","manual","UMG","","","","","","unclassified","pending-native-form-source-join"
"deba19e97d9a4df47c9f9b50f0d29b108f76de4b8c4e600c3049c04646c202ee","5351c4ffe82bbb28d1a84ba46be8b8b08876e3a366f59925a2568dc5b35e1c9c","","method","AActor ChoosePlayerStart(AController Player)","ChoosePlayerStart","","AActor","1","AController","False","False","True","available","/Script/Engine.GameModeBase:ChoosePlayerStart","manual","Engine","","","","","","unclassified","pending-native-form-source-join"
"df04e76c5318a632735d7a80f373df116cf54fbb739bc891cedfbaf244484b3b","0725b75db4c4d090a9f1e9256b27731eb80a6b1def85135af8fc2d59689561b2","","method","ULocalPlayer GetLocalPlayer() const","GetLocalPlayer","","ULocalPlayer","0","","False","False","False","available","/Script/AngelscriptRuntime.ScriptLocalPlayerSubsystem:BP_GetLocalPlayer","manual","AngelscriptRuntime","Angelscript","","","","","unclassified","pending-native-form-source-join"
"df08a075133ac8b5a1937a0acab2962764467eaffdd431101fe7616ab5ba7dce","10d28a6a7e73a717185afd3be4dfea0d4bfa305cabdc727398179250ceec9e1f","","method","float32 GetCurrentAnimationNotifyStateTimeRatio() const","GetCurrentAnimationNotifyStateTimeRatio","","float32","0","","False","False","False","available","/Script/Engine.AnimNotifyLibrary:GetCurrentAnimationNotifyStateTimeRatio","manual","Engine","","","","","","unclassified","pending-native-form-source-join"
"df0aa17cc74108430eafdd7065f396695ab7ad83b45cf3ee539ed12cd47d5c37","8408ed834089f0d30abf8476c0078c8637280efdb97766920767c790ba00fc66","","method","void StartContinuousInputInjectionForAction(const UInputAction Action, FInputActionValue RawValue, const UInputModifier[]&inout Modifiers, const UInputTrigger[]&inout Triggers)","StartContinuousInputInjectionForAction","","void","4","const UInputAction;FInputActionValue;UInputModifier[];UInputTrigger[]","False","True","True","available","/Script/EnhancedInput.EnhancedInputSubsystemInterface:StartContinuousInputInjectionForAction","manual","EnhancedInput","EnhancedInput","","","","","unclassified","pending-native-form-source-join"
"df2356d26f9877b2eff8b43dcadb27b3711fa5554fde3819be7b8aa93f80609c","fa24378319ef169d1149805ded22c404f691f2ea8b34352ec52aeaff336adb02","","method","void SaveSettings()","SaveSettings","","void","0","","False","False","False","available","/Script/Engine.GameUserSettings:SaveSettings","manual","Engine","","","","","","unclassified","pending-native-form-source-join"
"df23d56e908f322b19396f533b4163fbb5d0ec7c0d56b686942d19641fd77427","5351c4ffe82bbb28d1a84ba46be8b8b08876e3a366f59925a2568dc5b35e1c9c","","method","bool HasMatchEnded() const","HasMatchEnded","","bool","0","","False","False","False","available","/Script/Engine.GameModeBase:HasMatchEnded","manual","Engine","","","","","","unclassified","pending-native-form-source-join"
"df720f029406a0ab79fc5961566136003305508070b7a17431d8da6e2307874a","","UBlueprintSpringMathLibrary","global-function","void DeadBlendTransitionVector2D(FVector2D&inout InOutValueTransition, FVector2D&inout InOutVelocityTransition, FVector2D InSrcValue, FVector2D InSrcVelocity, float32 TimeSinceTransition, float32 BlendTime = 0.200000, float32 SmoothingTime = 0.200000)","DeadBlendTransitionVector2D","","void","7","FVector2D;FVector2D;FVector2D;FVector2D;float32;float32;float32","True","True","False","available","/Script/Engine.BlueprintSpringMathLibrary:DeadBlendTransitionVector2D","manual","Engine","","","","","","unclassified","pending-native-form-source-join"
"dfaa2a6ed3203106562066b58a4c47c4eb94d9c99c61e3a95e725e5a74746d0d","11dabff3ebe856ce7caa89795572004898ad948fcfcf0ccffb022dd91ce01ec4","","method","void SetInterpolationSpeed(float32 NewInterpolationSpeed)","SetInterpolationSpeed","","void","1","float32","False","False","False","available","/Script/Engine.PhysicsHandleComponent:SetInterpolationSpeed","manual","Engine","","","","","","unclassified","pending-native-form-source-join"
"dfb35a5b8f1bee7ada413c896136404e81dfca9baa59ac7f69d045206d83771c","","UBlueprintSpringMathLibrary","global-function","void CriticalSpringDampRotator(FRotator&inout InOutRotation, FVector&inout InOutAngularVelocity, const FRotator&inout TargetRotation, float32 DeltaTime, float32 SmoothingTime = 0.200000)","CriticalSpringDampRotator","","void","5","FRotator;FVector;FRotator;float32;float32","True","True","False","available","/Script/Engine.BlueprintSpringMathLibrary:CriticalSpringDampRotator","manual","Engine","","","","","","unclassified","pending-native-form-source-join"
"dfd66390a9c52638fd79bca3b9f62aab255df45421ea95aa28c697305d9a838c","a048e09fab5b35c796657bb67d416dd5c79c96ad1914c69990329d6bc1e2dc7a","","method","void ClientReceiveLocalizedMessage(TSubclassOf<ULocalMessage> Message, int Switch, APlayerState RelatedPlayerState_1, APlayerState RelatedPlayerState_2, UObject OptionalObject)","ClientReceiveLocalizedMessage","","void","5","TSubclassOf<ULocalMessage>;int;APlayerState;APlayerState;UObject","False","False","True","available","/Script/Engine.PlayerController:ClientReceiveLocalizedMessage","manual","Engine","","","","","","unclassified","pending-native-form-source-join"
"dfee2a9268ba40e227156fcdc8df8b35499bcba895b2b73f9b2d72c38be18db2","","UBlueprintSpringMathLibrary","global-function","FRotator DampRotator(const FRotator&inout Rotation, const FRotator&inout TargetRotation, float32 DeltaTime, float32 SmoothingTime = 0.200000)","DampRotator","","FRotator","4","FRotator;FRotator;float32;float32","True","True","False","available","/Script/Engine.BlueprintSpringMathLibrary:DampRotator","manual","Engine","","","","","","unclassified","pending-native-form-source-join"
"dff6284e8badf015ec05317429b3885e47031cf3a20285bd7a4f100cf64e6055","6e9dcc4f18691047675fdf57eab25aa058a26b825c43334757a1d3be615ff8ea","","method","int GetLatestDataVersion() const","GetLatestDataVersion","","int","0","","False","False","False","available","/Script/Engine.LocalPlayerSaveGame:GetLatestDataVersion","manual","Engine","","","","","","unclassified","pending-native-form-source-join"
"e03675f5bd75214c16fcc8d4229f37ac51dd6339c77f1818e9118f6b45d23c51","f0e0aff25e2233e7488dbb93eb3db45dc3f94f6519daa80b7f0d167832161954","","method","void SetRotation(const FRotator&inout NewRotation)","SetRotation","","void","1","FRotator","False","True","False","available","/Script/AngelscriptRuntime.AngelscriptFTransformLibrary:SetRotationRotator","manual","AngelscriptRuntime","Angelscript","","","","","unclassified","pending-native-form-source-join"
"e0618f95e740ab83ff811a3b814c22088c9b8b7fd8e43b0dbb47646988b3368b","0f57e00920afd6a1a9a1258c938a2ce2620b2cd11c885c6355f0447d3358f499","","method","void SetbStartPenetrating(bool bStartPenetrating)","SetbStartPenetrating","","void","1","bool","False","False","False","available","/Script/AngelscriptRuntime.AngelscriptHitResultLibrary:SetbStartPenetrating","manual","AngelscriptRuntime","Angelscript","","","","","unclassified","pending-native-form-source-join"
"e08d7e93a9824f3050a143cd2c94d006e1f94ccbcd7aac04b8a51b52e6c427a2","","USubsystemLibrary","global-function","ULocalPlayerSubsystem GetLocalPlayerSubsystemFromLocalPlayer(ULocalPlayer LocalPlayer, TSubclassOf<ULocalPlayerSubsystem> Class)","GetLocalPlayerSubsystemFromLocalPlayer","","ULocalPlayerSubsystem","2","ULocalPlayer;TSubclassOf<ULocalPlayerSubsystem>","False","False","True","available","/Script/AngelscriptRuntime.SubsystemLibrary:GetLocalPlayerSubsystemFromLocalPlayer","manual","AngelscriptRuntime","Angelscript","","","","","unclassified","pending-native-form-source-join"
"e0ab4d74207769ab680923e25bf0171dc88e7f87288b79a51bbdaeb5991d1cd6","","UConstraintInstanceBlueprintLibrary","global-function","void SetProjectionParams(FConstraintInstanceAccessor&inout Accessor, bool bEnableProjection, float32 ProjectionLinearAlpha, float32 ProjectionAngularAlpha)","SetProjectionParams","","void","4","FConstraintInstanceAccessor;bool;float32;float32","False","True","False","available","/Script/Engine.ConstraintInstanceBlueprintLibrary:SetProjectionParams","manual","Engine","","","","","","unclassified","pending-native-form-source-join"
"e0bf4d01138530fedd9dfd6e61c59c6b8093b4dd69c40f3f790b5d2b49f4066d","","UConstraintInstanceBlueprintLibrary","global-function","void GetAngularDriveParams(FConstraintInstanceAccessor&inout Accessor, float32&inout OutPositionStrength, float32&inout OutVelocityStrength, float32&inout OutForceLimit)","GetAngularDriveParams","","void","4","FConstraintInstanceAccessor;float32;float32;float32","False","True","False","available","/Script/Engine.ConstraintInstanceBlueprintLibrary:GetAngularDriveParams","manual","Engine","","","","","","unclassified","pending-native-form-source-join"
"e0c6c9793700c2c716e63d2849c65eb10f96c93cf11f07ed907a9f5b800e3f1f","8408ed834089f0d30abf8476c0078c8637280efdb97766920767c790ba00fc66","","method","EMappingQueryResult QueryMapKeyInActiveContextSet(const UInputMappingContext InputContext, const UInputAction Action, FKey Key, FMappingQueryIssue[]&inout OutIssues, EMappingQueryIssue BlockingIssues)","QueryMapKeyInActiveContextSet","","EMappingQueryResult","5","const UInputMappingContext;const UInputAction;FKey;FMappingQueryIssue[];EMappingQueryIssue","False","True","True","available","/Script/EnhancedInput.EnhancedInputSubsystemInterface:QueryMapKeyInActiveContextSet","manual","EnhancedInput","EnhancedInput","","","","","unclassified","pending-native-form-source-join"
"e0f352bf445579b0709c867037d9e54baa046d1a4832671bdef04e23136d7d92","a048e09fab5b35c796657bb67d416dd5c79c96ad1914c69990329d6bc1e2dc7a","","method","void ClientVoiceHandshakeComplete()","ClientVoiceHandshakeComplete","","void","0","","False","False","False","available","/Script/Engine.PlayerController:ClientVoiceHandshakeComplete","manual","Engine","","","","","","unclassified","pending-native-form-source-join"
"e1346313898f5a0ddb10b9d378690555f43eac18f6c3a34478f53fc089b41796","af227d35a24db9f5ce01b0ebcf9f55bd104b5cf86322c7403be4d525e4a5041b","","method","void ActorOnInputTouchBegin(ETouchIndex FingerIndex)","ActorOnInputTouchBegin","","void","1","ETouchIndex","False","False","False","available","/Script/Engine.Actor:ReceiveActorOnInputTouchBegin","manual","Engine","","","","","","unclassified","pending-native-form-source-join"
"e14a6ac58efb478dff3597f01dc87b3c8e81d1bdb06513be5280fe90a83104f3","fa24378319ef169d1149805ded22c404f691f2ea8b34352ec52aeaff336adb02","","method","void SetDisplayProperties(FString ID, int Index)","SetDisplayProperties","","void","2","FString;int","False","False","False","available","/Script/Engine.GameUserSettings:SetDisplayProperties","manual","Engine","","","","","","unclassified","pending-native-form-source-join"
"e19eccf869a23b26bcc278a83c741ea1c4169a935bd4bc45cc5007424388c884","109477db91baeeb1ee4f14bd636c28565424c1d041dd46338be68fe4417d6dfd","","method","void SetStrength(float32 InNewStrength)","SetStrength","","void","1","float32","False","False","False","available","/Script/Engine.WindDirectionalSourceComponent:SetStrength","manual","Engine","","","","","","unclassified","pending-native-form-source-join"
"e1bee6472507b26361de865f8f32805ebadb9106e4619f022cab138decdbf9ac","6e9dcc4f18691047675fdf57eab25aa058a26b825c43334757a1d3be615ff8ea","","method","FPlatformUserId GetPlatformUserId() const","GetPlatformUserId","","FPlatformUserId","0","","False","False","False","available","/Script/Engine.LocalPlayerSaveGame:GetPlatformUserId","manual","Engine","","","","","","unclassified","pending-native-form-source-join"
"e245f5753e2e185ac2523a190a1142e18736394d21847f06475806a31d71f753","d040466b9fc37577a952a169b4bed483e303a9cf697d115f4bd1b37d28f96bce","","method","FInputActionValue GetBoundActionValue(const UInputAction Action)","GetBoundActionValue","","FInputActionValue","1","const UInputAction","False","False","True","internal","/Script/EnhancedInput.EnhancedInputComponent:GetBoundActionValue","manual","EnhancedInput","EnhancedInput","","","","","unclassified","pending-native-form-source-join"
"e25600fe04fcca5a6ad9037f64005f12c0d49dcf992d94646fcef48b9552a231","","UBTFunctionLibrary","global-function","uint8 GetBlackboardValueAsEnum(UBTNode NodeOwner, const FBlackboardKeySelector&inout Key)","GetBlackboardValueAsEnum","","uint8","2","UBTNode;FBlackboardKeySelector","False","True","True","available","/Script/AIModule.BTFunctionLibrary:GetBlackboardValueAsEnum","manual","AIModule","","","","","","unclassified","pending-native-form-source-join"
"e280fce65ff77b5ce329ef6b7db8503eefb0c3fdabb37664b1e7b8e26fdd35c9","7c512897178e856205f0b20d178f0ad05e330e5254fab86dd63c95149a5893b4","","method","void OnHoveredChanged(bool bIsSelected)","OnHoveredChanged","","void","1","bool","False","False","False","available","/Script/ControlRig.ControlRigShapeActor:OnHoveredChanged","manual","ControlRig","ControlRig","","","","","unclassified","pending-native-form-source-join"
"e2987c728d977867bc9acff9d5c312dd7c6a4ec0da4b9626c47fd59455f950e7","76f1625e22313cae47777d1c91cdb2bf6d778879886a2c00dfe0cab221798420","","method","int RangePointLoopBody(const FPCGPointInputRange&inout InputRange, FPCGPointOutputRange&inout OutputRange)","RangePointLoopBody","","int","2","FPCGPointInputRange;FPCGPointOutputRange","False","True","False","available","/Script/PCG.PCGBlueprintPointProcessorSimpleElement:RangePointLoopBody","manual","PCG","PCG","","","","","unclassified","pending-native-form-source-join"
"e29aae9f45ad9de54e37446caf026a170f77b5ee894164d32a16b85a6b627f64","f114739dad8eec28fa480409a4fe844f0d95d53ddc54fb1dd0d2b1c16ec0a9d7","","method","bool DeallocateTrack(int TrackIndex)","DeallocateTrack","","bool","1","int","False","False","False","available","/Script/Engine.AnimSequenceTransformProviderDataInstance:DeallocateTrack","manual","Engine","","","","","","unclassified","pending-native-form-source-join"
"e2a93f8cd3eb9411e536a8247887ae723e66bb29a498a29f5babc2860d7e495a","","UBlueprintSpringMathLibrary","global-function","void DeadBlendTransitionAngle(float32&inout InOutAngleTransition, float32&inout InOutAngularVelocityTransition, float32 InSrcAngle, float32 InSrcAngularVelocity, float32 TimeSinceTransition, float32 BlendTime = 0.200000, float32 SmoothingTime = 0.200000)","DeadBlendTransitionAngle","","void","7","float32;float32;float32;float32;float32;float32;float32","True","True","False","available","/Script/Engine.BlueprintSpringMathLibrary:DeadBlendTransitionAngle","manual","Engine","","","","","","unclassified","pending-native-form-source-join"
"e2d8271c71b73ba9885b70228e718f81c33229e0038b0e09910ed57ce9bebb55","e38ef7ea0f66c8623c024d02acd9c7cb508adde716218283bd4a3eb213c78049","","method","void Pause()","Pause","","void","0","","False","False","False","available","/Script/Engine.AnimatedSparseVolumeTextureController:Pause","manual","Engine","","","","","","unclassified","pending-native-form-source-join"
"e2f0a2a15e78a836d179ee2ac765260e1a9681b6e4c04076779cce7d9c8bd095","95c5bd2590e7410565721b207a1d17bc6be9388f92234c7eba4b0ba57a3a44b1","","method","bool RenameCurve(const FAnimationCurveIdentifier&inout CurveToRenameId, const FAnimationCurveIdentifier&inout NewCurveId, bool bShouldTransact)","RenameCurve","","bool","3","FAnimationCurveIdentifier;FAnimationCurveIdentifier;bool","False","True","False","available","/Script/Engine.AnimationDataController:RenameCurve","manual","Engine","","","","","","unclassified","pending-native-form-source-join"
"e347e31ecb0b28ac979c471adaf4dcf928773aa62f60818afbe201a3898fcd12","fa24378319ef169d1149805ded22c404f691f2ea8b34352ec52aeaff336adb02","","method","void SetReflectionQuality(int Value)","SetReflectionQuality","","void","1","int","False","False","False","available","/Script/Engine.GameUserSettings:SetReflectionQuality","manual","Engine","","","","","","unclassified","pending-native-form-source-join"
"e3556f743a1feff46035de190bae4dbabedd1aa06287670bbd315b1e16912fe7","95c5bd2590e7410565721b207a1d17bc6be9388f92234c7eba4b0ba57a3a44b1","","method","bool SetCurveKey(const FAnimationCurveIdentifier&inout CurveId, const FRichCurveKey&inout Key, bool bShouldTransact)","SetCurveKey","","bool","3","FAnimationCurveIdentifier;FRichCurveKey;bool","False","True","False","available","/Script/Engine.AnimationDataController:SetCurveKey","manual","Engine","","","","","","unclassified","pending-native-form-source-join"
"e35ea232a11a8269b8b3cc9cface09ec67265f98bb445ab17a9825802a65560e","abf73796a44b7720aec99f689293c11d1394f589f456deaff3243a9c6776dfac","","method","void AsyncSaveSettings()","AsyncSaveSettings","","void","0","","False","False","False","available","/Script/EnhancedInput.EnhancedInputUserSettings:AsyncSaveSettings","manual","EnhancedInput","EnhancedInput","","","","","unclassified","pending-native-form-source-join"
"e3672f3a534feeb754897c43dab96ea1cf104bd89defb7c52ace5740c8ebeb16","c89de0ee5303c1d15cebf087f4bc1c185f0cc77c921b954f46579d08b4519874","","method","TSubclassOf<USoundEffectPreset> GetClass()","GetClass","","TSubclassOf<USoundEffectPreset>","0","","False","False","False","available","/Script/Engine.SoundEffectPresetWidgetInterface:GetClass","manual","Engine","","","","","","unclassified","pending-native-form-source-join"
"e3722c017d1ace21bfa0088c2439f48b87931371c2a97b281da82aba13b75546","fa24378319ef169d1149805ded22c404f691f2ea8b34352ec52aeaff336adb02","","method","int GetAudioQualityLevel() const","GetAudioQualityLevel","","int","0","","False","False","False","available","/Script/Engine.GameUserSettings:GetAudioQualityLevel","manual","Engine","","","","","","unclassified","pending-native-form-source-join"
"e3d007b15dfef64d46065a41cce5a5da04696af61433b175724ff708b9a9b968","fa24378319ef169d1149805ded22c404f691f2ea8b34352ec52aeaff336adb02","","method","int GetShadingQuality() const","GetShadingQuality","","int","0","","False","False","False","available","/Script/Engine.GameUserSettings:GetShadingQuality","manual","Engine","","","","","","unclassified","pending-native-form-source-join"
"e3e61c6a79c6906cce47a3ae47b0d3edef00e3490bf584461a1989125f15616d","","UBlueprintSpringMathLibrary","global-function","void CriticalSpringDampVector(FVector&inout InOutX, FVector&inout InOutV, const FVector&inout TargetX, float32 DeltaTime, float32 SmoothingTime = 0.200000)","CriticalSpringDampVector","","void","5","FVector;FVector;FVector;float32;float32","True","True","False","available","/Script/Engine.BlueprintSpringMathLibrary:CriticalSpringDampVector","manual","Engine","","","","","","unclassified","pending-native-form-source-join"
"e3eb25ef92bc011a5025e100013aad3a8d3bfe147d0cf5326a455f3372a77be7","","UGameplayStatics","global-function","UDecalComponent SpawnDecalAttached(UMaterialInterface DecalMaterial, FVector DecalSize, USceneComponent AttachToComponent, FName AttachPointName = NAME_None, FVector Location = FVector ( ), FRotator Rotation = FRotator ( ), EAttachLocation LocationType = EAttachLocation :: KeepRelativeOffset, float32 LifeSpan = 0.000000)","SpawnDecalAttached","","UDecalComponent","8","UMaterialInterface;FVector;USceneComponent;FName;FVector;FRotator;EAttachLocation;float32","True","False","True","available","/Script/Engine.GameplayStatics:SpawnDecalAttached","manual","Engine","","","","","","unclassified","pending-native-form-source-join"
"e4092a469d64ebe00cc61bf7c16cd93e7420f8fe5446ae29fe00128cc2eaad8b","","UBTFunctionLibrary","global-function","AActor GetBlackboardValueAsActor(UBTNode NodeOwner, const FBlackboardKeySelector&inout Key)","GetBlackboardValueAsActor","","AActor","2","UBTNode;FBlackboardKeySelector","False","True","True","available","/Script/AIModule.BTFunctionLibrary:GetBlackboardValueAsActor","manual","AIModule","","","","","","unclassified","pending-native-form-source-join"
"e40e40ce7e63e67c2aea5b9a56f296f74eb332a3e708f705dd6ab5680b9dea8d","8408ed834089f0d30abf8476c0078c8637280efdb97766920767c790ba00fc66","","method","void InjectInputForPlayerMapping(FName MappingName, FInputActionValue RawValue, const UInputModifier[]&inout Modifiers, const UInputTrigger[]&inout Triggers)","InjectInputForPlayerMapping","","void","4","FName;FInputActionValue;UInputModifier[];UInputTrigger[]","False","True","False","available","/Script/EnhancedInput.EnhancedInputSubsystemInterface:InjectInputForPlayerMapping","manual","EnhancedInput","EnhancedInput","","","","","unclassified","pending-native-form-source-join"
"e44b475e2b61f2ed38031d98809c25392aecb60f47ed4428b921616c2e5f9699","","SlateLibrary","global-function","float32 Scalar_LocalToAbsolute(const FGeometry&inout Geometry, float32 LocalScalar)","Scalar_LocalToAbsolute","","float32","2","FGeometry;float32","False","True","False","available","/Script/UMG.SlateBlueprintLibrary:Scalar_LocalToAbsolute","manual","UMG","","","","","","unclassified","pending-native-form-source-join"
"e44b79eece7733f066b26d9e678b593dce2e99c9522ae592477dc220290e90e3","22f0aa2ae5c2941e8436109af0ac0903f97ff5625a4d15fd4101e1bafde97065","","method","FVector GetLastInputVector() const","GetLastInputVector","","FVector","0","","False","False","False","available","/Script/Engine.PawnMovementComponent:GetLastInputVector","manual","Engine","","","","","","unclassified","pending-native-form-source-join"
"e46624971fab9c7ebbe6bfad0475e788414acaa25fac9b436237487fde42f7fa","","UBlueprintSpringMathLibrary","global-function","float32 ConvertSmoothingTimeToHalfLife(float32 SmoothingTime)","ConvertSmoothingTimeToHalfLife","","float32","1","float32","False","False","False","available","/Script/Engine.BlueprintSpringMathLibrary:ConvertSmoothingTimeToHalfLife","manual","Engine","","","","","","unclassified","pending-native-form-source-join"
"e487ca7808d0014c8ad90614c7baa4388c49f1300aa9268687c97304402771b5","fdf59f0e3c0842a609f238f762a8b05bfa4feb6bde861b66ec5a8bccfa31fda0","","method","void PreAttributeBaseChange(const FGameplayAttribute&inout Attribute, float32&inout NewValue) const","PreAttributeBaseChange","","void","2","FGameplayAttribute;float32","False","True","False","available","/Script/AngelscriptGAS.AngelscriptAttributeSet:BP_PreAttributeBaseChange","manual","AngelscriptGAS","AngelscriptGAS","","","","","unclassified","pending-native-form-source-join"
"e4ea0e46fc13c4f52a99effcf6c98d60ef69faaf04ee936df89ae98a63bfa265","5a8e3615aa69dd13f32d83636e5d653d8a25f9f1267baa726b4bbb01b520cfe6","","method","void DeactivationAI(AAIController OwnerController, APawn ControlledPawn)","DeactivationAI","","void","2","AAIController;APawn","False","False","True","available","/Script/AIModule.BTService_BlueprintBase:ReceiveDeactivationAI","manual","AIModule","","","","","","unclassified","pending-native-form-source-join"
"e4ef148f5811c6e8379b9934c641ecf19a5ee8c8fecd55a7ec0cebd8be522a2e","48c1111f70539cbd6d1285d6bc2c25f4629fe1bf1442d7fdc4750982eff660e1","","method","void SetTimelineFinishedFunc(FOnTimelineEvent NewTimelineFinishedFunc = FOnTimelineEvent ( ))","SetTimelineFinishedFunc","","void","1","FOnTimelineEvent","True","False","False","available","/Script/Engine.TimelineComponent:SetTimelineFinishedFunc","manual","Engine","","","","","","unclassified","pending-native-form-source-join"
"e50816aee6b9dd9da817a7df369df393e72d56e65770277d1a1286fd271ce7da","4f8e7441dd6629847eb00d9f80705d20098ad235220d252c2a2c723530d64500","","method","UWorld GetOwnerWorld(const FScriptTypedElementHandle&inout InElementHandle)","GetOwnerWorld","","UWorld","1","FScriptTypedElementHandle","False","True","False","available","/Script/Engine.TypedElementWorldInterface:GetOwnerWorld","manual","Engine","","","","","","unclassified","pending-native-form-source-join"
"e52e297ee71a54fb81204fd8d7c63b1b2f557beded577c763c6b2d1fa4debf02","","UBlueprintSpringMathLibrary","global-function","void SpringInertializeTransitionTransform(FTransform&inout InOutTransformOffset, FSpringTransformVelocity&inout InOutVelocityOffset, FTransform InSrcTransform, FSpringTransformVelocity InSrcVelocity, FTransform InDstTransform, FSpringTransformVelocity InDstVelocity, float32 TimeSinceTransition, float32 SmoothingTime = 0.200000)","SpringInertializeTransitionTransform","","void","8","FTransform;FSpringTransformVelocity;FTransform;FSpringTransformVelocity;FTransform;FSpringTransformVelocity;float32;float32","True","True","False","available","/Script/Engine.BlueprintSpringMathLibrary:SpringInertializeTransitionTransform","manual","Engine","","","","","","unclassified","pending-native-form-source-join"
"e55b3a9377e6f24e681c63941f170239d25fd3e398cd42f7bc194cc272a1eb43","","UConstraintInstanceBlueprintLibrary","global-function","void SetLinearPositionTarget(FConstraintInstanceAccessor&inout Accessor, const FVector&inout InPosTarget)","SetLinearPositionTarget","","void","2","FConstraintInstanceAccessor;FVector","False","True","False","available","/Script/Engine.ConstraintInstanceBlueprintLibrary:SetLinearPositionTarget","manual","Engine","","","","","","unclassified","pending-native-form-source-join"
"e55ed0d3221fe48b5b2732182619cfef6906b42b6e3ee3666d383c646d4b1e56","2dde219e4a54bc63f44f37c91adb0957700abe0cebc3ef698a5bf8efce24d6b9","","method","FText GetDescription(EStateTreeNodeFormatting Formatting) const","GetDescription","","FText","1","EStateTreeNodeFormatting","False","False","False","available","/Script/StateTreeModule.StateTreeNodeBlueprintBase:ReceiveGetDescription","manual","StateTreeModule","StateTree","","","","","unclassified","pending-native-form-source-join"
"e59aa4814068e8e237d252b1b53170e786d0457d4feea06dce3770f1e8b2a592","8fb03d2805f10d52065d1c65e9dcd91b4549d6c486b24f525bcd3787c984fb66","","method","bool IsSearchAllAssets() const","IsSearchAllAssets","","bool","0","","False","False","False","available","/Script/AssetRegistry.AssetRegistry:IsSearchAllAssets","manual","AssetRegistry","","","","","","unclassified","pending-native-form-source-join"
"e5c28fb205a1d17d5b838132fbb0c62a5e18de1791a48bfd245b09f85ffde00e","","UBlueprintSpringMathLibrary","global-function","float32 SpringCharacterSmoothingTimeFromStoppingDistance(float32 InitialVelocity, float32 StoppingDistance = 100.000000)","SpringCharacterSmoothingTimeFromStoppingDistance","","float32","2","float32;float32","True","False","False","available","/Script/Engine.BlueprintSpringMathLibrary:SpringCharacterSmoothingTimeFromStoppingDistance","manual","Engine","","","","","","unclassified","pending-native-form-source-join"
"e5e0d90b7008e23dfc5df8f47d8fe2643588b8551beae40b2a9b9ff8f50717e5","6e9dcc4f18691047675fdf57eab25aa058a26b825c43334757a1d3be615ff8ea","","method","bool WasLastSaveSuccessful() const","WasLastSaveSuccessful","","bool","0","","False","False","False","available","/Script/Engine.LocalPlayerSaveGame:WasLastSaveSuccessful","manual","Engine","","","","","","unclassified","pending-native-form-source-join"
"e5e4077cb6cb37c1f469666c66699d5a945a0bae7fa166f2f4acc6750fd75666","22f0aa2ae5c2941e8436109af0ac0903f97ff5625a4d15fd4101e1bafde97065","","method","FVector GetPendingInputVector() const","GetPendingInputVector","","FVector","0","","False","False","False","available","/Script/Engine.PawnMovementComponent:GetPendingInputVector","manual","Engine","","","","","","unclassified","pending-native-form-source-join"
"e62bb956e56103d4babd736c88604ad806cfbdabbdb6a7a783d14f4229c42ce8","35d29f5a35fcaf8f82f55b61b32dd1252884337241f47a38d3eb51e25267801e","","method","void ServerCancelAbility(FGameplayAbilitySpecHandle AbilityToCancel, FGameplayAbilityActivationInfo ActivationInfo)","ServerCancelAbility","","void","2","FGameplayAbilitySpecHandle;FGameplayAbilityActivationInfo","False","False","False","available","/Script/GameplayAbilities.AbilitySystemComponent:ServerCancelAbility","manual","GameplayAbilities","GameplayAbilities","","","","","unclassified","pending-native-form-source-join"
"e67c4b4373fa7ce4cb291089925d31dffcd6808eb37b89431c208884d8d1e4b9","82b49778050438b5a27d8b1df094f6d3b772d4216282a4dc80a142446a746688","","method","void DrawHUD(int SizeX, int SizeY)","DrawHUD","","void","2","int;int","False","False","False","available","/Script/Engine.HUD:ReceiveDrawHUD","manual","Engine","","","","","","unclassified","pending-native-form-source-join"
"e6b6c2563fdf8176790f14581ad26a49c26e507291769e8e727f2b19c00ede56","8408ed834089f0d30abf8476c0078c8637280efdb97766920767c790ba00fc66","","method","void RequestRebuildControlMappings(const FModifyContextOptions&inout Options, EInputMappingRebuildType RebuildType)","RequestRebuildControlMappings","","void","2","FModifyContextOptions;EInputMappingRebuildType","False","True","False","available","/Script/EnhancedInput.EnhancedInputSubsystemInterface:RequestRebuildControlMappings","manual","EnhancedInput","EnhancedInput","","","","","unclassified","pending-native-form-source-join"
"e6b6d6d47b9f29944a7a8504fe2ddd388af43376bf9d4ead0228388887b2cf0b","877242e59f270f3007210bf5cd3764d6f9178a314708334fc1089e9ccdd2d912","","method","void ReceiveUnPossess(APawn UnpossessedPawn)","ReceiveUnPossess","","void","1","APawn","False","False","True","available","/Script/Engine.Controller:ReceiveUnPossess","manual","Engine","","","","","","unclassified","pending-native-form-source-join"
"e6e6420d6cee58b58c6530b11c953741cb51369224cb0b387800c8eb3f09875b","a048e09fab5b35c796657bb67d416dd5c79c96ad1914c69990329d6bc1e2dc7a","","method","void ClientRestart(APawn NewPawn)","ClientRestart","","void","1","APawn","False","False","True","available","/Script/Engine.PlayerController:ClientRestart","manual","Engine","","","","","","unclassified","pending-native-form-source-join"
"e6e854a0bce6191b9f4725b0129c87603a59b5104a19196703575ab1f7930fc2","","UBTFunctionLibrary","global-function","void ClearBlackboardValue(UBTNode NodeOwner, const FBlackboardKeySelector&inout Key)","ClearBlackboardValue","","void","2","UBTNode;FBlackboardKeySelector","False","True","True","available","/Script/AIModule.BTFunctionLibrary:ClearBlackboardValue","manual","AIModule","","","","","","unclassified","pending-native-form-source-join"
"e70e42b7948961cf9810a6193f027526840eaa3718c5129d04d77f3781ebd4ac","76f1625e22313cae47777d1c91cdb2bf6d778879886a2c00dfe0cab221798420","","method","bool PointLoopBody(const UPCGBasePointData InPointData, const FPCGPoint&inout InPoint, UPCGBasePointData OutPointData, FPCGPoint&inout OutPoint, int64 PointIndex)","PointLoopBody","","bool","5","const UPCGBasePointData;FPCGPoint;UPCGBasePointData;FPCGPoint;int64","False","True","True","available","/Script/PCG.PCGBlueprintPointProcessorSimpleElement:PointLoopBody","manual","PCG","PCG","","","","","unclassified","pending-native-form-source-join"
"e718bfae2995e7883a865d8ad45679c6e0bd888a81798bc5b14a61cad5a26b4d","","UEnhancedInputLibrary","global-function","FName GetMappingName(const FEnhancedActionKeyMapping&inout ActionKeyMapping)","GetMappingName","","FName","1","FEnhancedActionKeyMapping","False","True","False","available","/Script/EnhancedInput.EnhancedInputLibrary:GetMappingName","manual","EnhancedInput","EnhancedInput","","","","","unclassified","pending-native-form-source-join"
"e7cadf17ef091f7f1178d34fa1013608b7b3f88cbb1eec280607a45bcc0700dc","fa24378319ef169d1149805ded22c404f691f2ea8b34352ec52aeaff336adb02","","method","bool IsDynamicResolutionEnabled() const","IsDynamicResolutionEnabled","","bool","0","","False","False","False","available","/Script/Engine.GameUserSettings:IsDynamicResolutionEnabled","manual","Engine","","","","","","unclassified","pending-native-form-source-join"
"e7d350d098bc082ffc5a4326f4ed7d411e06cf9cc1424c8cd530d0048c8a4aec","","UBlueprintSpringMathLibrary","global-function","float32 SpringCharacterSmoothingTimeFromMaximumAngularVelocity(float32 InitialAngle, float32 TargetAngle, float32 MaximumAngularVelocity)","SpringCharacterSmoothingTimeFromMaximumAngularVelocity","","float32","3","float32;float32;float32","False","False","False","available","/Script/Engine.BlueprintSpringMathLibrary:SpringCharacterSmoothingTimeFromMaximumAngularVelocity","manual","Engine","","","","","","unclassified","pending-native-form-source-join"
"e7d7be0b7456107f8e9aebbdf98a68985cc104a63ac6bd5f53e64234d2992efb","f0aca1eb8212b6ae105fbd2e8ce832acd1bbecadccf250fab8d979683cc5058a","","method","bool IsValidBoneTrackIndex(int TrackIndex) const","IsValidBoneTrackIndex","","bool","1","int","False","False","False","available","/Script/Engine.AnimationDataModel:IsValidBoneTrackIndex","manual","Engine","","","","","","unclassified","pending-native-form-source-join"
"e81ce42894c847ca357afc8299498c67d1aa03ab1f61ae744099ae04efbfd5e4","608e7e7c4ee55f85b068d102478b12fb104ba357ad55abe9f75465cbfd4127b7","","method","void ResetBoneTransformByName(FName BoneName)","ResetBoneTransformByName","","void","1","FName","False","False","False","available","/Script/Engine.PoseableMeshComponent:ResetBoneTransformByName","manual","Engine","","","","","","unclassified","pending-native-form-source-join"
"e856781cae153e857885524a55ebba099871e924dfb931585dd58d951b75c564","b0697b21743308261702f67329e44db0bc229dd72304c0d0f5c43e2adcf62eaf","","method","void AddActionMapping(const FInputActionKeyMapping&inout KeyMapping)","AddActionMapping","","void","1","FInputActionKeyMapping","False","True","False","available","/Script/AngelscriptRuntime.PlayerInputScriptMixinLibrary:AddActionMapping","manual","AngelscriptRuntime","Angelscript","","","","","unclassified","pending-native-form-source-join"
"e89f1446ed6049c9b1967b88e406f9d132cb35142a17e784459708ebecb1b6c5","193e4bc280bc0caf6b0972fecf67143bc941d39450a1698b6675409997de44df","","method","void SetVirtualTextureStreaming(bool Value)","SetVirtualTextureStreaming","","void","1","bool","False","False","False","editor-only","/Script/Engine.Texture:SetVirtualTextureStreaming","manual","Engine","","","","","","unclassified","pending-native-form-source-join"
"e8ab94514f82bada0541de22f320c2bd8f2ca4ab6b0d3646cf3cf101072e5735","fa24378319ef169d1149805ded22c404f691f2ea8b34352ec52aeaff336adb02","","method","float32 GetHDRPaperWhiteNits() const","GetHDRPaperWhiteNits","","float32","0","","False","False","False","available","/Script/Engine.GameUserSettings:GetHDRPaperWhiteNits","manual","Engine","","","","","","unclassified","pending-native-form-source-join"
"e8cd72be58ca235841073152827e1652b8698c5e43d8768fa930faf13aa87f90","","UWidgetLayoutLibrary","global-function","UBorderSlot SlotAsBorderSlot(UWidget Widget)","SlotAsBorderSlot","","UBorderSlot","1","UWidget","False","False","True","available","/Script/UMG.WidgetLayoutLibrary:SlotAsBorderSlot","manual","UMG","","","","","","unclassified","pending-native-form-source-join"
"e8ce92225159730c4b92fe44cafa88d55494d9cb0f438b0ccac2a66cb26e1023","df14bd8b09b3fb2279e19859d11fa5dfaefdaf3defc6a308d5205e48915634c6","","method","void SetItemExpansion(UObject Item, bool bExpandItem)","SetItemExpansion","","void","2","UObject;bool","False","False","True","available","/Script/UMG.TreeView:SetItemExpansion","manual","UMG","","","","","","unclassified","pending-native-form-source-join"
"e8ea8d0534408ac16a0d3ade18d65c81bf684a543820c7bb51dd1cd2f252211f","af227d35a24db9f5ce01b0ebcf9f55bd104b5cf86322c7403be4d525e4a5041b","","method","void SetReplicates(bool bInReplicates)","SetReplicates","","void","1","bool","False","False","False","available","/Script/Engine.Actor:SetReplicates","manual","Engine","","","","","","unclassified","pending-native-form-source-join"
"e904022ae5cd3c2bf2377c0297256b30fbff083e9f4538ebca76d4c5e7347d76","07e6ab7f0b39cb2ddeb6518256adc8ab61caefe3d5a485fac2d45547adb2973d","","method","void OnPauseCapture()","OnPauseCapture","","void","0","","False","False","False","available","/Script/MovieSceneCapture.UserDefinedCaptureProtocol:OnPauseCapture","manual","MovieSceneCapture","","","","","","unclassified","pending-native-form-source-join"
"e936fa6ce7b6ca18f6695880391d5153f7d1614a87eb5b179560170037e5eab8","","WidgetLibrary","global-function","void DrawText(FPaintContext&inout Context, FString InString, FVector2D Position, FLinearColor Tint = FLinearColor ( 1.000000 , 1.000000 , 1.000000 , 1.000000 ))","DrawText","","void","4","FPaintContext;FString;FVector2D;FLinearColor","True","True","False","deprecated","/Script/UMG.WidgetBlueprintLibrary:DrawText","manual","UMG","","","","","","unclassified","pending-native-form-source-join"
"e9562bae7643b38071f6a9833b41eca7c3bc3b78fa11cce0fda9ad2fb632095a","77def77c7e6a035ee4f4c7688b4b8f0cb2dc712bf20e4a9fb8b7207990f0f262","","method","void SetReticleMaterialParamVector(FName ParamName, FVector value)","SetReticleMaterialParamVector","","void","2","FName;FVector","False","False","False","available","/Script/GameplayAbilities.GameplayAbilityWorldReticle:SetReticleMaterialParamVector","manual","GameplayAbilities","GameplayAbilities","","","","","unclassified","pending-native-form-source-join"
"e9617fa7f935d61a05f18b023338654b7697a137da8c2bd2a25aabe73691031e","7c512897178e856205f0b20d178f0ad05e330e5254fab86dd63c95149a5893b4","","method","void OnEnabledChanged(bool bIsEnabled)","OnEnabledChanged","","void","1","bool","False","False","False","available","/Script/ControlRig.ControlRigShapeActor:OnEnabledChanged","manual","ControlRig","ControlRig","","","","","unclassified","pending-native-form-source-join"
"e962222f5ba5eaf1c11beb5b391a2ea3965a2b0cf06c3c497aa6ec4e47d40849","","UConstraintInstanceBlueprintLibrary","global-function","void SetAngularSoftTwistLimitParams(FConstraintInstanceAccessor&inout Accessor, bool bSoftTwistLimit, float32 TwistLimitStiffness, float32 TwistLimitDamping, float32 TwistLimitRestitution, float32 TwistLimitContactDistance)","SetAngularSoftTwistLimitParams","","void","6","FConstraintInstanceAccessor;bool;float32;float32;float32;float32","False","True","False","available","/Script/Engine.ConstraintInstanceBlueprintLibrary:SetAngularSoftTwistLimitParams","manual","Engine","","","","","","unclassified","pending-native-form-source-join"
"e99965d6cba55523c7b8cfeb5bf3878863fe39555c33ac7fe16803410e84c467","","UConstraintInstanceBlueprintLibrary","global-function","void SetAngularSoftSwingLimitParams(FConstraintInstanceAccessor&inout Accessor, bool bSoftSwingLimit, float32 SwingLimitStiffness, float32 SwingLimitDamping, float32 SwingLimitRestitution, float32 SwingLimitContactDistance)","SetAngularSoftSwingLimitParams","","void","6","FConstraintInstanceAccessor;bool;float32;float32;float32;float32","False","True","False","available","/Script/Engine.ConstraintInstanceBlueprintLibrary:SetAngularSoftSwingLimitParams","manual","Engine","","","","","","unclassified","pending-native-form-source-join"
"e9a177185b845842199709d24e50846e436a278835b2db808b139735b3c36f5b","5351c4ffe82bbb28d1a84ba46be8b8b08876e3a366f59925a2568dc5b35e1c9c","","method","void InitStartSpot(AActor StartSpot, AController NewPlayer)","InitStartSpot","","void","2","AActor;AController","False","False","True","available","/Script/Engine.GameModeBase:InitStartSpot","manual","Engine","","","","","","unclassified","pending-native-form-source-join"
"e9b8b899df6b5063d6169c7f856b1741d7e658f12397d82838e7edaafd9c9b98","fa24378319ef169d1149805ded22c404f691f2ea8b34352ec52aeaff336adb02","","method","int GetOverallScalabilityLevel() const","GetOverallScalabilityLevel","","int","0","","False","False","False","available","/Script/Engine.GameUserSettings:GetOverallScalabilityLevel","manual","Engine","","","","","","unclassified","pending-native-form-source-join"
"e9bcc809d47f1a4c74481e73594b2242e5bbcaa02c4c75c334ce22284d28044d","","UBTFunctionLibrary","global-function","void SetBlackboardValueAsName(UBTNode NodeOwner, const FBlackboardKeySelector&inout Key, FName Value)","SetBlackboardValueAsName","","void","3","UBTNode;FBlackboardKeySelector;FName","False","True","True","available","/Script/AIModule.BTFunctionLibrary:SetBlackboardValueAsName","manual","AIModule","","","","","","unclassified","pending-native-form-source-join"
"ea040d05882f6aae915af16817ec69637d7d6d95abad32c2819bfe71f39f92e0","","WidgetLibrary","global-function","void SetWindowTitleBarCloseButtonActive(bool bActive)","SetWindowTitleBarCloseButtonActive","","void","1","bool","False","False","False","available","/Script/UMG.WidgetBlueprintLibrary:SetWindowTitleBarCloseButtonActive","manual","UMG","","","","","","unclassified","pending-native-form-source-join"
"ea838941968312f6d36c4c22f36de394c8a3016360c239e683480350353c5958","7394d5fa67d40991e30a15aaa08d190dd56fd4d7dcbf0f6e895351f89c684fd4","","method","float32 AngularDistanceForNormals(const FVector3f&inout B) const","AngularDistanceForNormals","","float32","1","FVector3f","False","True","False","available","/Script/AngelscriptRuntime.AngelscriptFVector3fMixinLibrary:AngularDistanceForNormals","manual","AngelscriptRuntime","Angelscript","","","","","unclassified","pending-native-form-source-join"
"eaa885ab31c78fce57796c611c0d2a8ca855368b39a64c0c35e8c61d1cac7169","a2d1a5f352f4cac01bc4fedc3e39c7274efc7aae83183f9ebafb58df9ab26227","","method","void TestFinished()","TestFinished","","void","0","","False","False","False","available","/Script/FunctionalTesting.FunctionalTest:ReceiveTestFinished","manual","FunctionalTesting","","","","","","unclassified","pending-native-form-source-join"
"eabd57524f6f9f8106b813a19ba4a1d24236486f7491e93d9f8fee5c26c3d67a","221735b2ef09d2dff90eada6b7ac0853d3139484f79de08dd996d968d950a15e","","method","void LoadLevelInstance()","LoadLevelInstance","","void","0","","False","False","False","available","/Script/Engine.LevelInstanceInterface:LoadLevelInstance","manual","Engine","","","","","","unclassified","pending-native-form-source-join"
"ead7c729ee38d86441902e337ed1ad56c2de059d7819eb75370d6bac55093792","6c209a9c09297820472fd09ebffb6ec8db0c910c82a19313dcbb743f3ad7f792","","method","void EndPlay()","EndPlay","","void","0","","False","False","False","available","/Script/Engine.CheatManager:ReceiveEndPlay","manual","Engine","","","","","","unclassified","pending-native-form-source-join"
"eaf6b74e5c11de76d7cc0273f99818e1890ea968b6e07f53a4284ec3976668aa","","Math","global-function","FRotator LerpShortestPath(const FRotator&inout A, const FRotator&inout B, float Alpha)","LerpShortestPath","","FRotator","3","FRotator;FRotator;float","False","True","False","available","/Script/AngelscriptRuntime.AngelscriptMathLibrary:LerpShortestPath","manual","AngelscriptRuntime","Angelscript","","","","","unclassified","pending-native-form-source-join"
"eb281a617aaec78693f1986e8d09830085a95874cc6b67eb49c69c22a511d212","37d3caf17e79de34aeba05029e3a80e50c00667f251ab624d817b1e42deabe06","","method","FVector GetVelocityForNavMovement() const","GetVelocityForNavMovement","","FVector","0","","False","False","False","available","/Script/Engine.NavMovementInterface:GetVelocityForNavMovement","manual","Engine","","","","","","unclassified","pending-native-form-source-join"
"eb57cbea1fb05cb83ddb9984c429caff8f4542e1b5e78d43765a64422d186cae","6e9dcc4f18691047675fdf57eab25aa058a26b825c43334757a1d3be615ff8ea","","method","bool AsyncSaveGameToSlotForLocalPlayer()","AsyncSaveGameToSlotForLocalPlayer","","bool","0","","False","False","False","available","/Script/Engine.LocalPlayerSaveGame:AsyncSaveGameToSlotForLocalPlayer","manual","Engine","","","","","","unclassified","pending-native-form-source-join"
"eb666c6168a1281b003902b227161123c54f5127fd2832ebdc3486a1b58d94be","21d382cd7255d52cbb20566516d6b3ceb07797f145c23c7f2383421ca5d88295","","method","FEventReply OnMouseWheel(FGeometry MyGeometry, const FPointerEvent&inout MouseEvent)","OnMouseWheel","","FEventReply","2","FGeometry;FPointerEvent","False","True","False","available","/Script/UMG.UserWidget:OnMouseWheel","manual","UMG","","","","","","unclassified","pending-native-form-source-join"
"eb71c9a53e494fca7030a77f1a49b69d80c092f1adab2b843994416c4f610bed","","UBlueprintSpringMathLibrary","global-function","float32 SpringCharacterTurningTime(float32 TargetAngle, float32 SmoothingTime = 0.200000, float32 AngleThreshold = 5.000000)","SpringCharacterTurningTime","","float32","3","float32;float32;float32","True","False","False","available","/Script/Engine.BlueprintSpringMathLibrary:SpringCharacterTurningTime","manual","Engine","","","","","","unclassified","pending-native-form-source-join"
"eb763c01899f7e6c8f730d47fc8ec5b7321c0dc0bf501f6e2513eea50b7f66d2","fa24378319ef169d1149805ded22c404f691f2ea8b34352ec52aeaff336adb02","","method","void SetHDRUILuminanceSeparate(bool bIndependent)","SetHDRUILuminanceSeparate","","void","1","bool","False","False","False","available","/Script/Engine.GameUserSettings:SetHDRUILuminanceSeparate","manual","Engine","","","","","","unclassified","pending-native-form-source-join"
"eb9f2943f999f81a0fa95f1ef336af107f94fe73f68f9153515f608ac57bb78b","62f422d0f954ea11dcb80ccd6dcbb9345d905f88381c71c0ded9d2aacc0560f3","","method","int PointLoopBody(const FPCGPointInputRange&inout InputRange, FPCGPointOutputRange&inout OutputRange)","PointLoopBody","","int","2","FPCGPointInputRange;FPCGPointOutputRange","False","True","False","available","/Script/PCG.PCGBlueprintPointProcessorElement:PointLoopBody","manual","PCG","PCG","","","","","unclassified","pending-native-form-source-join"
"ebb8be54955d17dd4c3cf672cdeb2a524f2c965927705d10e48749d80c8d3b7e","339a778a47b28d90a21f75037fa86472d09260ad9f9b63803ea7592f3e560150","","method","void DiffAgainstDepot(UObject InObject, FString InPackagePath, FString InPackageName) const","DiffAgainstDepot","","void","3","UObject;FString;FString","False","False","True","available","/Script/AssetTools.AssetTools:DiffAgainstDepot","manual","AssetTools","","","","","","unclassified","pending-native-form-source-join"
"ec254cc4736687003f4e24dffc43435ebf3e301457604339e697ae038fed7df9","","UBlueprintSpringMathLibrary","global-function","void SpringInertializeTransitionRotator(FRotator&inout InOutRotationOffset, FVector&inout InOutAngularVelocityOffset, FRotator InSrcRotation, FVector InSrcAngularVelocity, FRotator InDstRotation, FVector InDstAngularVelocity, float32 TimeSinceTransition, float32 SmoothingTime = 0.200000)","SpringInertializeTransitionRotator","","void","8","FRotator;FVector;FRotator;FVector;FRotator;FVector;float32;float32","True","True","False","available","/Script/Engine.BlueprintSpringMathLibrary:SpringInertializeTransitionRotator","manual","Engine","","","","","","unclassified","pending-native-form-source-join"
"ec46da0036d30b3989377dad72d0be1dd68476fdb6d6b1c4a43ee45decffb7e8","f114739dad8eec28fa480409a4fe844f0d95d53ddc54fb1dd0d2b1c16ec0a9d7","","method","bool SetAutoPlayData(int TrackIndex, int LayerIndex, const FAnimSequenceTrackAutoPlayData&inout Data)","SetAutoPlayData","","bool","3","int;int;FAnimSequenceTrackAutoPlayData","False","True","False","available","/Script/Engine.AnimSequenceTransformProviderDataInstance:SetAutoPlayData","manual","Engine","","","","","","unclassified","pending-native-form-source-join"
"ec509888cae5c6b9697b36f61b4ed8dd52cafe76176a9c11746edeb449b10171","9d11916b875f3626746a95fa6f648c2bc0ad2cc4c83ee3e60caef38188732faf","","method","void Execute(const FGameplayEffectCustomExecutionParameters&inout ExecutionParams, FGameplayEffectCustomExecutionOutput&inout OutExecutionOutput) const","Execute","","void","2","FGameplayEffectCustomExecutionParameters;FGameplayEffectCustomExecutionOutput","False","True","False","available","/Script/GameplayAbilities.GameplayEffectExecutionCalculation:Execute","manual","GameplayAbilities","GameplayAbilities","","","","","unclassified","pending-native-form-source-join"
"ec66c03242520be0cd757c7045218422cd5e542196b2abd78cd886ced937b261","","UBlueprintSpringMathLibrary","global-function","float32 SpringCharacterMaximumAngularVelocity(float32 InitialAngle, float32 InitialAngularVelocity, float32 TargetAngle, float32 SmoothingTime = 0.200000)","SpringCharacterMaximumAngularVelocity","","float32","4","float32;float32;float32;float32","True","False","False","available","/Script/Engine.BlueprintSpringMathLibrary:SpringCharacterMaximumAngularVelocity","manual","Engine","","","","","","unclassified","pending-native-form-source-join"
"ec6e78c681f06272cf7f2942db82afbf5f88b21c8ad1a21331d447cf9d450b06","5351c4ffe82bbb28d1a84ba46be8b8b08876e3a366f59925a2568dc5b35e1c9c","","method","UClass GetDefaultPawnClassForController(AController InController)","GetDefaultPawnClassForController","","UClass","1","AController","False","False","True","available","/Script/Engine.GameModeBase:GetDefaultPawnClassForController","manual","Engine","","","","","","unclassified","pending-native-form-source-join"
"ec7028d8e82253533c7265b9e00edefcc3af1b3feacfa854df20836ebdd6aca1","4f8e7441dd6629847eb00d9f80705d20098ad235220d252c2a2c723530d64500","","method","bool SetRelativeTransform(const FScriptTypedElementHandle&inout InElementHandle, const FTransform&inout InTransform)","SetRelativeTransform","","bool","2","FScriptTypedElementHandle;FTransform","False","True","False","available","/Script/Engine.TypedElementWorldInterface:SetRelativeTransform","manual","Engine","","","","","","unclassified","pending-native-form-source-join"
"ec9ab6588f45329ff457b3afe18c3acc2e7eca086512d87a0c890503663392d9","4b234073e4131692a708413e0cd443beaf9252bb3165c3887bb4059999301b1c","","method","void StopAnim()","StopAnim","","void","0","","False","False","False","available","/Script/Engine.AnimSingleNodeInstance:StopAnim","manual","Engine","","","","","","unclassified","pending-native-form-source-join"
"ed0ecfa5c8769ac604e6e55baa516fc26b8a75a8d85ac4203fd0da85445c273b","","UGameUserSettings","global-function","int GetSyncInterval()","GetSyncInterval","","int","0","","False","False","False","available","/Script/Engine.GameUserSettings:GetSyncInterval","manual","Engine","","","","","","unclassified","pending-native-form-source-join"
"ed1a6aa60536894de987a6d063efbc2f47e969b8088260302f966b6b06b75ccd","f0e0aff25e2233e7488dbb93eb3db45dc3f94f6519daa80b7f0d167832161954","","method","FRotator InverseTransformRotation(const FRotator&inout R) const","InverseTransformRotation","","FRotator","1","FRotator","False","True","False","available","/Script/Engine.KismetMathLibrary:InverseTransformRotation","manual","Engine","","","","","","unclassified","pending-native-form-source-join"
"ed2db79eb9a3b508100ce634760d706069afe497bd87311ff36dba52228c6f78","a048e09fab5b35c796657bb67d416dd5c79c96ad1914c69990329d6bc1e2dc7a","","method","void ClientPrestreamTextures(AActor ForcedActor, float32 ForceDuration, bool bEnableStreaming, int CinematicTextureGroups)","ClientPrestreamTextures","","void","4","AActor;float32;bool;int","False","False","True","available","/Script/Engine.PlayerController:ClientPrestreamTextures","manual","Engine","","","","","","unclassified","pending-native-form-source-join"
"ed544ce50282bac2c0c354cb20e41b30ae6c6978497625d8469251d223bce1e3","","UWidgetAnimationHandleFunctionLibrary","global-function","void SetUserTag(FWidgetAnimationHandle&inout Target, FName InUserTag)","SetUserTag","","void","2","FWidgetAnimationHandle;FName","False","True","False","available","/Script/UMG.WidgetAnimationHandleFunctionLibrary:SetUserTag","manual","UMG","","","","","","unclassified","pending-native-form-source-join"
"ed895b1aba9f35f85731fa6e1724f7431452066e0a91c5dd51d17d4a4b26d13a","fa24378319ef169d1149805ded22c404f691f2ea8b34352ec52aeaff336adb02","","method","void ApplyNonResolutionSettings()","ApplyNonResolutionSettings","","void","0","","False","False","False","available","/Script/Engine.GameUserSettings:ApplyNonResolutionSettings","manual","Engine","","","","","","unclassified","pending-native-form-source-join"
"ed9f6fe83360838d9cc35487732aab3d3d04a2dfbf7f81f4f3aba7be63ad158b","","UBlueprintSpringMathLibrary","global-function","void DeadBlendTransitionScale(FVector&inout InOutScaleTransition, FVector&inout InOutScalarVelocityTransition, FVector InSrcScale, FVector InSrcScalarVelocity, float32 TimeSinceTransition, float32 BlendTime = 0.200000, float32 SmoothingTime = 0.200000)","DeadBlendTransitionScale","","void","7","FVector;FVector;FVector;FVector;float32;float32;float32","True","True","False","available","/Script/Engine.BlueprintSpringMathLibrary:DeadBlendTransitionScale","manual","Engine","","","","","","unclassified","pending-native-form-source-join"
"ee4aea221529bdc6d072fe1c91b2a830c27b8afc392087f24b6c3321a31c371c","7b19570e46e65f592e2b6b868022abfae555055ee489191809be6918da6c8def","","method","ULevelStreaming[] GetStreamingLevels() const","GetStreamingLevels","","ULevelStreaming[]","0","","False","False","False","available","/Script/AngelscriptRuntime.AngelscriptWorldLibrary:GetStreamingLevels","manual","AngelscriptRuntime","Angelscript","","","","","unclassified","pending-native-form-source-join"
"ee62970f6bd5a91887f5bad28d17949e304a79aca8a07e55c9fba87335725b8c","05ca90096d1d613b3b7471d750a402762d6db71ef84b8fabaedc0a1ba79d0cb8","","method","FVector GetRightVector() const","GetRightVector","","FVector","0","","False","False","False","available","/Script/AngelscriptRuntime.AngelscriptFRotatorLibrary:GetRightVector","manual","AngelscriptRuntime","Angelscript","","","","","unclassified","pending-native-form-source-join"
"ee69089274c4952035336f73f0988dde8963ad529418902b6f26bffc5f41c5cf","30a9c856ae05f758e1707c451a3d6ddfe150bed5bd6708f17dec0be991689c41","","method","void OnSetMatchState(FName NewState)","OnSetMatchState","","void","1","FName","False","False","False","available","/Script/Engine.GameMode:K2_OnSetMatchState","manual","Engine","","","","","","unclassified","pending-native-form-source-join"
"ee71a469fbaaac6af654c463b84c65635773228cf65e449fcca6c57454fe4e12","a0a0131f173b102ab01e90beae3d581bc1792191d05107d930b772e4c13caf9c","","method","EAngelscriptRuntimeReloadRequestStatus RequestRuntimeReload()","RequestRuntimeReload","","EAngelscriptRuntimeReloadRequestStatus","0","","False","False","False","available","/Script/AngelscriptRuntime.AngelscriptSubsystem:RequestRuntimeReload","manual","AngelscriptRuntime","Angelscript","","","","","unclassified","pending-native-form-source-join"
"ee7aa01ae69ac654b077abfc79726f8951873536a08080e3affa5a7aea3cc7b2","5fac7644503053c91e90254fd3a15c51ba01595bc14a4f2c33e87a7bbda7198b","","method","bool IsWaitingOnRemotePlayerdata() const","IsWaitingOnRemotePlayerdata","","bool","0","","False","False","False","available","/Script/AngelscriptGAS.AngelscriptAbilityTask:BP_IsWaitingOnRemotePlayerdata","manual","AngelscriptGAS","AngelscriptGAS","","","","","unclassified","pending-native-form-source-join"
"ee967193f0bae4c512830e31013ed0b037ad96d7d9971ec42ce95b5d82077991","","WidgetLibrary","global-function","void GetSafeZonePadding(const UObject WorldContextObject, FVector4&inout SafePadding, FVector2D&inout SafePaddingScale, FVector4&inout SpillOverPadding)","GetSafeZonePadding","","void","4","const UObject;FVector4;FVector2D;FVector4","False","True","True","available","/Script/UMG.WidgetBlueprintLibrary:GetSafeZonePadding","manual","UMG","","","","","","unclassified","pending-native-form-source-join"
"eea9d22481cb75fffdf19907c8e2ea73d354420602f685947df095d06aa9a414","af227d35a24db9f5ce01b0ebcf9f55bd104b5cf86322c7403be4d525e4a5041b","","method","void ActorOnClicked(FKey ButtonPressed)","ActorOnClicked","","void","1","FKey","False","False","False","available","/Script/Engine.Actor:ReceiveActorOnClicked","manual","Engine","","","","","","unclassified","pending-native-form-source-join"
"eebbed9fa6b3c1f9ac5ac932b4cd7062a9bd0dad062601c5017ae5e636a0aadf","c01f69dc85551cf5d89484bc5682609aaf62fba8adfe3e91dce30755c6a39897","","method","void PlayShake(float32 Scale)","PlayShake","","void","1","float32","False","False","False","available","/Script/EngineCameras.LegacyCameraShake:ReceivePlayShake","manual","EngineCameras","EngineCameras","","","","","unclassified","pending-native-form-source-join"
"eeca177724e48981cd820a7b886bcef260a30179837be1949c83b8eeb7aa9ed6","","UGameplayLibrary","global-function","void AsyncLoadGameFromSlot(FString SlotName, int UserIndex, FAsyncLoadGameFromSlotDynamicDelegate Delegate = FAsyncLoadGameFromSlotDynamicDelegate ( ))","AsyncLoadGameFromSlot","","void","3","FString;int;FAsyncLoadGameFromSlotDynamicDelegate","True","False","False","available","/Script/AngelscriptRuntime.GameplayLibrary:AsyncLoadGameFromSlot","manual","AngelscriptRuntime","Angelscript","","","","","unclassified","pending-native-form-source-join"
"eeed617991d7e5b6c00fc8cd474c3610a01faa97be103bb2df4603aa71544677","","UBlueprintSpringMathLibrary","global-function","void TrackVelocityVector(FVector&inout InOutValue, FVector&inout InOutVelocity, FVector InValue, float32 DeltaTime)","TrackVelocityVector","","void","4","FVector;FVector;FVector;float32","False","True","False","available","/Script/Engine.BlueprintSpringMathLibrary:TrackVelocityVector","manual","Engine","","","","","","unclassified","pending-native-form-source-join"
"ef13a679decbf724b231d317342db1afea7ef5d60d98ee6bce13cc4dc97e43ee","","UGameplayStatics","global-function","void PrimeAllSoundsInSoundClass(USoundClass InSoundClass)","PrimeAllSoundsInSoundClass","","void","1","USoundClass","False","False","True","available","/Script/Engine.GameplayStatics:PrimeAllSoundsInSoundClass","manual","Engine","","","","","","unclassified","pending-native-form-source-join"
"ef1aefef7cee52ed1e9f5407a2e7b731556dfcd7d6abd0dd852d55c846be1ea5","f114739dad8eec28fa480409a4fe844f0d95d53ddc54fb1dd0d2b1c16ec0a9d7","","method","bool SetManualPosition(int TrackIndex, int LayerIndex, float32 Position)","SetManualPosition","","bool","3","int;int;float32","False","False","False","available","/Script/Engine.AnimSequenceTransformProviderDataInstance:SetManualPosition","manual","Engine","","","","","","unclassified","pending-native-form-source-join"
"ef20bcd5a41f8b2ef81b2462d3d812f47dc637ddb1cf568a169b7583ff98286d","fb0d0e69d455f41eb245c1bd16b08ee5ea1da3aa0a0c7605bb09b76168f08b34","","method","void AfterEach()","AfterEach","","void","0","","False","False","False","available","/Script/AngelscriptRuntime.AngelscriptTestSuite:AfterEach","manual","AngelscriptRuntime","Angelscript","","","","","unclassified","pending-native-form-source-join"
"ef2de6a2462601ff03767af8f8ea9ab95b2f9623ce408277d5051a5d29919de4","a2d1a5f352f4cac01bc4fedc3e39c7274efc7aae83183f9ebafb58df9ab26227","","method","void PrepareTest()","PrepareTest","","void","0","","False","False","False","available","/Script/FunctionalTesting.FunctionalTest:ReceivePrepareTest","manual","FunctionalTesting","","","","","","unclassified","pending-native-form-source-join"
"ef2dfb5178cd464b8f0c5d2193c2cc35de93da57f81de7d05455f7910c454a4a","4159abbd91461ceba2726bc46a803f8fce04f34112fe9e88b20342e21594e437","","method","bool BeforeOnClient()","BeforeOnClient","","bool","0","","False","False","False","available","/Script/AngelscriptRuntime.LatentAutomationCommand:BeforeOnClient","manual","AngelscriptRuntime","Angelscript","","","","","unclassified","pending-native-form-source-join"
"ef5a93ec67177d9277137a4435f7e561025e0b1b206ebcab4da2b82c8bf4618c","","UBlueprintSpringMathLibrary","global-function","void CriticalSpringDampScale(FVector&inout InOutScale, FVector&inout InOutScalarVelocity, const FVector&inout TargetScale, float32 DeltaTime, float32 SmoothingTime = 0.200000)","CriticalSpringDampScale","","void","5","FVector;FVector;FVector;float32;float32","True","True","False","available","/Script/Engine.BlueprintSpringMathLibrary:CriticalSpringDampScale","manual","Engine","","","","","","unclassified","pending-native-form-source-join"
"ef868c7b557191d9f1c8bd8a5d552c0cba467ceb22eb583453ab8b3903f394e1","","SlateLibrary","global-function","FVector2D Vector_LocalToAbsolute(const FGeometry&inout Geometry, FVector2D LocalVector)","Vector_LocalToAbsolute","","FVector2D","2","FGeometry;FVector2D","False","True","False","available","/Script/UMG.SlateBlueprintLibrary:Vector_LocalToAbsolute","manual","UMG","","","","","","unclassified","pending-native-form-source-join"
"efbf72c403eefbb66f1113bfed8f3e8e5ecbc59b666d19b6ac5e9e7965eb82af","d3376830c9d045ef17bf83cd67f2190f9c2d8ce62e0d305d3be3c892d75c1e28","","method","void UnmapAll()","UnmapAll","","void","0","","False","False","False","available","/Script/EnhancedInput.InputMappingContext:UnmapAll","manual","EnhancedInput","EnhancedInput","","","","","unclassified","pending-native-form-source-join"
"efd70899f01b1b190da0cc332f79f568d439033bc9400d36388bd9f2afbb840f","","UGameplayStatics","global-function","FName[] GetAvailableSpatialPluginNames(const UObject WorldContextObject = __WorldContext ( ))","GetAvailableSpatialPluginNames","","FName[]","1","const UObject","True","False","True","available","/Script/Engine.GameplayStatics:GetAvailableSpatialPluginNames","manual","Engine","","","","","","unclassified","pending-native-form-source-join"
"f00746dc8fc26a09fdf8e8dababc7f3a950f551c2eac7b5332cfc51266a64bb1","d5f2882870ba27b7a3f7373307ff48f7eb09ea60cf295620ee4afec13f6e3dcf","","method","void SetIsAnchored(bool bIsAnchored)","SetIsAnchored","","void","1","bool","False","False","False","deprecated","/Script/Engine.ClusterUnionComponent:SetIsAnchored","manual","Engine","","","","","","unclassified","pending-native-form-source-join"
"f0219ff518f8cf10cf2279854cb7fcfea5cad2df5f10e123ef95c90a9bd4e0dd","abf73796a44b7720aec99f689293c11d1394f589f456deaff3243a9c6776dfac","","method","bool UnregisterInputMappingContext(const UInputMappingContext IMC)","UnregisterInputMappingContext","","bool","1","const UInputMappingContext","False","False","True","available","/Script/EnhancedInput.EnhancedInputUserSettings:UnregisterInputMappingContext","manual","EnhancedInput","EnhancedInput","","","","","unclassified","pending-native-form-source-join"
"f0243f4e1b046e272037e8f0d4100ed8bb4d52b71069ef78c5890f7e456f1223","21d382cd7255d52cbb20566516d6b3ceb07797f145c23c7f2383421ca5d88295","","method","void OnDragEnter(FGeometry MyGeometry, FPointerEvent PointerEvent, UDragDropOperation Operation)","OnDragEnter","","void","3","FGeometry;FPointerEvent;UDragDropOperation","False","False","True","available","/Script/UMG.UserWidget:OnDragEnter","manual","UMG","","","","","","unclassified","pending-native-form-source-join"
"f02d8fe442844fccb8653b8ba3a874dd58646093801b247962e560b12c8beee5","4f8e7441dd6629847eb00d9f80705d20098ad235220d252c2a2c723530d64500","","method","bool SetPivotOffset(const FScriptTypedElementHandle&inout InElementHandle, const FVector&inout InPivotOffset)","SetPivotOffset","","bool","2","FScriptTypedElementHandle;FVector","False","True","False","available","/Script/Engine.TypedElementWorldInterface:SetPivotOffset","manual","Engine","","","","","","unclassified","pending-native-form-source-join"
"f033336b49e451be6a164614cdbe0f64f6e2da44f80c5c311ef3ae7636264402","96c1ca86fd81336d18760b6b3cfe696ae406b4f2bf9c909d621ad6b52109336a","","method","FVector GetVelocity() const","GetVelocity","","FVector","0","","False","False","False","available","/Script/Engine.MovementInterface:GetVelocity","manual","Engine","","","","","","unclassified","pending-native-form-source-join"
"f0343e5a8264fa4dac5e123c5e4b673ce6b20d85e7ca039d77a74693ee5975eb","36bb62b32eedc9d7f5cb94d388bb4a89da01e22e70939e82f2abbec70d5c94c6","","method","float32 GetDefaultTriggerWeightThreshold() const","GetDefaultTriggerWeightThreshold","","float32","0","","False","False","False","available","/Script/Engine.AnimNotify:GetDefaultTriggerWeightThreshold","manual","Engine","","","","","","unclassified","pending-native-form-source-join"
"f04f3d5e09d69fe3b9894a5612e278615ae2dff514c2e166c2d400d9dae2b0fa","","Script","global-function","FString GetNamespaceOfGlobalVariableBeingInitialized()","GetNamespaceOfGlobalVariableBeingInitialized","","FString","0","","False","False","False","available","/Script/AngelscriptRuntime.AngelscriptScriptLibrary:GetNamespaceOfGlobalVariableBeingInitialized","manual","AngelscriptRuntime","Angelscript","","","","","unclassified","pending-native-form-source-join"
"f0684c99c8e2d5e212ea563c039a77e10e7b8b310b489c02416f726615e531cc","95c5bd2590e7410565721b207a1d17bc6be9388f92234c7eba4b0ba57a3a44b1","","method","void OpenBracket(const FText&inout InTitle, bool bShouldTransact)","OpenBracket","","void","2","FText;bool","False","True","False","available","/Script/Engine.AnimationDataController:OpenBracket","manual","Engine","","","","","","unclassified","pending-native-form-source-join"
"f06e56a46635a7d75520871b31d82f77e30b75bf8e0b136e0d4cdbb54eb21dd2","95c5bd2590e7410565721b207a1d17bc6be9388f92234c7eba4b0ba57a3a44b1","","method","void CloseBracket(bool bShouldTransact)","CloseBracket","","void","1","bool","False","False","False","available","/Script/Engine.AnimationDataController:CloseBracket","manual","Engine","","","","","","unclassified","pending-native-form-source-join"
"f0c8f349a908bcf2ed183d9234abd19a34f7da8e68b0fcef62b8bf175d729ec5","","UGameplayStatics","global-function","void EnableLiveStreaming(bool Enable)","EnableLiveStreaming","","void","1","bool","False","False","False","available","/Script/Engine.GameplayStatics:EnableLiveStreaming","manual","Engine","","","","","","unclassified","pending-native-form-source-join"
"f0f1c70da0396bf0b14b374b9d7acccd555035b125dbf49cf8ae388d00e4efa4","0f57e00920afd6a1a9a1258c938a2ce2620b2cd11c885c6355f0447d3358f499","","method","void SetActor(AActor InActor)","SetActor","","void","1","AActor","False","False","True","available","/Script/AngelscriptRuntime.AngelscriptHitResultLibrary:SetActor","manual","AngelscriptRuntime","Angelscript","","","","","unclassified","pending-native-form-source-join"
"f101814f355b25b3e61251cdf53a86a4bd3e66ae23be7da44a8b05c7384a8d24","","UInputDeviceLibrary","global-function","bool IsUnpairedUserId(FPlatformUserId PlatformId)","IsUnpairedUserId","","bool","1","FPlatformUserId","False","False","False","available","/Script/Engine.InputDeviceLibrary:IsUnpairedUserId","manual","Engine","","","","","","unclassified","pending-native-form-source-join"
"f1126aa608fb3a3c1b04cebb6fde0825f0a1f4ee9e04b46440bb42f6eef34fd6","67769666047721cc74255fb0d3d1beea262bc05a8581e3c71239c2a69b3aa391","","method","void SetVerticalAlignment(EVerticalAlignment InVerticalAlignment)","SetVerticalAlignment","","void","1","EVerticalAlignment","False","False","False","available","/Script/UMG.ButtonSlot:SetVerticalAlignment","manual","UMG","","","","","","unclassified","pending-native-form-source-join"
"f12673e84192f852fbc55517277edeba2ef1b96f6d2850771ce19eb1aeba8a81","f114739dad8eec28fa480409a4fe844f0d95d53ddc54fb1dd0d2b1c16ec0a9d7","","method","bool SetLoopMode(int TrackIndex, int LayerIndex, EAnimSequenceTrackLoopMode LoopMode)","SetLoopMode","","bool","3","int;int;EAnimSequenceTrackLoopMode","False","False","False","available","/Script/Engine.AnimSequenceTransformProviderDataInstance:SetLoopMode","manual","Engine","","","","","","unclassified","pending-native-form-source-join"
"f12c93f6ead9f11665735d07e59de3bc304a89bb46114244d25186e27e8fe8d4","f0aca1eb8212b6ae105fbd2e8ce832acd1bbecadccf250fab8d979683cc5058a","","method","int GetNumberOfKeys() const","GetNumberOfKeys","","int","0","","False","False","False","available","/Script/Engine.AnimationDataModel:GetNumberOfKeys","manual","Engine","","","","","","unclassified","pending-native-form-source-join"
"f143ae85b90dc3a13a1f3a6b8bf5cff0ab91e0e236a34c1ff59c050d4f05cdff","35d29f5a35fcaf8f82f55b61b32dd1252884337241f47a38d3eb51e25267801e","","method","void ClientPrintDebug_Response(const FString[]&inout Strings, int GameFlags)","ClientPrintDebug_Response","","void","2","FString[];int","False","True","False","available","/Script/GameplayAbilities.AbilitySystemComponent:ClientPrintDebug_Response","manual","GameplayAbilities","GameplayAbilities","","","","","unclassified","pending-native-form-source-join"
"f17bcffba6050dcc07944e5013899700952197c8701bbff965bad9a6bdf84558","","UGameplayStatics","global-function","int GetMaxAudioChannelCount(const UObject WorldContextObject = __WorldContext ( ))","GetMaxAudioChannelCount","","int","1","const UObject","True","False","True","available","/Script/Engine.GameplayStatics:GetMaxAudioChannelCount","manual","Engine","","","","","","unclassified","pending-native-form-source-join"
"f1c7969ac6e3e1f843c104db5ca3b680309791f59020e043ae665b89b1666f2a","431d2849412ca6baa701e3c0de3502530a4cf83539e5e246a4a5ce271a6abf0f","","method","FAssetData GetAssetData(const FScriptTypedElementHandle&inout InElementHandle)","GetAssetData","","FAssetData","1","FScriptTypedElementHandle","False","True","False","available","/Script/TypedElementRuntime.TypedElementAssetDataInterface:GetAssetData","manual","TypedElementRuntime","","","","","","unclassified","pending-native-form-source-join"
"f2f5c73f9a29e7bc2a982556b01f6738582e48564887801b9774a779067633a6","a086339b14da8662bbe6ee307a3aea170c150fc45d2a04313fac8dda35f92fdd","","method","void RPC_OnStopEvent(FFrameTime StoppedTime, int NewSerialNumber)","RPC_OnStopEvent","","void","2","FFrameTime;int","False","False","False","available","/Script/MovieScene.MovieSceneSequencePlayer:RPC_OnStopEvent","manual","MovieScene","","","","","","unclassified","pending-native-form-source-join"
"f301d08c5ce9b1630ae7b7739d1398b880a8e8d2926cc81381f241e340a0a9c4","956e3de55fc14905d659124709e772134c7ea46f65ba77a3cb19eb6f09952604","","method","bool NotifyTick(USkeletalMeshComponent MeshComp, UAnimSequenceBase Animation, float32 FrameDeltaTime, const FAnimNotifyEventReference&inout EventReference) const","NotifyTick","","bool","4","USkeletalMeshComponent;UAnimSequenceBase;float32;FAnimNotifyEventReference","False","True","True","available","/Script/Engine.AnimNotifyState:Received_NotifyTick","manual","Engine","","","","","","unclassified","pending-native-form-source-join"
"f334435d8af15bc800587999d76633555737d3122e631c4756eb63c2d9320471","","WidgetLibrary","global-function","FEventReply CaptureMouse(FEventReply&inout Reply, UWidget CapturingWidget)","CaptureMouse","","FEventReply","2","FEventReply;UWidget","False","True","True","available","/Script/UMG.WidgetBlueprintLibrary:CaptureMouse","manual","UMG","","","","","","unclassified","pending-native-form-source-join"
"f346cf356835e5760494064960bbd2b40b3a59678282b263ec584c8789a3ad87","af227d35a24db9f5ce01b0ebcf9f55bd104b5cf86322c7403be4d525e4a5041b","","method","void ActorEndCursorOver()","ActorEndCursorOver","","void","0","","False","False","False","available","/Script/Engine.Actor:ReceiveActorEndCursorOver","manual","Engine","","","","","","unclassified","pending-native-form-source-join"
"f34f48853b3fa5ef3af050eb0bed906099ff55d948657383f1c6eae2bea89a75","7394d5fa67d40991e30a15aaa08d190dd56fd4d7dcbf0f6e895351f89c684fd4","","method","FString ToColorString() const","ToColorString","","FString","0","","False","False","False","available","/Script/AngelscriptRuntime.AngelscriptFVector3fMixinLibrary:ToColorString","manual","AngelscriptRuntime","Angelscript","","","","","unclassified","pending-native-form-source-join"
"f37b8813e48691bdcc44aa7fd8f4bc9ed884b3fa808bbb9dbc290027975c22eb","","UGameplayStatics","global-function","void PushSoundMixModifier(const UObject WorldContextObject, USoundMix InSoundMixModifier)","PushSoundMixModifier","","void","2","const UObject;USoundMix","False","False","True","available","/Script/Engine.GameplayStatics:PushSoundMixModifier","manual","Engine","","","","","","unclassified","pending-native-form-source-join"
"f3aeeb075ab181d7f457be75f49c6ec51fd56c75e3951ad3eb5790c495f74704","b15c5085eae7bf1c2f4e71775069fbb1e7c19d74b97cd211cb1909e4eaf4ea60","","method","void Tick(float32 DeltaSeconds)","Tick","","void","1","float32","False","False","False","available","/Script/Engine.ActorComponent:ReceiveTick","manual","Engine","","","","","","unclassified","pending-native-form-source-join"
"f3cd7bd71c9c57b32ea3040facc38ac8e75d7402f79a6df54699e4a043879d5a","abd7dcbf3cb4042046ba954e8912cc9fd2a3d2d757cc19949e4617544efd5bc6","","method","FPCGPoint[] VariableLoopBody(const FPCGContext&inout InContext, const UPCGPointData InData, const FPCGPoint&inout InPoint, UPCGMetadata OutMetadata, int64 Iteration) const","VariableLoopBody","","FPCGPoint[]","5","FPCGContext;const UPCGPointData;FPCGPoint;UPCGMetadata;int64","False","True","True","available","/Script/PCG.PCGBlueprintElement:VariableLoopBody","manual","PCG","PCG","","","","","unclassified","pending-native-form-source-join"
"f3e094eea460f511419d1b3ed9fe99d4a1a09329e2f97e818cfe61c1bb55bd75","48c1111f70539cbd6d1285d6bc2c25f4629fe1bf1442d7fdc4750982eff660e1","","method","float32 GetTimelineLength() const","GetTimelineLength","","float32","0","","False","False","False","available","/Script/Engine.TimelineComponent:GetTimelineLength","manual","Engine","","","","","","unclassified","pending-native-form-source-join"
"f3ea5e34094dc8da4052ff5cdf152e1b3ac3c7b72fc1c72fd62efc7b63b8e4a6","1b02d55ea768fb4596386f9a397c6c5338994b1e50b0f72797b558cac16368f7","","method","bool OnActive(AActor MyTarget, const FGameplayCueParameters&inout Parameters) const","OnActive","","bool","2","AActor;FGameplayCueParameters","False","True","True","available","/Script/GameplayAbilities.GameplayCueNotify_Static:OnActive","manual","GameplayAbilities","GameplayAbilities","","","","","unclassified","pending-native-form-source-join"
"f3f87affa5d9ba7c36f77a7a01dcf2b70249ff06578cab6a8dcd9ae9eff1dacc","56b0b9c0c7e9572bc287a3d55cc9af0d167ae97c0a5b8710f205241ed97c2793","","method","AActor GetViewTarget() const","GetViewTarget","","AActor","0","","False","False","False","available","/Script/Engine.CameraModifier:GetViewTarget","manual","Engine","","","","","","unclassified","pending-native-form-source-join"
"f4319e3bea4941e9890c656ec1d0a628b31590dadefb13a07fadeea6ba376553","","UAISense_Hearing","global-function","void ReportNoiseEvent(UObject WorldContextObject, FVector NoiseLocation, float32 Loudness = 1.000000, AActor Instigator = nullptr, float32 MaxRange = 0.000000, FName Tag = NAME_None)","ReportNoiseEvent","","void","6","UObject;FVector;float32;AActor;float32;FName","True","False","True","available","/Script/AIModule.AISense_Hearing:ReportNoiseEvent","manual","AIModule","","","","","","unclassified","pending-native-form-source-join"
"f43ee0da30e9d30071aac3dc6e74b378b46c6b35399d26a9d79194fe685bc51b","196d00ce68899768ad4f9f6ad88b0526803ac4b5bfb0e008fcef467d86d4f66f","","method","int GetMappedKeysInRow(FName MappingName, FKey[]&inout OutKeys) const","GetMappedKeysInRow","","int","2","FName;FKey[]","False","True","False","available","/Script/EnhancedInput.EnhancedPlayerMappableKeyProfile:GetMappedKeysInRow","manual","EnhancedInput","EnhancedInput","","","","","unclassified","pending-native-form-source-join"
"f4e0a0c28c1a7f7cc58f7f9f442536bf1ed3df207fadd84950e96eb9ee9431c3","","UEnhancedInputLibrary","global-function","void BreakInputActionValue(FInputActionValue InActionValue, float&inout X, float&inout Y, float&inout Z, EInputActionValueType&inout Type)","BreakInputActionValue","","void","5","FInputActionValue;float;float;float;EInputActionValueType","False","True","False","available","/Script/EnhancedInput.EnhancedInputLibrary:BreakInputActionValue","manual","EnhancedInput","EnhancedInput","","","","","unclassified","pending-native-form-source-join"
"f5030e2ac282a5cc8ed1020ebadbb1e2277c260921db34724a5a740b1128dfc7","ce03e8ad9e753f7ce0833b6dfcc8edbd7020df289398d04827f0cffed55f159e","","method","void ServerAssertNotSame(const UObject Expected, const UObject Actual, FString Message)","ServerAssertNotSame","","void","3","const UObject;const UObject;FString","False","False","True","available","/Script/AngelscriptRuntime.LatentAutomationCommandClientExecutor:ServerAssertNotSame","manual","AngelscriptRuntime","Angelscript","","","","","unclassified","pending-native-form-source-join"
"f50cef2f0f3824e4b03c979fa7a7e57b0e4123711c240b7faaab79a7470f475b","a048e09fab5b35c796657bb67d416dd5c79c96ad1914c69990329d6bc1e2dc7a","","method","void ClientSetSpectatorWaiting(bool bWaiting)","ClientSetSpectatorWaiting","","void","1","bool","False","False","False","available","/Script/Engine.PlayerController:ClientSetSpectatorWaiting","manual","Engine","","","","","","unclassified","pending-native-form-source-join"
"f5167341f960c670a91748b5cb660b72b33b2d6d4945d9978f9ed88c937efa3c","4281c020654d89195c0724e24d30f849fa3d1f6540841ae713584f4d70850afd","","method","void OnPostConstruction(UControlRigComponent Component)","OnPostConstruction","","void","1","UControlRigComponent","False","False","True","available","/Script/ControlRig.ControlRigComponent:OnPostConstruction","manual","ControlRig","ControlRig","","","","","unclassified","pending-native-form-source-join"
"f5180f3bc1e9d7f17e5928f7959a08d02fc73d07230a308a2fc1f8953296a8f2","af227d35a24db9f5ce01b0ebcf9f55bd104b5cf86322c7403be4d525e4a5041b","","method","void EnableInput(APlayerController PlayerController)","EnableInput","","void","1","APlayerController","False","False","True","available","/Script/Engine.Actor:EnableInput","manual","Engine","","","","","","unclassified","pending-native-form-source-join"
"f56f0f539794f5754797209f3bac4cd6c48bf1b2b846d31456f98be9252d6a1b","af227d35a24db9f5ce01b0ebcf9f55bd104b5cf86322c7403be4d525e4a5041b","","method","void BeginPlay()","BeginPlay","","void","0","","False","False","False","available","/Script/Engine.Actor:ReceiveBeginPlay","manual","Engine","","","","","","unclassified","pending-native-form-source-join"
"f57d63e086b95490dc2c51c18135a36c7c04bcd6da0cc5fee85cf78e6f218465","","SlateLibrary","global-function","FVector2D LocalToAbsolute(const FGeometry&inout Geometry, FVector2D LocalCoordinate)","LocalToAbsolute","","FVector2D","2","FGeometry;FVector2D","False","True","False","available","/Script/UMG.SlateBlueprintLibrary:LocalToAbsolute","manual","UMG","","","","","","unclassified","pending-native-form-source-join"
"f5a73ad7904e7809e1c8046caa3dd56b4c1127ffbfd9857f8cf322fe57966f09","82b49778050438b5a27d8b1df094f6d3b772d4216282a4dc80a142446a746688","","method","void DrawTextureSimple(UTexture Texture, float32 ScreenX, float32 ScreenY, float32 Scale = 1.000000, bool bScalePosition = false)","DrawTextureSimple","","void","5","UTexture;float32;float32;float32;bool","True","False","True","available","/Script/Engine.HUD:DrawTextureSimple","manual","Engine","","","","","","unclassified","pending-native-form-source-join"
"f5aab4f7e37bda0cd6a15add5dbb7ad711d74fabc2b249fc67faef233c05dc11","","SlateLibrary","global-function","void ScreenToViewport(const UObject WorldContextObject, FVector2D ScreenPosition, FVector2D&inout ViewportPosition)","ScreenToViewport","","void","3","const UObject;FVector2D;FVector2D","False","True","True","available","/Script/UMG.SlateBlueprintLibrary:ScreenToViewport","manual","UMG","","","","","","unclassified","pending-native-form-source-join"
"f5be856ba6c9d62be06864f58d68096f1fcb282321508a48c4e3fe2919317a18","7394d5fa67d40991e30a15aaa08d190dd56fd4d7dcbf0f6e895351f89c684fd4","","method","float32 SizeSquared2D(const FVector3f&inout UpDirection) const","SizeSquared2D","","float32","1","FVector3f","False","True","False","available","/Script/AngelscriptRuntime.AngelscriptFVector3fMixinLibrary:SizeSquared2D","manual","AngelscriptRuntime","Angelscript","","","","","unclassified","pending-native-form-source-join"
"f637a99fb670a1e89b611af9333442cb7525ff3b77471b0e54adb890e28432e0","53dafc4dc5086ca0c80b77b67c7874ea7848e252d8420707e0d471549b6e36b2","","method","void OnPhotographyMultiPartCaptureStart()","OnPhotographyMultiPartCaptureStart","","void","0","","False","False","False","available","/Script/Engine.PlayerCameraManager:OnPhotographyMultiPartCaptureStart","manual","Engine","","","","","","unclassified","pending-native-form-source-join"
"f646b56cd3d7971a11f7c14372a7d8df8c2d0ccd98ac4018ed28999fb20de1fe","22f0aa2ae5c2941e8436109af0ac0903f97ff5625a4d15fd4101e1bafde97065","","method","bool IsMoveInputIgnored() const","IsMoveInputIgnored","","bool","0","","False","False","False","available","/Script/Engine.PawnMovementComponent:IsMoveInputIgnored","manual","Engine","","","","","","unclassified","pending-native-form-source-join"
"f65c9369b61d001c14aaeea0b502ac59a522f38e6e6c93046a9cac041f6c9b6d","","Math","global-function","float32 Modf(float32 InValue, float32&inout OutIntPart)","Modf","","float32","2","float32;float32","False","True","False","available","/Script/AngelscriptRuntime.AngelscriptMathLibrary:Modf_32","manual","AngelscriptRuntime","Angelscript","","","","","unclassified","pending-native-form-source-join"
"f662475aeab73a4a982dda2e043ca9f7b33541c94ce3bcce1ec6d3082886dbca","","SlateLibrary","global-function","void LocalToViewport(const UObject WorldContextObject, const FGeometry&inout Geometry, FVector2D LocalCoordinate, FVector2D&inout PixelPosition, FVector2D&inout ViewportPosition)","LocalToViewport","","void","5","const UObject;FGeometry;FVector2D;FVector2D;FVector2D","False","True","True","available","/Script/UMG.SlateBlueprintLibrary:LocalToViewport","manual","UMG","","","","","","unclassified","pending-native-form-source-join"
"f6628fa29d548ddc15a667ab2b7030d2c2e1b25440dbf1ff735b36af270e5d02","0725b75db4c4d090a9f1e9256b27731eb80a6b1def85135af8fc2d59689561b2","","method","bool ShouldCreateSubsystem(UObject Outer) const","ShouldCreateSubsystem","","bool","1","UObject","False","False","True","available","/Script/AngelscriptRuntime.ScriptLocalPlayerSubsystem:BP_ShouldCreateSubsystem","manual","AngelscriptRuntime","Angelscript","","","","","unclassified","pending-native-form-source-join"
"f66bfbbb2e5e74f5d9434b87a6621e557493f1dcf8aaef404d14b1fbc8e1e3d6","abf73796a44b7720aec99f689293c11d1394f589f456deaff3243a9c6776dfac","","method","void UnMapPlayerKey(const FMapPlayerKeyArgs&inout InArgs, FGameplayTagContainer&inout FailureReason)","UnMapPlayerKey","","void","2","FMapPlayerKeyArgs;FGameplayTagContainer","False","True","False","available","/Script/EnhancedInput.EnhancedInputUserSettings:UnMapPlayerKey","manual","EnhancedInput","EnhancedInput","","","","","unclassified","pending-native-form-source-join"
"f6cd209a5a52aac2d710e78369c10e560e850c2c7ba22e062025f72cfc035599","6e9dcc4f18691047675fdf57eab25aa058a26b825c43334757a1d3be615ff8ea","","method","void ResetToDefault()","ResetToDefault","","void","0","","False","False","False","available","/Script/Engine.LocalPlayerSaveGame:ResetToDefault","manual","Engine","","","","","","unclassified","pending-native-form-source-join"
"f6d5d9aafb566b4257085d958bea3e7386a010bce0059212c0a6ee34571b975b","","UBlueprintSpringMathLibrary","global-function","void SpringInertializeTransitionQuat(FQuat&inout InOutRotationOffset, FVector&inout InOutAngularVelocityOffset, FQuat InSrcRotation, FVector InSrcAngularVelocity, FQuat InDstRotation, FVector InDstAngularVelocity, float32 TimeSinceTransition, float32 SmoothingTime = 0.200000)","SpringInertializeTransitionQuat","","void","8","FQuat;FVector;FQuat;FVector;FQuat;FVector;float32;float32","True","True","False","available","/Script/Engine.BlueprintSpringMathLibrary:SpringInertializeTransitionQuat","manual","Engine","","","","","","unclassified","pending-native-form-source-join"
"f76f313369355a1593f79eaa3704eac750175cd5bafb6383b94ed2c6afcfcf5f","21d382cd7255d52cbb20566516d6b3ceb07797f145c23c7f2383421ca5d88295","","method","void OnDragLeave(FPointerEvent PointerEvent, UDragDropOperation Operation)","OnDragLeave","","void","2","FPointerEvent;UDragDropOperation","False","False","True","available","/Script/UMG.UserWidget:OnDragLeave","manual","UMG","","","","","","unclassified","pending-native-form-source-join"
"f78da74979ef3e49e58c1798a0705d63b32ac62199c4ec5dfffd646957694645","","UGameplayLibrary","global-function","void AsyncSaveGameToSlot(USaveGame SaveGameObject, FString SlotName, int UserIndex, FAsyncSaveGameToSlotDynamicDelegate Delegate = FAsyncSaveGameToSlotDynamicDelegate ( ))","AsyncSaveGameToSlot","","void","4","USaveGame;FString;int;FAsyncSaveGameToSlotDynamicDelegate","True","False","True","available","/Script/AngelscriptRuntime.GameplayLibrary:AsyncSaveGameToSlot","manual","AngelscriptRuntime","Angelscript","","","","","unclassified","pending-native-form-source-join"
"f78f5e64fbd4a4740ede37fcc7b0076b160f34471651cc578224d6a83e437592","0fcb3c247d6b30fdf52800684776762ea5ecc3460b9e5e9080a261a01be856ce","","method","void GetTimeRange(float32&inout MinTime, float32&inout MaxTime) const","GetTimeRange","","void","2","float32;float32","False","True","False","available","/Script/AngelscriptRuntime.RuntimeFloatCurveMixinLibrary:GetTimeRange","manual","AngelscriptRuntime","Angelscript","","","","","unclassified","pending-native-form-source-join"
"f79add08521c9a2b7336af1ca8370793ce9ce0f314f68cad12d852ae639a0a23","e72266ef590b39a0d7c9a04061e56492357f679277179b594761949892f5fdc9","","method","bool OnExecute(AActor MyTarget, const FGameplayCueParameters&inout Parameters)","OnExecute","","bool","2","AActor;FGameplayCueParameters","False","True","True","available","/Script/GameplayAbilities.GameplayCueNotify_Actor:OnExecute","manual","GameplayAbilities","GameplayAbilities","","","","","unclassified","pending-native-form-source-join"
"f7f248b794b2bbb40e5aa8d6f4a6f43579627e68dadf0d4da6f150e5993d6cd5","f60519035adef97968cb4c3e8887b3a6faa8b598236b3fbd765053f809c771a1","","method","void SubmitChanges()","SubmitChanges","","void","0","","False","False","False","available","/Script/Engine.AnimRuntimeTransformProviderData:SubmitChanges","manual","Engine","","","","","","unclassified","pending-native-form-source-join"
"f7fc8a7b91adc33ea07fd0df14c7118c9e5afaa3fd88db5ced09d42cb2eaab12","a048e09fab5b35c796657bb67d416dd5c79c96ad1914c69990329d6bc1e2dc7a","","method","void ClientSetCinematicMode(bool bInCinematicMode, bool bAffectsMovement, bool bAffectsTurning, bool bAffectsHUD)","ClientSetCinematicMode","","void","4","bool;bool;bool;bool","False","False","False","available","/Script/Engine.PlayerController:ClientSetCinematicMode","manual","Engine","","","","","","unclassified","pending-native-form-source-join"
"f8418742cdfb8b26c1e3709ac1c83b9acf8e19ecd2c0b8896ee7862c31413023","95c5bd2590e7410565721b207a1d17bc6be9388f92234c7eba4b0ba57a3a44b1","","method","void SetPlayLength(float32 Length, bool bShouldTransact)","SetPlayLength","","void","2","float32;bool","False","False","False","deprecated","/Script/Engine.AnimationDataController:SetPlayLength","manual","Engine","","","","","","unclassified","pending-native-form-source-join"
"f85d809bcd08d2b17c8c7116ba96a4fa2ee13ba1ac94e89002ae4e15cff3f3f5","35d29f5a35fcaf8f82f55b61b32dd1252884337241f47a38d3eb51e25267801e","","method","void ServerSetInputReleased(FGameplayAbilitySpecHandle AbilityHandle)","ServerSetInputReleased","","void","1","FGameplayAbilitySpecHandle","False","False","False","available","/Script/GameplayAbilities.AbilitySystemComponent:ServerSetInputReleased","manual","GameplayAbilities","GameplayAbilities","","","","","unclassified","pending-native-form-source-join"
"f88b270d3e516a85f68d41d996a534984d600d5729dbe96c33865653691e61ce","6e9dcc4f18691047675fdf57eab25aa058a26b825c43334757a1d3be615ff8ea","","method","void OnPostSave(bool bSuccess)","OnPostSave","","void","1","bool","False","False","False","available","/Script/Engine.LocalPlayerSaveGame:OnPostSave","manual","Engine","","","","","","unclassified","pending-native-form-source-join"
"f8917842073d60b05024a6f5ceaf81577b98a86a7e3aad3d8575098e2fff96f1","0f57e00920afd6a1a9a1258c938a2ce2620b2cd11c885c6355f0447d3358f499","","method","AActor GetActor() const","GetActor","","AActor","0","","False","False","False","available","/Script/AngelscriptRuntime.AngelscriptHitResultLibrary:GetActor","manual","AngelscriptRuntime","Angelscript","","","","","unclassified","pending-native-form-source-join"
"f8c28b5c780003101618ddec2c22318b6ec0668a3e32df8079b9143ee12e2828","fa24378319ef169d1149805ded22c404f691f2ea8b34352ec52aeaff336adb02","","method","void LoadSettings(bool bForceReload = false)","LoadSettings","","void","1","bool","True","False","False","available","/Script/Engine.GameUserSettings:LoadSettings","manual","Engine","","","","","","unclassified","pending-native-form-source-join"
"f8f583e0c62d1620e6eb2531ff142d68b92a4ee6dbb18e0ba0791edcd6c60d72","","UBlueprintSpringMathLibrary","global-function","void CriticalDoubleSpringDampAngle(float32&inout InOutAngle, float32&inout InOutAngularVelocity, float32&inout InOutIntermediateAngle, float32&inout InOutIntermediateAngularVelocity, const float32&inout TargetAngle, float32 DeltaTime, float32 SmoothingTime = 0.200000)","CriticalDoubleSpringDampAngle","","void","7","float32;float32;float32;float32;float32;float32;float32","True","True","False","available","/Script/Engine.BlueprintSpringMathLibrary:CriticalDoubleSpringDampAngle","manual","Engine","","","","","","unclassified","pending-native-form-source-join"
"f935e45887e199f3807a2049bd806d68090e9d8bb1a9ead8be15b9ba9fba1486","","UGameplayStatics","global-function","void DeactivateReverbEffect(const UObject WorldContextObject, FName TagName)","DeactivateReverbEffect","","void","2","const UObject;FName","False","False","True","available","/Script/Engine.GameplayStatics:DeactivateReverbEffect","manual","Engine","","","","","","unclassified","pending-native-form-source-join"
"f97970935f0063a4e03c1be3293d4680589e7325e33ebcaaeabf52f17f16ac79","95c5bd2590e7410565721b207a1d17bc6be9388f92234c7eba4b0ba57a3a44b1","","method","void RemoveAllBoneTracks(bool bShouldTransact)","RemoveAllBoneTracks","","void","1","bool","False","False","False","available","/Script/Engine.AnimationDataController:RemoveAllBoneTracks","manual","Engine","","","","","","unclassified","pending-native-form-source-join"
"f99501ea87275e80afaf7dc43611249f1241a577ec5e35e7f82eef51079a0826","a83d35a672981fa2ea3bb63451bfa7106723aadf8213b57dd66d5aefde9057c0","","method","FInputActionValue ModifyRaw(const UEnhancedPlayerInput PlayerInput, FInputActionValue CurrentValue, float32 DeltaTime) const","ModifyRaw","","FInputActionValue","3","const UEnhancedPlayerInput;FInputActionValue;float32","False","False","True","available","/Script/EnhancedInput.InputModifier:ModifyRaw","manual","EnhancedInput","EnhancedInput","","","","","unclassified","pending-native-form-source-join"
"f9d73ed5edc510e2cc7e0f75b90c4f1aed6aa5ef9fda3a46cd7a818cffe39f31","37bcc56137e6a420e62cf2e07774f8ab1bda170a82945a2ae8428f275ae4117a","","method","float Size2D(const FVector&inout UpDirection) const","Size2D","","float","1","FVector","False","True","False","available","/Script/AngelscriptRuntime.AngelscriptFVectorMixinLibrary:Size2D","manual","AngelscriptRuntime","Angelscript","","","","","unclassified","pending-native-form-source-join"
"f9d7acce2a6166348bdbe4359ba3e9ca585d3f7da0d96171a79ce981d58161de","0f57e00920afd6a1a9a1258c938a2ce2620b2cd11c885c6355f0447d3358f499","","method","UPrimitiveComponent GetComponent() const","GetComponent","","UPrimitiveComponent","0","","False","False","False","available","/Script/AngelscriptRuntime.AngelscriptHitResultLibrary:GetComponent","manual","AngelscriptRuntime","Angelscript","","","","","unclassified","pending-native-form-source-join"
"f9dc58a86b8a07ccf01a9b007fabea1640946bec8f1e9a6b63d424b1a0bedf09","a048e09fab5b35c796657bb67d416dd5c79c96ad1914c69990329d6bc1e2dc7a","","method","void ServerToggleAILogging()","ServerToggleAILogging","","void","0","","False","False","False","available","/Script/Engine.PlayerController:ServerToggleAILogging","manual","Engine","","","","","","unclassified","pending-native-form-source-join"
"f9ecbd886e7b69d61f1d64c18f339727a4f3677a727f9c6b34c0bbab2d36b517","17e645d76780a6448473617f00c8e91d7fc8c14f54e5605a844d3b7651736df5","","method","void PostDataflowSimulationTick(float32 SimulationTime, float32 DeltaTime)","PostDataflowSimulationTick","","void","2","float32;float32","False","False","False","available","/Script/DataflowSimulation.DataflowSimulationActor:PostDataflowSimulationTick","manual","DataflowSimulation","","","","","","unclassified","pending-native-form-source-join"
"f9fac287a4f19febf60b87717f2b7dad0aec4811f5076ec3838c20d92398c604","","UBlueprintSpringMathLibrary","global-function","FVector2D DampVector2D(const FVector2D&inout Value, const FVector2D&inout Target, float32 DeltaTime, float32 SmoothingTime = 0.200000)","DampVector2D","","FVector2D","4","FVector2D;FVector2D;float32;float32","True","True","False","available","/Script/Engine.BlueprintSpringMathLibrary:DampVector2D","manual","Engine","","","","","","unclassified","pending-native-form-source-join"
"fa1e2e8df415ea5da45a12a5031f9b0e74f6f45a416354c657cdc923348bb072","a048e09fab5b35c796657bb67d416dd5c79c96ad1914c69990329d6bc1e2dc7a","","method","void ClientReturnToMainMenuWithTextReason(const FText&inout ReturnReason)","ClientReturnToMainMenuWithTextReason","","void","1","FText","False","True","False","available","/Script/Engine.PlayerController:ClientReturnToMainMenuWithTextReason","manual","Engine","","","","","","unclassified","pending-native-form-source-join"
"fa30c7d34850f1d5574ca0f18ba8857c0acf228445c3516c7c066128c89d6bad","d9e10957a8ae9ff44422cdef46b25ffaaa03e90ff1580a8e3183dc41c84a8e25","","method","bool HasAllMatchingGameplayTags(const FGameplayTagContainer&inout TagContainer) const","HasAllMatchingGameplayTags","","bool","1","FGameplayTagContainer","False","True","False","available","/Script/GameplayTags.GameplayTagAssetInterface:HasAllMatchingGameplayTags","manual","GameplayTags","","","","","","unclassified","pending-native-form-source-join"
"fa500193a5e3ba62af7ec8bd54c461a79cad2683eb06991324d3c592fe54a8de","a048e09fab5b35c796657bb67d416dd5c79c96ad1914c69990329d6bc1e2dc7a","","method","void ClientReset()","ClientReset","","void","0","","False","False","False","available","/Script/Engine.PlayerController:ClientReset","manual","Engine","","","","","","unclassified","pending-native-form-source-join"
"fa56f0f40fa26649363b0fb9427b10d6a481678563aa07a4f28b6406e4b30df9","","UBTFunctionLibrary","global-function","void SetBlackboardValueAsVector(UBTNode NodeOwner, const FBlackboardKeySelector&inout Key, FVector Value)","SetBlackboardValueAsVector","","void","3","UBTNode;FBlackboardKeySelector;FVector","False","True","True","available","/Script/AIModule.BTFunctionLibrary:SetBlackboardValueAsVector","manual","AIModule","","","","","","unclassified","pending-native-form-source-join"
"fa59c8dd7d2cadb9eb0d52284595c7a282022fe142eea9f1f17c0e439f513fd5","2e66918a8730ebe18ab8c55e0c18be642446d70d7890f1bb459557965904993b","","method","void SetupPawnInput(UInputComponent PlayerInputComponent)","SetupPawnInput","","void","1","UInputComponent","False","False","True","available","/Script/AngelscriptGAS.AngelscriptGASPawn:SetupPawnInput","manual","AngelscriptGAS","AngelscriptGAS","","","","","unclassified","pending-native-form-source-join"
"fa5fd564a306d255b3a2dee8d7308b477c8153126811d6f8a1de04c454ab568b","e397244109f21450e3f5cd68040f81224f3537db603a046823e9a44f19809c2e","","method","FScriptTypedElementHandle GetSelectionElement(const FScriptTypedElementHandle&inout InElementHandle, FScriptTypedElementListProxy InCurrentSelection, ETypedElementSelectionMethod InSelectionMethod)","GetSelectionElement","","FScriptTypedElementHandle","3","FScriptTypedElementHandle;FScriptTypedElementListProxy;ETypedElementSelectionMethod","False","True","False","available","/Script/TypedElementRuntime.TypedElementSelectionInterface:GetSelectionElement","manual","TypedElementRuntime","","","","","","unclassified","pending-native-form-source-join"
"fa73c06cb3e1dbd36e5e1a76d1a1e0d65dd18ec51d9c4e263c30cdfaa66c346b","3d4d1119908556da08477e1469fb83b3cf78931ae24580881c93a9939c454775","","method","TSubclassOf<UPCGDataAsset> GetAssetType() const","GetAssetType","","TSubclassOf<UPCGDataAsset>","0","","False","False","False","available","/Script/PCG.PCGAssetExporter:BP_GetAssetType","manual","PCG","PCG","","","","","unclassified","pending-native-form-source-join"
"fa9920f4c232a83d061df5e9db76d6e29b1652851d88e49f13f341e6c4be2b2a","c375565b8bc7d59a45f79269d328bdba586eff989b4afbdd7e9653e56dffb86e","","method","void SetFloatArrayParameter(FName InName, const float32[]&inout InValue)","SetFloatArrayParameter","","void","2","FName;float32[]","False","True","False","available","/Script/AudioExtensions.AudioParameterControllerInterface:SetFloatArrayParameter","manual","AudioExtensions","","","","","","unclassified","pending-native-form-source-join"
"faa85afc9f2c48ba02dc64fe85b8020d5650f65093d36379da93415fa71e80b7","","WidgetLibrary","global-function","FSlateBrush MakeBrushFromTexture(UTexture2D Texture, int Width = 0, int Height = 0)","MakeBrushFromTexture","","FSlateBrush","3","UTexture2D;int;int","True","False","True","available","/Script/UMG.WidgetBlueprintLibrary:MakeBrushFromTexture","manual","UMG","","","","","","unclassified","pending-native-form-source-join"
"faaef75e665f8d0dcb2fc80d1e7430691b9f2f07eaaa9c291ab3e78b83634fb3","48c1111f70539cbd6d1285d6bc2c25f4629fe1bf1442d7fdc4750982eff660e1","","method","float32 GetScaledTimelineLength() const","GetScaledTimelineLength","","float32","0","","False","False","False","available","/Script/Engine.TimelineComponent:GetScaledTimelineLength","manual","Engine","","","","","","unclassified","pending-native-form-source-join"
"faefcf33e88c05de2956a745f930b2b30eb09ede17dbad9e0e852a806c698a7b","95c5bd2590e7410565721b207a1d17bc6be9388f92234c7eba4b0ba57a3a44b1","","method","bool RemoveAttribute(const FAnimationAttributeIdentifier&inout AttributeIdentifier, bool bShouldTransact)","RemoveAttribute","","bool","2","FAnimationAttributeIdentifier;bool","False","True","False","available","/Script/Engine.AnimationDataController:RemoveAttribute","manual","Engine","","","","","","unclassified","pending-native-form-source-join"
"faf955b8f043bed05b537e562ebdb864c6f3a1ded235ca4f0d1c5f226a7539ab","","UBlueprintSpringMathLibrary","global-function","FRotator SpringInertializeApplyToRotator(FRotator InRotation, FRotator InRotationOffset, FVector InAngularVelocityOffset, float32 TimeSinceTransition, float32 SmoothingTime = 0.200000)","SpringInertializeApplyToRotator","","FRotator","5","FRotator;FRotator;FVector;float32;float32","True","False","False","available","/Script/Engine.BlueprintSpringMathLibrary:SpringInertializeApplyToRotator","manual","Engine","","","","","","unclassified","pending-native-form-source-join"
"fb154cb1b12aa0416bbcbaa0f3d7dce7b8ae7df03fa0a9959fbd8c01894f7d30","","WidgetLibrary","global-function","void DrawBox(FPaintContext&inout Context, FVector2D Position, FVector2D Size, USlateBrushAsset Brush, FLinearColor Tint = FLinearColor ( 1.000000 , 1.000000 , 1.000000 , 1.000000 ))","DrawBox","","void","5","FPaintContext;FVector2D;FVector2D;USlateBrushAsset;FLinearColor","True","True","True","available","/Script/UMG.WidgetBlueprintLibrary:DrawBox","manual","UMG","","","","","","unclassified","pending-native-form-source-join"
"fb22d8574db51bec489ef03ee58f94832715032f02a4674a5d93607913ab784a","196d00ce68899768ad4f9f6ad88b0526803ac4b5bfb0e008fcef467d86d4f66f","","method","void FindKeyMapping(FPlayerKeyMapping&inout OutKeyMapping, const FMapPlayerKeyArgs&inout InArgs) const","FindKeyMapping","","void","2","FPlayerKeyMapping;FMapPlayerKeyArgs","False","True","False","available","/Script/EnhancedInput.EnhancedPlayerMappableKeyProfile:K2_FindKeyMapping","manual","EnhancedInput","EnhancedInput","","","","","unclassified","pending-native-form-source-join"
"fb43e0f89ab885df0b96dc21a784608c844d0b640a6333b8af0e61dbbf0cf813","21d382cd7255d52cbb20566516d6b3ceb07797f145c23c7f2383421ca5d88295","","method","void OnAddedToFocusPath(FFocusEvent InFocusEvent)","OnAddedToFocusPath","","void","1","FFocusEvent","False","False","False","available","/Script/UMG.UserWidget:OnAddedToFocusPath","manual","UMG","","","","","","unclassified","pending-native-form-source-join"
"fb7a13b5b1f1490dfddd4cdb0e16979fc9f6df9679c51cd71dc08d1808974d0a","b15c5085eae7bf1c2f4e71775069fbb1e7c19d74b97cd211cb1909e4eaf4ea60","","method","void BeginPlay()","BeginPlay","","void","0","","False","False","False","available","/Script/Engine.ActorComponent:ReceiveBeginPlay","manual","Engine","","","","","","unclassified","pending-native-form-source-join"
"fb8445720b032b16c09d2de1ab74f8bb93a043e864d7605469448a7534e09588","fdf59f0e3c0842a609f238f762a8b05bfa4feb6bde861b66ec5a8bccfa31fda0","","method","bool PreGameplayEffectExecute(const FGameplayEffectSpec&inout EffectSpec, FGameplayModifierEvaluatedData&inout EvaluatedData, UAngelscriptAbilitySystemComponent AbilitySystemComponent)","PreGameplayEffectExecute","","bool","3","FGameplayEffectSpec;FGameplayModifierEvaluatedData;UAngelscriptAbilitySystemComponent","False","True","True","available","/Script/AngelscriptGAS.AngelscriptAttributeSet:BP_PreGameplayEffectExecute","manual","AngelscriptGAS","AngelscriptGAS","","","","","unclassified","pending-native-form-source-join"
"fb935424e585fa696aae1486212d60832de9d13b793c79e64ae8a68506b40a68","c375565b8bc7d59a45f79269d328bdba586eff989b4afbdd7e9653e56dffb86e","","method","void ResetParameters()","ResetParameters","","void","0","","False","False","False","available","/Script/AudioExtensions.AudioParameterControllerInterface:ResetParameters","manual","AudioExtensions","","","","","","unclassified","pending-native-form-source-join"
"fba187cb40cfada1ec6acd9a6c9a9404cee643df67da3efff2f2b6ac09a19fee","fa24378319ef169d1149805ded22c404f691f2ea8b34352ec52aeaff336adb02","","method","EWindowMode GetLastConfirmedFullscreenMode() const","GetLastConfirmedFullscreenMode","","EWindowMode","0","","False","False","False","available","/Script/Engine.GameUserSettings:GetLastConfirmedFullscreenMode","manual","Engine","","","","","","unclassified","pending-native-form-source-join"
"fbc40836058648ac1f7959435babe6caf505d06c0ce65edbff766d21bec1eee3","21d382cd7255d52cbb20566516d6b3ceb07797f145c23c7f2383421ca5d88295","","method","FEventReply OnTouchMoved(FGeometry MyGeometry, const FPointerEvent&inout InTouchEvent)","OnTouchMoved","","FEventReply","2","FGeometry;FPointerEvent","False","True","False","available","/Script/UMG.UserWidget:OnTouchMoved","manual","UMG","","","","","","unclassified","pending-native-form-source-join"
"fbd23581b312dde8b50bda8ae84e5b4e1cbab9911e579e2694a766f42e211d26","96c1ca86fd81336d18760b6b3cfe696ae406b4f2bf9c909d621ad6b52109336a","","method","UObject GetMovementOwner() const","GetMovementOwner","","UObject","0","","False","False","False","available","/Script/Engine.MovementInterface:GetMovementOwner","manual","Engine","","","","","","unclassified","pending-native-form-source-join"
"fbfa150fd251699f9607e3585c9bb86292ab2d0380bdc7398618fd4c7f1af717","21d382cd7255d52cbb20566516d6b3ceb07797f145c23c7f2383421ca5d88295","","method","FEventReply OnKeyUp(FGeometry MyGeometry, FKeyEvent InKeyEvent)","OnKeyUp","","FEventReply","2","FGeometry;FKeyEvent","False","False","False","available","/Script/UMG.UserWidget:OnKeyUp","manual","UMG","","","","","","unclassified","pending-native-form-source-join"
"fc34996675ca8f418f6f0e1b489ebed64266f73577433ac5f606b327f7097694","","FTransform3f","global-function","FTransform3f MakeFromXZ(const FVector3f&inout XAxis, const FVector3f&inout ZAxis)","MakeFromXZ","","FTransform3f","2","FVector3f;FVector3f","False","True","False","available","/Script/AngelscriptRuntime.AngelscriptFTransform3fLibrary:MakeFromXZ","manual","AngelscriptRuntime","Angelscript","","","","","unclassified","pending-native-form-source-join"
"fc726c010c055d7e7057468931651972a140a5525c6281dc0c7a08753467bb3e","95c5bd2590e7410565721b207a1d17bc6be9388f92234c7eba4b0ba57a3a44b1","","method","void FindOrAddCurveNamesOnSkeleton(USkeleton Skeleton, ERawCurveTrackTypes SupportedCurveType, bool bShouldTransact)","FindOrAddCurveNamesOnSkeleton","","void","3","USkeleton;ERawCurveTrackTypes;bool","False","False","True","deprecated","/Script/Engine.AnimationDataController:FindOrAddCurveNamesOnSkeleton","manual","Engine","","","","","","unclassified","pending-native-form-source-join"
"fc9f6cc5cf6a7ef17e84019e810632b0a60676ae171e7da8f8e29c28d8a84810","95c5bd2590e7410565721b207a1d17bc6be9388f92234c7eba4b0ba57a3a44b1","","method","void SetFrameRate(FFrameRate FrameRate, bool bShouldTransact)","SetFrameRate","","void","2","FFrameRate;bool","False","False","False","available","/Script/Engine.AnimationDataController:SetFrameRate","manual","Engine","","","","","","unclassified","pending-native-form-source-join"
"fcabd8ca257575a67357aca717b45e980378b7edef5fcd91c131a4e92f6899d2","","FQuat4f","global-function","FQuat4f MakeFromZX(const FVector3f&inout ZAxis, const FVector3f&inout XAxis)","MakeFromZX","","FQuat4f","2","FVector3f;FVector3f","False","True","False","available","/Script/AngelscriptRuntime.AngelscriptFQuat4fLibrary:MakeFromZX","manual","AngelscriptRuntime","Angelscript","","","","","unclassified","pending-native-form-source-join"
"fd2a2069ac0b684fd7595f7503af13af401371d6a7067a47cfaf96364db725dc","95c5bd2590e7410565721b207a1d17bc6be9388f92234c7eba4b0ba57a3a44b1","","method","bool SetCurveKeys(const FAnimationCurveIdentifier&inout CurveId, const FRichCurveKey[]&inout CurveKeys, bool bShouldTransact)","SetCurveKeys","","bool","3","FAnimationCurveIdentifier;FRichCurveKey[];bool","False","True","False","available","/Script/Engine.AnimationDataController:SetCurveKeys","manual","Engine","","","","","","unclassified","pending-native-form-source-join"
"fd2c2a93145c52886396343d1d974785dc5615aeb3b72330153b9d70ca156649","86fa5693e458760db4e52f9577b0e82d14e52eabc3b0422fe07b22593bff4957","","method","void OnSurfaceTouching(AWaterBody WaterBodyActor, UPrimitiveComponent WaterComponent, UPrimitiveComponent SubmergedComponent, float32 SubmergedVolume, const FVector&inout SubmergedCenterOfMass, const FVector&inout SubmergedVelocity)","OnSurfaceTouching","","void","6","AWaterBody;UPrimitiveComponent;UPrimitiveComponent;float32;FVector;FVector","False","True","True","available","/Script/Buoyancy.BuoyancyEventInterface:OnSurfaceTouching","manual","Buoyancy","Buoyancy","","","","","unclassified","pending-native-form-source-join"
"fd69e572ba6c205a73aee978272e211b655849955fdfab1281aec256560c0e6a","fa24378319ef169d1149805ded22c404f691f2ea8b34352ec52aeaff336adb02","","method","void SetHDRPaperWhiteNits(float32 Nits)","SetHDRPaperWhiteNits","","void","1","float32","False","False","False","available","/Script/Engine.GameUserSettings:SetHDRPaperWhiteNits","manual","Engine","","","","","","unclassified","pending-native-form-source-join"
"fd7a8018e2d08e17729df0066928b0dabfb3eae25f4781b8b6af3efa404d8b2f","b4040670765ebd4cb3d41291ec1905e636d41fd2c920d9e07b675492cca40fc3","","method","void Initialize()","Initialize","","void","0","","False","False","False","available","/Script/AngelscriptRuntime.ScriptGameInstanceSubsystem:BP_Initialize","manual","AngelscriptRuntime","Angelscript","","","","","unclassified","pending-native-form-source-join"
"fdede042df66f3f60291ae5f4a3b3ff9fcd03965afa3ac5a365384cc8e4917c4","c216a4301fda5128f435ebffc5984eb87aa1e7e29c90a464ec1298fb853a55f1","","method","EInterchangePipelineConfigurationDialogResult ScriptedShowTestPlanConfigurationDialog(FInterchangeStackInfo[]&inout PipelineStacks, UInterchangePipelineBase[]&inout OutPipelines, UInterchangeSourceData SourceData, UInterchangeTranslatorBase Translator, UInterchangeBaseNodeContainer BaseNodeContainer, UObject ReimportAsset, bool bSceneImport = false, bool bReimport = false)","ScriptedShowTestPlanConfigurationDialog","","EInterchangePipelineConfigurationDialogResult","8","FInterchangeStackInfo[];UInterchangePipelineBase[];UInterchangeSourceData;UInterchangeTranslatorBase;UInterchangeBaseNodeContainer;UObject;bool;bool","True","True","True","available","/Script/InterchangeEngine.InterchangePipelineConfigurationBase:ScriptedShowTestPlanConfigurationDialog","manual","InterchangeEngine","","","","","","unclassified","pending-native-form-source-join"
"fe303b09740b93365c71f900a28d6a5e9b6bc01c23573cd7204d090b43855e0b","","UBlueprintSpringMathLibrary","global-function","void VelocitySpringDampFloat(float32&inout InOutX, float32&inout InOutV, float32&inout InOutVi, float32 TargetX, float32 MaxSpeed, float32 DeltaTime, float32 SmoothingTime = 0.200000)","VelocitySpringDampFloat","","void","7","float32;float32;float32;float32;float32;float32;float32","True","True","False","available","/Script/Engine.BlueprintSpringMathLibrary:VelocitySpringDampFloat","manual","Engine","","","","","","unclassified","pending-native-form-source-join"
"fe849fb80b74c9df48eaa4518a7ba11415ae2a6cad2472cdb62771601492484e","","UBlueprintSpringMathLibrary","global-function","void CriticalSpringDampVector2D(FVector2D&inout InOutX, FVector2D&inout InOutV, const FVector2D&inout TargetX, float32 DeltaTime, float32 SmoothingTime = 0.200000)","CriticalSpringDampVector2D","","void","5","FVector2D;FVector2D;FVector2D;float32;float32","True","True","False","available","/Script/Engine.BlueprintSpringMathLibrary:CriticalSpringDampVector2D","manual","Engine","","","","","","unclassified","pending-native-form-source-join"
"fea99d25622e40945f1676460056b16e526de410ed7a4f416ceffaa814bb038e","","UGameplayStatics","global-function","float GetAudioTimeSeconds(const UObject WorldContextObject = __WorldContext ( ))","GetAudioTimeSeconds","","float","1","const UObject","True","False","True","available","/Script/Engine.GameplayStatics:GetAudioTimeSeconds","manual","Engine","","","","","","unclassified","pending-native-form-source-join"
"feb4de2bf1edf70ae81024d0466e49eb2fac7c7e6630f4765c665e2e99504ad8","","FRotator3f","global-function","FRotator3f MakeFromAxes(const FVector3f&inout Forward, const FVector3f&inout Right, const FVector3f&inout Up)","MakeFromAxes","","FRotator3f","3","FVector3f;FVector3f;FVector3f","False","True","False","available","/Script/AngelscriptRuntime.AngelscriptFRotator3fLibrary:MakeFromAxes","manual","AngelscriptRuntime","Angelscript","","","","","unclassified","pending-native-form-source-join"
"fefbca6db7ed5ca97c20ee24bf8df0a4d87690024881d9e8e7a57881a9927a12","6e9dcc4f18691047675fdf57eab25aa058a26b825c43334757a1d3be615ff8ea","","method","void OnPostLoad()","OnPostLoad","","void","0","","False","False","False","available","/Script/Engine.LocalPlayerSaveGame:OnPostLoad","manual","Engine","","","","","","unclassified","pending-native-form-source-join"
"ff0e745d4cb53d88954b8c87faf63ec1ea6464433f0271bdcf8e405dab89c116","","WidgetLibrary","global-function","void DrawLine(FPaintContext&inout Context, FVector2D PositionA, FVector2D PositionB, FLinearColor Tint = FLinearColor ( 1.000000 , 1.000000 , 1.000000 , 1.000000 ), bool bAntiAlias = true, float32 Thickness = 1.000000)","DrawLine","","void","6","FPaintContext;FVector2D;FVector2D;FLinearColor;bool;float32","True","True","False","available","/Script/UMG.WidgetBlueprintLibrary:DrawLine","manual","UMG","","","","","","unclassified","pending-native-form-source-join"
"ff1482e9dc203666cb5ba16a9f5884b05e655e60820fcc9afaa9ac26c8f0379b","7bdc779a0fee927b856a6c6bc30ff77dc2c598184d40bc40787b8392b97759e2","","method","UObject GetPrimaryAssetObject(const FPrimaryAssetId&inout PrimaryAssetId)","GetPrimaryAssetObject","","UObject","1","FPrimaryAssetId","False","True","False","available","/Script/AngelscriptRuntime.AssetManagerMixinLibrary:GetPrimaryAssetObject","manual","AngelscriptRuntime","Angelscript","","","","","unclassified","pending-native-form-source-join"
"ff1b8e7bc4a4e724c489b54af9c2d4ee4ca0f417c18f9d7f49a3b5f90d27b309","","FQuat","global-function","FQuat MakeFromZ(const FVector&inout ZAxis)","MakeFromZ","","FQuat","1","FVector","False","True","False","available","/Script/AngelscriptRuntime.AngelscriptFQuatLibrary:MakeFromZ","manual","AngelscriptRuntime","Angelscript","","","","","unclassified","pending-native-form-source-join"
"ff41737d285c68cad3a405c54584f894eb265df5518f8987f33b49ee8f3f87cf","abd7dcbf3cb4042046ba954e8912cc9fd2a3d2d757cc19949e4617544efd5bc6","","method","bool PointLoopBody(const FPCGContext&inout InContext, const UPCGPointData InData, const FPCGPoint&inout InPoint, FPCGPoint&inout OutPoint, UPCGMetadata OutMetadata, int64 Iteration) const","PointLoopBody","","bool","6","FPCGContext;const UPCGPointData;FPCGPoint;FPCGPoint;UPCGMetadata;int64","False","True","True","available","/Script/PCG.PCGBlueprintElement:PointLoopBody","manual","PCG","PCG","","","","","unclassified","pending-native-form-source-join"
"ff542efac60bf71620570c8b560a3a40f2639796ee24155d8eb90790efe697d2","96c1ca86fd81336d18760b6b3cfe696ae406b4f2bf9c909d621ad6b52109336a","","method","void RequestStopMovement()","RequestStopMovement","","void","0","","False","False","False","available","/Script/Engine.MovementInterface:RequestStopMovement","manual","Engine","","","","","","unclassified","pending-native-form-source-join"
"ff5cdcb991b57774a6e23557cc64737ab84f6c1b702e35658eab447b93e97ee6","fa24378319ef169d1149805ded22c404f691f2ea8b34352ec52aeaff336adb02","","method","FIntPoint GetLastConfirmedScreenResolution() const","GetLastConfirmedScreenResolution","","FIntPoint","0","","False","False","False","available","/Script/Engine.GameUserSettings:GetLastConfirmedScreenResolution","manual","Engine","","","","","","unclassified","pending-native-form-source-join"
"ffd7ebb6b6ea0d4c963a0443424fb1c49b2d79e5b9ad0981089752e802fa8e5f","e011f334706a89e0bfd8ba157c644d60cb8ca3822c6464a43b899743e94b3430","","method","FRotator3f InverseTransformRotation(const FRotator3f&inout R) const","InverseTransformRotation","","FRotator3f","1","FRotator3f","False","True","False","available","/Script/AngelscriptRuntime.AngelscriptFTransform3fLibrary:InverseTransformRotation","manual","AngelscriptRuntime","Angelscript","","","","","unclassified","pending-native-form-source-join"
"ffee20cf9c366bc7cdcee71cc0a6f384545329bf0b8f4bc5128e4d31450e6c5c","339a778a47b28d90a21f75037fa86472d09260ad9f9b63803ea7592f3e560150","","method","void RenameReferencingSoftObjectPaths(UPackage[] PackagesToCheck, const TMap<FSoftObjectPath,FSoftObjectPath>&inout AssetRedirectorMap)","RenameReferencingSoftObjectPaths","","void","2","UPackage[];TMap<FSoftObjectPath,FSoftObjectPath>","False","True","False","available","/Script/AssetTools.AssetTools:RenameReferencingSoftObjectPaths","manual","AssetTools","","","","","","unclassified","pending-native-form-source-join"
"fffdccde8c5f7aa5e7970d690bb2dc4f95e5e32e24a9e88aa3628df907b55143","b0697b21743308261702f67329e44db0bc229dd72304c0d0f5c43e2adcf62eaf","","method","void ForceRebuildingKeyMaps(bool bRestoreDefaults = false)","ForceRebuildingKeyMaps","","void","1","bool","True","False","False","available","/Script/AngelscriptRuntime.PlayerInputScriptMixinLibrary:ForceRebuildingKeyMaps","manual","AngelscriptRuntime","Angelscript","","","","","unclassified","pending-native-form-source-join"
